date,economic,reporting_ex_own_credit,reporting,own_credit_spread,risk_margin,own_credit_adjustment,hedge_mark,cash,economic_net_worth,reported_net_worth,economic_pnl,net_income,oci,comprehensive_income,strategy
2016-09-26,7.217811360771459,8.903285613099579,4.059429374016819,0.016200000000000003,1.6854742523281194,-4.8438562390827595,0.0,-0.001962520763773607,-7.219773881535232,-8.905248133863353,-0.0019625207637732345,-0.0019625207637741227,-0.0,-0.0019625207637741227,S2
2016-09-27,7.26132634875244,8.958563492240117,4.097984031103518,0.016139999999999998,1.6972371434876772,-4.860579461136599,0.04554320735136827,-0.0019625422709683175,-7.21774568367204,-8.914982827159717,0.002028197863192638,-0.009734693296364227,0.016723222053839137,0.00698852875747491,S2
2016-09-28,7.137165005892408,8.833538758175091,3.9886655397027946,0.016139999999999998,1.6963737522826836,-4.844873218472297,-0.07920110448974518,-0.001962563778398725,-7.218328674160552,-8.914702426443235,-0.0005829904885121806,0.0002804007164822764,-0.01570624266430176,-0.015425841947819485,S2
2016-09-29,7.313460388418293,9.009424132747219,4.174547864871906,0.01602,1.6959637443289255,-4.8348762678753125,0.10320392427549824,-0.0019625852860648313,-7.212219049428859,-8.908182793757785,0.00610962473169252,0.00651963268544975,-0.009996950596984355,-0.0034773179115346053,S2
2016-09-30,7.004375825345805,8.691232902672386,3.8825911587134576,0.016139999999999998,1.6868570773265814,-4.808641743958928,-0.19822193069421973,-0.0019626008792701455,-7.204560356919295,-8.891417434245875,0.007658692509564524,0.016765359511909494,-0.02623452391638459,-0.009469164404475094,S2
2016-10-03,6.907719057169697,8.584119693850257,3.8502572039029404,0.015960000000000002,1.67640063668056,-4.733862489947317,0.0,-0.2944897286687807,-7.202208785838478,-8.878609422519038,0.002351571080817294,0.012808011726837876,-0.07477925401161123,-0.061971242284773354,S2
2016-10-04,6.695442839572447,8.350762294526827,3.684515255324863,0.015960000000000002,1.6553194549543804,-4.666247039201965,-0.20625294816441303,-0.29449295597116226,-7.1961887437080225,-8.851508198662403,0.006020042130455039,0.027101223856634604,-0.06761545074535213,-0.04051422688871753,S2
2016-10-05,6.492196328431623,8.139888361970815,3.539424792530009,0.01584,1.647692033539192,-4.600463569440806,-0.4072577950305438,-0.2944961833089117,-7.193950306771079,-8.84164234031027,0.0022384369369436996,0.009865858352132051,-0.06578346976115856,-0.05591761140902651,S2
2016-10-06,6.343823853442801,7.982421472672067,3.457834034259432,0.015659999999999997,1.638597619229266,-4.524587438412635,-0.5524209983010822,-0.2944994106820294,-7.190744262425913,-8.829341881655179,0.003206044345166248,0.012300458655092328,-0.07587613102817059,-0.06357567237307826,S2
2016-10-07,6.4777277158311515,8.121464484718084,3.544611715978195,0.01578,1.6437367688869324,-4.576852768739888,-0.41452731636956786,-0.2945026380905158,-7.186757670291235,-8.830494439178167,0.003986592134677558,-0.0011525575229889284,0.05226533032725289,0.05111277280426396,S2
2016-10-11,6.407641893541508,8.037378482389569,3.538986436191964,0.015600000000000001,1.6297365888480604,-4.498392046197605,0.0,-0.7814986463840676,-7.189140539925576,-8.818877128773636,-0.0023828696343413114,0.011617310404531622,-0.07846072254228353,-0.06684341213775191,S2
2016-10-12,6.296346314830427,7.920788770184311,3.4462801190368038,0.015600000000000001,1.6244424553538837,-4.474508651147508,-0.11057734459881269,-0.7815074249113174,-7.188431084340557,-8.812873539694442,0.0007094555850191142,0.006003589079194072,-0.023883395050097178,-0.017879805970903107,S2
2016-10-13,6.533312658807583,8.169699424003714,3.658559625214896,0.015539999999999998,1.6363867651961304,-4.511139798788817,0.12274014927974515,-0.7815162035371758,-7.192088713065013,-8.828475478261144,-0.0036576287244560746,-0.01560193856670189,0.0366311476413097,0.021029209074607813,S2
2016-10-14,6.274475825263772,7.894597119843013,3.391085319757282,0.01578,1.6201212945792411,-4.503511800085731,-0.11325253187950621,-0.7815249822616439,-7.169253339404922,-8.789374633984163,0.02283537366009103,0.03910084427698024,-0.007627998703086725,0.031472845573893515,S2
2016-10-17,6.454896648180564,8.083569623140752,3.5553314421964943,0.01572,1.628672974960188,-4.528238180944258,0.0,-0.7107519155041822,-7.165648563684746,-8.794321538644935,0.0036047757201762565,-0.004946904660771523,0.024726380858527186,0.019779476197755663,S2
2016-10-18,6.435914938248356,8.072340362546175,3.529629218104544,0.01572,1.6364254242978191,-4.542711144441631,-0.009141582880661706,-0.7107598993376628,-7.15581642046668,-8.792241844764499,0.009832143218066136,0.00207969388043594,0.014472963497373037,0.016552657377808977,S2
2016-10-19,6.3394876125704815,7.972854003240525,3.446264729805333,0.01572,1.6333663906700435,-4.526589273435192,-0.09234035136221436,-0.7107678832608253,-7.142595847193521,-8.775962237863565,0.013220573273159175,0.016279606900933885,-0.01612187100643858,0.00015773589449530334,S2
2016-10-20,6.358076702038531,7.990590067738374,3.503132164446993,0.015539999999999998,1.6325133656998432,-4.487457903291381,-0.07063743682005182,-0.7107758672736707,-7.139490006132253,-8.772003371832097,0.0031058410612674336,0.003958866031467778,-0.03913137014381096,-0.035172504112343184,S2
2016-10-21,6.446841003812542,8.085295798788243,3.5617658000257917,0.015600000000000001,1.6384547949757007,-4.523529998762451,0.02340575566236036,-0.7107838513762001,-7.134219099526382,-8.772673894502082,0.005270906605871595,-0.0006705226699850186,0.03607209547107004,0.035401572801085024,S2
2016-10-24,6.219001263757183,7.849943058316128,3.380151742912458,0.015539999999999998,1.6309417945589448,-4.46979131540367,0.0,-0.9081653347215676,-7.12716659847875,-8.758108393037695,0.007052501047631665,0.01456550146438751,-0.05373868335878118,-0.03917318189439367,S2
2016-10-25,6.279782772994656,7.909725624105898,3.4489128003362417,0.01548,1.6299428511112426,-4.460812823769657,0.05656229596247449,-0.9081755360881022,-7.131396013120283,-8.761338864231526,-0.004229414641533147,-0.0032304711938309083,-0.00897849163401343,-0.012208962827844339,S2
2016-10-26,6.21808884980991,7.841994259646389,3.374196126590542,0.015600000000000001,1.6239054098364791,-4.467798133055847,-0.011668533164029452,-0.9081857375692282,-7.137943120543168,-8.761848530379647,-0.006547107422885112,-0.0005096661481207576,0.006985309286190677,0.00647564313806992,S2
2016-10-27,5.98886230795778,7.594105629682967,3.2040116653107384,0.015539999999999998,1.6052433217251867,-4.3900939643722285,-0.24711391715566042,-0.9081959391649468,-7.1441721642783875,-8.749415486003574,-0.006229043735219264,0.012433044376072289,-0.07770416868361885,-0.06527112430754656,S2
2016-10-28,5.992048207222914,7.5937670061513955,3.198019248652039,0.015600000000000001,1.6017187989284816,-4.395747757499357,-0.24720724316201195,-0.9082061408752593,-7.1474615912601855,-8.749180390188666,-0.003289426981798016,0.00023509581490799292,0.005653793127128104,0.005888888942036097,S2
2016-10-31,6.090356583974502,7.699392135059105,3.26539079201655,0.015659999999999997,1.6090355510846024,-4.434001343042555,0.0,-1.062661955833016,-7.153018539807518,-8.762054090892121,-0.005556948547332574,-0.012873700703455171,0.03825358554319802,0.02537988483974285,S2
2016-11-01,6.278501265919178,7.890486176934344,3.430860820377419,0.015659999999999997,1.611984911015166,-4.459625356556925,0.1610825127063613,-1.062673892650795,-7.180092645863612,-8.792077556878777,-0.027074106056093505,-0.030023465986655395,0.025624013514370603,-0.004399452472284793,S2
2016-11-02,6.5030033930837625,8.120814853107671,3.5980080517239714,0.01578,1.6178114600239084,-4.5228068013837,0.3639724883079859,-1.0626858296026598,-7.2017167343784365,-8.819528194402345,-0.02162408851482489,-0.027450637523568133,0.06318144482677468,0.035730807303206547,S2
2016-11-03,6.607079162866725,8.224845068045585,3.6394387068429648,0.01602,1.6177659051788602,-4.585406361202621,0.3901369496532915,-1.0626977666886115,-7.279639979902045,-8.897405885080905,-0.07792324552360874,-0.07787769067856054,0.06259955981892062,-0.015278130859639916,S2
2016-11-04,6.791946843552474,8.419513219844248,3.7931855345896315,0.01602,1.6275663762917736,-4.6263276852546165,0.5586724647044671,-1.0627097039086517,-7.295984082756659,-8.923550459048432,-0.01634410285461385,-0.02614457396752634,0.04092132405199589,0.014776750084469548,S2
2016-11-07,6.090717995227072,7.705793806149636,3.1944861394665165,0.015960000000000002,1.6150758109225638,-4.51130766668312,0.0,-1.06225361973776,-7.152971614964832,-8.768047425887396,0.1430124677918272,0.15550303316103609,-0.11502001857149668,0.0404830145895394,S2
2016-11-08,5.798910769010492,7.400150994402054,3.00299743660551,0.01572,1.601240225391562,-4.397153557796544,-0.2990559949695555,-1.0622655519687243,-7.160232315948772,-8.761472541340334,-0.007260700983939827,0.006574884547061899,-0.1141541088865754,-0.1075792243395135,S2
2016-11-09,4.669660035307777,6.2117747127587535,2.0067842379203555,0.015960000000000002,1.5421146774509769,-4.204990474838398,-1.3593434396604138,-1.0622774843337226,-7.091280959301913,-8.63339563675289,0.06895135664685892,0.12807690458744325,-0.192163082958146,-0.06408617837070274,S2
2016-11-10,4.273023042860677,5.791889966775467,1.7521806616472906,0.015600000000000001,1.51886692391479,-4.039709305128176,-1.7569426869960099,-1.0622894168327566,-7.0922551466894435,-8.611122070604234,-0.0009741873875306339,0.022273566148657054,-0.1652811697102221,-0.14300760356156506,S2
2016-11-14,3.913916897705533,5.408261252169499,1.4564470527986253,0.015600000000000001,1.494344354463966,-3.9518141993708737,0.0,-3.1589362941957697,-7.072853191901302,-8.567197546365268,0.019401954788141218,0.043924524238965645,-0.08789510575730253,-0.04397058151833688,S2
2016-11-15,3.793161484174449,5.289319278279843,1.3576708937254605,0.015539999999999998,1.4961577941053936,-3.931648384554382,-0.10913594861869938,-3.158971778336999,-7.061269211130147,-8.55742700523554,0.011583980771154856,0.009770541129727306,-0.0201658148164916,-0.010395273686764295,S2
2016-11-16,3.866038651113901,5.365174429587637,1.4668442063267373,0.015299999999999998,1.499135778473736,-3.8983302232609,-0.03984630373598711,-3.1590072628768193,-7.064892217726708,-8.564027996200444,-0.003623006596560785,-0.00660099096490363,-0.033318161293482085,-0.039919152258385715,S2
2016-11-17,3.457837494452476,4.936759168483766,1.1339200783230339,0.01524,1.47892167403129,-3.802839090160732,-0.43085929961996,-3.1590427478152354,-7.047739541887671,-8.526661215918962,0.017152675839037457,0.03736678028148255,-0.09549113310016821,-0.058124352818685665,S2
2016-11-18,3.2578027389700654,4.720517809120892,0.9927973392457006,0.01512,1.4627150701508267,-3.727720469875192,-0.6250887384900897,-3.159078233152252,-7.041969710612407,-8.504684780763235,0.005769831275263648,0.021976435155727003,-0.07511862028554006,-0.05314218512981306,S2
2016-11-21,3.172402745236808,4.640201355542536,0.9109046353936888,0.01512,1.467798610305728,-3.7292967201488474,0.0,-3.8496007404253496,-7.022003485662157,-8.489802095967885,0.01996622495024969,0.014882684795349377,0.0015762502736555994,0.016458935069004976,S2
2016-11-22,3.2289928661551692,4.7036583145445885,0.9433385651884804,0.015179999999999997,1.4746654483894193,-3.7603197493561082,0.06054519119146903,-3.8496439827587263,-7.018091657722426,-8.492757106111846,0.003911827939731438,-0.0029550101439603793,0.031023029207260855,0.028068019063300476,S2
2016-11-23,2.988406476543717,4.448487255811433,0.7875065987994916,0.01494,1.4600807792677157,-3.660980657011941,-0.1810790369785776,-3.8496872255778416,-7.019172739100136,-8.479253518367852,-0.0010810813777100137,0.013503587743993961,-0.09933909234416705,-0.08583550460017308,S2
2016-11-25,2.9223269824495377,4.38376823350332,0.7380442247877688,0.014879999999999999,1.461441251053782,-3.645724008715551,-0.2380131234035636,-3.8497737126733083,-7.01011381852641,-8.471555069580191,0.009058920573726148,0.007698448787660794,-0.015256648296390285,-0.007558199508729491,S2
2016-11-28,3.1711252640015033,4.643451551592661,0.9619791366874,0.01482,1.4723262875911578,-3.681472414905261,0.0,-3.831261389104572,-7.002386653106075,-8.474712940697234,0.007727165420334359,-0.0031578711170432427,0.0357484061897102,0.03259053507266696,S2
2016-11-29,3.2344996341698162,4.713054311804237,1.0238170950251688,0.01476,1.478554677634421,-3.6892372167790684,0.07247376081117281,-3.8313044254331197,-6.993330298791763,-8.471884976426184,0.009056354314312287,0.002827964271050476,0.007764801873807237,0.010592766144857713,S2
2016-11-30,2.9482713283649344,4.405063581472766,0.7991582708808624,0.0147,1.4567922531078317,-3.6059053105919037,-0.21150012478810637,-3.8313369654171083,-6.991108418570149,-8.447900671677981,0.002221880221614292,0.023984304748202234,-0.08333190618716468,-0.05934760143896245,S2
2016-12-01,2.6382880685672054,4.070680593618454,0.5772878679263529,0.01452,1.4323925250512488,-3.493392725692101,-0.526700587725719,-3.8313800025946,-6.9963686588875245,-8.428761183938773,-0.005260240317375597,0.01913948773920815,-0.11251258489980254,-0.09337309716059439,S2
2016-12-02,2.8508328221689587,4.298162487717735,0.7543921093680218,0.01452,1.4473296655487764,-3.543770378349713,-0.30507510085692063,-3.8314230402555256,-6.987330963281405,-8.434660628830182,0.009037695606119556,-0.0058994448914084785,0.05037765265761207,0.04447820776620359,S2
2016-12-05,2.7585306038277433,4.208286638010536,0.6661795182125543,0.01452,1.4497560341827929,-3.542107119797982,0.0,-4.176380686346915,-6.934911290174659,-8.384667324357451,0.05241967310674589,0.049993304472730316,-0.001663258551731328,0.04833004592099899,S2
2016-12-06,2.692557554920131,4.142755757530391,0.5838638329439988,0.01464,1.4501982026102596,-3.558891924586392,-0.04980958667254524,-4.176427599379753,-6.918794740972429,-8.36899294358269,0.016116549202229713,0.015674380774761687,0.016784804788410046,0.03245918556317173,S2
2016-12-07,2.7430734291528993,4.213849272812228,0.6116590904788933,0.01464,1.4707758436593283,-3.6021901823333344,-0.010261507877035753,-4.176474512939562,-6.929809449969497,-8.400585293628826,-0.01101470899706758,-0.03159235004613592,0.043298257746942515,0.011705907700806595,S2
2016-12-08,2.436603520930183,3.89032430403384,0.36414125241083123,0.01458,1.4537207831036572,-3.5261830516230086,-0.3179507625059145,-4.176521427026348,-6.931075710462444,-8.384796493566101,-0.0012662604929474242,0.015788800062724206,-0.07600713071032583,-0.060218330647601626,S2
2016-12-09,2.0111042782568105,3.444516835638415,-0.00030439179804025995,0.01458,1.4334125573816046,-3.444821227436455,-0.7258997978686803,-4.176568341640117,-6.913572417765607,-8.346984975147212,0.017503292696837036,0.037811518418889634,-0.08136182418655347,-0.04355030576766383,S2
2016-12-12,1.9240944635879171,3.351670201997845,-0.05114710862011845,0.014459999999999999,1.427575738409928,-3.4028173106179636,0.0,-4.979150271886933,-6.90324473547485,-8.330820473884778,0.010327682290757423,0.016164501262434072,-0.04200391681849158,-0.02583941555605751,S2
2016-12-13,1.889867569477577,3.323561150298074,-0.06565933015385048,0.014339999999999999,1.4336935808204971,-3.389220480451925,-0.042156147414418095,-4.9792062023821995,-6.911229919274194,-8.34492350009469,-0.00798518379934432,-0.014103026209912883,-0.013596830166038743,-0.027699856375951626,S2
2016-12-14,1.7506725335017224,3.1645911394140205,-0.09990610747029802,0.013919999999999998,1.4139186059122981,-3.2644972468843183,-0.20678010720367154,-4.979262133505729,-6.936714774211124,-8.350633380123423,-0.025484854936929757,-0.005709880028732073,-0.1247232335676065,-0.13043311359633858,S2
2016-12-15,1.4251738268515233,2.822392841945037,-0.29752529264929445,0.01344,1.3972190150935138,-3.1199181345943314,-0.5259818488206988,-4.979352170292583,-6.930507845964805,-8.32772686105832,0.006206928246318633,0.02290651906510277,-0.14457911228998688,-0.1216725932248841,S2
2016-12-16,1.4156155132662573,2.8107452398140436,-0.3469170858395216,0.01368,1.3951297265477862,-3.157662325653565,-0.5037844695801785,-4.979442208707514,-6.89884219155395,-8.293971918101736,0.03166565441085556,0.03375494295658399,0.03774419105923377,0.07149913401581776,S2
2016-12-19,1.6277100514690663,3.0404646005440297,-0.17122838669316198,0.01368,1.4127545490749633,-3.2116929872371918,0.0,-5.2422956884635665,-6.870005739932633,-8.282760289007596,0.028836451621316428,0.011211629094139752,0.05403066158362657,0.06524229067776632,S2
2016-12-20,1.4315961210191004,2.836220725551737,-0.3421275146390681,0.01368,1.4046246045326365,-3.1783482401908048,-0.1835414195508318,-5.242390481516608,-6.85752802208654,-8.262152626619176,0.012477717846093306,0.020607662388419712,-0.03334474704638701,-0.012737084657967301,S2
2016-12-21,1.536315211955135,2.945307000647602,-0.23103504133675976,0.01356,1.408991788692467,-3.1763420419843618,-0.06094108882621302,-5.242485276283731,-6.839741577065079,-8.248733365757547,0.01778644502146065,0.013419260861629922,-0.0020061982064429884,0.011413062655186934,S2
2016-12-22,1.559820063510615,2.968360217692857,-0.2199549116531843,0.013619999999999998,1.4085401541822422,-3.1883151293460417,-0.03678097635775154,-5.242580072764967,-6.839181112633333,-8.247721266815574,0.0005604644317465102,0.0010120989419721838,0.011973087361679902,0.012985186303652085,S2
2016-12-23,1.5326341413800055,2.9414108725468004,-0.2240216967155001,0.013499999999999998,1.408776731166795,-3.1654325692623004,-0.05366475807521998,-5.242674870960346,-6.828973770415571,-8.237750501582365,0.010207342217761983,0.009970765233209278,-0.022882560083741232,-0.012911794850531955,S2
2016-12-27,1.4004402067599517,2.8047164504745874,-0.3399327957582856,0.013499999999999998,1.4042762437146357,-3.144649246232873,0.0,-5.419187676392633,-6.819627883152585,-8.223904126867222,0.009345887262985464,0.013846374715143384,-0.020783323029427425,-0.006936948314284042,S2
2016-12-28,1.8030347481944253,3.2237294119640305,0.0011382306699286582,0.01356,1.4206946637696052,-3.222591181294102,0.37919542931014344,-5.419285668069444,-6.843124986953725,-8.263819650723331,-0.023497103801140007,-0.0399155238561093,0.07794193506122893,0.038026411205119626,S2
2016-12-29,1.8878746424709545,3.3144517834382756,0.06279736815043646,0.013619999999999998,1.4265771409673211,-3.251654415287839,0.4753051743312803,-5.419383661518174,-6.831953129657848,-8.258530270625169,0.011171857295876997,0.005289380098162155,0.029063233993737114,0.03435261409189927,S2
2016-12-30,2.1411998364251223,3.578981060086173,0.2722294576094679,0.01368,1.4377812236610508,-3.306751602476705,0.7169034893040607,-5.419465324079024,-6.8437616712000855,-8.281542894861136,-0.011808541542237094,-0.023012624235967394,0.05509718718886614,0.03208456295289874,S2
2017-01-03,1.9740713928082017,3.41306058649657,0.12888524465839382,0.013619999999999998,1.4389891936883685,-3.2841753418381763,0.0,-4.8148647899845045,-6.788936182792706,-8.227925376481075,0.05482548840737955,0.05361751838006157,-0.02257626063852891,0.031041257741532657,S2
2017-01-04,1.8145399096872563,3.2507979128064077,0.006878006606248224,0.013499999999999998,1.4362580031191514,-3.2439199062001594,-0.12300502512690908,-4.8149518540801886,-6.752496788894354,-8.188754792013505,0.036439393898351824,0.039170584467569824,-0.04025543563801692,-0.0010848511704470987,S2
2017-01-05,2.2232797967138977,3.6861408808656972,0.35469097893417434,0.013499999999999998,1.4628610841517995,-3.331449901931523,0.3007267827776928,-4.815038919750196,-6.737591933686401,-8.200453017838202,0.014904855207952927,-0.011698225824696706,0.08752999573136355,0.07583176990666685,S2
2017-01-06,1.9383631498821665,3.386981656210044,0.11858951803744514,0.01344,1.4486185063278776,-3.268392138172599,0.022037045655654286,-4.815125986994556,-6.731452091221069,-8.180070597548946,0.006139842465332279,0.02038242028925552,-0.0630577637589238,-0.04267534346966828,S2
2017-01-09,2.148800842791268,3.6081022921890766,0.30006719987520547,0.01344,1.4593014493978087,-3.308035092313871,0.0,-4.562033063824698,-6.7108339066159655,-8.170135356013775,0.02061818460510345,0.009935241535171002,0.03964295414127195,0.04957819567644295,S2
2017-01-10,2.138957069863111,3.597988354635616,0.2910360589377018,0.01344,1.459031284772505,-3.306952295697914,-0.0005557322119211135,-4.562115556127288,-6.701628358202319,-8.160659642974824,0.009205548413646625,0.009475713038950673,-0.0010827966159570046,0.008392916422993668,S2
2017-01-11,2.08750464714437,3.54712344836566,0.265424307448418,0.01332,1.45961880122129,-3.281699140917242,-0.03937753601172123,-4.562198049921532,-6.689080233077624,-8.148699034298915,0.012548125124695275,0.011960608675909867,-0.025253154780672027,-0.01329254610476216,S2
2017-01-12,2.2093013172676748,3.6745927408703634,0.3383443076416537,0.013499999999999998,1.4652914236026886,-3.3362484332287097,0.08122068005132224,-4.562280545207459,-6.690361182423812,-8.1556526060265,-0.00128094934618872,-0.006953571727585484,0.054549292311467656,0.04759572058388217,S2
2017-01-13,1.9823930104678846,3.43544028714848,0.16397392805060393,0.013379999999999998,1.4530472766805953,-3.271466359097876,-0.12801793949348111,-4.562363041985095,-6.67277399194646,-8.125821268627057,0.01758719047735191,0.029831337399443214,-0.06478207413083359,-0.034950736731390375,S2
2017-01-17,2.33186463257663,3.805773068204575,0.43056323259903595,0.01356,1.473908435627945,-3.3752098356055393,0.0,-4.330797709268957,-6.6626623418455875,-8.136570777473532,0.010111650100872893,-0.010749508846474853,0.10374347650766325,0.09299396766118839,S2
2017-01-18,1.9124709146025578,3.36079777201118,0.11595721474436177,0.01332,1.4483268574086223,-3.2448405572668184,-0.4382028459603411,-4.330876020291716,-6.681549780854615,-8.129876638263237,-0.018887439009027673,0.006694139210294381,-0.13036927833872092,-0.12367513912842654,S2
2017-01-19,1.7285365160024033,3.1605127251158396,-0.027188743609872897,0.01326,1.4319762091134363,-3.1877014687257126,-0.6175430712305234,-4.330954332730522,-6.677033919963449,-8.109010129076886,0.004515860891165957,0.02086650918635158,-0.05713908854110583,-0.03627257935475425,S2
2017-01-20,1.583515522632284,3.0109816775590903,-0.1570968926359911,0.01326,1.4274661549268064,-3.1680785701950813,-0.7098088100246226,-4.331032646585402,-6.624356979242307,-8.051823134169114,0.05267694072114182,0.057186994907771904,-0.01962289853063126,0.03756409637714064,S2
2017-01-23,1.9140625873959716,3.3614315037648885,0.12669935079756445,0.01326,1.447368916368917,-3.2347321529673243,0.0,-4.685702316176927,-6.599764903572899,-8.047133819941816,0.024592075669408686,0.004689314227297459,0.06665358277224298,0.07134289699954044,S2
2017-01-24,1.533135887436723,2.9636991617733615,-0.21733496861838114,0.01332,1.4305632743366385,-3.1810341303917427,-0.36633305510303327,-4.685787044710873,-6.585255987250629,-8.015819261587268,0.014508916322269805,0.03131455835454844,-0.05369802257558165,-0.02238346422103321,S2
2017-01-25,1.1403693310594196,2.5551679597866745,-0.5509947387002403,0.01326,1.414798628727255,-3.106162698486915,-0.7515323446592889,-4.68587177477691,-6.577773450495618,-7.992572079222873,0.007482536755010649,0.023247182364395158,-0.07487143190482781,-0.051624249540432654,S2
2017-01-26,1.218108017336488,2.637835607438014,-0.4745213388625385,0.0132,1.419727590101526,-3.1123569463005527,-0.6509626076575443,-4.685956506375066,-6.555027131369099,-7.9747547214706245,0.022746319126519587,0.017817357752248242,0.006194247813637865,0.024011605565886107,S2
2017-01-27,1.3127133432209557,2.738015188203538,-0.3828851205525814,0.013139999999999999,1.4253018449825823,-3.120900308756119,-0.5481054620747107,-4.68604123950537,-6.546860044801036,-7.972161889783618,0.00816708656806231,0.002592831687006303,0.008543362455566417,0.01113619414257272,S2
2017-01-30,1.4053915683756357,2.8303044574860086,-0.3182957855621206,0.01326,1.4249128891103728,-3.1486002430481292,0.0,-5.152728830857237,-6.558120399232873,-7.983033288343245,-0.011260354431836817,-0.010871398559626932,0.02769993429201012,0.016828535732383187,S2
2017-01-31,1.5955282495281464,3.032360188592862,-0.17654302606905747,0.013379999999999998,1.4368319390647155,-3.2089032146619196,0.19390783417388574,-5.152807887029318,-6.554428302383578,-7.991260241448294,0.0036920968492948347,-0.008226953105048729,0.06030297161379039,0.05207601850874166,S2
2017-02-01,1.4423469176052606,2.869770064121249,-0.30844049139394775,0.013379999999999998,1.4274231465159886,-3.178210555515197,0.05186421024055713,-5.152901061932142,-6.543383769296845,-7.970806915812833,0.011044533086733033,0.02045332563546065,-0.0306926591467227,-0.01023933351126205,S2
2017-02-02,1.4280234867242592,2.8556283781083174,-0.32159925656861443,0.013379999999999998,1.4276048913840582,-3.1772276346769317,0.04362194216783374,-5.1529942385197876,-6.537395783076214,-7.9650006744602715,0.005987986220631569,0.005806241352561692,-0.0009829208382652332,0.004823320514296459,S2
2017-02-03,1.2494035717445153,2.6747806778075676,-0.49372212505307206,0.01344,1.4253771060630522,-3.1685028028606395,-0.09640991286429178,-5.153087416792285,-6.498900901401093,-7.924278007464145,0.038494881675120496,0.04072266699612648,-0.008724831816292244,0.03199783517983423,S2
2017-02-06,1.580070096680091,3.026073607971221,-0.22141421498841218,0.013499999999999998,1.4460035112911303,-3.2474878229596333,0.0,-4.9003837952902565,-6.480453891970347,-7.926457403261478,0.018447009430746064,-0.0021793957973326172,0.07898502009899389,0.07680562430166127,S2
2017-02-07,1.6614940890375518,3.1135605846360224,-0.14211430571785966,0.01344,1.4520664955984706,-3.255674890353882,0.08836551745002794,-4.9004724057709765,-6.4736009773585,-7.92566747295697,0.006852914611847005,0.000789930304507358,0.008187067394248793,0.00897699769875615,S2
2017-02-08,1.9386711293513454,3.410135578587895,0.082568873689183,0.013499999999999998,1.4714644492365494,-3.327566704898712,0.3563556837203131,-4.900561017853982,-6.482876463485015,-7.954340912721564,-0.009275486126514743,-0.028673439764594022,0.07189181454482974,0.04321837478023571,S2
2017-02-09,1.5692849472250439,3.0236810120162474,-0.22849546687784295,0.01344,1.4543960647912035,-3.25217647889409,0.005105163441811486,-4.900649631539303,-6.464829415322535,-7.919225480113739,0.018047048162479484,0.03511543260782535,-0.07539022600462175,-0.040274793396796404,S2
2017-02-10,1.4748072237054206,2.9276442476365676,-0.30230510623651796,0.013379999999999998,1.452837023931147,-3.2299493538730855,-0.08746862092504767,-4.900738246826968,-6.4630140914574365,-7.915851115388584,0.0018153238650988612,0.0033743647251549547,-0.022227125021004657,-0.018852760295849702,S2
2017-02-13,1.308184659814594,2.7573622501261763,-0.4506323909105558,0.013379999999999998,1.4491775903115822,-3.207994641036732,0.0,-5.149822019359943,-6.458006679174537,-7.90718426948612,0.0050074122828993595,0.00866684590246436,-0.02195471283635353,-0.01328786693388917,S2
2017-02-14,1.0707242492359401,2.509110469944052,-0.637067648623676,0.01326,1.4383862207081117,-3.146178118567728,-0.22956526276190536,-5.149915140271247,-6.450204652269093,-7.888590872977204,0.0078020269054439595,0.01859339650891556,-0.06181652246900393,-0.04322312596008837,S2
2017-02-15,0.8700704947096853,2.301081836227251,-0.790650209265943,0.013139999999999999,1.4310113415175656,-3.091732045493194,-0.46999357192424684,-5.150008262866397,-6.490072329500329,-7.921083671017895,-0.03986767723123563,-0.03249279804069083,-0.054446073074533974,-0.0869388711152248,S2
2017-02-16,1.1305515961282244,2.5786711937036064,-0.5784385679044327,0.0132,1.448119597575382,-3.157109761608039,-0.18630611125120705,-5.150101387145422,-6.466959094524854,-7.915078692100236,0.023113234975475017,0.006004978917658832,0.065377716114845,0.07138269503250383,S2
2017-02-17,1.2320859655868521,2.689668152041447,-0.50489635524151,0.01326,1.457582186454595,-3.194564507282957,-0.06905022574990749,-5.150194513108353,-6.4513307044451125,-7.908912890899708,0.015628390079741372,0.0061658012005283425,0.03745474567491813,0.043620546875446475,S2
2017-02-21,1.0985532277050178,2.5560211987080312,-0.6160359140159425,0.0132,1.4574679710030134,-3.172057112723974,0.0,-5.337763594990557,-6.436316822695575,-7.893784793698588,0.015013881749537106,0.01512809720111985,-0.022507394558983318,-0.007379297357863468,S2
2017-02-22,1.1533879601868957,2.613518110502574,-0.5790233803647796,0.01326,1.4601301503156785,-3.1925414908673537,0.0561924957703738,-5.3378601143282,-6.435055578744723,-7.895185729060401,0.0012612439508528084,-0.0014009353618131826,0.02048437814337989,0.019083442781566706,S2
2017-02-23,1.321777177729011,2.794264335915004,-0.45777002490366164,0.013379999999999998,1.4724871581859929,-3.2520343608186657,0.23430647458159343,-5.337956635411141,-6.425427338558558,-7.897914496744551,0.009628240186164483,-0.002728767684150313,0.05949286995131198,0.056764102267161665,S2
2017-02-24,1.6054148625683464,3.0996999954214437,-0.21849480779723038,0.013379999999999998,1.4942851328530973,-3.318194803218674,0.5403199752218647,-5.3380531582394095,-6.403148045585891,-7.897433178438989,0.02227929297266673,0.000481318305562084,0.06616044240000818,0.06664176070557026,S2
2017-02-27,1.378994888490249,2.8596089017832114,-0.39096260809095357,0.01326,1.4806140132929624,-3.250571509874165,0.0,-5.039507750964844,-6.418502639455093,-7.899116652748055,-0.015354593869201238,-0.00168347430906568,-0.0676232933445089,-0.06930676765357457,S2
2017-02-28,1.4367011463376504,2.917656980302454,-0.31621000135644994,0.013139999999999999,1.4809558339648035,-3.233866981658904,0.02328313107666048,-5.039586450741486,-6.453004466002476,-7.9339602999672785,-0.034501826547383097,-0.034843647219223506,-0.01670452821526114,-0.051548175434484644,S2
2017-03-01,0.8364080596107836,2.29388255206501,-0.8331789453801584,0.013080000000000001,1.4574744924542267,-3.1270614974451685,-0.5670228433311952,-5.039677578334075,-6.443108481276053,-7.90058297373028,0.009895984726422391,0.03337732623699807,-0.10680548421373537,-0.0734281579767373,S2
2017-03-02,0.7221380517994408,2.1652624409759365,-0.9043241756620413,0.012960000000000001,1.4431243891764955,-3.0695866166379777,-0.6459135106572,-5.039768707574466,-6.407820270031107,-7.850944659207602,0.03528821124494641,0.04963831452267797,-0.057474880807190765,-0.007836566284512791,S2
2017-03-03,0.6747979173047096,2.116176451130799,-0.9476998727663393,0.012960000000000001,1.4413785338260896,-3.0638763238971385,-0.6513951775521224,-5.0398598384626885,-6.36605293331952,-7.80743146714561,0.04176733671158672,0.043513192061992,-0.005710292740839229,0.03780289932115277,S2
2017-03-06,0.6941458146575861,2.1337639936745414,-0.9421641476746299,0.013019999999999999,1.4396181790169553,-3.0759281413491713,0.0,-5.660038328011669,-6.354184142669254,-7.79380232168621,0.011868790650265915,0.01362914545940086,0.012051817452032765,0.025680962911433625,S2
2017-03-07,0.5835133245256242,2.01239896492097,-1.0078592174751244,0.012899999999999998,1.4288856403953458,-3.0202581823960943,-0.11091989460702435,-5.660140674835527,-6.354573893968175,-7.783459534363521,-0.0003897512989210483,0.010342787322688451,-0.055669958953076915,-0.04532717163038846,S2
2017-03-08,0.3795607362875419,1.7922545563028813,-1.1812858538486495,0.012899999999999998,1.4126938200153394,-2.973540410151531,-0.3171086323348548,-5.660243023510057,-6.356912392132454,-7.769606212147794,-0.0023384981642786684,0.013853322215727104,-0.04671777224456353,-0.03286445002883642,S2
2017-03-09,0.254056696783153,1.6590560411240907,-1.3156943604589144,0.013019999999999999,1.4049993443409377,-2.9747504015830053,-0.46039518766240667,-5.660345374035293,-6.374797258480853,-7.77979660282179,-0.01788486634839881,-0.010190390673995964,0.0012099914314744886,-0.008980399242521475,S2
2017-03-10,0.27999237246688113,1.6914275923072106,-1.3081386877139418,0.013080000000000001,1.4114352198403295,-2.9995662800211527,-0.4006585336104008,-5.660447726411267,-6.341098632488549,-7.752533852328878,0.033698625992303555,0.027262750492911714,0.024815878438147365,0.05207862893105908,S2
2017-03-13,0.05594578723357335,1.4540617528246005,-1.4931558205738293,0.013019999999999999,1.3981159655910271,-2.94721757339843,0.0,-6.2471931331340995,-6.303138920367672,-7.7012548859587,0.03795971212087679,0.05127896637017848,-0.05234870662272284,-0.00106974025254436,S2
2017-03-14,0.21222601185985868,1.6165780850079556,-1.364690344582309,0.013080000000000001,1.404352073148097,-2.9812684295902647,0.12087492089532884,-6.24730609709974,-6.3386571880642695,-7.743009261212367,-0.03551826769659705,-0.04175437525366732,0.0340508561918349,-0.00770351906183242,S2
2017-03-15,0.5021880143502135,1.9371973783819119,-1.1459269070312734,0.0132,1.4350093640316983,-3.0831242854131853,0.45891163552649383,-6.247419063108035,-6.290695441931755,-7.725704805963453,0.047961746132514804,0.01730445524891433,0.10185585582292056,0.11916031107183489,S2
2017-03-16,0.4068226677843677,1.8338503377629713,-1.237643157001521,0.01326,1.4270276699786035,-3.0714934947644923,0.3813452377454641,-6.247574822620849,-6.2730522526597525,-7.7000799226383565,0.017643189272002147,0.02562488332509627,-0.01163079064869299,0.01399409267640328,S2
2017-03-17,0.5517202776403167,1.9872467225886206,-1.1232018332312317,0.01332,1.4355264449483038,-3.1104485558198522,0.530789205826436,-6.247730586017031,-6.268661657830911,-7.704188102779216,0.004390594828841188,-0.004108180140859119,0.03895506105535995,0.03484688091450083,S2
2017-03-20,0.6865981969748849,2.1298744738212476,-1.0180510661386488,0.013379999999999998,1.4432762768463627,-3.147925539959896,0.0,-5.562494480551866,-6.24909267752675,-7.692368954373114,0.019568980304160988,0.011819148406101654,0.03747698414004397,0.04929613254614562,S2
2017-03-21,1.0280910977019877,2.478945712500309,-0.712937256195745,0.013379999999999998,1.4508546147983212,-3.1918829686960537,0.2962117252692077,-5.562633163649889,-6.294512536082669,-7.74536715088099,-0.04541985855591868,-0.052998196507876294,0.04395742873615749,-0.009040767771718805,S2
2017-03-22,1.1600879107560909,2.622019596176718,-0.6016575280986745,0.013379999999999998,1.4619316854206272,-3.2236771242753925,0.41753010465350704,-5.562771850205534,-6.305329656308118,-7.767261341728744,-0.010817120225448562,-0.021894190847754125,0.031794155579338845,0.00989996473158472,S2
2017-03-23,1.1267621093262399,2.5853646728137947,-0.6398210013360681,0.01344,1.4586025634875548,-3.225185674149863,0.38051509125263827,-5.562910540218887,-6.309157558292489,-7.767760121780043,-0.003827901984370996,-0.000498780051298553,0.0015085498744702441,0.0010097698231716912,S2
2017-03-24,1.1671327555464748,2.6279514881441184,-0.583995375870117,0.01332,1.4608187325976436,-3.2119468640142355,0.4336849066896186,-5.563049233690034,-6.29649708254689,-7.757315815144533,0.01266047574559881,0.010444306635509548,-0.013238810135627332,-0.0027945035001177843,S2
2017-03-27,1.2350153456981345,2.7003658763848506,-0.5380630721957927,0.013379999999999998,1.465350530686716,-3.2384289485806432,0.0,-5.029429256832557,-6.264444602530692,-7.729795133217408,0.03205248001619765,0.027520681927125423,0.02648208456640777,0.054002766493533194,S2
2017-03-28,0.9357672674534605,2.3907075685829375,-0.7924518222817344,0.01332,1.454940301129477,-3.183159390864672,-0.262233807428392,-5.029554649645632,-6.227555724527484,-7.682496025656961,0.03688887800320817,0.04729910756044653,-0.055269557715971196,-0.007970450155524667,S2
2017-03-29,1.0465523135036956,2.5108648964730804,-0.7103187796680388,0.013379999999999998,1.4643125829693848,-3.221183676141119,-0.1347249662889352,-5.029680045584977,-6.210957325377608,-7.675269908346992,0.01659839914987593,0.007226117309969027,0.03802428527644697,0.045250402586415994,S2
2017-03-30,0.8812573097591501,2.338141157694956,-0.8545528398547981,0.013379999999999998,1.456883847935806,-3.192693997549754,-0.3050075114565444,-5.029805444650671,-6.216070265866366,-7.672954113802171,-0.005112940488757545,0.002315794544821337,-0.028489678591364864,-0.026173884046543527,S2
2017-03-31,1.0154495623540456,2.4785591954184043,-0.7474266310082499,0.01344,1.4631096330643587,-3.2259858264266543,-0.18892875302703016,-5.02991844428887,-6.234296759669945,-7.697406392734305,-0.018226493803579658,-0.02445227893213353,0.03329182887690019,0.008839549944766656,S2
2017-04-03,1.239474690572532,2.7167955197533216,-0.5779392336487216,0.01356,1.4773208291807896,-3.294734753402043,0.0,-4.969829257075121,-6.209303947647653,-7.686624776828443,0.0249928120222922,0.010781615905862019,0.0687489269753887,0.07953054288125072,S2
2017-04-04,1.1510325366934535,2.6240152031170685,-0.6557274210335005,0.01356,1.472982666423615,-3.279742624150569,-0.05255198429613226,-4.96995316395187,-6.173537684941456,-7.646520351365071,0.03576626270619698,0.04010442546337156,-0.014992129251473862,0.0251122962118977,S2
2017-04-05,1.3096720264924586,2.7891802595153616,-0.548583273735173,0.013739999999999999,1.479508233022903,-3.3377635332505347,0.06927120905301067,-4.970077073917843,-6.210477891357291,-7.689986124380194,-0.036940206415835064,-0.04346577301512333,0.05802090909996549,0.014555136084842157,S2
2017-04-06,1.2706557559647966,2.750392685431905,-0.563262981153402,0.013619999999999998,1.4797369294671086,-3.313655666585307,0.050211879660176255,-4.970200986973117,-6.190644863277738,-7.6703817927448465,0.019833028079553117,0.019604331635347805,-0.024107866665227462,-0.004503535029879657,S2
2017-04-07,1.1130151420574197,2.580954687344867,-0.6638814237764828,0.01344,1.4679395452874473,-3.2448361111213497,-0.12942660664868721,-4.970324903117768,-6.212766651823875,-7.680706197111322,-0.02212178854613711,-0.010324404366475193,-0.06881955546395746,-0.07914395983043265,S2
2017-04-10,1.178549576895994,2.651815808738414,-0.6079021819632973,0.01344,1.4732662318424201,-3.259717990701711,0.0,-5.061057531289892,-6.239607108185886,-7.712873340028306,-0.026840456362011267,-0.032167142916984304,0.014881879580361357,-0.017285263336622947,S2
2017-04-11,1.4492257618457653,2.9386419490508695,-0.37407225309545766,0.01344,1.4894161872051042,-3.312714202146327,0.24827734492113307,-5.061183712653338,-6.26213212957797,-7.751548316783074,-0.022525021392083566,-0.03867497675476805,0.05299621144461586,0.014321234689847806,S2
2017-04-12,1.70395588451277,3.205315443499779,-0.1964747161210005,0.01368,1.5013595589870088,-3.4017901596207794,0.47124186401319923,-5.061309897162714,-6.294023917662286,-7.795383476649294,-0.03189178808431592,-0.04383515986622033,0.0890759574744524,0.045240797608232075,S2
2017-04-13,1.962412390121185,3.4728444061861587,0.030360236391469453,0.01368,1.5104320160649738,-3.4424841697946893,0.7229398324303087,-5.0614360848181,-6.3009086425089755,-7.8113406585739495,-0.0068847248466896716,-0.015957181924655117,0.040694010173909945,0.024736828249254827,S2
2017-04-17,1.7023624151972232,3.2083595297524403,-0.21548421413476215,0.013739999999999999,1.5059971145552171,-3.4238437438872023,0.0,-4.51388822912257,-6.216250644319794,-7.72224775887501,0.08465799818918196,0.0890928996989393,-0.018640425907487046,0.07045247379145225,S2
2017-04-18,2.0891018107814707,3.6180731469373137,0.11542673091129951,0.013739999999999999,1.528971336155843,-3.502646416026014,0.40805650336370136,-4.514000768560755,-6.195046075978524,-7.724017412134367,0.02120456834126916,-0.0017696532593571845,0.07880267213881176,0.07703301887945457,S2
2017-04-19,1.9823037481380343,3.5017669235671485,0.026944879535480054,0.013739999999999999,1.5194631754291141,-3.4748220440316686,0.28098590641285315,-4.514113310804753,-6.215431152529933,-7.734894327959047,-0.020385076551408865,-0.010876915824679756,-0.027824371994345398,-0.038701287819025154,S2
2017-04-20,1.7330212317586384,3.245893889905263,-0.1834965987911962,0.01368,1.5128726581466245,-3.429390488696459,0.06656812744301321,-4.514225855854633,-6.180678960170258,-7.693551618316883,0.03475219235967497,0.04134270964216391,-0.045431555335209595,-0.004088845693045684,S2
2017-04-21,1.770115805417248,3.281783252333572,-0.1597762636188143,0.013739999999999999,1.5116674469163243,-3.4415595159523864,0.09570611146357447,-4.5143384037104655,-6.188748097664139,-7.700415544580464,-0.008069137493881051,-0.0068639262635805665,0.01216902725592739,0.005305100992346823,S2
2017-04-24,1.2938343923003668,2.7911631617627464,-0.5745365581396621,0.01368,1.4973287694623796,-3.3656997199024086,0.0,-4.713908830622756,-6.007743222923123,-7.505071992385503,0.18100487474101623,0.19534355219496113,-0.07585979604997783,0.1194837561449833,S2
2017-04-25,0.9022751385654717,2.3809671444622023,-0.8931451343339909,0.01356,1.4786920058967306,-3.274112278796193,-0.3812075332886228,-4.714026356938103,-5.997509028792197,-7.476201034688928,0.010234194130926078,0.028870957696574884,-0.09158744110621564,-0.06271648340964076,S2
2017-04-26,1.0438683726495002,2.5318171297119454,-0.7831530168960185,0.013619999999999998,1.4879487570624452,-3.3149701466079637,-0.2366078768992258,-4.714143886183593,-5.994620135732319,-7.482568892794764,0.0028888930598780505,-0.006367858105836177,0.04085786781177081,0.03449000970593463,S2
2017-04-27,1.0966314983267385,2.589741850014208,-0.7515756141274268,0.01368,1.4931103516874695,-3.3413174641416346,-0.14761058188245735,-4.7142614183593015,-5.958503498568497,-7.451613850255967,0.03611663716382196,0.030955042538796995,0.02634731753367081,0.057302360072467806,S2
2017-04-28,1.183689011050032,2.680098582497868,-0.6747695778401327,0.01368,1.4964095714478358,-3.3548681603380004,-0.08492880413543619,-4.714368620591246,-5.982986435776715,-7.47939600722455,-0.024482937208217592,-0.027782156968583216,0.013550696196365841,-0.014231460772217375,S2
2017-05-01,0.9159520514199454,2.398240329747989,-0.9188847686748466,0.013739999999999999,1.4822882783280433,-3.3171250984228355,0.0,-5.003524857509093,-5.919476908929038,-7.401765187257082,0.06350952684767641,0.07763081996746823,-0.037743061915164855,0.03988775805230338,S2
2017-05-02,1.118959038685158,2.616138785534755,-0.7575594000328805,0.0138,1.4971797468495969,-3.373698185567635,0.17882911985158717,-5.003649604478407,-5.943779523311978,-7.440959270161575,-0.02430261438293968,-0.03919408290449322,0.05657308714479958,0.01737900424030636,S2
2017-05-03,0.9445297059525919,2.4284759872134214,-0.8287334319693553,0.013379999999999998,1.4839462812608295,-3.257209419182777,-0.00017559876529705732,-5.0037743545578905,-5.94847965927578,-7.432425940536609,-0.004700135963801699,0.008533329624966335,-0.11648876638485817,-0.10795543675989183,S2
2017-05-04,0.7776405874271126,2.2516361203329964,-0.9946421861344433,0.013499999999999998,1.4739955329058838,-3.2462783064674396,-0.14548411295715324,-5.00389910774762,-5.927023808131887,-7.40101934103777,0.0214558511438927,0.03140659949883862,-0.01093111271533731,0.020475486783501307,S2
2017-05-05,0.7505075706179573,2.227609270579467,-1.0111787875737845,0.01344,1.4771016999615099,-3.2387880581532515,-0.17640762454585976,-5.0040238640476735,-5.93093905921149,-7.408040759173,-0.003915251079603443,-0.007021418135229496,-0.007490248314188097,-0.014511666449417593,S2
2017-05-08,0.5315091094123668,1.9959408541341304,-1.1918122230086075,0.013379999999999998,1.4644317447217636,-3.187753077142738,0.0,-5.322540846323627,-5.854049955735994,-7.318481700457758,0.07688910347549616,0.08955905871524195,-0.051034981010513736,0.03852407770472821,S2
2017-05-09,0.4064457391647209,1.8613132370947594,-1.2872804508840965,0.01332,1.4548674979300384,-3.148593687978856,-0.13382050746513705,-5.3226735469414,-5.8629397935712575,-7.317807291501296,-0.008889837835263315,0.0006744089564616473,-0.03915938916388173,-0.03848498020742008,S2
2017-05-10,0.45916541855189036,1.9188046493269444,-1.2428838964278313,0.01332,1.459639230775054,-3.1616885457547754,-0.09486620003731012,-5.3228062508676395,-5.87683786945684,-7.336477100231894,-0.01389807588558245,-0.018669808730598092,0.013094857775919344,-0.005574950954678748,S2
2017-05-11,0.5868150295485951,2.0523886475459285,-1.152242478153745,0.01344,1.4655736179973333,-3.204631125699674,0.01289381341721211,-5.32293895810243,-5.896860174233813,-7.362433792231147,-0.02002230477697342,-0.025956691999252435,0.04294257994489836,0.016985887945645928,S2
2017-05-12,0.8530496387994057,2.3356737280555455,-0.9352969741604917,0.013499999999999998,1.4826240892561398,-3.2709707022160375,0.3043992217588844,-5.323071668645853,-5.8717220856863745,-7.354346174942514,0.02513808854743882,0.008087617288632387,0.06633957651636369,0.07442719380499607,S2
2017-05-15,0.7549251461641029,2.2374574825453664,-1.0252343589448336,0.013499999999999998,1.4825323363812635,-3.2626918414902,0.0,-5.099072111948528,-5.853997258112631,-7.336529594493895,0.017724827573743163,0.017816580448619668,-0.0082788607258375,0.009537719722782168,S2
2017-05-16,0.8151652269217636,2.3009446075589475,-0.9621381332482605,0.01344,1.485779380637184,-3.263082740807208,0.051182052243797016,-5.099199241084567,-5.863182415762534,-7.348961796399718,-0.009185157649902465,-0.01243220190582317,0.0003908993170078645,-0.012041302588815306,S2
2017-05-17,1.7201167514391615,3.239587390408732,-0.1826688253039192,0.01356,1.5194706389695702,-3.422256215712651,0.6871974943930176,-5.0993263733901655,-6.1322456304363095,-7.651716269405879,-0.2690632146737757,-0.30275447300616154,0.15917347490544298,-0.14358099810071856,S2
2017-05-18,1.5952234350524952,3.112028662088572,-0.2953397099771026,0.01356,1.5168052270360768,-3.4073683720656747,0.6162171704714747,-5.099453508865404,-6.078459773446424,-7.595265000482501,0.053785856989885694,0.056451268923378706,-0.014887843646976151,0.041563425276402555,S2
2017-05-19,1.4145449156952434,2.930439371591662,-0.4623586761707253,0.01356,1.5158944558964187,-3.3927980477623874,0.5734061789651077,-5.09958064751036,-5.940719384240496,-7.456613840136915,0.1377403892059279,0.138651160345586,-0.014570324303287308,0.12408083604229869,S2
2017-05-22,1.1983591698145364,2.7082257958882114,-0.6340722844495111,0.01344,1.509866626073675,-3.3422980803377227,0.0,-4.65488958459111,-5.853248754405646,-7.3631153804793215,0.08747062983484977,0.09349845965759318,-0.05049996742466467,0.04299849223292851,S2
2017-05-23,0.9779104902270047,2.4756404808914487,-0.8034591540577245,0.01332,1.497729990664444,-3.2790996349491732,-0.2025215149229922,-4.655005639449376,-5.835437644599373,-7.333167635263817,0.01781110980627343,0.029947745215504362,-0.06319844538854946,-0.0332507001730451,S2
2017-05-24,1.0482952048445282,2.5551501062695907,-0.7813576406569558,0.013499999999999998,1.5068549014250625,-3.3365077469265465,-0.0775536082407979,-4.655121697201102,-5.780970510286428,-7.2878254117114905,0.05446713431294459,0.045342223552326644,0.05740811197737328,0.10275033552969992,S2
2017-05-25,1.061865398815224,2.5752006332732558,-0.7636173827699617,0.01344,1.5133352344580318,-3.3388180160432173,-0.059309517641517026,-4.655237757846358,-5.776412674303099,-7.2897479087611305,0.004557835983328928,-0.0019224970496400928,0.00231026911667076,0.00038777206703066724,S2
2017-05-26,1.0409603792198787,2.553795377071049,-0.7828614863346864,0.01344,1.5128349978511704,-3.3366568634057354,-0.06180832000275996,-4.655353821385217,-5.758122520607856,-7.270957518459026,0.01829015369524356,0.018790390302104498,-0.0021611526374818446,0.016629237664622654,S2
2017-05-30,1.2580613997313634,2.784492748353543,-0.607483553880831,0.013499999999999998,1.5264313486221794,-3.391976302234374,0.0,-4.520075816066504,-5.778137215797868,-7.304568564420047,-0.020014695190011977,-0.03361104596102127,0.055319438828638656,0.021708392867617388,S2
2017-05-31,1.2552233858585882,2.78125979529327,-0.5874036296072791,0.013379999999999998,1.5260364094346817,-3.368663424900549,0.002145764294517417,-4.520178602520848,-5.7732562240849195,-7.299292633519601,0.004880991712948202,0.005275930900446646,-0.023312877333824922,-0.018036946433378276,S2
2017-06-01,1.1735652557543936,2.7039823626385777,-0.6779672687320356,0.01344,1.530417106884184,-3.381949631370613,-0.039149358303372905,-4.520291298789475,-5.733005912847242,-7.263423019731426,0.04025031123767775,0.03586961378817488,0.013286206470064066,0.04915582025823895,S2
2017-06-02,1.4277168572393502,2.980330061826315,-0.4654087986984474,0.01344,1.552613204586965,-3.4457388605247625,0.2265391050654021,-4.520403997867825,-5.721581750041772,-7.274194954628737,0.011424162805469429,-0.010771934897311652,0.06378922915414931,0.053017294256837655,S2
2017-06-05,1.3010574046863943,2.843876475731733,-0.5727401454082417,0.01344,1.5428190710453387,-3.4166166211399744,0.0,-4.431586830737387,-5.7326442354237805,-7.27546330646912,-0.01106248538200827,-0.0012683518403822092,-0.029122239384788084,-0.030390591225170294,S2
2017-06-06,1.5291207548808279,3.0837747001885862,-0.38581228862956973,0.013499999999999998,1.5546539453077584,-3.469586988818156,0.20186961249552407,-4.431697318252115,-5.758948460637419,-7.313602405945177,-0.02630422521363851,-0.03813909947605776,0.05297036767818142,0.01483126820212366,S2
2017-06-07,1.3194759851860285,2.862164707646599,-0.5443528189237693,0.013379999999999998,1.5426887224605705,-3.406517526570368,0.004614484630341366,-4.431807808521498,-5.746669309077185,-7.2893580315377555,0.01227915156023407,0.024244374407421887,-0.06306946224778764,-0.03882508784036576,S2
2017-06-08,1.2483700434100804,2.78724376207076,-0.6066811223650218,0.013379999999999998,1.5388737186606796,-3.3939248844357817,-0.04437844526705176,-4.431918301545604,-5.724666790222736,-7.263540508883416,0.022002518854448816,0.025817522654339342,-0.012592642134586551,0.01322488051975279,S2
2017-06-09,1.191036560369722,2.724418541459327,-0.6311775424583602,0.01326,1.5333819810896052,-3.3555960839176873,-0.13605756938973884,-4.432028797324502,-5.759122927083963,-7.2925049081735684,-0.03445613686122684,-0.028964399290152265,-0.0383288005180944,-0.06729319980824666,S2
2017-06-12,1.229010820635334,2.7634438200344436,-0.6083241494502118,0.01332,1.5344329993991095,-3.3717679694846554,0.0,-4.564766457142648,-5.793777277777982,-7.328210277177091,-0.03465435069401934,-0.035705369003522947,0.016171885566968136,-0.01953348343655481,S2
2017-06-13,1.1393409241154622,2.6747785462449443,-0.6814926182347039,0.01326,1.535437622129482,-3.356271164479648,-0.018315573857677733,-4.5648802650675355,-5.722536763040676,-7.257974385170158,0.07124051473730653,0.07023589200693348,-0.015496805005007275,0.0547390870019262,S2
2017-06-14,1.4436153468372372,2.9984281993487913,-0.3963738406443257,0.013139999999999999,1.554812852511554,-3.394802039993117,0.27353519791597575,-4.564994075829862,-5.7350742247511235,-7.289887077262677,-0.012537461710447673,-0.03191269209251946,0.03853087551346901,0.006618183420949553,S2
2017-06-15,1.4204819873967298,2.9708375553279516,-0.4022396197776796,0.013080000000000001,1.5503555679312218,-3.373077175105631,0.23401171250161712,-4.565139157399035,-5.751609432294147,-7.301965000225369,-0.016535207543023844,-0.012077922962691723,-0.02172486488748593,-0.03380278785017765,S2
2017-06-16,1.371534098115501,2.9202550640243174,-0.4581634561431134,0.013139999999999999,1.5487209659088164,-3.378418520167431,0.2328143880149185,-4.565284243579094,-5.704003953679677,-7.252724919588493,0.04760547861447062,0.049240080636876016,0.005341345061799618,0.054581425698675634,S2
2017-06-19,1.192059305147183,2.7386873897299324,-0.5985518875243893,0.013019999999999999,1.5466280845827494,-3.3372392772543216,0.0,-4.510737049884044,-5.702796355031227,-7.249424439613977,0.0012075986484498813,0.003300479974516435,-0.04117924291310926,-0.037878762938592825,S2
2017-06-20,1.3884253864709244,2.9401400176989023,-0.4082037475544853,0.012960000000000001,1.551714631227978,-3.3483437652533876,0.16129768499603045,-4.510880407092937,-5.738008108567831,-7.289722739795809,-0.03521175353660411,-0.040298300181832225,0.011104487999066048,-0.029193812182766177,S2
2017-06-21,1.380799844765167,2.931677645648021,-0.3993992072964607,0.012899999999999998,1.5508778008828539,-3.3310768529444816,0.16270530792826043,-4.511023768857913,-5.729118305694819,-7.2799961065776735,0.008889802873011554,0.009726633218135383,-0.01726691230890598,-0.007540279090770596,S2
2017-06-22,1.4006246539120708,2.953257960907705,-0.3987527661584296,0.012960000000000001,1.5526333069956344,-3.352010727066135,0.21175874713169873,-4.511167135179116,-5.700033041959489,-7.252666348955123,0.029085263735330713,0.02732975762255041,0.02093387412165315,0.04826363174420356,S2
2017-06-23,1.3532876587767793,2.90565051561726,-0.42736984645933696,0.012899999999999998,1.5523628568404808,-3.333020362076597,0.20753389854295118,-4.511310506056691,-5.657064266290519,-7.209427123131,0.04296877566897006,0.04323922582412276,-0.018990364989537767,0.024248860834584995,S2
2017-06-26,1.3751715931426576,2.9304682427023923,-0.41051022871382337,0.012899999999999998,1.5552966495597347,-3.3409784714162156,0.0,-4.257450323965885,-5.632621917108542,-7.1879185666682766,0.024442349181976297,0.02150855646272376,0.007958109339618602,0.029466665802342362,S2
2017-06-27,1.1490894535165963,2.6780211469604596,-0.5495671147271803,0.01272,1.5289316934438633,-3.22758826168764,-0.30987756230731445,-4.257585631386534,-5.716552647210445,-7.245484340654308,-0.083930730101903,-0.05756577398603113,-0.11339020972857572,-0.17095598371460685,S2
2017-06-28,0.9796238828513189,2.5094003646640113,-0.7378825078534716,0.01284,1.5297764818126924,-3.247282872517483,-0.38584707613667013,-4.257720943107432,-5.623191902095421,-7.152968383908114,0.09336074511502446,0.09251595674619395,0.01969461082984303,0.11221056757603698,S2
2017-06-29,0.8628079473785484,2.372870538026917,-0.7829083064546052,0.012659999999999998,1.5100625906483687,-3.1557788444815222,-0.5967874039541311,-4.257856259128716,-5.717451610461396,-7.227514201109765,-0.09425970836597486,-0.07454581720165088,-0.0915040280359607,-0.16604984523761157,S2
2017-06-30,0.6397036077498455,2.1371910723426697,-0.9492908033049576,0.012539999999999997,1.4974874645928242,-3.0864818756476273,-0.7916509886643108,-4.25797991373615,-5.689334510150307,-7.186821974743131,0.02811710031108916,0.04069222636663383,-0.06929696883389491,-0.02860474246726108,S2
2017-07-03,0.4276720600645334,1.9141966862210666,-1.1075618331987647,0.012419999999999997,1.4865246261565332,-3.0217585194198313,0.0,-5.2465373524617185,-5.674209412526252,-7.160734038682785,0.015125097624054895,0.026087936060346095,-0.06472335622779601,-0.03863542016744992,S2
2017-07-05,0.5003817544114975,1.9941546940354387,-1.0612609417175272,0.01248,1.4937729396239412,-3.055415635752966,0.09165638601431125,-5.246870841598732,-5.6555962099959185,-7.14936914961986,0.01861320253033316,0.011364889062924988,0.03365711633313451,0.045022005396059495,S2
2017-07-06,0.4186644011653135,1.894888920610974,-1.107617379342535,0.012419999999999997,1.4762245194456605,-3.002506299953509,-0.07293985946730949,-5.247037594116327,-5.73864185474895,-7.214866374194611,-0.08304564475303167,-0.06549722457475138,-0.05290933579945678,-0.11840656037420816,S2
2017-07-07,0.2047105728185284,1.6760242796103042,-1.3170742516110518,0.01248,1.4713137067917759,-2.993098531221356,-0.18765071221107119,-5.247204351933538,-5.6395656369631375,-7.110879343754913,0.09907621778581266,0.10398703043969793,-0.009407768732152988,0.09457926170754494,S2
2017-07-10,0.22333548798477826,1.6980653327041433,-1.3032700183600958,0.01248,1.474729844719365,-3.001335351064239,0.0,-5.3906567452824685,-5.613992233267247,-7.088722077986612,0.025573403695890562,0.02215726576830157,0.008236819842883047,0.030394085611184618,S2
2017-07-11,0.24833997109716074,1.7246544235577566,-1.2819086408105962,0.01248,1.4763144524605958,-3.0065630643683527,0.05035907652354747,-5.3908280675068765,-5.588808962080489,-7.065123414541086,0.025183271186757672,0.023598663445525858,0.005227713304113646,0.028826376749639504,S2
2017-07-12,0.3739735821463146,1.8679666773420482,-1.1950714853494397,0.012539999999999997,1.4939930951957336,-3.063038162691488,0.22389992368832548,-5.390999395176133,-5.541073053634122,-7.035066148829856,0.047735908446367326,0.03005726571123013,0.05647509832313524,0.08653236403436537,S2
2017-07-13,0.2317147071380078,1.719338974228049,-1.322041048159858,0.012539999999999997,1.487624267090041,-3.041380022387907,0.12193998557210649,-5.391170728290409,-5.50094544985631,-6.988569716946351,0.04012760377781177,0.046496431883504385,-0.021658140303581153,0.024838291579923233,S2
2017-07-14,0.2714392579324168,1.768141973368408,-1.2933050869863219,0.012539999999999997,1.4967027154359913,-3.06144706035473,0.2060552808387158,-5.391342066849879,-5.45672604394358,-6.953428759379571,0.0442194059127301,0.03514095756677982,0.020067037966823076,0.055207995533602894,S2
2017-07-17,0.39111752745001443,1.8958000093125484,-1.1893237154505107,0.012539999999999997,1.504682481862534,-3.085123724763059,0.0,-5.089311921373611,-5.480429448823625,-6.985111930686159,-0.023703404880045298,-0.03168317130658771,0.023676664408329273,-0.008006506898258436,S2
2017-07-18,0.5879667636953221,2.106752057251555,-1.0039533373441771,0.01248,1.5187852935562327,-3.110705394595732,0.1917237330543878,-5.08947366645965,-5.485716697100584,-7.004501990656817,-0.005287248276959033,-0.019390059970658235,0.025581669832672738,0.006191609862014502,S2
2017-07-19,0.5738416382247479,2.0978370161536297,-1.006336384095503,0.012419999999999997,1.5239953779288817,-3.104173400249133,0.18660018220448213,-5.089635416686163,-5.476876872706429,-7.000872250635311,0.008839824394155649,0.0036297400215064,-0.006531994346599124,-0.0029022543250927235,S2
2017-07-20,0.5403940008479962,2.0629801699678967,-1.0067716281641608,0.012299999999999998,1.5225861691199005,-3.0697517981320575,0.1867901752340352,-5.089797172053313,-5.443400997667274,-6.9659871667871744,0.033475875039155056,0.03488508384813649,-0.034421602117075345,0.0004634817310611439,S2
2017-07-21,0.6536445187109725,2.184477754896812,-0.9089966339058306,0.012299999999999998,1.5308332361858394,-3.0934743888026426,0.33166403905743913,-5.089958932561263,-5.411939412214797,-6.942772648400636,0.0314615854524769,0.02321451838653843,0.02372259067058513,0.04693710905712356,S2
2017-07-24,0.5525735096071815,2.07599396151094,-1.0123400293705673,0.01236,1.5234204519037586,-3.0883339908815075,0.0,-4.854452137589119,-5.407025647196301,-6.93044609910006,0.00491376501849583,0.012326549300576417,-0.005140397921135076,0.007186151379441341,S2
2017-07-25,0.20833825591062552,1.7116591661792582,-1.3005847368025332,0.012299999999999998,1.5033209102686327,-3.0122439029817913,-0.3358573396469665,-4.8546064185195865,-5.398802014077178,-6.902122924345811,0.008223633119122553,0.028323174754248726,-0.07609008789971616,-0.04776691314546744,S2
2017-07-26,0.41007021243730596,1.9274604781747016,-1.154398748823613,0.012419999999999997,1.5173902657373957,-3.0818592269983145,-0.14470370390762757,-4.854760704353307,-5.409534620698241,-6.9269248864356365,-0.01073260662106268,-0.024801962089825658,0.06961532401652315,0.04481336192669749,S2
2017-07-27,0.31036778454714725,1.8189655083508462,-1.2392083492245836,0.012419999999999997,1.508597723803699,-3.05817385757543,-0.28827683419525707,-4.854914995090436,-5.45355961383284,-6.962157337636539,-0.044024993134598844,-0.035232451200902126,-0.023685369422884683,-0.05891782062378681,S2
2017-07-28,0.42052052669606793,1.9349600493495114,-1.1122537983546041,0.012299999999999998,1.5144395226534435,-3.0472138477041155,-0.19224929333852084,-4.855069290731129,-5.467839110765718,-6.9822786334191616,-0.01427949693287811,-0.020121295782622894,-0.010960009871314291,-0.031081305653937186,S2
2017-07-31,0.4060232431353357,1.9194974643391363,-1.1405216813600045,0.01236,1.5134742212038006,-3.060019145699141,0.0,-5.047623708369926,-5.453646951505262,-6.967121172709062,0.014192159260455917,0.015157460710099713,0.012805297995025278,0.02796275870512499,S2
2017-08-01,0.5839001528648728,2.1126812823312715,-0.9882318617134915,0.01236,1.5287811294663987,-3.100913144044763,0.19471021542290345,-5.047784128549239,-5.436974065991208,-6.965755195457607,0.01667288551405388,0.0013659772514547086,0.04089399834562224,0.04225997559707695,S2
2017-08-02,0.5512266356157517,2.078035143499093,-1.001894447202968,0.012299999999999998,1.526808507883341,-3.079929590702061,0.14646914781019804,-5.047944553826918,-5.452702041632472,-6.979510549515814,-0.015727975641263825,-0.013755354058206493,-0.020983553342702077,-0.03473890740090857,S2
2017-08-03,0.7061614214316261,2.241040984357136,-0.8647759999436153,0.012299999999999998,1.53487956292551,-3.1058169843007515,0.29103415371307056,-5.048104984203126,-5.463232251921681,-6.998111814847191,-0.010530210289209307,-0.018601265331377626,0.025887393598690522,0.007286128267312897,S2
2017-08-04,0.5162560794864592,2.04158123184154,-1.0338796392603675,0.012299999999999998,1.5253251523550808,-3.0754608711019076,0.146369721228178,-5.048265419678023,-5.418151777936305,-6.943476930291386,0.045080473985376734,0.05463488455580556,-0.030356113198843904,0.02427877135696166,S2
2017-08-07,0.5433007353614072,2.0732734066718246,-1.0282569153072258,0.01236,1.5299726713104174,-3.1015303219790504,0.0,-4.853188739233265,-5.396489474594672,-6.92646214590509,0.02166230334163277,0.017014784386296,0.026069450877142852,0.04308423526343885,S2
2017-08-08,0.4819644800081224,2.003000392185423,-1.0921604880879294,0.012419999999999997,1.5210359121773005,-3.0951608802733523,-0.14793881756118088,-4.853342980011257,-5.48324627758056,-7.00428218975786,-0.08675680298588784,-0.0778200438527703,-0.006369441705698087,-0.08418948555846839,S2
2017-08-09,0.7406463825531671,2.2784725918769637,-0.8965396714420075,0.012539999999999997,1.5378262093237967,-3.1750122633189712,0.09354981918363066,-4.853497225691225,-5.500593789060761,-7.038419998384558,-0.017347511480201305,-0.03413780862669835,0.0798513830456189,0.045713574418920544,S2
2017-08-10,1.2670338571151802,2.815338155385915,-0.44586366757084894,0.012659999999999998,1.5483042982707347,-3.261201822956764,0.27005651612520426,-4.853651476273325,-5.850628817263301,-7.398933115534035,-0.35003502820253996,-0.36051311714947687,0.08618955963779262,-0.27432355751168425,S2
2017-08-11,1.268407865270518,2.8196553902836197,-0.46306434052174783,0.01272,1.5512475250131017,-3.2827197308053675,0.32063142994060806,-4.8538057317577135,-5.8015821670876235,-7.352829692100725,0.04904665017567744,0.0461034234333102,0.021517907848603635,0.06762133128191383,S2
2017-08-14,0.9045756546809707,2.448796042013538,-0.7808566629302334,0.012659999999999998,1.5442203873325675,-3.2296527049437715,0.0,-4.667373775378503,-5.571949430059474,-7.116169817392041,0.22963273702814924,0.23665987470868366,-0.05306702586159595,0.1835928488470877,S2
2017-08-15,0.6296730333974282,2.155779372744808,-0.9903044987139471,0.012539999999999997,1.5261063393473795,-3.146083871458755,-0.24609112439057648,-4.6675221107103795,-5.543286268498385,-7.069392607845764,0.028663161561089723,0.04677720954627773,-0.08356883348501665,-0.036791623938738915,S2
2017-08-16,0.8027003331682541,2.342794027694993,-0.8420405260456056,0.012539999999999997,1.540093694526739,-3.1848345537405987,-0.04800844208985167,-4.66767045075655,-5.518379226014655,-7.058472920541394,0.024907042483729214,0.010919687304369319,0.03875068228184375,0.04967036958621307,S2
2017-08-17,1.2532331592449666,2.7998550841082577,-0.4590854054537261,0.012659999999999998,1.546621924863291,-3.258940489561984,0.13104691952708658,-4.667818795517163,-5.790005035235042,-7.336626960098334,-0.2716258092203869,-0.27815403955693974,0.07410593582138514,-0.2040481037355546,S2
2017-08-18,1.1692631248883807,2.711080037450387,-0.5492072346833727,0.01272,1.5418169125620065,-3.26028727213376,0.12895507138204393,-4.667967144992369,-5.708275198498706,-7.250092111060713,0.08172983673633638,0.08653484903762099,0.0013467825717761173,0.0878816316093971,S2
2017-08-21,1.1332334516328881,2.6766960085828377,-0.5852315252228228,0.01272,1.5434625569499496,-3.2619275338056606,0.0,-4.48872911893664,-5.621962570569528,-7.1654251275194785,0.08631262792917749,0.08466698354123459,0.001640261671900678,0.08630724521313526,S2
2017-08-22,0.7927209994775339,2.3278866637345628,-0.8641403844229276,0.0126,1.5351656642570288,-3.1920270481574904,-0.2051987577441494,-4.488871776704285,-5.4867915339259685,-7.021957198182998,0.1351710366435599,0.1434679293364809,-0.0699004856481702,0.0735674436883107,S2
2017-08-23,1.1079487064869886,2.65878013321179,-0.6158487315740158,0.01272,1.5508314267248016,-3.274628864785806,0.04618781125806677,-4.489014439005783,-5.550775334234705,-7.101606760959506,-0.06398380030873607,-0.07964956277650881,0.08260181662831556,0.002952253851806752,S2
2017-08-24,1.0009983675713428,2.5428809550807676,-0.7074178915511222,0.01272,1.5418825875094249,-3.25029884663189,-0.052513743651767725,-4.4891571058412785,-5.54266921706439,-7.084551804573814,0.008106117170314953,0.01705495638569232,-0.02433001815391611,-0.0072750617682237895,S2
2017-08-25,1.028594120967228,2.57625937647086,-0.6877143629477271,0.01272,1.547665255503632,-3.2639737394185873,0.04634008491116225,-4.489299777210915,-5.471553813266981,-7.019219068770613,0.07111540379740866,0.0653327358032012,0.013674892786697423,0.07900762858989863,S2
2017-08-28,1.0654511687868604,2.6168857675643316,-0.6728329339809371,0.012779999999999998,1.5514345987774711,-3.2897187015452687,0.0,-4.393808359761689,-5.459259528548549,-7.010694127326021,0.012294284718431747,0.008524941444592038,0.025744962126681425,0.03426990357127346,S2
2017-08-29,1.2421674354103809,2.805661315984464,-0.5509029410309245,0.012899999999999998,1.5634938805740832,-3.3565642570153886,0.14990839064285544,-4.393948000821654,-5.486207045589179,-7.049700926163262,-0.026947517040629698,-0.03900679883724134,0.06684555547011994,0.027838756632878603,S2
2017-08-30,1.0994419615404016,2.6596323103785906,-0.6649174648419698,0.01284,1.560190348838189,-3.3245497752205604,0.05242568683315254,-4.394087646319597,-5.441103921026846,-7.001294269865035,0.04510312456233301,0.04840665629822727,-0.03201448179482824,0.016392174503399026,S2
2017-08-31,1.203627240725127,2.7784261154026617,-0.5820299711311736,0.01284,1.5747988746775348,-3.3604560865338353,0.20477849896438036,-4.394216461188013,-5.39306520294876,-6.967864077626295,0.04803871807808591,0.033430192238739664,0.03590631131327493,0.0693365035520146,S2
2017-09-01,0.9539376059536683,2.515666616502184,-0.8176564103146133,0.012899999999999998,1.5617290105485155,-3.3333230268167973,0.006375565451293488,-4.394356115217983,-5.341918155720358,-6.903647166268874,0.05114704722840191,0.06421691135742158,-0.027133059717038055,0.037083851640383525,S2
2017-09-05,1.566999257708224,3.157343360615454,-0.29125995337370814,0.012960000000000001,1.59034410290723,-3.448603313989162,0.0,-3.9424854197722916,-5.509484677480516,-7.099828780387746,-0.16756652176015763,-0.19618161411887236,0.11528028717236483,-0.08090132694650753,S2
2017-09-06,1.368534934158927,2.95050597642549,-0.48233444994952285,0.013019999999999999,1.581971042266563,-3.4328404263750127,-0.1448114084299049,-3.9426107171903477,-5.45595705977918,-7.037928102045743,0.053527617701335295,0.061900678342002635,-0.015762887614149346,0.04613779072785329,S2
2017-09-07,1.6101259368557868,3.2085152997224267,-0.2741726143254944,0.013019999999999999,1.59838936286664,-3.482687914047921,0.105821275747467,-3.942736018590522,-5.447040679698842,-7.045430042565481,0.008916380080338016,-0.007501940519738071,0.049847487672908475,0.042345547153170404,S2
2017-09-08,1.5996750373505673,3.194640687106667,-0.28053100743673326,0.013019999999999999,1.5949656497560996,-3.4751716945434,0.052999076175385795,-3.942861323972941,-5.489537285148122,-7.084502934904222,-0.04249660544927991,-0.03907289233874067,-0.007516219504521082,-0.046589111843261755,S2
2017-09-11,1.0874930603370025,2.663668553566596,-0.7085930147285526,0.012899999999999998,1.5761754932295935,-3.3722615682951487,0.0,-4.27164949101006,-5.3591425513470625,-6.935318044576656,0.13039473380105981,0.14918489032756632,-0.10291012624825147,0.046274764079314856,S2
2017-09-12,0.9310946425441387,2.5007337097828266,-0.863415719163442,0.012960000000000001,1.569639067238688,-3.3641494289462686,-0.13635476931597748,-4.27178524969908,-5.339234661559196,-6.908873728797884,0.019907889787866395,0.02644431577877171,-0.00811213934888011,0.0183321764298916,S2
2017-09-13,0.7689689470298379,2.3289967357724026,-0.9587309944084601,0.012779999999999998,1.5600277887425649,-3.2877277301808627,-0.2819699046252301,-4.27192101270269,-5.322859864357758,-6.8828876531003225,0.016374797201438085,0.025986075697561617,-0.07642169876540583,-0.050435623067844215,S2
2017-09-14,0.7570286668714786,2.3155351895583545,-0.9378905080296347,0.012659999999999998,1.558506522686876,-3.253425697587989,-0.2856355031183337,-4.272056780021029,-5.314720950010842,-6.873227472697717,0.00813891434691616,0.009660180402605079,-0.034302032592873566,-0.024641852190268487,S2
2017-09-15,0.7416792393543261,2.3017661440275443,-0.9384990882163784,0.0126,1.5600869046732182,-3.2402652322439227,-0.2783724843116207,-4.272192551654234,-5.292244275320181,-6.852331179993399,0.022476674690660836,0.020896292704318142,-0.013160465344066452,0.00773582736025169,S2
2017-09-18,0.5797857343788182,2.13131121247288,-1.0820850383799692,0.0126,1.5515254780940617,-3.213396250852849,0.0,-4.693348322537435,-5.273134056916254,-6.824659535010316,0.019110218403927348,0.02767164498308361,-0.026868981391073632,0.0008026635920099778,S2
2017-09-19,0.5346040336745088,2.0843060088589667,-1.1073944235089481,0.012539999999999997,1.5497019751844578,-3.191700432367915,-0.0438193400348234,-4.693497483374887,-5.271920857084218,-6.821622832268677,0.0012131998320352722,0.003036702741638919,-0.021695818484934293,-0.018659115743295374,S2
2017-09-20,0.2881740991737995,1.8234281243644033,-1.2792948480303024,0.01236,1.5352540251906037,-3.1027229723947056,-0.2374714022248858,-4.693646648952868,-5.219292150351553,-6.754546175542156,0.05262870673266562,0.06707665672652041,-0.08897745997320916,-0.02190080324668875,S2
2017-09-21,0.30497880670025984,1.8390594360908266,-1.247951859125825,0.012299999999999998,1.5340806293905667,-3.0870112952166515,-0.20264183963661483,-4.693795819271529,-5.201416465608403,-6.73549709499897,0.017875684743149378,0.019049080543186214,-0.015711677178054106,0.0033374033651321078,S2
2017-09-22,0.342248932273624,1.8800610699042346,-1.2166365015116798,0.012299999999999998,1.5378121376306106,-3.0966975714159144,-0.15028145787544522,-4.69394499433102,-5.186475384480089,-6.7242875221107,0.01494108112831416,0.01120957288827018,0.009686276199262878,0.020895849087533058,S2
2017-09-25,0.6059378368170945,2.157639460400478,-0.9982042174737331,0.01236,1.5517016235833834,-3.155843677874211,0.0,-4.657280323097542,-5.263218159914636,-6.81491978349802,-0.0767427754345471,-0.09063226138732006,0.05914610645829654,-0.03148615492902351,S2
2017-09-26,3.061654913788426,4.569482888198486,1.5330406648071153,0.01224,1.50782797441006,-3.036442223391371,-0.0986550531099003,-2.0108666726307134,-5.17117663952904,-6.6790046139390995,0.09204152038559599,0.13591516955892047,-0.11940145448284012,0.01651371507608035,S2
2017-09-27,2.5480566653685237,4.027900861002117,1.0491726565028157,0.01236,1.4798441956335937,-2.9787282044993018,-0.4251741155931621,-2.010930580641856,-4.984161361603542,-6.464005557237136,0.18701527792549832,0.21499905670196373,-0.05771401889206906,0.15728503780989467,S2
2017-09-28,2.455684869793215,3.932286503700909,0.9802917244339993,0.012299999999999998,1.476601633907694,-2.9519947792669097,-0.4196764265507256,-2.0109944906840798,-4.8863557870280205,-6.3629574209357145,0.09780557457552153,0.10104813630142129,-0.026733425232392083,0.0743147110690292,S2
2017-09-29,2.2467285559468433,3.713729880782428,0.8654567310687402,0.012,1.4670013248355849,-2.848273149713688,-0.5001520571382465,-2.0110528930159486,-4.757933506101038,-6.224934830936624,0.1284222809269826,0.13802258999909078,-0.10372162955322173,0.034300960445869055,S2
2017-10-02,2.056910559389575,3.5167937519688603,0.7085429150079738,0.01194,1.4598831925792854,-2.8082508369608865,0.0,-2.5430444352905677,-4.599954994680143,-6.0598381872594285,0.15797851142089492,0.16509664367719523,-0.04002231275280144,0.1250743309243938,S2
2017-10-03,2.0364136530678687,3.4974359264266863,0.6748421429569471,0.012,1.4610222733588176,-2.822593783469739,-0.013197421871307527,-2.543125256617172,-4.592736331556348,-6.053758604915165,0.007218663123794933,0.006079582344263201,0.014342946508852705,0.020422528853115907,S2
2017-10-04,2.008282282499496,3.4687301522540457,0.6352029098777376,0.012059999999999998,1.4604478697545495,-2.833527242376308,-0.05087639337710594,-2.5432060805123853,-4.602364756388988,-6.062812626143537,-0.009628424832639482,-0.009054021228371845,0.010933458906568827,0.0018794376781969824,S2
2017-10-05,1.6817194541808433,3.1282811164143003,0.3561806257841047,0.012,1.446561662233457,-2.7721004906301956,-0.3167722854530146,-2.5432869069762893,-4.5417786466101475,-5.988340308843604,0.06058610977884005,0.07447231729993309,-0.06142675174611245,0.013045565553820637,S2
2017-10-06,1.6782923999862027,3.1222691511182563,0.3826554890357521,0.01188,1.4439767511320536,-2.7396136620825042,-0.38766160996641386,-2.5433677360089657,-4.609321745961582,-6.053298497093635,-0.06754309935143432,-0.06495818825003141,-0.03248682854769136,-0.09744501679772277,S2
2017-10-10,1.77374753216104,3.2251231651802867,0.4801139140724682,0.011819999999999999,1.4513756330192467,-2.7450092511078186,0.0,-2.8552181267986096,-4.6289656589596495,-6.080341291978897,-0.01964391299806767,-0.0270427948852614,0.00539558902531434,-0.02164720585994706,S2
2017-10-11,1.6860818566861824,3.1346812834878226,0.4004838741072212,0.011819999999999999,1.4485994268016402,-2.7341974093806014,-0.05140687228382023,-2.855308869419364,-4.5927975983893665,-6.0413970251910065,0.03616806057028299,0.038944266787890314,-0.010811841727217164,0.02813242506067315,S2
2017-10-12,1.8404666222366102,3.297676621241525,0.537824596669306,0.011819999999999999,1.4572099990049148,-2.759852024572219,0.09601110818848417,-2.855399614924039,-4.599855128972165,-6.057065127977079,-0.007057530582798677,-0.01566810278607278,0.02565461519161749,0.009986512405544712,S2
2017-10-13,2.021615373676046,3.493016490434088,0.6962806454321111,0.011819999999999999,1.471401116758042,-2.796735845001977,0.32408146315600694,-2.8554903633127267,-4.553024273832765,-6.024425390590808,0.04683085513940011,0.03263973738627168,0.03688382042975791,0.06952355781602959,S2
2017-10-16,1.8961838145072114,3.361327438150953,0.5840658100645788,0.011819999999999999,1.4651436236437416,-2.7772616280863742,0.0,-2.689051905089601,-4.585235719596812,-6.050379343240554,-0.03221144576404722,-0.025953952649746093,-0.019474216915602582,-0.045428169565348675,S2
2017-10-17,1.9145948234505907,3.3808418282846633,0.6288693201794624,0.011699999999999999,1.4662470048340726,-2.751972508105201,-0.019863748008488738,-2.689137366727338,-4.623595938186417,-6.08984294302049,-0.03836021858960503,-0.03946359977993641,-0.025289119981173336,-0.06475271976110974,S2
2017-10-18,1.6616980516217246,3.1132610225946458,0.40320087150735606,0.011699999999999999,1.4515629709729212,-2.7100601510872897,-0.2446713198953271,-2.689222831081159,-4.59559220259821,-6.047155173571132,0.028003735588207235,0.04268776944935837,-0.041912357017911184,0.0007754124314471866,S2
2017-10-19,1.689604223836984,3.143881428445132,0.44121007303110815,0.01164,1.4542772046081482,-2.702671355414024,-0.20432001797414823,-2.6893082981511505,-4.583232539962283,-6.037509744570431,0.01235966263592747,0.009645429000700645,-0.007388795673265669,0.002256633327434976,S2
2017-10-20,1.2335699292107252,2.6635927806471997,0.03311436438898818,0.01164,1.4300228514364746,-2.6304784162582115,-0.6559554773688927,-2.689393767937399,-4.578919174517017,-6.008942025953491,0.004313365445265838,0.028567718616939963,-0.07219293915581249,-0.04362522053887252,S2
2017-10-23,1.457635397254583,2.897251959555319,0.2351423587412409,0.01164,1.439616562300736,-2.662109600814078,0.0,-3.1831875717641234,-4.640822969018706,-6.080439531319442,-0.06190379450168937,-0.07149750536595079,0.031631184555866554,-0.03986632081008423,S2
2017-10-24,1.216526585386575,2.642126017976978,0.04702047473678128,0.011519999999999999,1.425599432590403,-2.5951055432401966,-0.24918039120736893,-3.183288737689032,-4.648995714282976,-6.07459514687338,-0.00817274526426992,0.0058443844460622785,-0.0670040575738815,-0.061159673127819225,S2
2017-10-25,1.2451095225276072,2.66838127556121,0.060973834225614976,0.01158,1.4232717530336028,-2.607407441335595,-0.21799619979209572,-3.1833899068291283,-4.646495629148831,-6.069767382182434,0.0025000851341454577,0.004827764690945813,0.01230189809539839,0.017129662786344202,S2
2017-10-26,1.1064865607415926,2.522262686295656,-0.03643093505203154,0.01146,1.4157761255540633,-2.5586936213476874,-0.3553967537007204,-3.183491079184514,-4.6453743936268275,-6.06115051918089,0.0011212355220031611,0.008616863001543962,-0.04871381998790758,-0.04009695698636362,S2
2017-10-27,0.932235601853302,2.348717857329009,-0.2257990546733919,0.01158,1.4164822554757068,-2.5745169120024007,-0.3843555976286724,-3.1835922547552915,-4.500183454237266,-5.916665709712973,0.14519093938956118,0.14448480946791697,0.01582329065471333,0.1603081001226303,S2
2017-10-30,1.3168084572909327,2.75488155696187,0.13166056667345938,0.011519999999999999,1.4380730996709374,-2.6232209902884107,0.0,-3.228654706583299,-4.545463163874231,-5.983536263545169,-0.04527970963696504,-0.06687055383219587,0.04870407828600998,-0.01816647554618589,S2
2017-10-31,1.205432905547895,2.6384214786605154,0.044560658783244556,0.01146,1.4329885731126204,-2.593860819877271,-0.07901199868969214,-3.2287493562044864,-4.513194260442074,-5.946182833554694,0.032268903432157714,0.03735342999047475,-0.02936017041113992,0.007993259579334833,S2
2017-11-01,1.2061465418598247,2.6411891854696816,0.030406407321231566,0.011519999999999999,1.435042643609857,-2.61078277814845,-0.07748521327004439,-3.2288519701433622,-4.512483725273231,-5.947526368883088,0.0007105351688423411,-0.001343535328394374,0.01692195827117926,0.015578422942784886,S2
2017-11-02,1.268985605332884,2.709561704809948,0.09884987121854394,0.01146,1.440576099477064,-2.610711833591404,0.01645513663662286,-3.2289545873434453,-4.481485056039706,-5.92206115551677,0.0309986692335249,0.025465213366318018,-7.094455704592662e-05,0.02539426880927209,S2
2017-11-03,1.1248471809558365,2.562330385593695,-0.033739201877217795,0.01146,1.4374832046378585,-2.5960695874709128,-0.02499921058998933,-3.229057207804839,-4.378903599350664,-5.816386803988523,0.10258145668904195,0.105674351528247,-0.014642246120491365,0.09103210540775564,S2
2017-11-06,1.1915223778488582,2.6354170805338066,0.010611970992160824,0.011519999999999999,1.4438947026849485,-2.624805109541646,0.0,-3.1942912080147843,-4.385813585863643,-5.829708288548591,-0.00690998651297825,-0.013321484560067987,0.028735522070733044,0.015414037510665057,S2
2017-11-07,1.252281130645615,2.698670031874127,0.09321431261816482,0.011399999999999999,1.4463889012285118,-2.605455719255962,0.004963896913476809,-3.194392726827987,-4.441709960560125,-5.888098861788636,-0.055896374696482454,-0.05839057324004493,-0.019349390285683832,-0.07773996352572876,S2
2017-11-08,1.206266682852812,2.6517224876136987,0.023472711016104597,0.011519999999999999,1.4454558047608868,-2.628249776597594,-0.04052944334975618,-3.194494248867592,-4.44129037507016,-5.8867461798310465,0.0004195854899649021,0.001352681957589752,0.02279405734163209,0.024146739299221842,S2
2017-11-09,1.3230395475241754,2.770697270181803,0.11693898453134288,0.01158,1.4476577226576275,-2.65375828565046,0.01663875476200962,-3.1945957741337025,-4.500996566895868,-5.948654289553495,-0.05970619182570758,-0.061908109722448756,0.025508509052865946,-0.03639960066958281,S2
2017-11-10,1.0590592295423795,2.4869381047608856,-0.11609056676247231,0.01158,1.427878875218506,-2.603028671523358,-0.30729751435542135,-3.1946973026264205,-4.561054046524221,-5.988932921742728,-0.060057479628353505,-0.04027863218923233,-0.050729614127102085,-0.09100824631633442,S2
2017-11-13,1.0289486582022043,2.456707650602599,-0.14425763287797944,0.01158,1.4277589924003948,-2.6009652834805785,0.0,-3.534594341515216,-4.56354299971742,-5.9913019921178154,-0.0024889531931986397,-0.002369070375087823,-0.0020633880427793905,-0.004432458417867213,S2
2017-11-14,1.1923845748463322,2.628829965033237,0.002038509114865583,0.01158,1.4364453901869048,-2.6267914559183714,0.16437505620791687,-3.534706675613561,-4.562716194251976,-5.999161584438881,0.0008268054654436696,-0.007859592321065811,0.025826172437792838,0.017966580116727027,S2
2017-11-15,1.6948566522530095,3.155869256004642,0.42610290239987414,0.011699999999999999,1.4610126037516324,-2.729766353604768,0.5704013788976318,-3.5348190132820325,-4.659274286637411,-6.120286890389043,-0.09655809238543434,-0.12112530595016135,0.10297489768639645,-0.018150408263764906,S2
2017-11-16,1.1699746285495929,2.6081179898426847,-0.0062116413751844846,0.011519999999999999,1.4381433612930918,-2.614329631217869,0.13596353946051204,-3.534931354520744,-4.568942443609825,-6.007085804902917,0.09033184302758546,0.11320108548612584,-0.11543672238689862,-0.002235636900772775,S2
2017-11-17,1.3128728462028199,2.7589463608450377,0.10765501095145646,0.01158,1.446073514642218,-2.6512913498935813,0.30876342452066274,-3.5350436993298096,-4.539153121011967,-5.985226635654184,0.029789322597857826,0.021859169248732435,0.036961718675712074,0.05882088792444451,S2
2017-11-20,1.1036315782496595,2.540351549303123,-0.05457577489234078,0.01146,1.4367199710534633,-2.5949273241954636,0.0,-3.3681599331940513,-4.471791511443711,-5.908511482497174,0.06736160956825632,0.07671515315701072,-0.056364025698117715,0.020351127458893004,S2
2017-11-21,0.8900951234759856,2.322331640589664,-0.21022352884069795,0.011279999999999998,1.4322365171136786,-2.532555169430362,-0.13569140261985713,-3.3682669777860523,-4.394053503881895,-5.8262900209955735,0.07773800756181615,0.08222146150160015,-0.062372154765101495,0.01984930673649865,S2
2017-11-22,1.0998816782304286,2.545560548411426,-0.06360343424524695,0.01146,1.4456788701809975,-2.609163982656673,0.08663421300122234,-3.3683740257800725,-4.381621491009279,-5.827300361190276,0.012432012872616305,-0.0010103401947025858,0.07660881322631097,0.07559847303160838,S2
2017-11-24,0.9015209090620139,2.337926121594341,-0.2292956763437619,0.011399999999999999,1.4364052125323274,-2.567221797938103,-0.0749006856538712,-3.368588131974603,-4.345009726690488,-5.781414939222816,0.03661176431879021,0.04588542196746026,-0.04194218471856992,0.003943237248890341,S2
2017-11-27,1.0087284157393661,2.4526545309099648,-0.17511158379009384,0.01158,1.4439261151705987,-2.6277661147000586,0.0,-3.3363050724722276,-4.345033488211594,-5.788959603382192,-2.376152110539209e-05,-0.007544664159376602,0.060544316761955486,0.052999652602578884,S2
2017-11-28,0.6471071254825072,2.0774043763629884,-0.4755194476668514,0.01146,1.4302972508804812,-2.5529238240298397,-0.37835565337165733,-3.3364111046744855,-4.36187388352865,-5.792171134409131,-0.01684039531705661,-0.0032115310269382746,-0.07484229067021886,-0.07805382169715713,S2
2017-11-29,0.563368376049473,1.9862239446026921,-0.5621472458528716,0.011519999999999999,1.4228555685532192,-2.5483711904555637,-0.5185274214914959,-3.336517140246588,-4.418412937787557,-5.841268506340776,-0.056539054258906596,-0.049097371931645206,-0.004552633574276044,-0.05365000550592125,S2
2017-11-30,0.13369288396790951,1.5355169025927367,-0.8966010835048459,0.011279999999999998,1.4018240186248272,-2.4321179860975826,-1.0021807191991559,-3.336614951908754,-4.472488555075819,-5.874312573700647,-0.05407561728826238,-0.033044067359870866,-0.11625320435798114,-0.149297271717852,S2
2017-12-01,0.45190054093673593,1.8727505144534917,-0.5981079407814804,0.01122,1.4208499735167557,-2.470858455234972,-0.6966560786913802,-3.336720993959392,-4.485277613587508,-5.9061275871042636,-0.012789058511688545,-0.03181501340361681,0.0387404691373896,0.0069254557337727896,S2
2017-12-04,0.4865105248600061,1.9092831988154608,-0.5673853146617396,0.01122,1.4227726739554547,-2.4766685134772004,0.0,-4.009821632569429,-4.4963321574294355,-5.919104831384891,-0.011054543841927611,-0.012977244280627076,0.005810058242228244,-0.007167186038398832,S2
2017-12-05,0.6076254188033885,2.035781112877225,-0.41807751927154646,0.011040000000000001,1.4281556940738365,-2.4538586321487714,0.1522974760680666,-4.009949070021679,-4.465277012757001,-5.893432706830837,0.03105514467243431,0.025672124554053433,-0.022809881328428983,0.00286224322562445,S2
2017-12-06,0.719374408432141,2.156293311662943,-0.34566867354212594,0.011160000000000002,1.4369189032308018,-2.5019619852050687,0.30150982284980854,-4.01007651152406,-4.427941097106393,-5.8648600003371945,0.03733591565060834,0.02857270649364274,0.048103353056297316,0.07667605954994006,S2
2017-12-07,0.36289920314030616,1.7819887787486743,-0.6947206086567783,0.011279999999999998,1.4190895756083681,-2.4767093874054527,0.02142707644821912,-4.010203957076701,-4.351676083768789,-5.770765659377156,0.07626501333760416,0.0940943409600381,-0.025252597799616083,0.06884174316042202,S2
2017-12-08,0.08701928134773401,1.4962319633844643,-0.9330566617307532,0.01122,1.4092126820367303,-2.4292886251152175,-0.17856054439329666,-4.010331406679731,-4.2759112324207615,-5.685123914457492,0.07576485134802713,0.08564174491966448,-0.047420762290235174,0.0382209826294293,S2
2017-12-11,-0.09985837596182184,1.3028626789720024,-1.07813880621545,0.0111,1.4027210549338243,-2.3810014851874524,0.0,-4.333145827019119,-4.233287451057297,-5.636008505991121,0.04262378136346445,0.049115408466370525,-0.04828713992776512,0.0008282685386054034,S2
2017-12-12,-0.11660576929910038,1.2846769297248566,-1.0799463227739523,0.011040000000000001,1.401282699023957,-2.364623252498809,-0.09293328185800767,-4.33328472734443,-4.309612239903337,-5.710894938927294,-0.07632478884603966,-0.07488643293617248,-0.016378232688643468,-0.09126466562481594,S2
2017-12-13,0.08734145402228094,1.5019507312405436,-0.8838455035210107,0.01098,1.4146092772182626,-2.3857962347615542,0.11661864617560752,-4.3334236321222335,-4.304146439968907,-5.71875571718717,0.00546579993442986,-0.007860778259876078,0.021172982262745332,0.013312204002869255,S2
2017-12-14,0.2838111652693822,1.7064114696563026,-0.6918421120591864,0.010920000000000001,1.4226003043869204,-2.398253581715489,0.27406438750910805,-4.333591036104161,-4.3433378138644345,-5.765938118251355,-0.039191373895527626,-0.04718240106418481,0.012457346953934856,-0.03472505411024995,S2
2017-12-15,-0.06870604852030732,1.3442966016420126,-0.9900199717107174,0.0108,1.4130026501623199,-2.33431657335273,0.028780146221139724,-4.333758446553052,-4.236272251811605,-5.649274901973925,0.10706556205282958,0.1166632162774297,-0.06393700836275906,0.05272620791467064,S2
2017-12-18,-0.424093094793536,0.9720939636520626,-1.3263751583101668,0.010860000000000002,1.3961870584455986,-2.2984691219622295,0.0,-4.651382153430807,-4.227289058637271,-5.623476117082869,0.008983193174334048,0.025798784891056137,-0.035847451390500495,-0.010048666499444359,S2
2017-12-19,-0.621098630225847,0.7564699499734708,-1.5011344416409378,0.010860000000000002,1.3775685801993178,-2.2576043916144086,-0.25676652803393624,-4.651563114831893,-4.287231012639982,-5.6647995928393,-0.05994195400271085,-0.041323475756430916,-0.0408647303478209,-0.08218820610425182,S2
2017-12-20,-0.7857264005582304,0.5813486463074513,-1.662194939156434,0.010920000000000001,1.3670750468656818,-2.243543585463885,-0.382069278859692,-4.651744083273258,-4.24808696157472,-5.615162008440402,0.03914405106526164,0.04963758439889787,-0.014060806150523408,0.03557677824837446,S2
2017-12-21,-0.7988953769985699,0.5702593373502485,-1.63860538536966,0.010740000000000001,1.3691547143488183,-2.2088647227199085,-0.38762566110158936,-4.651925058755177,-4.240655342858196,-5.609810057207015,0.007431618716523758,0.005351951233387275,-0.03467886274397669,-0.029326911510589415,S2
2017-12-22,-0.7588820224394183,0.6119125926601926,-1.6021332760864637,0.010740000000000001,1.3707946150996109,-2.2140458687466564,-0.37649435244591073,-4.652106041277922,-4.269718371284415,-5.640512986384025,-0.02906302842621855,-0.030702929177010674,0.005181146026747907,-0.025521783150262767,S2
2017-12-26,-0.6833636144941826,0.6924794924372035,-1.5221971730250954,0.01068,1.3758431069313861,-2.214676665462299,0.0,-4.958612466375763,-4.275248851881581,-5.651091958812967,-0.005530480597165877,-0.010578972428941569,0.0006307967156424787,-0.00994817571329909,S2
2017-12-27,-0.44789530915545334,0.9446685734633496,-1.2847675524395084,0.01056,1.392563882618803,-2.229436125902858,0.22331762971120744,-4.958805380531118,-4.287592441664457,-5.68015632428326,-0.012343589782876307,-0.02906436547029312,0.014759460440559202,-0.014304905029733916,S2
2017-12-28,-0.5707725508521365,0.8168172298175327,-1.397569550222111,0.01056,1.387589780669669,-2.2143867800396437,0.12480536313674864,-4.958998302191771,-4.263420388202887,-5.651010168872555,0.024172053461570364,0.029146155410704644,-0.01504934586321438,0.014096809547490263,S2
2017-12-29,-0.23134131109060518,1.1715961081391963,-1.1001222669205073,0.010620000000000001,1.4029374192298016,-2.2717183750597036,0.40606888673910957,-4.95917900323033,-4.321768805400615,-5.724706224630417,-0.05834841719772843,-0.07369605575786142,0.05733159502005991,-0.01636446073780151,S2
2018-01-02,-0.8737456744808613,0.5007842497976122,-1.7004683079179395,0.01068,1.3745299242784734,-2.2012525577155517,0.0,-5.072134759174522,-4.198389084693661,-5.572919008972134,0.12337972070695447,0.1517872156582829,-0.07046581734415192,0.08132139831413099,S2
2018-01-03,-1.0107347722151163,0.36465316321682667,-1.8165432203888996,0.010620000000000001,1.375387935431943,-2.181196383605726,-0.06588601635210814,-5.072332089899507,-4.127483334036499,-5.502871269468441,0.07090575065716198,0.0700477395036927,-0.02005617410982552,0.04999156539386718,S2
2018-01-04,-1.2141341904895497,0.15247776932094764,-1.9782361809557383,0.0105,1.3666119598104973,-2.130713950276686,-0.26850065233666603,-5.072529428301618,-4.126895890148734,-5.493507849959231,0.0005874438877651045,0.009363419509210047,-0.050482433329040344,-0.0411190138198303,S2
2018-01-05,-1.4352778108211455,-0.07534410481760956,-2.1940115728379963,0.01056,1.359933706003536,-2.1186674680203867,-0.4984383907136597,-5.072726774381152,-4.135887354273667,-5.495821060277203,-0.008991464124933124,-0.0023132103179719365,-0.012046482256299118,-0.014359692574271055,S2
2018-01-08,-1.5537148833142267,-0.19976394182308807,-2.2785461196067325,0.01044,1.3539509414911386,-2.0787821777836446,0.0,-5.714748018947146,-4.16103313563292,-5.514984077124058,-0.02514578135925305,-0.019163016846855285,-0.039885290236742144,-0.05904830708359743,S2
2018-01-09,-1.817369743911476,-0.4818609380308119,-2.5172928662124714,0.01044,1.3355088058806641,-2.0354319281816595,-0.31938340708125285,-5.714970350455126,-4.216984013624903,-5.5524928195055665,-0.05595087799198328,-0.03750874238150814,-0.04335024960198508,-0.08085899198349322,S2
2018-01-10,-1.8218689885638568,-0.4864956112629536,-2.510025648322547,0.01038,1.335373377300903,-2.0235300370595932,-0.2931762603005955,-5.715192690612884,-4.186499962349623,-5.521873339650526,0.03048405127528042,0.030619479855040765,-0.0119018911220663,0.018717588732974466,S2
2018-01-11,-1.9396088019634972,-0.6039250071020265,-2.5735952878050106,0.01014,1.3356837948614708,-1.9696702807029842,-0.41762361875818366,-5.715415039420756,-4.193429856215443,-5.529113651076913,-0.0069298938658199916,-0.007240311426387258,-0.053859756356609,-0.06110006778299626,S2
2018-01-12,-2.1113741418885414,-0.7804442981397461,-2.721059615347924,0.01008,1.3309298437487953,-1.940615317208178,-0.6329121355923921,-5.715637396879078,-4.237175390582928,-5.568105234331724,-0.04374553436748574,-0.03899158325481089,-0.029054963494806296,-0.06804654674961719,S2
2018-01-16,-1.8767910444194782,-0.5360212542601754,-2.4820616827788617,0.009959999999999998,1.3407697901593028,-1.9460404285186863,0.0,-6.219060172750927,-4.3422691283314485,-5.683038918490752,-0.10509373774852016,-0.11493368415902783,0.005425111310508379,-0.10950857284851945,S2
2018-01-17,-2.216398828818286,-0.8885497160451163,-2.7958609980750024,0.009959999999999998,1.3278491127731695,-1.907311282029886,-0.3620994563639084,-6.219302124455856,-4.3650027520014785,-5.6928518647746476,-0.022733623670029957,-0.00981294628389584,-0.038729146488800215,-0.048542092772696055,S2
2018-01-18,-2.401928363975813,-1.0892013749040357,-2.9421625458105423,0.009839999999999998,1.3127269890717772,-1.8529611709065066,-0.5642943852868307,-6.219544085573884,-4.381910106884902,-5.694637095956679,-0.016907354883423764,-0.0017852311820316658,-0.05435011112337951,-0.05613534230541117,S2
2018-01-19,-2.660091586770303,-1.3573751103693672,-3.1813216566943554,0.009839999999999998,1.3027164764009358,-1.8239465463249882,-0.7624797664268714,-6.219786056105377,-4.3221742357619455,-5.624890712162881,0.05973587112295675,0.06974638379379794,-0.029014624581518378,0.04073175921227956,S2
2018-01-22,-2.9610618244503284,-1.6677537109558052,-3.461031610099646,0.009839999999999998,1.2933081134945232,-1.793277899143841,0.0,-7.269632554128482,-4.308570729678154,-5.601878843172678,0.013603506083791572,0.023011868990203688,-0.030668647181147257,-0.0076567781909435695,S2
2018-01-23,-2.875538021161482,-1.5730457424034285,-3.383965764053384,0.009839999999999998,1.3024922787580535,-1.8109200216499555,0.09371849610805202,-7.269915378211515,-4.30065886094198,-5.603151139700033,0.007911868736173666,-0.0012722965273557207,0.01764212250611452,0.0163698259787588,S2
2018-01-24,-2.9357608800411685,-1.6386226534344335,-3.449861608586046,0.009899999999999999,1.297138226606735,-1.8112389551516124,0.010313370236713311,-7.27019821329778,-4.324123963019899,-5.621262189626633,-0.02346510207791841,-0.018111049926599954,0.00031893350165690393,-0.01779211642494305,S2
2018-01-25,-2.8529406372649446,-1.5488865288636051,-3.33044834841281,0.00966,1.3040541084013395,-1.7815618195492047,0.08994952191372199,-7.2704810593877065,-4.3275909002090405,-5.63164500861038,-0.0034669371891418166,-0.010382818983746489,-0.0296771356024077,-0.04005995458615419,S2
2018-01-26,-3.260072722999303,-1.969316548075833,-3.697974259361677,0.0096,1.2907561749234702,-1.728657711285844,-0.3089462605788951,-7.270763916481723,-4.319637454061315,-5.610393628984785,0.00795344614772553,0.021251379625594424,-0.05290410826336078,-0.03165272863776636,S2
2018-01-29,-3.1406856063191206,-1.8549835029434607,-3.573965606944936,0.00954,1.28570210337566,-1.7189821040014752,0.0,-7.623062324801295,-4.482376718482175,-5.768078821857834,-0.16273926442085962,-0.15768519287304894,-0.00967560728436867,-0.1673608001574176,S2
2018-01-30,-3.007622444383882,-1.7267349153762463,-3.4478956470991324,0.00954,1.2808875290076358,-1.721160731722886,0.07689135954408038,-7.623358899022325,-4.538845095094362,-5.819732624101998,-0.0564683766121874,-0.051653802244163494,0.002178627721410864,-0.04947517452275263,S2
2018-01-31,-3.03411244802718,-1.7513218810103839,-3.441248850736698,0.00936,1.2827905670167963,-1.689926969726314,0.11219706087847395,-7.623638775417961,-4.477329266512307,-5.760119833529103,0.0615158285820554,0.0596127905728947,-0.03123376199657213,0.028379028576322574,S2
2018-02-01,-3.308855387690697,-2.045448068789658,-3.6950720708672686,0.00936,1.2634073189010393,-1.6496240020776107,-0.15600356981617744,-7.623935372065724,-4.471083554191205,-5.734490873092244,0.006245712321101493,0.02562896043685914,-0.040302967648703225,-0.014674007211844087,S2
2018-02-02,-2.959790275645844,-1.7029374195896163,-3.3864329632668246,0.009479999999999999,1.2568528560562275,-1.6834955436772083,-0.007582557998009221,-7.624231980252541,-4.672024262604706,-5.9288771186609335,-0.2009407084135013,-0.19438624556868955,0.0338715415995976,-0.16051470396909195,S2
2018-02-05,-0.6680230242834885,0.6593095646167952,-1.303664623673736,0.009779999999999999,1.3273325889002838,-1.9629741882905312,0.0,-6.496706972181052,-5.828683947897563,-7.156016536797847,-1.1566596852928566,-1.2271394181369137,0.27947864461332284,-0.9476607735235909,S2
2018-02-06,-1.5707921705595385,-0.2691108757152755,-2.124050406444338,0.00966,1.301681294844263,-1.8549395307290628,-0.4936572336919227,-6.496959725697609,-5.4198247888299935,-6.721506083674256,0.4088591590675694,0.4345104531235915,-0.10803465756146835,0.32647579556212314,S2
2018-02-07,-1.834197133512201,-0.549396165754704,-2.3793520069328453,0.00972,1.284800967757497,-1.8299558411781414,-0.6394711095272139,-6.4972124890475085,-5.302486465062521,-6.587287432820018,0.11733832376747255,0.1342186508542378,-0.02498368955092145,0.10923496130331634,S2
2018-02-08,-0.710357246721951,0.601657726988934,-1.3423984095227017,0.009779999999999999,1.312014973710885,-1.9440561365116358,0.15580978183573985,-6.497465262231132,-5.631298233673441,-6.9433132073843264,-0.32881176861091976,-0.3560257745643085,0.11410029533349442,-0.2419254792308141,S2
2018-02-09,-1.2331310585887385,0.06797355227098667,-1.8783432545125964,0.01002,1.301104610859725,-1.946316806783583,-0.06659994783393758,-6.497718045248862,-5.3311869344940614,-6.6322915453537865,0.3001112991793793,0.31102166203053994,0.002260670271947207,0.31328233230248714,S2
2018-02-12,-1.8877419471425572,-0.6085383083020903,-2.4525746566857873,0.009839999999999998,1.2792036388404668,-1.844036348383697,0.0,-7.030072688046016,-5.142330740903459,-6.421534379743926,0.18885619359060257,0.21075716560986013,-0.10228045839988598,0.10847670720997415,S2
2018-02-13,-1.8374875155368207,-0.5507249961324221,-2.4647025257074935,0.01014,1.2867625194043986,-1.9139775295750714,0.08907781450038732,-7.0303461920844725,-5.103780862047264,-6.390543381451662,0.03854987885619465,0.030990998292264038,0.06994118119137438,0.10093217948363842,S2
2018-02-14,-2.7829614201995057,-1.5352657494532553,-3.305945513512395,0.009959999999999998,1.2476956707462503,-1.7706797640591398,-0.6135364266306301,-7.030619706763567,-4.861194713194692,-6.108890383940942,0.24258614885257224,0.2816529975107205,-0.14329776551593154,0.13835523199478894,S2
2018-02-15,-2.999250921964536,-1.7533110403638106,-3.476406957964077,0.009779999999999999,1.2459398816007252,-1.7230959176002663,-0.8407896352625459,-7.030893232083714,-4.872431945381724,-6.1183718269824485,-0.011237232187031765,-0.009481443041506665,-0.04758384645887359,-0.057065289500380256,S2
2018-02-16,-2.849161892129877,-1.5927955500094875,-3.3709728539001897,0.009959999999999998,1.2563663421203897,-1.7781773038907023,-0.7018548252021161,-7.031166768045327,-4.883859701117566,-6.140226043237956,-0.011427755735842204,-0.021854216255507097,0.05508138629043602,0.03322717003492892,S2
2018-02-20,-2.7467183274218288,-1.4895306485661466,-3.2867833572598455,0.01002,1.2571876788556822,-1.797252708693699,0.0,-7.653357864330119,-4.9066395369082905,-6.163827215763972,-0.022779835790724512,-0.02360117252601679,0.01907540480299663,-0.004525767723020158,S2
2018-02-21,-2.960200460466365,-1.721319492431004,-3.481256785775911,0.01002,1.238880968035361,-1.7599372933449071,-0.17926892273637812,-7.653655617195065,-4.872724079465079,-6.11160504750044,0.03391545744321167,0.05222216826353243,-0.03731541534879179,0.01490675291474064,S2
2018-02-22,-2.9607010636363986,-1.7178419015988613,-3.4940389727298955,0.01008,1.2428591620375373,-1.7761970711310342,-0.10276071638693636,-7.6539533816440475,-4.796013034394585,-6.038872196432123,0.07671104507049353,0.0727328510683174,0.016259777786127083,0.08899262885444448,S2
2018-02-23,-3.221094765859254,-1.9745591504886293,-3.7394491330495665,0.01008,1.2465356153706248,-1.7648899825609372,-0.24013616901167556,-7.654251157677515,-4.673292560829936,-5.919828176200561,0.12272047356464899,0.11904402023156191,-0.01130708857009699,0.10773693166146492,S2
2018-02-26,-3.411988542377179,-2.1630177842656715,-3.9406068364184037,0.0102,1.2489707581115077,-1.7775890521527322,0.0,-8.047721659923177,-4.635733117545998,-5.884703875657506,0.03755944328393834,0.03512430054305504,0.01269906959179501,0.04782337013485005,S2
2018-02-27,-3.196054276272473,-1.9512793041077963,-3.726614828657882,0.01014,1.2447749721646768,-1.7753355245500857,0.0504206887813555,-8.04803475545889,-4.8015597904050615,-6.046334762569738,-0.1658266728590636,-0.16163088691223226,-0.002253527602646521,-0.16388441451487878,S2
2018-02-28,-2.773461621597158,-1.5133501905307125,-3.3256289931031313,0.01008,1.2601114310664454,-1.8122788025724188,0.4019730040670288,-8.04833242800266,-4.872897802338473,-6.133009233404918,-0.0713380119334115,-0.0866744708351801,0.036943278022333104,-0.04973119281284699,S2
2018-03-01,-2.0901525320120076,-0.8020647980327289,-2.739760472896636,0.010320000000000001,1.2880877339792787,-1.9376956748639071,0.9366738274943865,-8.048645547300222,-5.021819187793827,-6.309906921773106,-0.14892138545535438,-0.17689768836818764,0.12541687229148835,-0.0514808160766993,S2
2018-03-02,-2.5847916051943916,-1.3188396330838026,-3.195095461311661,0.010320000000000001,1.265951972110589,-1.8762558282278585,0.6038724429557808,-8.048958678779648,-4.860294630629476,-6.126246602740065,0.1615245571643511,0.1836603190330406,-0.06143984663604862,0.12222047239699196,S2
2018-03-05,-2.9703246593016965,-1.7160235391917393,-3.5521117217589575,0.010320000000000001,1.2543011201099572,-1.8360881825672182,0.0,-7.747813771102607,-4.777489111800911,-6.031790231910868,0.08280551882856546,0.09445637082919678,-0.04016764566064035,0.05428872516855643,S2
2018-03-06,-3.047141214321721,-1.794083764743408,-3.655676939886452,0.0105,1.253057449578313,-1.861593175143044,-0.05376225524900081,-7.748115198761984,-4.754736239689263,-6.007793689267577,0.02275287211164745,0.02399654264329154,0.025504992575825725,0.049501535219117265,S2
2018-03-07,-3.1280549938699163,-1.8792489434072956,-3.751066294146701,0.010620000000000001,1.2488060504626206,-1.8718173507394054,-0.09275780589204712,-7.748416638148363,-4.713119450170494,-5.961925500633114,0.04161678951876979,0.04586818863446229,0.010224175596361462,0.056092364230823755,S2
2018-03-08,-3.1339414567276425,-1.8779678341874673,-3.7704770846977143,0.01068,1.2559736225401752,-1.892509250510247,-0.038023470555853714,-7.748718089262201,-4.652800103090413,-5.908773725630588,0.06031934708008091,0.05315177500252677,0.020691899770841626,0.0738436747733684,S2
2018-03-09,-3.7553036828218995,-2.51927508637394,-4.33173975015184,0.010620000000000001,1.2360285964479596,-1.8124646637779,-0.5824708462356497,-7.749019552103955,-4.576186715517705,-5.812215311965666,0.0766133875727073,0.0965584136649218,-0.08004458673234693,0.01651382693257486,S2
2018-03-12,-3.5472101861868954,-2.2987802626746925,-4.164252829492426,0.010740000000000001,1.248429923512203,-1.8654725668177337,0.0,-8.16473025778075,-4.617520071593855,-5.865949995106058,-0.04133335607614974,-0.05373468314039176,0.053007903039833604,-0.0007267801005581553,S2
2018-03-13,-3.2623890688954686,-2.0018109558258255,-3.9147251951574766,0.0108,1.2605781130696432,-1.9129142393316512,0.25798624311127294,-8.165047905520325,-4.644672593513583,-5.905250706583226,-0.027152521919727945,-0.039300711477168626,0.04744167251391751,0.008140961036748884,S2
2018-03-14,-2.96643789834068,-1.6930135452210144,-3.644603779085778,0.0108,1.2734243531196656,-1.9515902338647637,0.5022183159904953,-8.165365565617943,-4.696709351286768,-5.970133704406433,-0.05203675777318484,-0.06488299782320706,0.038675994533112545,-0.02620700329009451,S2
2018-03-15,-3.035350657189352,-1.7657234404581557,-3.7183103112959555,0.010860000000000002,1.2696272167311964,-1.9525868708377998,0.4668958072184205,-8.16568547524788,-4.663439010840108,-5.933066227571304,0.03327034044666011,0.03706747683512912,0.0009966369730360913,0.03806411380816521,S2
2018-03-16,-3.256283889128745,-1.99795498253584,-3.8982677303162085,0.010740000000000001,1.258328906592905,-1.9003127477803685,0.29251100881442593,-8.166005397411508,-4.617210499468337,-5.875539406061242,0.046228511371770864,0.05752682151006194,-0.05227412305743129,0.005252698452630655,S2
2018-03-19,-2.8449142339277462,-1.5783797376009954,-3.529351730337127,0.0108,1.2665344963267509,-1.9509719927361315,0.0,-7.622299981188872,-4.7773857472611265,-6.043920243587877,-0.16017524779278958,-0.16838083752663469,0.050659244955763016,-0.11772159257087167,S2
2018-03-20,-3.1071974079172424,-1.854988638150747,-3.7574493194782494,0.010740000000000001,1.2522087697664954,-1.9024606813275025,-0.2239048294763859,-7.622600702517388,-4.739308124076532,-5.991516893843027,0.038077623184594955,0.05240334974484995,-0.048511311408629076,0.003892038336220871,S2
2018-03-21,-3.0978095977828652,-1.8457381086183011,-3.7808165270477603,0.010920000000000001,1.2520714891645641,-1.9350784184294592,-0.18752474107835945,-7.622901435710212,-4.712616579005706,-5.96468806817027,0.026691545070825384,0.026828825672756906,0.0326177371019567,0.05944656277471361,S2
2018-03-22,-2.033147528782177,-0.74521008885997,-2.8265924770277513,0.011040000000000001,1.2879374399222072,-2.081382388167781,0.597327473448992,-7.623252306097632,-4.992777303866463,-6.2807147437886695,-0.2801607248607567,-0.31602667561839937,0.14630396973832194,-0.16972270588007743,S2
2018-03-23,-1.4432102107647353,-0.13941941771174615,-2.319192225923215,0.01122,1.3037907930529893,-2.1797728082114687,1.0469183546267091,-7.623603192635074,-5.13347462724363,-6.437265420296619,-0.14069732337716712,-0.1565506765079494,0.09839042004368759,-0.05816025646426182,S2
2018-03-26,-2.3981422374454984,-1.1223899164596298,-3.1623470570841388,0.011040000000000001,1.2757523209858685,-2.0399571406245087,0.0,-7.23591151471484,-4.8377692772693415,-6.11352159825521,0.29570534997428854,0.3237438220414086,-0.13981566758695996,0.18392815445444866,S2
2018-03-27,-1.6181735595125144,-0.3102399624870865,-2.473867680752151,0.011160000000000002,1.307933597025428,-2.1636277182650643,0.7093241731343776,-7.236244572553502,-4.90874683990661,-6.216680436932037,-0.0709775626372684,-0.10315883867682718,0.12367057764055556,0.020511738963728376,S2
2018-03-28,-1.4720683016221163,-0.15791399499870962,-2.340949188946194,0.011160000000000002,1.3141543066234067,-2.183035193947484,0.8174612602388458,-7.236577645722301,-4.94704808386134,-6.261202390484746,-0.03830124395472989,-0.04452195355270838,0.01940747568241985,-0.025114477870288532,S2
2018-03-29,-1.7899667665926013,-0.4768641482130333,-2.625669730867056,0.0111,1.313102618379568,-2.1488055826540227,0.6816830659885594,-7.2369107342219445,-4.765260901640784,-6.0783635200203525,0.1817871822205559,0.1828388704643933,-0.03422961129346147,0.14860925917093182,S2
2018-04-02,-1.0816345841396346,0.250463332807076,-1.9868122457482902,0.011160000000000002,1.3320979169467106,-2.237275578555366,0.0,-6.0398651824494936,-4.958230598309859,-6.2903285152565696,-0.19296969666907504,-0.21196499523621704,0.08846999590134352,-0.12349499933487351,S2
2018-04-03,-1.7997979167202767,-0.4972962863195084,-2.619083352627385,0.011040000000000001,1.3025016304007684,-2.1217870663078764,-0.6130523722170655,-6.040144842955511,-4.853399298452301,-6.155900928853069,0.10483129985755824,0.1344275864035005,-0.1154885122474898,0.018939074156010705,S2
2018-04-04,-2.1099159763994773,-0.8138699229391739,-2.9168513906032816,0.0111,1.2960460534603033,-2.1029814676641077,-0.8988890028433358,-6.040424516410494,-4.829397542854352,-6.125443596314655,0.024001755597948815,0.030457332538413873,-0.01880559864376874,0.011651733894645133,S2
2018-04-05,-2.512460857362777,-1.2336835117915554,-3.272879134901859,0.011040000000000001,1.2787773455712217,-2.0391956231103037,-1.2730098512339976,-6.04070420281504,-4.801253196686261,-6.080030542257482,0.028144346168090806,0.045413054057172886,-0.06378584455380398,-0.018372790496631097,S2
2018-04-06,-1.6296261017084723,-0.31880607498802804,-2.464908578646454,0.011040000000000001,1.3108200267204442,-2.146102503658426,-0.4189658516089815,-6.04098390216975,-4.830323652070259,-6.141143678790704,-0.029070455383997995,-0.06111313653322181,0.10690688054812236,0.04579374401490055,S2
2018-04-09,-1.7589666539695057,-0.4524948480865769,-2.5724275135132073,0.01098,1.3064718058829288,-2.1199326654266306,0.0,-6.59777462690581,-4.838807972936305,-6.1452797788192335,-0.008484320866045891,-0.004136100028529377,-0.026169838231795417,-0.030305938260324794,S2
2018-04-10,-2.2847460431855264,-0.9932635523806098,-3.0224789031713644,0.0108,1.2914824908049165,-2.0292153507907544,-0.48246113516524514,-6.598080119981403,-4.795795211961122,-6.0872777027660385,0.04301276097518336,0.05800207605319496,-0.09071731463587618,-0.032715238582681216,S2
2018-04-11,-2.139965949027502,-0.8436018452251974,-2.889677577708689,0.0108,1.2963641038023046,-2.0460757324834917,-0.3054928505334433,-6.598385627202071,-4.763912528708012,-6.060276632510316,0.03188268325310961,0.027001070255722404,0.016860381692737292,0.043861451948459695,S2
2018-04-12,-2.579821392138089,-1.3009234010533426,-3.282013673646882,0.010740000000000001,1.2788979910847464,-1.9810902725935393,-0.6970604718745226,-6.59869114856847,-4.715930228304903,-5.99482821938965,0.0479823004031088,0.06544841312066652,-0.06498545988995241,0.00046295323071410266,S2
2018-04-13,-2.5245297177799793,-1.2424969473102905,-3.2319858241905846,0.010740000000000001,1.2820327704696888,-1.989488876880294,-0.5816929036736405,-6.598996684081254,-4.656159869974916,-5.938192640444604,0.05977035832998734,0.05663557894504567,0.008398604286754763,0.06503418323180044,S2
2018-04-16,-2.7953497599125163,-1.5199869965133486,-3.4608141575226092,0.010620000000000001,1.2753627633991678,-1.9408271610092607,0.0,-7.422232637852531,-4.626882877940014,-5.902245641339182,0.02927699203490164,0.03594699910542154,-0.048661715871033406,-0.012714716765611866,S2
2018-04-17,-3.018850207196694,-1.7441412387919792,-3.658811163892326,0.01056,1.2747089684047148,-1.9146699251003467,-0.16549578721395614,-7.4225763053471825,-4.569221885364445,-5.84393085376916,0.05766099257556956,0.05831478757002273,-0.026157235908913945,0.032157551661108785,S2
2018-04-18,-3.25402474745455,-1.99494163267764,-3.8725249408673337,0.01056,1.2590831147769102,-1.8775833081896938,-0.4266497117100163,-7.422919988754479,-4.595544953009945,-5.854628067786855,-0.02632306764550041,-0.010697214017695522,-0.03708661691065296,-0.04778383092834848,S2
2018-04-19,-3.3788488128482035,-2.134722263801883,-3.9938327252376093,0.010620000000000001,1.2441265490463205,-1.8591104614357263,-0.5567473158567107,-7.4232636880751555,-4.601162191083662,-5.845288740129982,-0.005617238073717168,0.009339327656872953,-0.01847284675396743,-0.009133519097094478,S2
2018-04-20,-3.3686676466651706,-2.13413117833396,-3.9910107904211154,0.01068,1.2345364683312106,-1.8568796120871554,-0.5806460665341054,-7.42360943717527,-4.635587857044205,-5.870124325375415,-0.03442566596054242,-0.024835585245432945,-0.0022308493485709846,-0.02706643459400393,S2
2018-04-23,-3.5020702801180237,-2.2742585992681335,-4.092797465498817,0.01056,1.2278116808498902,-1.8185388662306838,0.0,-8.106237598512546,-4.604167318394523,-5.831978999244413,0.03142053864968197,0.0381453261310023,-0.038340745856471514,-0.0001954197254692147,S2
2018-04-24,-3.269213185405666,-2.0418166263914643,-3.8855628955012973,0.010620000000000001,1.2273965590142017,-1.843746269109833,0.1653470656054204,-8.10661515809722,-4.6720549070861335,-5.899451466100336,-0.06788758869161082,-0.06747246685592323,0.025207402879149132,-0.0422650639767741,S2
2018-04-25,-3.4753693133010986,-2.259092119782613,-4.104679226043677,0.0108,1.2162771935184855,-1.845587106261064,-0.016155060822871825,-8.106992735267271,-4.647778482789044,-5.8640556763075296,0.024276424297089427,0.03539578979280655,0.0018408371512310673,0.03723662694403762,S2
2018-04-26,-3.613112138717955,-2.3922614510542273,-4.235433154530411,0.0108,1.2208506876637277,-1.8431717034761839,-0.07437323963968122,-8.107370330023517,-4.568631430945244,-5.789482118608972,0.07914705184380022,0.07457355769855756,-0.002415402784880172,0.07215815491367739,S2
2018-04-27,-3.4807496951769306,-2.247802844365833,-4.11730566020595,0.0108,1.2329468508110977,-1.8695028158401175,0.09677425742972724,-8.107747942366778,-4.53022398976012,-5.7631708405712185,0.0384074411851234,0.02631127803775346,0.026331112363933595,0.052642390401687056,S2
2018-04-30,-3.2701589733821006,-2.0309260158926707,-3.913589094224733,0.010740000000000001,1.2392329574894299,-1.8826630783320621,0.0,-7.805374455478339,-4.5352154820962385,-5.774448439585669,-0.004991492336118064,-0.011277599014450246,0.013160262491944685,0.0018826634774944395,S2
2018-05-01,-3.43748848777569,-2.2057852445686055,-4.098031737205057,0.010920000000000001,1.2317032432070847,-1.8922464926364513,-0.15109282816028133,-7.8057380019327605,-4.519342342317351,-5.751045585524436,0.015873139778887158,0.023402854061233214,0.009583414304389137,0.03298626836562235,S2
2018-05-02,-3.288261722300608,-2.054166001079501,-3.970573593765278,0.01098,1.2340957212211072,-1.9164075926857773,-0.0029573825422493233,-7.806101565319877,-4.520797225561519,-5.7548929467826255,-0.0014548832441674264,-0.003847361258189963,0.024161100049326034,0.02031373879113607,S2
2018-05-03,-3.103447098174937,-1.8586428760738247,-3.8352113134283945,0.011160000000000002,1.2448042221011124,-1.9765684373545698,0.1878064856415281,-7.806465145640477,-4.515211561824012,-5.760015783925124,0.005585663737506685,-0.005122837142498504,0.06016084466879246,0.05503800752629395,S2
2018-05-04,-3.4736438926639703,-2.2378815411289894,-4.1759055758101375,0.011160000000000002,1.235762351534981,-1.9380240346811481,-0.12229724606503602,-7.806828742895349,-4.455482096296415,-5.691244447831396,0.05972946552759684,0.06877133609372788,-0.03854440267342163,0.030226933420306246,S2
2018-05-07,-3.5637956624306186,-2.3288965002484625,-4.2706049042552845,0.01122,1.2348991621821561,-1.941708404006822,0.0,-8.004638022911358,-4.440842360480739,-5.6757415226628956,0.014639735815675792,0.015502925168500603,0.003684369325673842,0.019187294494174445,S2
2018-05-08,-3.653739823713493,-2.424898989443143,-4.3515800882849245,0.01122,1.2288408342703496,-1.9266810988417813,-0.09244052293245855,-8.005010850350805,-4.4437115495697705,-5.67255238384012,-0.00286918908903111,0.0031891388227753836,-0.015027305165040694,-0.01183816634226531,S2
2018-05-09,-4.032783814421675,-2.816866513744507,-4.6881111893651894,0.011160000000000002,1.2159173006771682,-1.8712446756206824,-0.4216724882150183,-8.005383695155222,-4.394272368948565,-5.610189669625733,0.04943918062120556,0.06236271421438744,-0.055436423221098874,0.006926290993288564,S2
2018-05-10,-4.0580223441813645,-2.832812593024424,-4.696255667272434,0.011040000000000001,1.2252097511569406,-1.8634430742480097,-0.45816849353556743,-8.005756557325418,-4.40590270667962,-5.631112457836561,-0.01163033773105493,-0.020922788210827825,-0.007801601372672717,-0.028724389583500542,S2
2018-05-11,-4.116569700624799,-2.891947482600881,-4.730436570415689,0.010920000000000001,1.2246222180239181,-1.838489087814808,-0.4925036137336247,-8.006129436862201,-4.382063349971027,-5.606685567994945,0.02383935670859305,0.024426889841615562,-0.02495398643320179,-0.0005270965915862291,S2
2018-05-14,-4.284366036549267,-3.0693426709423246,-4.873470888110176,0.010860000000000002,1.2150233656069425,-1.8041282171678512,0.0,-8.663510138958415,-4.379144102409148,-5.59416746801609,0.0029192475618788905,0.012518099978854558,-0.0343608706469567,-0.02184277066810214,S2
2018-05-15,-4.475953416113985,-3.28459326896756,-5.042337820060817,0.010860000000000002,1.1913601471464248,-1.7577445510932574,-0.26932396906572137,-8.663913654306953,-4.45728420725869,-5.648644354405114,-0.07814010484954181,-0.054476886389023704,-0.046383666074593766,-0.10086055246361747,S2
2018-05-16,-4.6434903770427285,-3.4568229864835427,-5.186925489359782,0.0108,1.1866673905591858,-1.730102502876239,-0.38159306891132866,-8.664317188449793,-4.402419880318393,-5.589087270877579,0.054864326940296415,0.05955708352753497,-0.027642048217018544,0.031915035310516426,S2
2018-05-17,-4.734770978666301,-3.5548400210956417,-5.28848707624408,0.010920000000000001,1.1799309575706594,-1.7336470551484386,-0.46243601813565083,-8.664720741387812,-4.392385780857163,-5.572316738427823,0.010034099461230461,0.01677053244975646,0.0035445522721997413,0.0203150847219562,S2
2018-05-18,-4.467451629246388,-3.271063139249279,-5.056557024240788,0.01098,1.196388489997109,-1.7854938849915087,-0.18668440444013504,-8.665124313121884,-4.384357088315631,-5.58074557831274,0.008028692541532045,-0.008428839884917494,0.0518468298430701,0.0434179899581526,S2
2018-05-21,-4.615481832530897,-3.419160705615277,-5.195363222908158,0.01098,1.1963211269156195,-1.776202517292881,0.0,-8.973352310511128,-4.3578704779802315,-5.554191604895851,0.02648661033539934,0.026553973416889143,-0.009291367698627706,0.017262605718261437,S2
2018-05-22,-4.567019748156655,-3.3704720299790796,-5.150521688828608,0.01098,1.1965477181775754,-1.7800496588495283,0.0476785644271026,-8.973770257200986,-4.359071944617229,-5.555619662794804,-0.0012014666369974947,-0.0014280578989529502,0.0038471415566472267,0.0024190836576942765,S2
2018-05-23,-4.438158674569824,-3.226790973789094,-5.047203472332648,0.011040000000000001,1.2113677007807295,-1.8204124985435541,0.23544786655572947,-8.974188223357306,-4.300581682231753,-5.511949383012483,0.058490262385475944,0.04367027978232141,0.040362839694025876,0.08403311947634728,S2
2018-05-24,-4.269406539114645,-3.047915496312308,-4.894857677708838,0.011040000000000001,1.2214910428023376,-1.8469421813965305,0.4081262259641497,-8.974606208980997,-4.297073443902202,-5.518564486704539,0.003508238329550828,-0.006615103692056756,0.02652968285297641,0.019914579160919654,S2
2018-05-25,-3.980272294820474,-2.741772587523388,-4.6440812727984655,0.0111,1.2384997072970862,-1.9023086852750777,0.6816124058640232,-8.975024214072965,-4.313139513388468,-5.551639220685555,-0.016066069486265988,-0.03307473398101557,0.055366503878547135,0.022291769897531566,S2
2018-05-29,-2.9162614462425114,-1.6215994199851067,-3.802989400524986,0.01176,1.2946620262574047,-2.181389980539879,0.0,-7.34865584503969,-4.432394398797179,-5.727056425054583,-0.11925488540871054,-0.17541720436902786,0.2790812952648012,0.10366409089577333,S2
2018-05-30,-3.53472210525854,-2.2643186826921147,-4.310154488245589,0.01146,1.2704034225664254,-2.045835805553474,-0.5600728524136697,-7.34899811917304,-4.3743488663281695,-5.644752288894595,0.05804553246900923,0.08230413615998788,-0.13555417498640487,-0.05325003882641699,S2
2018-05-31,-3.3585501682502388,-2.0842629369955232,-4.12683458069301,0.01134,1.2742872312547155,-2.0425716436974866,-0.39323266692865644,-7.349340409248297,-4.384022907926715,-5.658310139181431,-0.009674041598545458,-0.013557850286836093,-0.0032641618559874352,-0.016822012142823528,S2
2018-06-01,-3.89168732159839,-2.638114730717687,-4.622994808099724,0.011399999999999999,1.2535725908807027,-1.9848800773820372,-0.8720913247454762,-7.349682715266203,-4.330086718413289,-5.583659309293992,0.0539361895134256,0.07465082988743887,-0.05769156631544936,0.016959263571989514,S2
2018-06-04,-4.242347898202692,-3.005274238628039,-4.920869990027308,0.011279999999999998,1.2370736595746532,-1.9155957513992687,0.0,-8.544192017398768,-4.301844119196075,-5.538917778770728,0.02824259921721417,0.044741530523263684,-0.06928432598276846,-0.024542795459504774,S2
2018-06-05,-4.181676331104026,-2.938193692453403,-4.888298499362782,0.011399999999999999,1.2434826386506233,-1.950104806909379,0.08349238560390576,-8.544589975335512,-4.27942125862758,-5.522903897278203,0.022422860568495295,0.01601388149252525,0.03450905551011019,0.05052293700263544,S2
2018-06-06,-4.562217751169783,-3.334006090971316,-5.244453578278829,0.01146,1.228211660198467,-1.9104474873075135,-0.27255008771346345,-8.544987951807716,-4.255320288351397,-5.483531948549864,0.024100970276182743,0.03937194872833949,-0.03965731960186547,-0.0002853708735259808,S2
2018-06-07,-4.354551091264206,-3.1126798037835686,-5.0387685968317015,0.01134,1.2418712874806372,-1.926088793048133,-0.07402257855865171,-8.545385946816241,-4.264857434110686,-5.506728721591323,-0.00953714575928899,-0.02319677304145973,0.015641305740619504,-0.007555467300840224,S2
2018-06-08,-4.39617961054627,-3.153229264149833,-5.088662184301574,0.011399999999999999,1.2429503463964364,-1.935432920151741,-0.11818308052063908,-8.545783960361952,-4.2677874303363215,-5.510737776732758,-0.0029299962256352785,-0.004009055141434459,0.009344127103608102,0.005335071962173643,S2
2018-06-11,-4.551897177606363,-3.317638494441013,-5.219847415616102,0.01134,1.2342586831653497,-1.902208921175089,0.0,-8.824402897481159,-4.272505719874796,-5.506764403040146,-0.004718289538474529,0.003973373692612192,-0.03322399897665207,-0.029250625284039877,S2
2018-06-12,-4.574136459719738,-3.338954201297577,-5.231290567974113,0.011279999999999998,1.235182258422161,-1.8923363666765356,-0.020821943463383546,-8.824813906639536,-4.271499390383181,-5.506681648805342,0.0010063294916147214,8.275423480341715e-05,-0.009872554498553399,-0.009789800263749981,S2
2018-06-13,-4.581144148723965,-3.3521410470640127,-5.225064630299818,0.01122,1.229003101659952,-1.8729235832358055,-0.06810890991746964,-8.825224934941252,-4.312189696134757,-5.541192797794709,-0.04069030575157573,-0.0345111489893668,-0.019412783440730053,-0.053923932430096855,S2
2018-06-14,-4.471387579934199,-3.229199714618269,-5.139550968897328,0.011279999999999998,1.2421878653159304,-1.9103512542790595,0.08911778201560959,-8.825684342168909,-4.2651789802191,-5.507366845535031,0.04701071591565675,0.03382595225967844,0.03742767104325395,0.07125362330293239,S2
2018-06-15,-4.4238681938518125,-3.1786323508843424,-5.086802504088527,0.01122,1.2452358429674701,-1.9081701532041846,0.14750246010969226,-8.826143773311538,-4.254773119350033,-5.500008962317503,0.01040586086906714,0.0073578832175273945,-0.0021811010748749027,0.005176782142652492,S2
2018-06-18,-4.34816779940484,-3.0990964625031476,-5.049890447735814,0.011399999999999999,1.2490713369016926,-1.9507939852326666,0.0,-8.609496738130503,-4.261328938725662,-5.5104002756273545,-0.006555819375629213,-0.010391313309851213,0.04262383202848197,0.032232518718630754,S2
2018-06-19,-4.12758241822218,-2.868899259109081,-4.860669480708822,0.01146,1.2586831591130987,-1.9917702215997406,0.18854649904666476,-8.609947274268258,-4.293818356999414,-5.552501516112512,-0.032489418273751625,-0.04210124048515773,0.04097623636707404,-0.0011250041180836945,S2
2018-06-20,-4.361096989655574,-3.115436070693388,-5.0812910266633,0.011519999999999999,1.2456609189621863,-1.9658549559699123,-0.020841382561080663,-8.61040019299606,-4.2701445859015665,-5.515805504863753,0.023673771097847407,0.03669601124875932,-0.025915265629828266,0.010780745618931054,S2
2018-06-21,-4.069233855406583,-2.8133392235278425,-4.847413010079216,0.011699999999999999,1.25589463187874,-2.0340737865513736,0.19512049767238518,-8.610853135549256,-4.346498782470289,-5.602393414349029,-0.07635419656872244,-0.08658790948527617,0.06821883058146128,-0.018369078903814895,S2
2018-06-22,-4.135444210293388,-2.879783970128772,-4.929641917524445,0.011819999999999999,1.2556602401646155,-2.049857947395673,0.1731153996981921,-8.611306101929097,-4.302746491937517,-5.558406732102133,0.04375229053277163,0.043986682246895725,0.015784160844299233,0.05977084309119496,S2
2018-06-25,-3.6787533015590657,-2.4121890903477947,-4.534405024562058,0.01194,1.266564211211271,-2.122215934214263,0.0,-8.138903687365227,-4.460150385806161,-5.726714597017432,-0.1574038938686435,-0.16830786491529892,0.07235798681859018,-0.09594987809670874,S2
2018-06-26,-3.8250053681074156,-2.562827269043296,-4.667567879228265,0.01194,1.2621780990641196,-2.1047406101849693,-0.07925048639951005,-8.139331827258117,-4.393576945550212,-5.655755044614331,0.06657344025594902,0.07095955240310126,-0.01747532402929375,0.05348422837380751,S2
2018-06-27,-3.3872563928959587,-2.1077039069994425,-4.261019624100244,0.01188,1.2795524858965162,-2.153315717100801,0.2821506342668709,-8.139757759602004,-4.470350732439174,-5.749903218335691,-0.07677378688896219,-0.09414817372135964,0.04857510691583178,-0.04557306680552786,S2
2018-06-28,-3.5686688351741083,-2.292235753989126,-4.4495912597033955,0.012,1.2764330811849822,-2.1573555057142695,0.14730846536858244,-8.14018371423499,-4.424206413692299,-5.700639494877281,0.04614431874687508,0.04926372345840946,0.004039788613468431,0.05330351207187789,S2
2018-06-29,-3.6689391213114244,-2.396486564363108,-4.5296204622931615,0.01194,1.2724525569483163,-2.1331338979300534,0.08784179512982858,-8.14060969115824,-4.383828774716987,-5.656281331665303,0.0403776389753121,0.04435816321197805,-0.024221607784216115,0.020136555427761937,S2
2018-07-02,-3.8414975511547658,-2.5750503944737635,-4.665774328790275,0.011819999999999999,1.2664471566810023,-2.0907239343165114,0.0,-8.195603146643391,-4.354105595488625,-5.620552752169628,0.02972317922836165,0.035728579495675206,-0.04240996361354199,-0.006681384117866784,S2
2018-07-03,-3.5686699511539093,-2.289322210823377,-4.441623094270056,0.01194,1.2793477403305324,-2.152300883446679,0.2567304007660421,-8.196032023673093,-4.3706316717531415,-5.649979412083674,-0.0165260762645163,-0.029426659914046027,0.061576949130167424,0.0321502892161214,S2
2018-07-05,-3.78642784401828,-2.509053009047677,-4.6003354046936344,0.011699999999999999,1.277374834970603,-2.0912823956459574,0.09539214140818837,-8.196889845063248,-4.31506985963678,-5.592444694607383,0.055561812116361686,0.05753471747629124,-0.06101848780072139,-0.0034837703244301466,S2
2018-07-06,-3.8686754736661415,-2.583216305512976,-4.692288436421817,0.01176,1.2854591681531655,-2.1090721309088414,0.07879689837094156,-8.197318789426053,-4.24984641738897,-5.535305585542136,0.06522344224780952,0.057139109065246885,0.017789735262883966,0.07492884432813085,S2
2018-07-09,-4.191183882337076,-2.915310131823289,-4.955655783295056,0.01158,1.275873750513787,-2.0403456514717666,0.0,-8.431005325846677,-4.239821443509601,-5.515695194023388,0.010024973879369625,0.019610391518748216,-0.06872647943707477,-0.049116087918326556,S2
2018-07-10,-4.272801039216079,-2.9981096740574387,-5.010289936693214,0.01146,1.27469136515864,-2.012180262635775,-0.08209231278229223,-8.4314465215045,-4.240737795070713,-5.515429160229353,-0.0009163515611119166,0.00026603379403500327,-0.0281653888359914,-0.027899355041956397,S2
2018-07-11,-4.071606818349446,-2.7924315183508637,-4.825752010256247,0.01146,1.2791752999985824,-2.0333204919053833,0.08164610459573907,-8.431887740250152,-4.278634817304967,-5.55781011730355,-0.03789702223425451,-0.04238095707419731,0.021140229269608124,-0.021240727804589188,S2
2018-07-12,-4.198108440157059,-2.914967496522463,-4.935282154145577,0.011399999999999999,1.2831409436345957,-2.020314657623114,-0.005203520639299804,-8.432328982084842,-4.239424062567084,-5.522565006201679,0.03921075473788349,0.03524511110187056,-0.013005834282269202,0.02223927681960136,S2
2018-07-13,-4.141178743490087,-2.851029299032863,-4.8861008555504855,0.011399999999999999,1.2901494444572243,-2.0350715565176225,0.07854477270975098,-8.432770247009776,-4.213046730809937,-5.503196175267162,0.026377331757146294,0.01936883093451769,0.014756898894508375,0.034125729829026064,S2
2018-07-16,-4.207567612006487,-2.923275795061093,-4.956577359943257,0.01146,1.2842918169453945,-2.033301564882164,0.0,-8.441470754907831,-4.233903142901344,-5.518194959846738,-0.02085641209140654,-0.014998784579576707,-0.0017699916354585454,-0.016768776215035253,S2
2018-07-17,-4.323351371995226,-3.040404163784039,-5.053112355492756,0.011399999999999999,1.2829472082111875,-2.012708191708717,-0.08163146463041906,-8.441912498222983,-4.200192590858176,-5.483139799069363,0.03371055204316775,0.03505516077737525,-0.020593373173447116,0.014461787603928133,S2
2018-07-18,-4.440284874032102,-3.1626910994902717,-5.149097112874926,0.01134,1.2775937745418302,-1.986406013384654,-0.19543813840103735,-8.442354264654623,-4.197507529023559,-5.475101303565389,0.0026850618346170307,0.008038495503973841,-0.026302178324062897,-0.018263682820089056,S2
2018-07-19,-4.188294056392781,-2.8983917056512234,-4.931942480617904,0.011399999999999999,1.2899023507415577,-2.0335507749666806,0.027046981495843808,-8.442796054203962,-4.2274550163153375,-5.517357367056896,-0.02994748729177843,-0.042256063491506346,0.04714476158202663,0.004888698090520283,S2
2018-07-20,-4.425131131490638,-3.152802829544372,-5.153887706571341,0.01146,1.2723283019462661,-2.001084877026969,-0.2000748020498957,-8.443237866872208,-4.218181537431465,-5.490509839377731,0.009273478883872421,0.02684752767916443,-0.03246589793971166,-0.005618370260547234,S2
2018-07-23,-4.785579944891566,-3.5350965793427176,-5.478517510452768,0.01146,1.2504833655488485,-1.9434209311100505,0.0,-8.988808167736407,-4.2032282228448405,-5.4537115883936895,0.014953314586624522,0.03679825098404166,-0.05766394591691837,-0.02086569493287671,S2
2018-07-24,-4.782563951489637,-3.525300635385299,-5.449115189086556,0.011279999999999998,1.2572633161043378,-1.923814553701257,0.010536039332207148,-8.989278553292973,-4.196178562471129,-5.453441878575466,0.007049660373711575,0.00026970981822316276,-0.019606377408793563,-0.0193366675905704,S2
2018-07-25,-4.799765535090553,-3.5322639459506764,-5.460906157832519,0.01122,1.2675015891398766,-1.9286422118818427,-0.011490363776320914,-8.98974896346488,-4.201473792150648,-5.468975381290525,-0.005295229679519231,-0.01553350271505849,0.0048276581805857255,-0.010705844534472764,S2
2018-07-26,-4.970121401301871,-3.71793324356158,-5.591692151912589,0.0111,1.2521881577402905,-1.8737589083510091,-0.1747205013902389,-8.990219398253416,-4.1948184983417836,-5.447006656082074,0.0066552938088646485,0.021968725208450834,-0.054883303530833594,-0.03291457832238276,S2
2018-07-27,-4.806449493392816,-3.5512672484208565,-5.430672715220519,0.011040000000000001,1.2551822449719596,-1.8794054667996622,-0.03291857334717027,-8.990689857659868,-4.217158937614223,-5.472341182586183,-0.02234043927243956,-0.025334526504108723,0.005646558448653138,-0.019687968055455585,S2
2018-07-30,-4.822768624412824,-3.5763554326438687,-5.442830092515656,0.011040000000000001,1.246413191768955,-1.8664746598717876,0.0,-9.075776299343689,-4.253007674930865,-5.49942086669982,-0.035848737316642065,-0.02707968411363737,-0.012930806927874627,-0.040010491041512,S2
2018-07-31,-4.819800380509248,-3.5640082083597315,-5.434140168720651,0.01098,1.2557921721495164,-1.8701319603609194,0.05882634598397213,-9.076251235954436,-4.197624509461216,-5.453416681610732,0.0553831654696495,0.04600418508908799,0.0036573004891318206,0.04966148557821981,S2
2018-08-01,-4.992486197649628,-3.7505681202152688,-5.589276374381425,0.01098,1.241918077434359,-1.8387082541661566,-0.12103126815036838,-9.07672619741868,-4.20527126791942,-5.447189345353779,-0.0076467584582040615,0.006227336256952931,-0.03142370619476287,-0.025196369937809937,S2
2018-08-02,-4.976990066771334,-3.7254479778416263,-5.58946064519629,0.011040000000000001,1.2515420889297078,-1.8640126673546638,-0.06260664964909382,-9.077201183737722,-4.162817766615483,-5.41435985554519,0.0424535013039371,0.032829489808588797,0.02530441318850718,0.058133902997095976,S2
2018-08-03,-4.888970105421606,-3.623697767429544,-5.514091953290197,0.011040000000000001,1.2652723379920623,-1.8903941858606528,0.04495835881497291,-9.077676194912863,-4.143747730676283,-5.409020068668346,0.019070035939199315,0.0053397868768447765,0.02638151850598902,0.0317213053828338,S2
2018-08-06,-4.888266949527859,-3.6159957381503376,-5.49694335541734,0.010920000000000001,1.2722712113775212,-1.8809476172670023,0.0,-9.013531449479506,-4.125264499951648,-5.397535711329169,0.018483230724635646,0.011484357339176299,-0.00944656859365045,0.002037788745525848,S2
2018-08-07,-5.1024334866465395,-3.8412703033589484,-5.691980266991725,0.010920000000000001,1.2611631832875911,-1.8507099636327764,-0.19653818314759192,-9.014003128808776,-4.108107825309828,-5.369271008597419,0.01715667464181969,0.02826470273175019,-0.030237653634225925,-0.001972950902475734,S2
2018-08-08,-5.006624458015785,-3.738055805518472,-5.626640385699446,0.011040000000000001,1.2685686524973128,-1.8885845801809737,-0.10364924599145448,-9.014474832821088,-4.111499620796757,-5.38006827329407,-0.003391795486929361,-0.010797264696650544,0.03787461654819735,0.027077351851546805,S2
2018-08-09,-4.847553916491351,-3.569373521083797,-5.493797187279051,0.0111,1.2781803954075537,-1.9244236661952536,0.04046802483997506,-9.014946561517737,-4.126924620186412,-5.405105015593966,-0.015424999389654914,-0.025036742299896275,0.035839086014279875,0.0108023437143836,S2
2018-08-10,-4.463433714814581,-3.1692341681137925,-5.165635656721185,0.01122,1.2941995467007885,-1.9964014886073924,0.3492103450555964,-9.015418314900012,-4.202774255029835,-5.496973801730624,-0.075849634843423,-0.09186878613665783,0.07197782241213879,-0.01989096372451904,S2
2018-08-13,-4.437959112432449,-3.1483780492461646,-5.183544545550273,0.01146,1.2895810631862847,-2.0351664963041083,0.0,-8.696627632280782,-4.2586685198483325,-5.548249583034617,-0.05589426481849724,-0.05127578130399346,0.03876500769671587,-0.012510773607277592,S2
2018-08-14,-4.569175218361698,-3.2780225541368355,-5.29602330242457,0.011399999999999999,1.2911526642248625,-2.0180007482877342,-0.07931950451095102,-8.697082727990104,-4.207227014139356,-5.498379678364218,0.05144150570897654,0.0498699046703992,-0.01716574801637405,0.03270415665402515,S2
2018-08-15,-4.346075741522781,-3.049879568849766,-5.091161016197029,0.011399999999999999,1.2961961726730147,-2.041281447347263,0.09926291162314234,-8.697537847514647,-4.252199194368724,-5.5483953670417385,-0.044972180229367886,-0.05001568867752049,0.023280699059528676,-0.02673498961799181,S2
2018-08-16,-4.476482252254743,-3.1773367864682784,-5.203879169229898,0.01134,1.2991454657864647,-2.02654238276162,0.012453202927523596,-8.697995373867762,-4.209059918685495,-5.508205384471959,0.04313927568322917,0.040189982569779126,-0.014739064585643114,0.025450917984136012,S2
2018-08-17,-4.526960029256436,-3.225154174905304,-5.25238705294549,0.01134,1.3018058543511324,-2.0272328780401865,-0.004421525448023017,-8.69845292428865,-4.175914420480238,-5.47772027483137,0.03314549820525681,0.03048510964058959,0.0006904952785666829,0.031175604919156275,S2
2018-08-20,-4.315947324141276,-2.993488011042757,-5.067535418784692,0.01134,1.322459313098519,-2.0740474077419346,0.0,-8.482370741155723,-4.166423417014447,-5.488882730112966,0.009491003465790904,-0.011162455281596095,0.04681452970174815,0.03565207442015206,S2
2018-08-21,-4.446463637178988,-3.1315386292328498,-5.175114209984118,0.011279999999999998,1.3149250079461385,-2.043575580751268,-0.14580925512022577,-8.48281694883185,-4.182162566773087,-5.497087574719226,-0.015739149758640103,-0.008204844606259698,-0.03047182699066653,-0.038676671596926226,S2
2018-08-22,-4.334528422704698,-3.009700407194467,-5.10864495142184,0.01146,1.3248280155102305,-2.098944544227373,-0.005437055121502912,-8.48326317998034,-4.154171812397146,-5.478999827907376,0.02799075437594123,0.018087746811849215,0.05536896347610476,0.07345671028795397,S2
2018-08-23,-4.317829414960166,-2.9938440853414034,-5.081872105728442,0.011399999999999999,1.323985329618763,-2.0880280203870383,-0.00030660350278575435,-8.48370943460243,-4.166186623145049,-5.490171952763812,-0.012014810747903226,-0.011172124856435595,-0.010916523840334591,-0.022088648696770186,S2
2018-08-24,-4.350654717134505,-3.020025295681606,-5.116588638409862,0.011399999999999999,1.3306294214528993,-2.096563342728256,-0.01975240146705746,-8.484155712699351,-4.153253397031904,-5.483882818484803,0.012933226113145402,0.006289134279009012,0.008535322341217899,0.014824456620226911,S2
2018-08-27,-4.495509339314983,-3.165186882962882,-5.242213482549017,0.01134,1.3303224563521012,-2.077026599586135,0.0,-8.668983693552399,-4.173474354237415,-5.503796810589517,-0.020220957205511425,-0.019913992104713785,-0.01953674314212117,-0.039450735246834956,S2
2018-08-28,-4.618986224191099,-3.2979192682162135,-5.3639147309223425,0.011399999999999999,1.3210669559748855,-2.065995462706129,-0.1377936576286502,-8.669439717839278,-4.18824715127683,-5.509314107251715,-0.014772797039414698,-0.0055172966621981345,-0.01103113688000601,-0.016548433542204144,S2
2018-08-29,-4.676793568084613,-3.352144464644103,-5.398601862956472,0.011279999999999998,1.32464910344051,-2.0464573983123686,-0.1888792096457447,-8.669895766114916,-4.181981407676047,-5.5066305111165565,0.006265743600782692,0.0026835961351583393,-0.01953806439376038,-0.01685446825860204,S2
2018-08-30,-4.4865388366770524,-3.1553664543561473,-5.247383740805816,0.011399999999999999,1.3311723823209052,-2.0920172864496687,-0.04739731974852908,-8.670351838380574,-4.23121032145205,-5.562382703772955,-0.04922891377600269,-0.055752192656398414,0.04555988813730005,-0.01019230451909836,S2
2018-08-31,-4.520718248413765,-3.1896263748957536,-5.301059568530865,0.011519999999999999,1.331091873518011,-2.111433193635111,-0.04755574814432671,-8.67080555907402,-4.197643058804582,-5.5287349323225925,0.0335672626474679,0.03364777145036246,0.019415907185442283,0.053063678635804745,S2
2018-09-04,-4.692356213326352,-3.374594415126386,-5.476533313648721,0.01164,1.3177617981999665,-2.1019388985223353,0.0,-8.902065181233377,-4.209708967907025,-5.527470766106991,-0.012065909102442873,0.0012641662156012146,-0.009494295112775664,-0.008230128897174449,S2
2018-09-05,-4.665000972794944,-3.349599815796155,-5.461120027980096,0.011699999999999999,1.3154011569987891,-2.1115202121839407,-1.2562025462323962e-05,-8.902533466567569,-4.237545055798087,-5.552946212796876,-0.027836087891062178,-0.02547544668988433,0.009581313661605417,-0.01589413302827891,S2
2018-09-06,-4.541823922223933,-3.222698713517598,-5.327217928327338,0.01158,1.3191252087063345,-2.1045192148097396,0.09172634251072904,-8.903001776535499,-4.269451511800837,-5.588576720507172,-0.03190645600275044,-0.0356305077102963,-0.007000997374201123,-0.04263150508449742,S2
2018-09-07,-4.806581204502986,-3.509753544090669,-5.561530246665963,0.01158,1.2968276604123168,-2.0517767025752938,-0.18299835851956917,-8.903470111138464,-4.279887265155048,-5.576714925567364,-0.01043575335421032,0.01186179493980788,-0.052742512234445815,-0.040880717294637936,S2
2018-09-10,-4.836820104115934,-3.536802275316109,-5.5815160796401795,0.011519999999999999,1.3000178287998252,-2.0447138043240707,0.0,-9.087850436049694,-4.25103033193376,-5.551048160733584,0.028856933221288017,0.02566676483377961,-0.007062898251223082,0.018603866582556527,S2
2018-09-11,-5.052114780162614,-3.761306707086149,-5.7560275971997115,0.011399999999999999,1.290808073076465,-1.9947208901135625,-0.18385646220305096,-9.088328494454332,-4.22007017649477,-5.510878249571235,0.03096015543899,0.04016991116234969,-0.04999291421050822,-0.00982300304815853,S2
2018-09-12,-5.009116235471682,-3.7139765704283607,-5.707996180895204,0.01134,1.2951396650433211,-1.9940196104668435,-0.13802977796103447,-9.088806578006814,-4.217720120496166,-5.5128597855394865,0.0023500559986038283,-0.001981535968251791,-0.0007012796467189553,-0.002682815614970746,S2
2018-09-13,-5.033912459109508,-3.7321557779766965,-5.713642612774697,0.01122,1.3017566811328112,-1.9814868347980004,-0.13833832214914793,-9.089284686708462,-4.1937105497481015,-5.495467230880912,0.024009570748064313,0.017392554658574255,-0.012532775668843144,0.004859778989731112,S2
2018-09-14,-5.131835224349068,-3.836039806236098,-5.812529374094887,0.011279999999999998,1.29579541811297,-1.9764895678587893,-0.2299181906372576,-9.089762820560598,-4.187845786848786,-5.483641204961756,0.005864762899315146,0.011826025919155825,-0.004997266939211098,0.006828758979944727,S2
2018-09-17,-5.07907154523719,-3.787714317234217,-5.762738532420132,0.011279999999999998,1.2913572280029735,-1.9750242151859148,0.0,-9.320870286268944,-4.2417987410317535,-5.533155969034727,-0.05395295418296708,-0.04951476407297051,-0.0014653526728745092,-0.05098011674584502,S2
2018-09-18,-5.38361047837715,-4.106431806156091,-6.039690387710961,0.011279999999999998,1.2771786722210594,-1.9332585815548704,-0.2674650039831071,-9.321360602478508,-4.205215128084465,-5.482393800305524,0.036583612947288735,0.050762168729202806,-0.04176563363104435,0.008996535098158454,S2
2018-09-19,-5.559702087320925,-4.291424169591123,-6.198732927090479,0.011279999999999998,1.2682779177298027,-1.9073087574993561,-0.4022632912710298,-9.321850944480726,-4.164412148430831,-5.432690066160633,0.040802979653634,0.04970373414489071,-0.02594982405551427,0.02375391008937644,S2
2018-09-20,-5.490316259850852,-4.207555069231481,-6.111877233604632,0.0111,1.2827611906193708,-1.9043221643731512,-0.3480913444659795,-9.322341312276956,-4.180116396892084,-5.462877587511454,-0.015704248461252845,-0.030187521350820923,-0.0029865931262049727,-0.033174114477025896,S2
2018-09-21,-5.496696398564469,-4.2139192110165045,-6.097414749224104,0.01098,1.282777187547964,-1.8834955382075993,-0.34849183597102823,-9.322831705868554,-4.174627143275114,-5.457404330823078,0.005489253616969947,0.005473256688376615,-0.020826626165551865,-0.01535336947717525,S2
2018-09-24,-5.530423908253237,-4.253792565032877,-6.137374716756629,0.011040000000000001,1.2766313432203598,-1.8835821517237514,0.0,-9.722010521304911,-4.191586613051674,-5.468217956272034,-0.01695946977656071,-0.010813625448956365,8.66135161521342e-05,-0.010727011932804231,S2
2018-09-25,-5.6149541579493105,-4.346275027745632,-6.202734009503156,0.01098,1.2686791302036786,-1.856458981757524,-0.09366979481597702,-9.722524602849855,-4.201240239716522,-5.4699193699202,-0.009653626664847259,-0.0017014136481661168,-0.027123169966227323,-0.02882458361439344,S2
2018-09-26,-3.1253331171449643,-1.9114479801648547,-3.665605104063603,0.011040000000000001,1.2138851369801096,-1.7541571238987481,0.07612944369360898,-6.797587956635154,-3.596125395796581,-4.81001053277669,0.6051148439199405,0.6599088371435098,-0.10230185785877599,0.5576069792847338,S2
2018-09-27,-3.259530420638506,-2.05014123818823,-3.7790683958534386,0.01098,1.209389182450276,-1.7289271576652085,0.08457826910803767,-6.797993961684101,-3.4538852719375575,-4.6632744543878335,0.14224012385902363,0.14673607838885694,-0.02522996623353957,0.12150611215531737,S2
2018-09-28,-3.2320286657041133,-2.019494444074248,-3.764226921376888,0.011040000000000001,1.2125342216298653,-1.74473247730264,0.12979583300559513,-6.7983999909828405,-3.4365754922731324,-4.649109713902998,0.01730977966442504,0.014164740484835292,0.01580531963743148,0.029970060122266773,S2
2018-10-01,-3.5877667305210013,-2.394119287848271,-4.078660667300886,0.01098,1.1936474426727304,-1.684541379452615,0.0,-6.840579909086379,-3.2528131785653773,-4.446460621238108,0.1837623137077551,0.20264909266489006,-0.06019109785002508,0.14245799481486499,S2
2018-10-02,-3.3840464919751234,-2.1758626643974766,-3.9047366732928217,0.011040000000000001,1.2081838275776469,-1.7288740088953451,0.20290115728225153,-6.8409884819505375,-3.2540408326931622,-4.4622246602708096,-0.0012276541277849162,-0.015764039032701405,0.0443326294427302,0.028568590410028794,S2
2018-10-03,-3.8791315373816473,-2.7047211864394836,-4.341848898295128,0.01098,1.1744103509421637,-1.6371277118556442,-0.30105520836554944,-6.841397079217859,-3.263320750201761,-4.437731101143925,-0.00927991750859869,0.02449355912688489,-0.09174629703970094,-0.06725273791281605,S2
2018-10-04,-3.6447057787307826,-2.468546206632608,-4.135485928585441,0.011040000000000001,1.1761595720981748,-1.6669397219528328,-0.1469048445728272,-6.8418057008898,-3.3440047667318447,-4.5201643388300194,-0.08068401653008372,-0.08243323768609478,0.02981201009718859,-0.052621227588906194,S2
2018-10-05,-3.587018084132865,-2.4144104747679687,-4.089824514512713,0.0111,1.1726076093648965,-1.675414039744744,-0.10537307278886121,-6.84221434696782,-3.360569335623816,-4.533176944988712,-0.016564568891971554,-0.013012606158692819,0.008474317791911101,-0.0045382883667817175,S2
2018-10-09,-3.4137695830817876,-2.23070733163327,-3.9253912327945524,0.011040000000000001,1.1830622514485176,-1.6946839011612824,0.0,-6.788595493117152,-3.374825910035365,-4.557888161483882,-0.014256574411548595,-0.024711216495170163,0.019269861416538525,-0.005441355078631638,S2
2018-10-10,-1.9140819003364558,-0.6766836788556568,-2.5742418995289733,0.011160000000000002,1.2373982214807988,-1.8975582206733166,1.2929872081048739,-6.789000961065938,-3.5819318526246082,-4.819330074105407,-0.20710594258924342,-0.2614419126215246,0.20287431951203416,-0.058567593109490446,S2
2018-10-11,-0.6242165608273025,0.6749443902058297,-1.4224871896968403,0.011279999999999998,1.2991609510331323,-2.09743157990267,2.4872037520489445,-6.789406453232436,-3.6779861403561886,-4.9771470913893205,-0.09605428773158042,-0.1578170172839135,0.19987335922935356,0.04205634194544006,S2
2018-10-12,-1.3758869713158994,-0.10544478134714869,-2.1087359631384994,0.011279999999999998,1.2704421899687508,-2.003291181791351,1.8874999625970825,-6.789811969618094,-3.5264250357051123,-4.7968672256738625,0.1515611046510763,0.18027986571545807,-0.09414039811131936,0.08613946760413871,S2
2018-10-15,-1.198655089660982,0.07872078709430155,-1.9583060350089625,0.01134,1.2773758767552836,-2.037026822103264,0.0,-4.7251344951773575,-3.5264794055163753,-4.803855282271659,-5.436981126294427e-05,-0.006988056597796444,0.03373564031191334,0.026747583714116896,S2
2018-10-16,-2.166136232747144,-0.9245000155993645,-2.830513840042493,0.011279999999999998,1.2416362171477795,-1.9060138244431286,-0.8642874838054014,-4.725416717117586,-3.423567968175843,-4.665204185323622,0.10291143734053243,0.13865109694803657,-0.13101299766013552,0.007638099287901046,S2
2018-10-17,-2.305607753868629,-1.0731700363646595,-2.956211448783656,0.011279999999999998,1.2324377175039696,-1.8830414124189967,-1.004415567478873,-4.7257002506265335,-3.424508064236778,-4.656945781740747,-0.0009400960609351472,0.008258403582875218,-0.022972412024131916,-0.014714008441256698,S2
2018-10-18,-1.5565035648486145,-0.2927479036990707,-2.316745436751465,0.011519999999999999,1.2637556611495437,-2.0239975330523943,-0.3173827448413809,-4.725983801148002,-3.486862981140769,-4.750618642290313,-0.062354916903990976,-0.09367286054956558,0.14095612063339757,0.04728326008383199,S2
2018-10-19,-1.6906677834236263,-0.43577338631974977,-2.4373124135175543,0.011519999999999999,1.2548943971038766,-2.0015390271978046,-0.4530926380885736,-4.726267368683013,-3.4886922233479605,-4.743586620451837,-0.0018292422071914949,0.007032021838475622,-0.02245850585458964,-0.015426484016114017,S2
2018-10-22,-1.5449311971269257,-0.28295140533626784,-2.305814618279619,0.011519999999999999,1.261979791790658,-2.022863212943351,0.0,-5.012386247322705,-3.4674550501957793,-4.729434841986437,0.02123717315218121,0.014151778465399723,0.021324185745546398,0.03547596421094612,S2
2018-10-23,-1.165041919680732,0.11571338438316828,-2.005632837738375,0.01176,1.2807553040639004,-2.1213462221215433,0.3683165664773185,-5.012688372859111,-3.479329886701061,-4.760085190764961,-0.01187483650528165,-0.030650348778523906,0.0984830091781923,0.0678326603996684,S2
2018-10-24,0.5508952454098835,1.9066045675178336,-0.4884576032293759,0.01194,1.3557093221079501,-2.3950621707472095,1.9469494173113513,-5.012990516606373,-3.6169363447049054,-4.972645666812856,-0.13760645800384452,-0.2125604760478943,0.27371594862566617,0.061155472577771874,S2
2018-10-25,-0.4154574357046189,0.8976261108652328,-1.3503058085352477,0.01188,1.3130835465698518,-2.2479319194004805,1.0252808824804336,-5.013292678565588,-3.572554360380535,-4.885637906950387,0.04438198432437046,0.08700775986246878,-0.14713025134672897,-0.06012249148426019,S2
2018-10-26,0.5520185044914393,1.9116651961149569,-0.5258653646802127,0.012119999999999999,1.3596466916235177,-2.4375305607951696,2.0068316015357897,-5.013594858737853,-3.5587817616935022,-4.91842845331702,0.013772598687032733,-0.032790546366633144,0.18959864139468907,0.15680809502805593,S2
2018-10-29,0.8215041578292983,2.1926791252700735,-0.28321666807407464,0.012119999999999999,1.3711749674407752,-2.475895793344148,0.0,-2.759930544873533,-3.5814347027028317,-4.952609670143607,-0.022652941009329464,-0.034181216826587146,0.0383652325489785,0.004184015722391354,S2
2018-10-30,-0.05474597025627362,1.2775446009493168,-1.0847881671658488,0.012179999999999998,1.3322905712055904,-2.3623327681151656,-0.8442197948690089,-2.7600969018650283,-3.549570726477764,-4.881861297683354,0.03186397622506787,0.0707483724602529,-0.11356302522898254,-0.042814652768729644,S2
2018-10-31,-0.6884605889633973,0.6165526484013678,-1.6556928741744121,0.012179999999999998,1.3050132373647652,-2.27224552257578,-1.4492706627065086,-2.7602632688838225,-3.5210733426269334,-4.826086579991698,0.02849738385083045,0.05577471769165587,-0.09008724553938574,-0.03431252784772987,S2
2018-11-01,-1.1292897017040895,0.16096487792563868,-2.0657075781125194,0.01224,1.2902545796297282,-2.226672456038158,-1.8369418859965818,-2.7604296459305195,-3.468081830223012,-4.75833640985274,0.052991512403921526,0.06775017013895823,-0.04557306653762172,0.022177103601336512,S2
2018-11-02,-1.247536757902567,0.027662689732269444,-2.145417380528109,0.012119999999999999,1.2751994476348363,-2.1730800702603785,-1.9848658861696014,-2.7605952766781483,-3.4979244049451834,-4.77312385258002,-0.029842574722171555,-0.014787442727279831,-0.05359238577777958,-0.06837982850505941,S2
2018-11-05,-1.3691228302060499,-0.09512265732764318,-2.2579366665372644,0.012119999999999999,1.2740001728784067,-2.162814009209621,0.0,-4.884167012831811,-3.5150441826257612,-4.789044355504168,-0.01711977768057782,-0.01592050292414804,-0.010266061050757447,-0.026186563974905486,S2
2018-11-06,-1.715701641230932,-0.457808804928867,-2.5281588992343247,0.01188,1.257892836302065,-2.0703500943054576,-0.3519220074932198,-4.884461409852679,-3.5206817761149662,-4.778574612417032,-0.005637593489205006,0.01046974308713633,-0.0924639149041635,-0.08199417181702717,S2
2018-11-07,-2.6367225863614054,-1.4127452480365272,-3.342765672898195,0.01176,1.2239773383248782,-1.9300204248616677,-1.2097207737915527,-4.884755824618559,-3.4577540120487065,-4.6817313503735845,0.06292776406625977,0.09684326204344718,-0.14032966944378988,-0.04348640740034271,S2
2018-11-08,-2.620080231532507,-1.398009367401924,-3.3267794672728814,0.01176,1.222070864130583,-1.9287700998709574,-1.206750866233957,-4.885050257130523,-3.4717208918319726,-4.693791755962556,-0.013966879783266162,-0.012060405588971257,-0.0012503249907103164,-0.013310730579681573,S2
2018-11-09,-2.0058181944964693,-0.7523043049528202,-2.7941433919585776,0.01188,1.253513889543649,-2.0418390870057577,-0.5833079862840417,-4.885343368939218,-3.46283316072679,-4.716347050270439,0.008887731105182706,-0.0225552943078835,0.11306898713480029,0.09051369282691679,S2
2018-11-13,-0.8816887817051318,0.42291235513289643,-1.847233925814684,0.01224,1.3046011368380281,-2.2701462809475803,0.0,-4.367547454490482,-3.48585867278535,-4.790459809623378,-0.02302551205856007,-0.07411275935293915,0.22830719394182264,0.1541944345888835,S2
2018-11-14,-0.4690667021358911,0.8539475320244434,-1.5335818170733275,0.012539999999999997,1.3230142341603344,-2.387529349097771,0.40362947326870696,-4.367810711859798,-3.4951145364552003,-4.818128770615535,-0.009255863669850317,-0.027668960992156322,0.11738306815019062,0.0897141071580343,S2
2018-11-15,-0.8936235965167871,0.41495693902898495,-1.9612111794824005,0.012779999999999998,1.308580535545772,-2.3761681185113854,0.029942974942941195,-4.368073985097161,-3.4445074136374325,-4.753087949183205,0.0506071228177678,0.06504082143232992,-0.011361230586385496,0.053679590845944425,S2
2018-11-16,-0.9063851323477872,0.40714892507001454,-1.975519735195085,0.012779999999999998,1.3135340574178018,-2.3826686602650997,0.09088349593535092,-4.368337274203526,-3.3710686459203876,-4.684602703338189,0.07343876771704494,0.06848524584501536,0.006500541753714284,0.07498578759872965,S2
2018-11-19,-0.10206407371391228,1.2456961572957688,-1.292209862841658,0.012960000000000001,1.347760231009681,-2.537906020137427,0.0,-3.5076214966096875,-3.4055574228957752,-4.753317653905456,-0.03448877697538766,-0.06871495056726662,0.15523735987232712,0.0865224093050605,S2
2018-11-20,0.7092167521852943,2.0879980585055287,-0.5773764356046749,0.013019999999999999,1.3787813063202343,-2.6653744941102033,0.7342542639680217,-3.5078329212633124,-3.482795409480585,-4.861576715800819,-0.07723798658480963,-0.10825906189536294,0.1274684739727765,0.019209412077413557,S2
2018-11-21,0.5439787797798525,1.9178218189152827,-0.7259905681791536,0.013019999999999999,1.3738430391354302,-2.643812387094436,0.6112992121419621,-3.508044358660725,-3.440723926298616,-4.814566965434046,0.04207148318196907,0.04700975036677324,-0.021562107015767218,0.025447643351006022,S2
2018-11-23,0.8705152404588107,2.258853465661659,-0.4446290631708,0.013080000000000001,1.388338225202848,-2.703482528832459,0.920591143235067,-3.5084672716899874,-3.4583913689137313,-4.84672959411658,-0.017667442615115547,-0.032162628682534056,0.059670141738022764,0.027507513055488708,S2
2018-11-26,0.05797542610880407,1.414345009422101,-1.1511488228482636,0.012960000000000001,1.356369583313297,-2.5654938322703646,0.0,-3.314408952867298,-3.3723843789761023,-4.7287539622893995,0.08600698993762901,0.1179756318271803,-0.13798869656209423,-0.020013064734913932,S2
2018-11-27,-0.02341093374947481,1.331455512209293,-1.2624569911808214,0.0132,1.3548664459587678,-2.5939125033901145,-0.08410632917380233,-3.3146087314823824,-3.37530412690671,-4.730170572865478,-0.0029197479306075635,-0.0014166105760784475,0.028418671119749828,0.02700206054367138,S2
2018-11-28,-0.9798158525458177,0.33782531007268624,-2.1331941280558993,0.01332,1.317641162618504,-2.4710194381285855,-1.0237341001816038,-3.31480852213928,-3.3587267697750662,-4.67636793239357,0.016577357131643655,0.05380264047190764,-0.12289306526152899,-0.06909042478962135,S2
2018-11-29,-0.7439046323679601,0.5873722408784234,-1.9597522814522554,0.01356,1.3312768732463836,-2.547124522330679,-0.7819118211518502,-3.3150083248387174,-3.3530155136226076,-4.684292386868991,0.005711256152458599,-0.007924454475420895,0.07610508420209339,0.06818062972667249,S2
2018-11-30,-1.0004743679443155,0.32443413427060835,-2.19884105855334,0.013619999999999998,1.3249085022149238,-2.5232751928239487,-1.024891756588067,-3.31520813958142,-3.339625528225172,-4.6645340304400955,0.013389985397435744,0.019758356428895674,-0.023849329506730133,-0.004090973077834459,S2
2018-12-03,-1.3435284426458032,-0.025259352367665786,-2.500492691260261,0.01356,1.3182690902781373,-2.475233338892595,0.0,-4.656362778284467,-3.3128343356386636,-4.631103425916801,0.026791192586508306,0.033430604523294605,-0.04804185393135363,-0.014611249408059024,S2
2018-12-04,0.4492515572784955,1.8446965882402941,-0.9025241841521343,0.013499999999999998,1.3954450309617987,-2.7472207723924287,1.6560470174767428,-4.656643444225334,-3.4498479840270866,-4.845293014988885,-0.137013648388423,-0.21418958907208374,0.27198743349983356,0.05779784442774982,S2
2018-12-06,0.7029675884932118,2.114077571720196,-0.7182915494933163,0.013739999999999999,1.4111099832269842,-2.8323691212135125,1.911254476865226,-4.657204826860172,-3.448917938488157,-4.860027921715142,0.0009300455389293916,-0.014734906726257435,0.0851483488210838,0.07041344209482636,S2
2018-12-07,1.8104728092126252,3.2659668495491467,0.24522752219000873,0.013859999999999999,1.4554940403365215,-3.020739327359138,2.924908397599177,-4.6574842675329196,-3.543048679146368,-4.99854271948289,-0.09413074065821059,-0.13851479776774767,0.18837020614562539,0.04985540837787772,S2
2018-12-10,1.7088933842948393,3.1620109968063033,0.15349707552996397,0.013859999999999999,1.453117612511464,-3.0085139212763394,0.0,-1.8068720904774038,-3.515765474772243,-4.968883087283707,0.027283204374124903,0.02965963219918244,-0.012225406082798429,0.01743422611638401,S2
2018-12-11,1.5013855340114555,2.942169940804127,0.021161937528777527,0.01356,1.4407844067926714,-2.9210080032753494,-0.1962462716172547,-1.8069805060552675,-3.5046123116839776,-4.945396718476649,0.011153163088265305,0.0234863688070579,-0.08750591800099006,-0.06401954919393216,S2
2018-12-12,1.171480449761411,2.597368769813121,-0.25222035065337495,0.01344,1.42588832005171,-2.8495891204664963,-0.527055686081928,-1.807088928138261,-3.5056250639816,-4.93151338403331,-0.0010127522976222103,0.013883334443339557,-0.07141888280885311,-0.057535548365513556,S2
2018-12-13,1.1364370966748691,2.56164160635973,-0.29348802264997154,0.013499999999999998,1.4252045096848607,-2.8551296290097015,-0.5195417781504367,-1.8071973567267745,-3.4631762315520804,-4.888380741236941,0.042448832429519356,0.04313264279636897,0.005540508543205203,0.04867315133957417,S2
2018-12-14,2.0540305473293774,3.517265682800608,0.5226562414051568,0.013499999999999998,1.4632351354712307,-2.9946094413954514,0.3811251459800383,-1.8073057918211985,-3.4802111931705375,-4.943446328641768,-0.01703496161845708,-0.05506558740482692,0.1394798123857499,0.08441422498092299,S2
2018-12-17,3.1429943176255666,4.651487822649148,1.4913152789532302,0.013499999999999998,1.5084935050235817,-3.160172543695918,0.0,-0.42200583503465344,-3.56500015266022,-5.073493657683802,-0.08478895948968246,-0.13004732904203387,0.16556310230046645,0.03551577325843258,S2
2018-12-18,3.3716926754810954,4.893857227966161,1.6812700802848952,0.01356,1.5221645524850658,-3.212587147681266,0.2109368475384377,-0.42203127176937133,-3.582787099712029,-5.104951652197095,-0.017786947051809054,-0.03145799451329356,0.05241460398534814,0.020956609472054577,S2
2018-12-19,4.28891295278761,5.853221951374833,2.4833011918335135,0.013619999999999998,1.5643089985872223,-3.369920759541319,1.1321597499770317,-0.42205671003730844,-3.578809912847887,-5.14311891143511,0.003977186864141835,-0.03816725923801467,0.15733361186005324,0.11916635262203856,S2
2018-12-20,4.973753072413162,6.560464276115331,3.085104983394508,0.01368,1.5867112037021691,-3.4753592927208232,1.6782714260405518,-0.4220844626237969,-3.717566108996407,-5.304277312698576,-0.13875619614851997,-0.16115840126346637,0.10543853317950402,-0.05571986808396234,S2
2018-12-21,5.925665251917025,7.547576607840422,3.897764194601665,0.013859999999999999,1.6219113559233964,-3.649812413238757,2.5238065547989996,-0.422112217035173,-3.8239709141531986,-5.445882270076595,-0.1064048051567914,-0.1416049573780187,0.1744531205179336,0.0328481631399149,S2
2018-12-24,7.605951139717706,9.293959775856177,5.341842910803245,0.0141,1.6880086361384707,-3.9521168650529317,0.0,3.457173798698307,-4.148777341019398,-5.83678597715787,-0.32480642686619987,-0.3909037070812751,0.30230445181417487,-0.08859925526710022,S2
2018-12-26,4.888131525477813,6.469739707451335,2.9515564852915115,0.01398,1.5816081819735226,-3.518183222159824,-2.6170195372779568,3.45762847062769,-4.04752259212808,-5.629130774101602,0.10125474889131869,0.20765520305626772,-0.43393364289310776,-0.22627843983684004,S2
2018-12-27,4.67935118279898,6.258335062407044,2.7273854307240555,0.014159999999999999,1.5789838796080637,-3.5309496316829883,-2.7849090209320644,3.4578558290155414,-4.006404374715503,-5.585388254323567,0.04111821741257682,0.04374251977803567,0.012766409523164324,0.056508929301199995,S2
2018-12-28,4.93098500514893,6.527342838126883,2.850192054971801,0.01464,1.5963578329779535,-3.6771507831550823,-2.4370277015624713,3.4580832023534773,-3.909929504357924,-5.506287337335877,0.09647487035757907,0.07910091698768973,0.146201151472094,0.22530206845978373,S2
2018-12-31,4.589640066988366,6.179668579229427,2.531244146412892,0.0147,1.5900285122410605,-3.6484244328165345,0.0,0.7835331381035899,-3.806106928884776,-5.396135441125836,0.10382257547314788,0.11015189621004051,-0.028726350338547757,0.08142554587149275,S2
2019-01-02,4.61352664126452,6.210614618882715,2.5471669837200577,0.0147,1.5970879776181954,-3.6634476351626577,0.1089504506027837,0.7836361848534441,-3.720940005808292,-5.318027983426488,0.08516692307648377,0.07810745769934879,0.015023202346123199,0.09313066004547199,S2
2019-01-03,6.269496343354795,7.940555599320754,3.9626787189417287,0.014879999999999999,1.6710592559659583,-3.977876880379025,1.7439599296942425,0.7836877133103515,-3.7418487003502015,-5.412907956316159,-0.020908694541909245,-0.09487997288967165,0.3144292452163673,0.21954927232669563,S2
2019-01-04,4.100207195903125,5.678240672957241,2.0936320586519925,0.0147,1.5780334770541158,-3.5846086143052482,-0.32508818465153955,0.7837392451555428,-3.6415561353991217,-5.2195896124532375,0.10029256495107974,0.1933183438629218,-0.39326826607377674,-0.19994992221085495,S2
2019-01-07,3.646358782422806,5.204361159427132,1.7286135714773527,0.01452,1.5580023770043265,-3.4757475879497797,0.0,-0.018945867475288314,-3.6653046498980943,-5.223307026902421,-0.02374851449897264,-0.003717414449183387,-0.10886102635546857,-0.11257844080465196,S2
2019-01-08,3.063037164567118,4.595904914202138,1.2477811569359216,0.014339999999999999,1.5328677496350198,-3.348123757266216,-0.5819550490466261,-0.018947113271915172,-3.6639393268856595,-5.196807076520679,0.0013653230124348603,0.026499950381741577,-0.12762383068356353,-0.10112388030182196,S2
2019-01-09,2.809451207406438,4.331783108835056,1.023869307871227,0.014339999999999999,1.5223319014286183,-3.307913800963829,-0.8144059879937418,-0.018948359150460118,-3.6428055545506397,-5.165137455979258,0.021133772335019785,0.03166962054142086,-0.040209956302386995,-0.008540335760966133,S2
2019-01-10,2.5897357883508643,4.1042139685792876,0.7971171558544549,0.01452,1.5144781802284233,-3.307096812724833,-1.013772068896944,-0.01894960511092854,-3.622457462358737,-5.13693564258716,0.02034809219190281,0.028201813392098707,-0.0008169882389963412,0.027384825153102366,S2
2019-01-11,2.697214452347869,4.221010235932684,0.8881941987833362,0.01452,1.5237957835848146,-3.332816037149348,-0.8480588674325475,-0.01895085115332582,-3.5642241709337426,-5.088019954518558,0.05823329142499434,0.04891568806860214,0.02571922442451502,0.07463491249311716,S2
2019-01-14,2.9359268223544235,4.46937252728579,1.0550176974536813,0.01476,1.5334457049313666,-3.4143548298321087,0.0,-0.6405529400813809,-3.5764797624358042,-5.109925467367171,-0.01225559150206168,-0.02190551284861364,0.08153879268276087,0.059633279834147235,S2
2019-01-15,2.409149428434085,3.9217402343835785,0.5910766317084681,0.01476,1.5125908059494937,-3.33066360267511,-0.5141193003028023,-0.6405950600156155,-3.563863788752503,-5.076454594701996,0.012615973683301362,0.03347087266517512,-0.0836912271569985,-0.05022035449182338,S2
2019-01-16,2.2747262770520362,3.7809343040533756,0.48376649026866847,0.0147,1.5062080270013394,-3.297167813784707,-0.6646950116715612,-0.6406371827194711,-3.5800584714430688,-5.086266498444408,-0.016194682690565898,-0.009811903742411587,-0.033495788890403055,-0.04330769263281464,S2
2019-01-17,1.8457350482716395,3.3340569322702045,0.12707192702943965,0.01458,1.488321883998565,-3.2069850052407647,-1.1009998971454258,-0.6406793081931298,-3.587414253610195,-5.07573613760876,-0.007355782167126179,0.010530360835647734,-0.09018280854394245,-0.07965244770829472,S2
2019-01-18,1.0959211564078872,2.550664177462895,-0.482440264678348,0.01428,1.4547430210550076,-3.033104442141243,-1.8920574984705802,-0.6407214364367737,-3.628700091315241,-5.083443112370249,-0.04128583770504601,-0.007706974761489072,-0.1738805630995217,-0.18158753786101078,S2
2019-01-22,1.9939465468449646,3.4893765955142158,0.3069493742260023,0.01428,1.495430048669251,-3.182427221288213,0.0,-1.6499325698844773,-3.643879116729442,-5.139309165398693,-0.015179025414201242,-0.05586605302844383,0.14932277914697023,0.0934567261185264,S2
2019-01-23,1.75835158399033,3.2431718463686514,0.10974844330505343,0.01422,1.4848202623783213,-3.133423403063598,-0.19899304805086665,-1.6500410621682318,-3.6073856942094285,-5.092205956587749,0.03649342252001375,0.04710320881094354,-0.04900381822461508,-0.001900609413671539,S2
2019-01-24,1.8706899406057396,3.3660688487939643,0.2045673740298341,0.01422,1.4953789081882247,-3.16150147476413,-0.04905442403444425,-1.65014956158596,-3.5698939262261438,-5.065272834414369,0.037491767983284685,0.026933122173380397,0.028078071700532004,0.0550111938739124,S2
2019-01-25,1.2813798906360772,2.750121478522695,-0.28468183727163343,0.014039999999999999,1.4687415878866177,-3.034803315794328,-0.6211928627360973,-1.6502580681381311,-3.5528308215103057,-5.021572409396923,0.01706310471583805,0.04370042501744553,-0.12669815896980197,-0.08299773395235643,S2
2019-01-28,1.6839056431624868,3.16956389317515,0.05060136223709244,0.014159999999999999,1.4856582500126632,-3.1189625309380578,0.0,-1.8897585176762495,-3.573664160838736,-5.059322410851399,-0.020833339328430345,-0.0377500014544756,0.0841592151437296,0.04640921368925399,S2
2019-01-29,1.8845974515441948,3.3821088845485887,0.2252940205904102,0.014159999999999999,1.497511433004394,-3.1568148639581786,0.21466423050438138,-1.8898827798558497,-3.559816000895663,-5.057327433900057,0.013848159943072869,0.001994976951341876,0.03785233302012081,0.039847309971462685,S2
2019-01-30,1.262299083307634,2.739954832477572,-0.33976736431848076,0.01422,1.4776557491699382,-3.079722196796053,-0.33424508250385376,-1.8900070502063824,-3.4865512160178698,-4.964206965187808,0.07326478487779342,0.09312046871224933,-0.07709266716212548,0.016027801550123844,S2
2019-01-31,1.2041047020753284,2.6906976118395782,-0.41007532719153483,0.01428,1.4865929097642498,-3.100772939031113,-0.33672503206611226,-1.8901313287283847,-3.4309610628698257,-4.917553972634075,0.05559015314804405,0.04665299255373245,0.02105074223505987,0.06770373478879232,S2
2019-02-01,0.8315108468230743,2.2948084003504774,-0.6646982245853499,0.013859999999999999,1.463297553527403,-2.9595066249358273,-0.7428348668208677,-1.8902556154223944,-3.464601329066337,-4.927898882593739,-0.03364026619651117,-0.010344909959663973,-0.14126631409528567,-0.15161122405494964,S2
2019-02-04,0.3834570273482813,1.8268418649803582,-1.0521138458087973,0.0138,1.4433848376320768,-2.8789557107891555,0.0,-3.087689175651486,-3.4711462029997673,-4.914531040631844,-0.006544873933430395,0.013367841961895444,-0.08055091414667181,-0.06718307218477637,S2
2019-02-05,0.27416746794476715,1.7168136284898605,-1.1238365861091115,0.013619999999999998,1.4426461605450933,-2.840650214598972,-0.09444340080958659,-3.087892208464041,-3.456503077218395,-4.899149237763488,0.01464312578137239,0.015381802868355443,-0.03830549619018342,-0.022923693321827976,S2
2019-02-06,0.4028608459985623,1.8523228626817834,-1.0199720032379942,0.01368,1.449462016683221,-2.872294865919778,0.045985285253023686,-3.0880952546271385,-3.444970815372677,-4.894432832055898,0.011532261845717873,0.004716405707590354,0.03164465132080574,0.03636105702839609,S2
2019-02-07,1.0501750246095043,2.5309490862890662,-0.47790614732517267,0.013859999999999999,1.480774061679562,-3.0088552336142387,0.6827679150877617,-3.0882983141416553,-3.4557054236633977,-4.93647948534296,-0.010734608290720704,-0.04204665328706181,0.1365603676944609,0.09451371440739909,S2
2019-02-08,1.0970824890927828,2.5833614953053976,-0.4288671887702739,0.0138,1.4862790062126148,-3.0122286840756716,0.7552430022564496,-3.088501387008469,-3.430340873844802,-4.916619880057417,0.025364549818595705,0.01985960528554287,0.003373450461432892,0.02323305574697576,S2
2019-02-11,0.9774542371512349,2.457451179266391,-0.534609537287496,0.0138,1.479996942115156,-2.992060716553887,0.0,-2.4699724084983155,-3.4474266456495504,-4.927423587764706,-0.01708577180474835,-0.010803707707289334,-0.020167967521784735,-0.03097167522907407,S2
2019-02-12,0.2795449782027927,1.7295871922616064,-1.1538713566473082,0.0138,1.4500422140588136,-2.883458548908915,-0.6884985976912101,-2.4701348229825797,-3.4381783988765826,-4.888220612935396,0.009248246772967761,0.03920297482931012,-0.10860216764497199,-0.06939919281566187,S2
2019-02-13,0.023672370366442902,1.4600044925327078,-1.3510385826421145,0.013619999999999998,1.4363321221662648,-2.8110430751748225,-0.9682936217815514,-2.4702972481465038,-3.462263240294498,-4.898595362460763,-0.02408484141791556,-0.010374749525366767,-0.0724154737340923,-0.08279022325945906,S2
2019-02-14,0.3742785473249372,1.83107976894847,-1.0725847183877082,0.0138,1.4568012216235326,-2.903664487336178,-0.6043810410185435,-2.4704596839907897,-3.4491192723342707,-4.905920493957804,0.013143967960227432,-0.007325131497040616,0.09262141216135555,0.08529628066431494,S2
2019-02-15,-0.09794909716930825,1.3427007717953217,-1.475691215978734,0.01368,1.4406498689646299,-2.8183919877740555,-1.066142138681368,-2.4706221305161398,-3.438815172028199,-4.879465040992829,0.01030410030607154,0.026455452964974313,-0.08527249956212257,-0.05881704659714826,S2
2019-02-19,-0.14209265819025363,1.2997377526433385,-1.517852027328044,0.01368,1.441830410833592,-2.8175897799713825,0.0,-3.5568311872076297,-3.414738529017376,-4.856568939850968,0.02407664301082324,0.022896101141861358,-0.0008022078026730384,0.02209389333918832,S2
2019-02-20,-0.2422507972302283,1.196847885197771,-1.5612643429039317,0.013379999999999998,1.4390986824279994,-2.7581122281017025,-0.0738336116255024,-3.5570650687282885,-3.3886478831235625,-4.827746565551562,0.02609064589381349,0.028822374299405595,-0.05947755186967996,-0.03065517757027436,S2
2019-02-21,-0.27421235268995503,1.1577169221576975,-1.585807302941382,0.013379999999999998,1.4319292748476524,-2.7435242250990797,-0.1301517907802771,-3.557298965627964,-3.413238403718286,-4.8451676785659386,-0.024590520594723664,-0.01742111301437621,-0.014588003002622862,-0.03200911601699907,S2
2019-02-22,-0.38170521732343254,1.053303654569783,-1.7053694639980082,0.013499999999999998,1.4350088718932155,-2.758673118567791,-0.194621931437979,-3.5575328779076676,-3.370449592022214,-4.805458463915429,0.04278881169607196,0.03970921465050914,0.0151488934687114,0.05485810811922054,S2
2019-02-25,-0.5014844942711582,0.926175744544359,-1.7933863836497648,0.013379999999999998,1.427660238815517,-2.7195621281941236,0.0,-3.907849621802201,-3.4063651275310427,-4.83402536634656,-0.03591553550882853,-0.02856690243113036,-0.0391109903736675,-0.06767789280479786,S2
2019-02-26,-0.32950520348372625,1.1091825885495232,-1.652375031339381,0.01344,1.4386877920332495,-2.7615576198889045,0.17851863055835526,-3.9081065847458856,-3.4000827507038043,-4.838770542737054,0.006282376827238423,-0.004745176390493988,0.041995491694780895,0.03725031530428691,S2
2019-02-27,-0.5568269198957128,0.8664987110728527,-1.8596386587897786,0.013499999999999998,1.4233256309685656,-2.726137369862631,-0.04562543598538516,-3.908363564586319,-3.397162080675992,-4.8204877116445575,0.0029206700278123776,0.018282831092496288,-0.03542025002627325,-0.01713741893377696,S2
2019-02-28,-0.6315189118872367,0.7832529658268227,-1.8951859886507547,0.01332,1.4147718777140594,-2.6784389544775773,-0.12918036754700077,-3.9086205613246126,-3.4062820169843766,-4.821053894698436,-0.009119936308384702,-0.0005661830538787882,-0.04769841538505393,-0.048264598438932715,S2
2019-03-01,-1.066006070661253,0.3294277029447334,-2.28154394528795,0.01332,1.3954337736059865,-2.6109716482326832,-0.5543208127852797,-3.9088775749618776,-3.397192317085904,-4.792626090691891,0.009089699898472414,0.028427804006545543,-0.06746730624489405,-0.03903950223834851,S2
2019-03-04,-0.7122894953180322,0.7028252752255818,-1.9705722236141505,0.01332,1.415114770543614,-2.673397498839732,0.0,-4.116326170389439,-3.4040366750714073,-4.819151445615021,-0.006844357985503091,-0.02652535492313035,0.06242585060704897,0.03590049568391862,S2
2019-03-05,-0.6684242499440493,0.7486219265559432,-1.9316837006380958,0.01332,1.4170461764999924,-2.680305627194039,0.043685567243459275,-4.11659684183084,-3.4044870246433314,-4.821533201143324,-0.0004503495719241357,-0.002381755528302776,0.006908128354306875,0.004526372826004099,S2
2019-03-06,-0.25662074429724424,1.1798025834872323,-1.5940361820586353,0.013499999999999998,1.4364233277844765,-2.7738387655458676,0.44966140992154185,-4.1168675310704,-3.410585376851614,-4.847008704636091,-0.006098352208282698,-0.025475503492766727,0.09353313835182853,0.0680576348590618,S2
2019-03-07,0.32197671079425805,1.7871324651729088,-1.0820392264442877,0.013499999999999998,1.4651557543786509,-2.8691716916171965,1.0182262184232231,-4.117138238109289,-3.4208887304803244,-4.886044484858975,-0.010303353628710266,-0.039035780222884675,0.09533292607132893,0.05629714584844425,S2
2019-03-08,0.47743894022477185,1.9520123076039835,-0.9649024122845712,0.013619999999999998,1.4745733673792116,-2.9169147198885548,1.1981630627630913,-4.117408962948679,-3.3966848404103596,-4.871258207789571,0.024203890069964817,0.01478627706940383,0.047743028271358234,0.06252930534076206,S2
2019-03-11,-0.26683400236365323,1.1794743196360313,-1.6294889977995073,0.013619999999999998,1.4463083219996846,-2.8089633174355386,0.0,-3.6005907273781466,-3.3337567250144935,-4.780065047014178,0.06292811539586607,0.09119316077539352,-0.10795140245301615,-0.01675824167762263,S2
2019-03-12,-0.2702459452300944,1.1812457940832277,-1.617718536842096,0.013499999999999998,1.451491739313322,-2.798964330925324,0.027586091867861387,-3.6008274863330327,-3.3029954492350773,-4.754487188548399,0.03076127577941623,0.025577858465778647,-0.009998986510214802,0.015578871955563844,S2
2019-03-13,-0.5542106676246075,0.8876094383875313,-1.8817908012824285,0.01356,1.4418201060121387,-2.7694002396699595,-0.25596596647963343,-3.601064260856143,-3.302819559711169,-4.744639665723308,0.00017588952390834578,0.009847522825091382,-0.0295640912553643,-0.01971656843027292,S2
2019-03-14,-0.615306661241493,0.8214232274079267,-1.9436337450250587,0.013619999999999998,1.4367298886494198,-2.765056972432985,-0.31948165330407824,-3.601301050948501,-3.305476043011086,-4.742205931660505,-0.0026564832999169674,0.0024337340628024506,-0.004343267236974313,-0.0019095331741718624,S2
2019-03-15,-0.6526185719318603,0.7898299142637354,-1.9915083527040547,0.01368,1.4424484861955957,-2.78133826696779,-0.32729430060339904,-3.60153785661113,-3.276213585282669,-4.718662071478264,0.02926245772841707,0.023543860182241083,0.016281294534804758,0.03982515471704584,S2
2019-03-18,-0.8409558348702546,0.5941636529449968,-2.151120547262927,0.013619999999999998,1.4351194878152516,-2.745284200207924,0.0,-4.135403659402169,-3.2944478245319138,-4.729567312347165,-0.018234239249244943,-0.01090524086890099,-0.03605406675986611,-0.0469593076287671,S2
2019-03-19,-0.879718957529504,0.552325175821146,-2.184996799798234,0.013619999999999998,1.43204413335065,-2.7373219756193796,-0.042656391838955865,-4.135675585295047,-3.298613019604499,-4.730657152955149,-0.0041651950725851705,-0.001089840607983561,-0.007962224588544231,-0.009052065196527792,S2
2019-03-20,-0.44656203923780363,1.0122425976327323,-1.825069757613652,0.013739999999999999,1.4588046368705359,-2.837312355246384,0.41379797558824777,-4.1359486622050365,-3.275588647378985,-4.734393284249521,0.0230243722255139,-0.0037361312943717806,0.09999037962700452,0.09625424833263274,S2
2019-03-21,-0.8877510555347156,0.5556493322588988,-2.2109893504379983,0.01368,1.4434003877936143,-2.766638682696897,-0.018480192477483837,-4.1362217571461795,-3.266950894088948,-4.710351281882562,0.008637753290037242,0.024042002366958748,-0.07067367254948698,-0.04663167018252823,S2
2019-03-22,0.41972228213607676,1.92447459658796,-1.0732516770869505,0.0138,1.504752314451883,-2.9977262736749104,1.2294448396055349,-4.136494870119665,-3.326772312650207,-4.83152462710209,-0.05982141856125933,-0.12117334521952827,0.23108759097801324,0.10991424575848496,S2
2019-03-25,0.4661280268351727,1.975047492724166,-1.0141150541596635,0.01368,1.5089194658889933,-2.989162546883829,0.0,-2.826446930442998,-3.2925749572781706,-4.8014944231671635,0.0341973553720365,0.030030203934926725,-0.008563726791081194,0.02146647714384553,S2
2019-03-26,0.2014776317694867,1.7054780054929168,-1.2738967125088214,0.0138,1.5040003737234302,-2.979374718001738,-0.1932498658603021,-2.826632785118511,-3.2213602827482997,-4.72536065647173,0.07121467452987096,0.07613376669543381,-0.009787828882091176,0.06634593781334264,S2
2019-03-27,0.5043752554029444,2.022587770769984,-0.9858861357223653,0.01368,1.5182125153670396,-3.008473906492349,0.09789885149646617,-2.826819426485977,-3.2332958303924553,-4.751508345759495,-0.011935547644155609,-0.026147689287765452,0.029099188490611105,0.0029514992028456533,S2
2019-03-28,0.34328469269053136,1.8568093346278947,-1.1209003021770234,0.013619999999999998,1.5135246419373634,-2.977709636804918,-0.04866751574959896,-2.8270060801772936,-3.218958288617424,-4.732482930554787,0.014337541775031326,0.01902541520470802,-0.030764269687431067,-0.011738854482723049,S2
2019-03-29,-0.04224228742136152,1.4552679731796672,-1.4547098396391553,0.01356,1.4975102606010287,-2.9099778128188225,-0.42357711371350776,-2.827194295340409,-3.208529121632555,-4.706039382233584,0.010429166984868843,0.026443548321203103,-0.06773182398609556,-0.04128827566489246,S2
2019-04-01,-0.8759161210670681,0.5803209053947658,-2.174960414421963,0.01344,1.4562370264618338,-2.7552813198167287,0.0,-4.129302310287444,-3.2533861892203757,-4.7096232156822095,-0.0448570675878206,-0.003583833448625562,-0.15469649300209376,-0.15828032645071932,S2
2019-04-02,-0.8503352325730072,0.6086129140735772,-2.153522528243612,0.01344,1.4589481466465846,-2.7621354423171893,0.04595728708553317,-4.12957496637278,-3.233282446714239,-4.692230593360824,0.02010374250613678,0.01739262232138561,0.00685412250046058,0.02424674482184619,S2
2019-04-03,-1.1043869965858706,0.33907202485503146,-2.3678922223780305,0.013379999999999998,1.443459021440902,-2.706964247233062,-0.23267777389056238,-4.129847640461482,-3.2581384177661734,-4.701597439207076,-0.02485597105193449,-0.009366845846251692,-0.055171195084127156,-0.06453804093037885,S2
2019-04-04,-1.145628836348478,0.2985335899288482,-2.397605112084386,0.01332,1.444162426277326,-2.6961387020132346,-0.2681238620205104,-4.130120332554739,-3.2526153582267714,-4.696777784504097,0.00552305953940202,0.004819654702978404,-0.010825545219827593,-0.006005890516849188,S2
2019-04-05,-1.3083272485202349,0.1326706324479895,-2.5455251539719,0.01332,1.4409978809682245,-2.6781957864198898,-0.4062099688314602,-4.13039304265374,-3.228275762964965,-4.669273643933189,0.0243395952618064,0.02750414057090822,-0.01794291559334482,0.009561224977563398,S2
2019-04-08,-1.435818921495465,-0.001796353860419403,-2.650032182734283,0.01326,1.4340225676350458,-2.648235828873864,0.0,-4.680091144565708,-3.2442722230702428,-4.678294790705288,-0.015996460105277777,-0.009021146772099087,-0.029959957546025873,-0.03898110431812496,S2
2019-04-09,-1.1309408035564814,0.3150686770654154,-2.3593054094307067,0.013139999999999999,1.4460094806218968,-2.674374086496122,0.28127093612443865,-4.680400169004852,-3.2681884293239314,-4.714197909945828,-0.02391620625368862,-0.03590311924054035,0.026138257622258187,-0.009764861618282161,S2
2019-04-10,-1.1694463889901436,0.28112468285824366,-2.416233439328812,0.01326,1.4505710718483873,-2.6973581221870555,0.29046496949451306,-4.680709213848749,-3.2207978553640917,-4.671368927212479,0.0473905739598397,0.04282898273334901,0.022984035690933435,0.06581301842428244,S2
2019-04-11,-1.3160475623329382,0.1250164521567203,-2.5357222694839545,0.0132,1.4410640144896585,-2.6607387216406746,0.14128516999548357,-4.681018279098746,-3.2236855467703243,-4.664749561259983,-0.002887691406232573,0.006619365952496459,-0.03661940054638091,-0.03000003459388445,S2
2019-04-12,-1.8083801508523216,-0.39160861752709075,-2.924283737626128,0.012899999999999998,1.4167715333252309,-2.5326751200990376,-0.35258472901254556,-4.681327364756191,-3.2255319429164153,-4.642303476241646,-0.001846396146091056,0.02244608501833678,-0.12806360154163698,-0.1056175165233002,S2
2019-04-15,-1.739680604496555,-0.31789729452570487,-2.8648861681780016,0.012899999999999998,1.4217833099708501,-2.5469888736522965,0.0,-4.966841444093607,-3.227160839597052,-4.648944149567902,-0.0016288966806365934,-0.0066406733262560635,0.014313753553258923,0.00767308022700286,S2
2019-04-16,-1.9939228492905445,-0.5891084218329216,-3.0537414137398033,0.01272,1.404814427457623,-2.464632991906882,-0.257503791565845,-4.9671694025337665,-3.2307503448090666,-4.635564772266689,-0.003589505212014732,0.013379377301212969,-0.08235588174541464,-0.06897650444420167,S2
2019-04-17,-1.8542497045438875,-0.4427524595919792,-2.940839517416562,0.012779999999999998,1.4114972449519083,-2.498087057824583,-0.12429150231399586,-4.967498743587257,-3.2375405413573652,-4.649037786309274,-0.006790196548298599,-0.013473014042584275,0.03345406591770095,0.019981051875116673,S2
2019-04-18,-1.8510557901268163,-0.4354745960791936,-2.9287585778011467,0.01272,1.4155811940476228,-2.493283981721953,-0.09239366101707275,-4.967829467526217,-3.2091673384164734,-4.624748532464096,0.02837320294089185,0.024289253845177328,-0.004803076102629866,0.01948617774254746,S2
2019-04-22,-1.9783103992597053,-0.5692750678974267,-3.0667266379747065,0.01284,1.4090353313622788,-2.49745157007728,0.0,-5.202266375513203,-3.2239559762534973,-4.632991307615776,-0.014788637837023888,-0.008242775151679815,0.004167588355326934,-0.004075186796352881,S2
2019-04-23,-2.239902594619226,-0.8365453123793283,-3.3058864617676034,0.01284,1.4033572822398979,-2.469341149388275,-0.23977386865104933,-5.202614155081492,-3.2024854291133154,-4.605842711353214,0.021470547140181928,0.027148596262562386,-0.028110420689004822,-0.0009618244264424369,S2
2019-04-24,-1.9642392129537765,-0.5448816533143522,-3.062170300763701,0.01284,1.4193575596394243,-2.517288647449349,0.031237587245321885,-5.202961957899385,-3.2074851577002867,-4.626842717339711,-0.004999728586971397,-0.021000005986497428,0.0479474980610739,0.026947492074576473,S2
2019-04-25,-1.9932521042277282,-0.5762743774065361,-3.0876505543790587,0.01284,1.4169777268211923,-2.5113761769725227,-0.003314998424533616,-5.203309783968435,-3.2133726781652405,-4.630350404986433,-0.005887520464953777,-0.0035076876467217133,-0.005912470476826304,-0.009420158123548017,S2
2019-04-26,-2.063123757556188,-0.6429335614879709,-3.143028652038992,0.012779999999999998,1.420190196068217,-2.500095090551021,-0.04107454892737489,-5.203657633290197,-3.1816084246613836,-4.601798620729601,0.03176425350385692,0.028551784256832136,-0.01128108642150183,0.017270697835330306,S2
2019-04-29,-2.2292164234481042,-0.8190440991506283,-3.2910890622105446,0.012779999999999998,1.410172324297476,-2.4720449630599166,0.0,-5.433806623972341,-3.204590200524237,-4.614762524821713,-0.022981775862853215,-0.012963904092112344,-0.02805012749110425,-0.04101403158321659,S2
2019-04-30,-2.1402660827781546,-0.7216145369482534,-3.226368451615093,0.01284,1.4186515458299012,-2.504753914666839,0.10641682886460985,-5.434171371178891,-3.1874884595361266,-4.6061400053660275,0.017101740988110237,0.008622519455685485,0.032708951606922554,0.04133147106260804,S2
2019-05-01,-1.8349157157877456,-0.4077215198377013,-2.914269561610405,0.012659999999999998,1.4271941959500443,-2.5065480417727035,0.337452706482547,-5.434536142869295,-3.262167720599002,-4.689361916549046,-0.07467926106287548,-0.0832219111830188,0.0017941271058643515,-0.08142778407715445,S2
2019-05-02,-1.9028065017146485,-0.4822795378476369,-2.9844791710121354,0.01272,1.4205269638670117,-2.5021996331644987,0.2722769275679159,-5.434894982992635,-3.2598115537100707,-4.680338517577082,0.002356166888931366,0.009023398971963914,-0.004348408608204846,0.004674990363759068,S2
2019-05-03,-2.271148261972195,-0.8605031156012685,-3.3077147017693704,0.012659999999999998,1.4106451463709266,-2.447211586168102,-0.038216953187034525,-5.435252357699597,-3.2023210489144365,-4.612966195285363,0.05749050479563422,0.0673723222917193,-0.05498804699639681,0.012384275295322489,S2
2019-05-06,-1.8939643895740554,-0.46568842132474175,-3.006850309871198,0.01284,1.4282759682493138,-2.541161888546456,0.0,-5.170190790801116,-3.2762264012270608,-4.704502369476375,-0.0739053523126243,-0.09153617419101145,0.09395030237835433,0.002414128187342879,S2
2019-05-07,-0.8523170331900353,0.6205669108438692,-2.108658092121986,0.013019999999999999,1.4728839440339043,-2.7292250029658556,0.8992502263438624,-5.170530759728682,-3.4189635001947845,-4.891847444228689,-0.14273709896772369,-0.1873450747523142,0.18806311441939938,0.0007180396670851685,S2
2019-05-08,-0.9880407250589067,0.47366799254158853,-2.226747086249389,0.013019999999999999,1.4617087176004953,-2.7004150787909778,0.7641188697593813,-5.17086933433438,-3.4187097395160926,-4.880418457116588,0.00025376067869187224,0.011428987112100941,-0.02880992417487782,-0.01738093706277688,S2
2019-05-09,-0.6996872790486576,0.7793601766877611,-2.0094363791146583,0.01326,1.4790474557364188,-2.7887965558024197,1.0654834507290014,-5.171206514341382,-3.406035784563723,-4.885083240300141,0.01267395495236956,-0.004664783183553567,0.08838147701144194,0.08371669382788838,S2
2019-05-10,-1.0471090004717736,0.4188103033808386,-2.3112330865409407,0.0132,1.4659193038526122,-2.7300433899217795,0.8330210183780724,-5.171543716335084,-3.291413697485239,-4.757333001337851,0.1146220870784842,0.12775023896229065,-0.05875316588064017,0.06899707308165048,S2
2019-05-13,0.3515869513213416,1.8762716373229988,-1.1094162771107237,0.013499999999999998,1.5246846860016572,-2.9856879144337225,0.0,-3.1253514485487344,-3.476938399870076,-5.001623085871733,-0.18552470238483698,-0.24429008453388246,0.25564452451194297,0.011354439978060515,S2
2019-05-14,-0.1504783241540064,1.3551919546549782,-1.5494294940613218,0.01344,1.5056702788089846,-2.9046214487163002,-0.41421840694991685,-3.1255552452326514,-3.389295328028562,-4.8949656068375464,0.08764307184151399,0.10665747903418676,-0.08106646571742226,0.0255910133167645,S2
2019-05-15,-0.20694636214532103,1.3062897289349105,-1.6267981993243499,0.01356,1.5132360910802314,-2.93308792825926,-0.38504321582485435,-3.125760767950819,-3.3038576216303523,-4.817093712710584,0.08543770639820947,0.07787189412696272,0.028466479542959888,0.1063383736699226,S2
2019-05-16,-0.7280674817279883,0.7631280541108586,-2.0728070190850345,0.01344,1.491195535838847,-2.835935073195893,-0.8926504295814234,-3.1259654477542465,-3.290548395607681,-4.781743931446528,0.013309226022671261,0.0353497812640553,-0.09715285506336713,-0.061803073799311825,S2
2019-05-17,-0.43823299065092186,1.064723293147337,-1.8136381773984007,0.01344,1.5029562837982589,-2.8783614705457374,-0.6119039517741381,-3.126170140960434,-3.2998411020836502,-4.8027973858819095,-0.009292706475969137,-0.02105345443538109,0.042426397349844436,0.021372942914463344,S2
2019-05-20,-0.25864604249163514,1.2484056301036723,-1.6507463373372029,0.01344,1.5070516725953076,-2.899151967440875,0.0,-3.581511507080049,-3.3228654645884137,-4.829917137183721,-0.023024362504763474,-0.027119751301811768,0.02079049689513779,-0.006329254406673979,S2
2019-05-21,-0.7189784123939146,0.7700196155109795,-2.053517879668329,0.013379999999999998,1.488998027904894,-2.8235374951793086,-0.4269576028988174,-3.5817460301691986,-3.289725220674102,-4.778723248578996,0.03314024391431181,0.0511938886047254,-0.07561447226156659,-0.024420583656841188,S2
2019-05-22,-0.44578459056557146,1.0598155119121142,-1.8421246604987782,0.01356,1.5056001024776857,-2.9019401724108924,-0.12289492730258607,-3.5819795872508893,-3.259089923987904,-4.76469002646559,0.03063529668619802,0.014033222113406296,0.07840267723158378,0.09243589934499008,S2
2019-05-23,0.46029990645840835,2.009598499976207,-1.0583490398161717,0.01368,1.5492985935177987,-3.067947539792379,0.7361076342075162,-3.582213159562278,-3.30640543181317,-4.855704025330969,-0.04731550782526606,-0.09101399886537909,0.16600736738148658,0.0749933685161075,S2
2019-05-24,0.32028120975721247,1.864226284714304,-1.2140089450752214,0.013859999999999999,1.5439450749570915,-3.0782352297895255,0.6321655836826323,-3.5824467471043575,-3.270562373178938,-4.8145074481360295,0.03584305863423198,0.04119657719493919,0.010287689997146465,0.05148426719208565,S2
2019-05-28,0.9800156591034836,2.5572513277468856,-0.6421164990665864,0.013919999999999998,1.577235668643402,-3.199367826813472,0.0,-2.337102865062872,-3.3171185241663554,-4.894354192809757,-0.0465561509874175,-0.07984674467372788,0.12113259702394652,0.041285852350218644,S2
2019-05-29,1.3159461556826373,2.9066921123545084,-0.35322567867183974,0.01398,1.5907459566718711,-3.259917791026348,0.32014435527176993,-2.3372559022882142,-3.3330577026990817,-4.923803659370953,-0.015939178532726306,-0.029449466561195514,0.06054996421287617,0.03110049765168066,S2
2019-05-30,1.3438838567954874,2.9411405713008762,-0.33269196123172423,0.01398,1.5972567145053889,-3.2738325325326003,0.3910598633262313,-2.3374089495346784,-3.2902329430039345,-4.887489657509324,0.04282475969514721,0.03631400186162903,0.01391474150625216,0.05022874336788119,S2
2019-05-31,2.302011317998335,3.9448581499065405,0.4704648237504553,0.01422,1.6428468319082055,-3.4743933261560853,1.3202528785682777,-2.337562647230955,-3.3193210866610126,-4.962167918569218,-0.029088143657078014,-0.07467826105989417,0.200560793623485,0.12588253256359083,S2
2019-06-03,2.730160230530648,4.399862831028738,0.7849557280936827,0.01452,1.66970260049809,-3.6149071029350552,0.0,-0.5446747414212912,-3.274834971951939,-4.944537572450029,0.04448611470907338,0.0176303461191889,0.14051377677896992,0.15814412289815882,S2
2019-06-04,1.552797038193399,3.175279854587878,-0.2600541416913209,0.01452,1.6224828163944789,-3.4353339962791987,-1.1341678410685918,-0.5447102583568879,-3.231675137618879,-4.854157954013358,0.04315983433306014,0.0903796184366712,-0.17957310665585657,-0.08919348821918538,S2
2019-06-05,1.1720073185258024,2.7820564630873634,-0.633041731671405,0.0147,1.610049144561561,-3.4150981947587686,-1.4672151658308608,-0.5447457776084589,-3.183968261965122,-4.794017406526683,0.047706875653756864,0.06014054748667519,-0.02023580152043003,0.03990474596624516,S2
2019-06-06,0.9383498507191307,2.541162488127971,-0.831393434136132,0.01464,1.60281263740884,-3.3725559222641026,-1.7231022687812128,-0.5447811499210251,-3.2062332694213684,-4.8090459068302085,-0.022265007456246266,-0.01502850030352576,-0.04254227249466602,-0.05757077279819178,S2
2019-06-07,0.6915154229233584,2.2912069759282976,-1.0355549101327879,0.01452,1.5996915530049391,-3.3267618860610852,-2.0035585005230883,-0.5448165245304435,-3.23989044797689,-4.83958200098183,-0.03365717855552175,-0.030536094151621285,-0.04579403620301736,-0.07633013035463865,S2
2019-06-10,0.20860590910842114,1.782979210065703,-1.427941437148299,0.014339999999999999,1.5743733009572818,-3.210920647214002,0.0,-3.0728936864404557,-3.281499595548877,-4.855872896506159,-0.04160914757198686,-0.016290895524329052,-0.11584123884708308,-0.13213213437141214,S2
2019-06-11,0.22486422358165908,1.8001996742288549,-1.4035233670243366,0.01428,1.5753354506471957,-3.203723041253191,0.009667842251490573,-3.0730932205358585,-3.288289601866027,-4.863625052513223,-0.006790006317149988,-0.007752156007064137,-0.007197605960810982,-0.01494976196787512,S2
2019-06-12,0.37402909487021807,1.9580458481409622,-1.3046446440538786,0.014459999999999999,1.584016753270744,-3.2626904921948405,0.1864842962113159,-3.0732927675877315,-3.2608375662466336,-4.844854319517378,0.027452035619393467,0.018770732995845307,0.058967450941649346,0.07773818393749465,S2
2019-06-13,0.34438591165347116,1.932899345644836,-1.3467846817329725,0.01452,1.588513433991365,-3.2796840273778085,0.18431924699487823,-3.0734923275969157,-3.233558992255509,-4.822072426246874,0.027278573991124766,0.02278189327050395,0.016993535182967978,0.03977542845347193,S2
2019-06-14,0.43207873726273377,2.026164099045623,-1.2706874058043227,0.01452,1.5940853617828892,-3.2968515048499456,0.29288645139788516,-3.073691058456998,-3.2128833443218467,-4.806968706104736,0.020675647933662056,0.015103720142137789,0.017167477472137094,0.03227119761427488,S2
2019-06-17,0.39241307754203947,1.9863005080021428,-1.2970211378674834,0.014459999999999999,1.5938874304601032,-3.283321645869626,0.0,-2.823573735119249,-3.2159868126612885,-4.809874243121392,-0.0031034683394417506,-0.00290553701665619,-0.013529858980319442,-0.016435395996975632,S2
2019-06-18,0.16575698040084674,1.7580735559969247,-1.4950444816050592,0.0144,1.592316575596078,-3.253118037601984,-0.21428448055156057,-2.8237570799689347,-3.203798540921342,-4.79611511651742,0.012188271739946632,0.01375912660397205,-0.030203608267642235,-0.016444481663670185,S2
2019-06-19,0.1274734709797317,1.724345399989165,-1.5449799610248287,0.014459999999999999,1.5968719290094333,-3.2693253610139936,-0.17040686137709904,-2.823940436723864,-3.1218207690806947,-4.718692698090128,0.08197777184064714,0.07742241842729225,0.0162073234120097,0.09362974183930195,S2
2019-06-20,-0.10560721581024266,1.4874292022980442,-1.7265363079553033,0.01428,1.5930364181082868,-3.2139655102533475,-0.42347128216654856,-2.8241238053848106,-3.1419878717411165,-4.735024289849403,-0.020167102660421765,-0.016331591759275454,-0.05535985076064609,-0.07169144251992154,S2
2019-06-21,-0.30241640537786385,1.2732711212192829,-1.8628053666849382,0.0141,1.5756875265971466,-3.136076487904221,-0.6807660045879629,-2.8243079597354437,-3.2026575589455426,-4.778345085542689,-0.060669687204426115,-0.04332079569328595,-0.07788902234912642,-0.12120981804241238,S2
2019-06-24,-0.02482995248291216,1.5702214236843832,-1.6019880615261535,0.01398,1.5950513761672953,-3.1722094852105367,0.0,-3.192165075043689,-3.167335122560777,-4.762386498728072,0.03532243638476551,0.015958586814616815,0.036132997306315584,0.0520915841209324,S2
2019-06-25,0.469179502994345,2.0837784947822127,-1.171554121830228,0.014039999999999999,1.6145989917878676,-3.2553326166124403,0.4384436075748022,-3.1923732284841964,-3.223109123903739,-4.837708115691607,-0.05577400134296173,-0.07532161696353423,0.08312313140190364,0.007801514438369406,S2
2019-06-26,0.28504964120444104,1.8852397652174868,-1.3086758744115012,0.013919999999999998,1.6001901240130458,-3.193915639628988,0.2319698108527368,-3.192581395497891,-3.245661225849595,-4.845851349862641,-0.02255210194585633,-0.00814323417103413,-0.061416976983452276,-0.0695602111544864,S2
2019-06-27,0.30913518346961133,1.917929890007665,-1.2832000667769383,0.013859999999999999,1.6087947065380535,-3.2011299567846034,0.29386862936439134,-3.1927895760856577,-3.2080561301908777,-4.816850836728931,0.0376050956587175,0.02900051313370966,0.0072143171556153796,0.03621483028932504,S2
2019-06-28,0.10696634402912972,1.7118689203400945,-1.4675801501425325,0.013859999999999999,1.6049025763109648,-3.179449070482627,0.1366523797167808,-3.192999519836681,-3.16331348414903,-4.768216060459995,0.044742646041847856,0.048634776268936086,-0.02168088630197662,0.026953889966959466,S2
2019-07-01,-0.3698113047773694,1.2159038856191888,-1.8733472516823324,0.013739999999999999,1.5857151903965583,-3.0892511373015212,0.0,-3.4872865565737836,-3.117475251796414,-4.703190442192972,0.04583823235261564,0.0650256182670228,-0.09019793318110558,-0.025172314914082783,S2
2019-07-02,-0.3137886635874552,1.284083810529042,-1.8314040549191455,0.013739999999999999,1.5978724741164971,-3.1154878654481877,0.14043194178582952,-3.48751586514647,-3.0332952597731855,-4.631167733889683,0.08417999202322868,0.07202270830328938,0.026236728146666444,0.09825943644995583,S2
2019-07-03,-0.5155651813782407,1.0803440307239478,-1.986605495222801,0.01356,1.5959092121021885,-3.0669495259467485,-0.03651324766317804,-3.4877461443442344,-3.008694210629172,-4.60460342273136,0.024601049144013398,0.026564311158322695,-0.048538339501439154,-0.02197402834311646,S2
2019-07-05,-0.7523967054680214,0.8217071046484589,-2.189069293645004,0.01356,1.5741038101164802,-3.0107763982934626,-0.3699940705018322,-3.488208659703167,-3.1058060247369776,-4.679909834853458,-0.09711181410780556,-0.07530641212209765,-0.05617312765328597,-0.13147953977538362,S2
2019-07-08,-0.5899436338997228,0.9883554850959512,-2.0114647364694993,0.013379999999999998,1.578299118995674,-2.9998202215654506,0.0,-3.7394716866942135,-3.1495280527944907,-4.727827171790165,-0.04372202805751302,-0.04791733693670697,-0.010956176728011968,-0.058873513664718935,S2
2019-07-09,-0.7162515920304716,0.8546805219268748,-2.1131832216774042,0.01332,1.5709321139573464,-2.967863743604279,-0.14190467442385013,-3.7397186024283267,-3.1653716848217055,-4.736303798779052,-0.015843632027214838,-0.008476626988887404,-0.031956477961171625,-0.04043310495005903,S2
2019-07-10,-0.9726906045343267,0.5902442917902008,-2.3752202863021723,0.013499999999999998,1.5629348963245273,-2.965464578092373,-0.29526514641919094,-3.7399655344661813,-3.0625400763510457,-4.6254749726755735,0.10283160847065975,0.11082882610347866,-0.0023991655119059985,0.10842966059157266,S2
2019-07-11,-1.3252059741790574,0.21570764470578258,-2.685048837921881,0.013499999999999998,1.54091361888484,-2.9007564826276635,-0.6690705211040303,-3.7402114580932455,-3.0840760050182188,-4.624989623903058,-0.02153592866717302,0.0004853487725151595,-0.06470809546470946,-0.0642227466921943,S2
2019-07-12,-1.475696072459428,0.06289570589895094,-2.8231340942316043,0.013499999999999998,1.538591778358379,-2.8860298001305553,-0.7845129596572197,-3.740455348326026,-3.0492722355238175,-4.5878640138821964,0.03480376949440123,0.0371256100208619,-0.014726682497108179,0.02239892752375372,S2
2019-07-15,-1.3289106197171927,0.2211822122614774,-2.6968116940957096,0.013499999999999998,1.5500928319786702,-2.917993906357187,0.0,-4.391218408030137,-3.0623077883129444,-4.612400620291615,-0.013035552789126825,-0.024536606409418127,0.03196410622663182,0.00742749981721369,S2
2019-07-16,-1.3794604589515667,0.16183992114035164,-2.717149320313207,0.013379999999999998,1.5413003800919183,-2.8789892414535587,-0.07742396695565414,-4.391508358324647,-3.0894718663287346,-4.630772246420653,-0.02716407801579024,-0.018371626129038532,-0.03900466490362842,-0.05737629103266695,S2
2019-07-17,-0.7703760307006313,0.8034076383600959,-2.187175861148323,0.01344,1.5737836690607272,-2.990583499508419,0.4751905179217605,-4.391798327764453,-3.1462317791420604,-4.720015448202788,-0.05675991281332582,-0.08924320178213474,0.11159425805486034,0.0223510562727256,S2
2019-07-18,-0.8548828206932205,0.7201092946841036,-2.297227222379422,0.013619999999999998,1.574992115377324,-3.0173365170635256,0.4519788665233917,-4.392088316350818,-3.0852266291342056,-4.660218744511529,0.06100515000785478,0.05979670369125856,0.026753017555106506,0.08654972124636506,S2
2019-07-19,-0.626257762464014,0.9542198049340915,-2.0792915638996003,0.01356,1.5804775673981055,-3.033511368833692,0.6085690947563479,-4.392378324085007,-3.157551466864645,-4.73802903426275,-0.0723248377304393,-0.07781028975122073,0.01617485177016631,-0.06163543798105442,S2
2019-07-22,-0.7789279311869624,0.7984113739233087,-2.198512464884538,0.01344,1.577339305110271,-2.996923838807847,0.0,-3.884688262087848,-3.1057603309008854,-4.683099636011157,0.051791135963759505,0.05492939825159304,-0.03658753002584492,0.018341868225748126,S2
2019-07-23,-1.2056247119070136,0.3533785335595774,-2.5707031875969464,0.013379999999999998,1.559003245466591,-2.924081721156524,-0.3800769866939783,-3.884943702042741,-3.0593959768297054,-4.618399222296296,0.04636435407118,0.0647004137148608,-0.07284211765132298,-0.008141703936462186,S2
2019-07-24,-1.2515675113985787,0.31268647540459915,-2.5329784095838566,0.012899999999999998,1.5642539868031777,-2.8456648849884556,-0.40021155740286896,-3.8851991587942383,-3.033843204798529,-4.598097191601707,0.025552772031176563,0.020302030694589135,-0.07841683616806838,-0.05811480547347925,S2
2019-07-25,-1.1682291536733829,0.39294721650006925,-2.4398156191081184,0.01284,1.561176370173452,-2.8327628356081878,-0.363928120158855,-3.885454632343444,-3.0811535988289167,-4.642329969002368,-0.04731039403038784,-0.04423277740066123,-0.012902049380267844,-0.05713482678092907,S2
2019-07-26,-1.4524264494377142,0.10054657170882636,-2.6861085403028913,0.012779999999999998,1.5529730211465405,-2.786655112011718,-0.6199779555885411,-3.8857101226914628,-3.05326162884229,-4.6062346499888305,0.027891969986626908,0.0360953190135378,-0.046107723596469974,-0.010012404582932177,S2
2019-07-29,-1.269326361788336,0.2940756273124379,-2.523628201002547,0.012779999999999998,1.5634019891007738,-2.817703828314985,0.0,-4.357762673604099,-3.088436311815763,-4.651838300916537,-0.03517468297347337,-0.04560365092770624,0.03104871630326711,-0.014554934624439131,S2
2019-07-30,-1.1161618726278173,0.45191044705660305,-2.3979345969995003,0.01284,1.5680723196844204,-2.8498450440561034,0.08517805453438605,-4.3580480268584365,-3.1567080996962336,-4.724780419380654,-0.06827178788047039,-0.07294211846411702,0.0321412157411185,-0.04080090272299852,S2
2019-07-31,-0.41101606904092597,1.1866984405293572,-1.7482661700080038,0.012779999999999998,1.5977145095702832,-2.934964610537361,0.6304555713897904,-4.35833459286227,-3.3168629524315536,-4.914577462001837,-0.16015485273532004,-0.18979704262118346,0.08511956648125762,-0.10467747613992584,S2
2019-08-01,0.5386212984729861,2.1878259227333743,-0.9558334799693905,0.013019999999999999,1.6492046242603882,-3.143659402702765,1.5038264774955783,-4.358590130107499,-3.393384951084907,-5.042589575345295,-0.0765219986533534,-0.1280121133434582,0.20869479216540388,0.08068267882194569,S2
2019-08-02,0.978496187189523,2.6497737960966097,-0.5730009544680342,0.013080000000000001,1.6712776089070867,-3.222774750564644,1.9322279544076046,-4.358845682335352,-3.405113915117271,-5.076391524024357,-0.011728964032363898,-0.033801948679061944,0.07911534786187913,0.04531339918281718,S2
2019-08-05,3.071959164223513,4.827924028709157,1.2423834159327105,0.01344,1.755964864485644,-3.5855406127764464,0.0,-0.9353591781285864,-4.007318342352099,-5.763283206837744,-0.6022044272348284,-0.6868916828133864,0.3627658622118024,-0.324125820601584,S2
2019-08-06,2.3884226431849385,4.128725441471018,0.6056471495640594,0.013499999999999998,1.7403027982860797,-3.523078291906959,-0.36686480023136286,-0.9354137636952295,-3.690701207111531,-5.431004005397611,0.31661713524056845,0.3322792014401328,-0.06246232086948744,0.26981688057064535,S2
2019-08-07,2.4109732144955007,4.156353315391577,0.6467178377186029,0.013379999999999998,1.7453801008960763,-3.5096354776729743,-0.281053778021172,-0.9354680961547058,-3.6274950886713784,-5.372875189567455,0.06320611844015245,0.05812881583015628,-0.013442814233984635,0.04468600159617164,S2
2019-08-08,1.5218118147249262,3.2392497636363675,-0.18385303732884334,0.013499999999999998,1.7174379489114413,-3.4231028009652107,-1.0351383320426557,-0.935522431770022,-3.492472578537604,-5.209910527449045,0.13502251013377453,0.16296466211840954,-0.08653267670776366,0.07643198541064589,S2
2019-08-09,1.7390212846598074,3.459441370921382,0.03977920423359593,0.013379999999999998,1.7204200862615746,-3.419662166687786,-0.8976047077834428,-0.9355767705413616,-3.572202762984612,-5.292622849246186,-0.07973018444700797,-0.08271232179714083,-0.0034406342774246923,-0.08615295607456552,S2
2019-08-12,2.840215236117231,4.611918771359405,1.0255532733405808,0.013379999999999998,1.7717035352421742,-3.586365498018824,0.0,-0.887586346573454,-3.727801582690685,-5.499505117932859,-0.15559881970607314,-0.20688226868667314,0.1667033313310382,-0.040178937355634936,S2
2019-08-13,1.9288511545556575,3.6688505744058904,0.21257657242266517,0.01332,1.7399994198502329,-3.456274001983225,-0.6990383590597709,-0.8876379010310412,-3.5155274146464697,-5.2555268344967025,0.21227416804421528,0.24397828343615657,-0.130091496035599,0.11388678740055758,S2
2019-08-14,3.8101740992908364,5.6244197435574925,1.8970093180154355,0.013379999999999998,1.8142456442666561,-3.727410425542057,0.8511199885765467,-0.8876894584831112,-3.846743569197401,-5.660989213464057,-0.3312161545509311,-0.4054623789673544,0.27113642355883183,-0.13432595540852255,S2
2019-08-15,3.9918142164686077,5.825288405546528,1.9985986114747822,0.013619999999999998,1.8334741890779207,-3.826689794071746,1.15012836231542,-0.8877412621465888,-3.7294271162997763,-5.5629013053776974,0.11731645289762449,0.09808790808635948,0.0992793685296891,0.19736727661604858,S2
2019-08-16,3.0806844633849773,4.881410113144115,1.1885536106473706,0.01356,1.800725649759138,-3.6928565024967446,0.4785306098245387,-0.8877930688332177,-3.4899469223936563,-5.290672572152794,0.23948019390611996,0.27222873322490315,-0.13383329157500157,0.13839544164990158,S2
2019-08-19,2.272645796911086,4.040776934337716,0.425048087247869,0.013739999999999999,1.76813113742663,-3.615728847089847,0.0,-1.121533232703508,-3.3941790296145937,-5.162310167041223,0.09576789277906261,0.12836240511157104,-0.07712765540689759,0.051234749704673455,S2
2019-08-20,2.8446009980772056,4.639896927398047,0.9225452996020661,0.0138,1.795295929320841,-3.7173516277959804,0.5368913123165668,-1.1215986829908924,-3.4293083687515313,-5.224604298072372,-0.03512933913693761,-0.062294131031149114,0.1016227807061334,0.039328649674984284,S2
2019-08-21,2.226331313622793,3.996155349070485,0.42932529921247686,0.013499999999999998,1.7698240354476917,-3.566830049858008,0.03796345409949853,-1.1216638297926151,-3.3100316893159096,-5.079855724763601,0.1192766794356217,0.144748573308771,-0.1505215779379725,-0.005773004629201495,S2
2019-08-22,2.164930394554646,3.9272050105466905,0.3782143900127626,0.013499999999999998,1.7622746159920446,-3.548990620533928,-0.1029725690782657,-1.1217289803783168,-3.3896319440112284,-5.1519065600032725,-0.07960025469531873,-0.07205083523967115,-0.01783942932407978,-0.08989026456375093,S2
2019-08-23,3.8515524889451385,5.683849700138872,1.8689042010509351,0.013619999999999998,1.8322972111937332,-3.8149454990879366,1.3248348829272776,-1.1217941347482172,-3.648511740766078,-5.480808951959811,-0.2588797967548495,-0.3289023919565386,0.26595487855400846,-0.06294751340253013,S2
2019-08-26,3.309148347501008,5.122437568240859,1.378431805630778,0.013619999999999998,1.8132892207398514,-3.7440057626100813,0.0,-0.280512987292828,-3.5896613347938358,-5.402950555533687,0.058850405972242115,0.07785839642612391,-0.07093973647785523,0.0069186599482686795,S2
2019-08-27,3.7651243570934083,5.602117722735287,1.7970109344760208,0.01356,1.836993365641879,-3.8051067882592666,0.379883593381263,-0.2805292805751231,-3.6657700442872683,-5.502763409929147,-0.07610870949343251,-0.09981285439546017,0.06110102564918529,-0.03871182874627488,S2
2019-08-28,3.5462633261123817,5.381088351928996,1.5942305065552431,0.01356,1.8348250258166146,-3.786857845373753,0.2568211325968657,-0.2805455748037953,-3.5699877683193115,-5.404812794135926,0.09578227596795674,0.09795061579322173,-0.018248942885513486,0.07970167290770824,S2
2019-08-29,2.8281867748008627,4.636450097144459,0.9330648274841398,0.013619999999999998,1.808263322343596,-3.703385269660319,-0.3607200769439767,-0.2805618699788994,-3.4694687217237385,-5.277732044067335,0.10051904659557298,0.12708075006859065,-0.08347257571343425,0.043608174355156404,S2
2019-08-30,2.892077649143558,4.702318587458258,1.003451028553753,0.01356,1.8102409383147,-3.698867558904505,-0.38627020832559145,-0.2805782429712315,-3.558926100440381,-5.369167038755081,-0.08945737871664239,-0.09143499468774596,-0.004517710755814086,-0.09595270544356005,S2
2019-09-03,3.3296373596577573,5.160075601074154,1.3694257615849843,0.01368,1.8304382414163967,-3.79064983948917,0.0,-0.25751568036254624,-3.5871530400203033,-5.4175912814367,-0.028226939579922394,-0.04842424268161949,0.09178228058466509,0.0433580379030456,S2
2019-09-04,2.733841272575262,4.547213883689498,0.8149304520286581,0.013739999999999999,1.8133726111142359,-3.7322834316608398,-0.3742730850316551,-0.2575307084284067,-3.3656450660353237,-5.1790176771495595,0.22150797398497968,0.23857360428714092,-0.058366407828330136,0.18020719645881078,S2
2019-09-05,1.7251262488487988,3.489702730852184,-0.07233764629601674,0.01368,1.7645764820033851,-3.5620403771482008,-1.3711203282329092,-0.257545737371273,-3.3537923144529813,-5.118368796456366,0.011852751582342336,0.06064888069319352,-0.170243054512639,-0.10959417381944547,S2
2019-09-06,1.6843139658170259,3.4523727225706455,-0.08915276607481372,0.01356,1.7680587567536197,-3.5415254886454592,-1.2978611930131487,-0.2575606966266123,-3.2397358554567868,-5.0077946122104064,0.11405645899619454,0.11057418424595955,-0.020514888502741524,0.09005929574321803,S2
2019-09-09,1.3199125998338006,3.0622306565505,-0.3721676318891561,0.013379999999999998,1.7423180567166996,-3.4343982884396564,0.0,-1.984044146431372,-3.3039567462651727,-5.0462748029818725,-0.06422089080838589,-0.03848019077146603,-0.1071272002058028,-0.14560739097726882,S2
2019-09-10,0.8788653467584657,2.5906958173224757,-0.7473785680449667,0.01332,1.71183047056401,-3.3380743853674426,-0.4682213349120568,-1.9841599310160647,-3.3312466126865874,-5.043077083250598,-0.027289866421414732,0.0031977197312746952,-0.09632390307221383,-0.09312618334093914,S2
2019-09-11,0.4511478388853887,2.144845938244535,-1.1325155821802328,0.01332,1.6936980993591464,-3.277361520424768,-0.8539067336951502,-1.9842757223576986,-3.289330294938237,-4.983028394297383,0.04191631774835036,0.06004868895321458,-0.06071286494267447,-0.000664175989459892,S2
2019-09-12,0.14677774377650946,1.8241203049496064,-1.4035336103974796,0.01332,1.677342561173097,-3.2276539153470862,-1.1508936331033917,-1.9843915204566682,-3.2820628973365693,-4.959405458509666,0.007267397601667724,0.023622935787717125,-0.049707605077681905,-0.02608466928996478,S2
2019-09-13,-0.37193348239480234,1.268680305324221,-1.8468436766400909,0.01326,1.6406137877190234,-3.115523981964312,-1.6752214754853174,-1.9845078690140794,-3.2877958621045944,-4.928409649823617,-0.005732964768025095,0.030995808686048676,-0.1121299333827741,-0.08113412469672543,S2
2019-09-16,0.06593851378556849,1.7323350139149434,-1.4483280177424822,0.0132,1.6663965001293748,-3.1806630316574256,0.0,-3.2642501556754957,-3.330188669461064,-4.996585169590439,-0.042392807356469664,-0.06817551976682168,0.06513904969311346,-0.0030364700737082195,S2
2019-09-17,0.10772370333517753,1.7818673754630876,-1.4268380701224153,0.01326,1.6741436721279102,-3.208705445585503,0.06339345788882592,-3.2644558546319167,-3.3087861000782683,-4.9829297722061785,0.021402569382795722,0.013655397384260581,0.02804241392807727,0.04169781131233785,S2
2019-09-18,0.12120022366416026,1.7986016029739258,-1.3835700846298307,0.013080000000000001,1.6774013793097655,-3.1821716876037565,0.1001009732832626,-3.264657094414529,-3.285756344795426,-4.963157724105192,0.023029755282842235,0.019772048100986872,-0.026533757981746398,-0.0067617098807595255,S2
2019-09-19,0.1618445379847242,1.8425702083205253,-1.3372647646494362,0.013019999999999999,1.6807256703358011,-3.1798349729699615,0.1465576984654769,-3.2648270398919585,-3.2801138794112057,-4.960839549747007,0.005642465384220419,0.0023181743581845993,-0.002336714633794923,-1.8540275610323675e-05,S2
2019-09-20,0.6474834665271473,2.352518251531726,-0.9250539511945219,0.013139999999999999,1.7050347850045786,-3.277572202726248,0.5489724818964982,-3.2649969942160957,-3.363507978846745,-5.068542763851323,-0.0833940994355391,-0.10770321410431638,0.0977372297562864,-0.009965984348029977,S2
2019-09-23,0.7031859996936132,2.4150081367608585,-0.8556080666602063,0.013019999999999999,1.7118221370672453,-3.270616203421065,0.0,-2.6161989754902706,-3.3193849751838838,-5.0312071122511295,0.04412300366286104,0.03733565160019392,-0.0069559993051830915,0.03037965229501083,S2
2019-09-24,1.5334354738336444,3.2856050909339665,-0.14615410693535,0.0132,1.752169617100322,-3.4317591978693165,0.6638637958676586,-2.6163351647349855,-3.485906842700971,-5.238076459801293,-0.16652186751708742,-0.20686934755016395,0.16114299444825164,-0.04572635310191231,S2
2019-09-25,0.8109443268177617,2.524498295295687,-0.7909600202022579,0.0132,1.713553968477925,-3.3154583154979447,0.01988153252128535,-2.616471361069188,-3.4075341553656644,-5.12108812384359,0.07837268733530678,0.11698833595770353,-0.11630088237137182,0.0006874535863317099,S2
2019-09-26,4.394176382034601,6.105314853962172,2.7876237310453678,0.013080000000000001,1.7111384719275708,-3.3176911229168042,0.2458669002332044,0.48377179053595,-3.664537691265447,-5.375676163193018,-0.2570035358997824,-0.25458803934942775,0.0022328074188595615,-0.2523552319305682,S2
2019-09-27,4.726690361947041,6.4510707944086825,3.076277159128796,0.013139999999999999,1.7243804324616416,-3.3747936352798864,0.4648566300527128,0.48379604600362797,-3.7780376858907,-5.502418118352342,-0.11349999462525329,-0.12674195515932407,0.05710251236308217,-0.0696394427962419,S2
2019-09-30,4.48505751419258,6.203422921177544,2.8438714953533544,0.0132,1.7183654069849634,-3.3595514258241894,0.0,0.8359239937209323,-3.649133520471648,-5.367498927456611,0.12890416541905214,0.13491919089573035,-0.015242209455696987,0.11967698144003336,S2
2019-10-01,5.299666465544524,7.05169451052702,3.554041675869451,0.01332,1.752028044982496,-3.4976528346575693,0.6414903375192114,0.8359670506409694,-3.8222090773843433,-5.574237122366839,-0.17307555691269538,-0.20673819491022805,0.13810140883337985,-0.0686367860768482,S2
2019-10-02,6.413888014952529,8.213894834564487,4.505378439784159,0.01356,1.8000068196119576,-3.708516394780328,1.6052650484607236,0.8360094226474752,-3.9726135438443304,-5.772620363456288,-0.15040446645998706,-0.1983832410894486,0.21086356012275864,0.012480319033310039,S2
2019-10-03,6.24106803314588,8.044743263114132,4.3034640914195785,0.013739999999999999,1.8036752299682517,-3.7412791716945533,1.6036800649903804,0.8360513386912095,-3.80133662946429,-5.605011859432542,0.17127691438004033,0.16760850402374583,0.032762776914225356,0.20037128093797119,S2
2019-10-04,5.58670018045128,7.370906472685029,3.7102099126202233,0.013739999999999999,1.7842062922337485,-3.6606965600648054,1.1446390335358272,0.8360930277699263,-3.6059681191455266,-5.3901744113792756,0.19536851031876346,0.21483744805326666,-0.08058261162974789,0.13425483642351876,S2
2019-10-07,5.64023135472816,7.420549310381849,3.7759552014800835,0.01368,1.7803179556536897,-3.644594108901766,0.0,1.946722500730877,-3.6935088539972827,-5.473826809650973,-0.08754073485175606,-0.08365239827169724,-0.016102451163039433,-0.09975484943473667,S2
2019-10-08,6.573871282278202,8.390599676960857,4.590368658578304,0.0138,1.816728394682655,-3.8002310183825534,0.7325743632846449,1.9468195726017263,-3.894477346391831,-5.711205741074486,-0.20096849239454828,-0.23737893142351307,0.15563690948078746,-0.08174202194272562,S2
2019-10-09,5.816820008067293,7.59910185223898,3.926552014613009,0.013739999999999999,1.7822818441716866,-3.672549837625971,0.11488017198335881,1.9469166493129924,-3.7550231867709423,-5.537305030942629,0.1394541596208887,0.17390071013185704,-0.12768118075658252,0.046219529375274515,S2
2019-10-10,5.08215442870838,6.825711080805386,3.298404993062792,0.013619999999999998,1.7435566520970056,-3.5273060877425935,-0.5564471083549704,1.9470137308649165,-3.691587806198434,-5.43514445829544,0.0634353805725083,0.10216057264718881,-0.1452437498833774,-0.0430831772361886,S2
2019-10-11,4.086183479402476,5.780446785147851,2.4680027582333586,0.01332,1.694263305745375,-3.3124440269144926,-1.4588386780124174,1.94711081725774,-3.5979113401571534,-5.292174645902529,0.09367646604128055,0.14296981239291107,-0.2148620608281009,-0.07189224843518982,S2
2019-10-15,3.5196287550719414,5.193380968112584,1.9671681346140697,0.01326,1.6737522130406428,-3.2262128334985145,0.0,0.08322970922761042,-3.4363990458443308,-5.110151258884974,0.16151229431282266,0.18202338701755494,-0.08623119341597807,0.09579219360157687,S2
2019-10-16,3.6903936257174745,5.373729197374806,2.1078221228013003,0.01332,1.6833355716573317,-3.265907074573506,0.17915243638624526,0.08323404184578806,-3.428007147485441,-5.1113427191427725,0.008391898358889538,-0.0011914602577984823,0.03969424107499142,0.03850278081719294,S2
2019-10-17,3.5382581761988634,5.21443590823334,1.982684267684115,0.01326,1.6761777320344766,-3.2317516405492253,0.020050066213579965,0.08323826066441241,-3.434969849320871,-5.111147581355348,-0.0069627018354299075,0.0001951377874247484,-0.03415543402428067,-0.033960296236855925,S2
2019-10-18,3.723774439578641,5.406841581576244,2.150448279284794,0.01326,1.6830671419976029,-3.25639330229145,0.17567295810777547,0.08324247969687272,-3.464859001773993,-5.1479261437715955,-0.02988915245312196,-0.03677856241624777,0.02464166174222493,-0.012136900674022844,S2
2019-10-21,3.247139293128307,4.907005477877578,1.7457784001791787,0.013139999999999999,1.659866184749271,-3.1612270776983995,0.0,-0.2099976221410917,-3.4571369152693987,-5.11700310001867,0.007722086504594383,0.030923043752925317,-0.09516622459305069,-0.06424318084012537,S2
2019-10-22,3.5135173578735577,5.186516372242108,2.0067485408023007,0.013019999999999999,1.6729990143685507,-3.1797678314398077,0.23486669343699912,-0.21000826612592904,-3.4886589305624875,-5.161657944931038,-0.031522015293088845,-0.04465484491236804,0.018540753741408178,-0.026114091170959863,S2
2019-10-23,3.40301157176764,5.073909118860555,1.8940531738913833,0.013080000000000001,1.6708975470929146,-3.1798559449691712,0.16969569494025513,-0.21001891065026973,-3.4433347874776548,-5.114232334570569,0.04532414308483279,0.04742561036046933,8.811352936355377e-05,0.04751372388983288,S2
2019-10-24,3.2996545969765005,4.967128572985259,1.8112257299844208,0.013019999999999999,1.6674739760087585,-3.1559028430008382,0.09114738716941387,-0.21002955571414106,-3.4185367655212278,-5.086010741529986,0.024798021956426997,0.028221593040583137,-0.023953101968333,0.004268491072250136,S2
2019-10-25,2.9258635045075523,4.57576999881367,1.4885697846865753,0.012960000000000001,1.649906494306118,-3.087200214127095,-0.21584431193527903,-0.21004008622708065,-3.3517479026699117,-5.00165439697603,0.06678886285131602,0.08435634455395569,-0.06870262887374334,0.015653715680212343,S2
2019-10-28,2.509109587617216,4.135774514965577,1.1163143206831707,0.012960000000000001,1.6266649273483615,-3.0194601942824066,0.0,-0.8903828968392049,-3.3994924844564207,-5.026157411804782,-0.04774458178650898,-0.024503014828751724,-0.06774001984468825,-0.09224303467343997,S2
2019-10-29,2.5923235662258226,4.223929675783479,1.2044406335518119,0.012899999999999998,1.6316061095576564,-3.019489042231667,0.07866770641354398,-0.8904272951206939,-3.404083154932972,-5.035689264490629,-0.004590670476551484,-0.00953185268584722,2.8847949260502048e-05,-0.009503004736586718,S2
2019-10-30,2.655805078354425,4.300146393799562,1.227313021190918,0.013019999999999999,1.6443413154451365,-3.0728333726086436,0.23022075125913782,-0.8904716956160701,-3.3160560227113574,-4.960397338156493,0.08802713222161485,0.07529192633413562,0.0533443303769765,0.12863625671111212,S2
2019-10-31,3.23689847501734,4.916679527828262,1.7322895503622067,0.013080000000000001,1.679781052810922,-3.1843899774660556,0.7776882886858736,-0.890510242896377,-3.3497204292278435,-5.029501482038766,-0.03366440651648617,-0.0691041438822726,0.11155660485741192,0.04245246097513933,S2
2019-11-01,2.593430643418305,4.24366501360659,1.1774478073607741,0.012960000000000001,1.6502343701882847,-3.0662172062458155,0.20825942614160664,-0.8905485478594052,-3.2757197651361034,-4.925954135324388,0.07400066409174011,0.10354734671437793,-0.11817277122024006,-0.014625424505862128,S2
2019-11-04,2.2238437188313096,3.8510416517663932,0.8490934824541956,0.012960000000000001,1.6271979329350836,-3.0019481693121977,0.0,-1.1191294622550108,-3.3429731810863204,-4.970171114021404,-0.06725341595021694,-0.04421697869701635,-0.06426903693361785,-0.1084860156306342,S2
2019-11-05,1.9883790418121459,3.595773375898084,0.6574833212192375,0.012899999999999998,1.6073943340859382,-2.9382900546788466,-0.28486352102088885,-1.1191772945637795,-3.3924198573968143,-4.999814191482752,-0.04944667631049393,-0.029643077461347644,-0.06365811463335103,-0.09330119209469867,S2
2019-11-06,2.143772430305857,3.7656451749626942,0.8059844811753734,0.01284,1.6218727446568373,-2.959660693787321,-0.07892613375554534,-1.119224822279952,-3.341923386341354,-4.963796130998191,0.05049647105546029,0.0360180604845608,0.021370639108474254,0.05738869959303505,S2
2019-11-07,1.5742923442642045,3.157566471813442,0.31490063007968194,0.012779999999999998,1.5832741275492377,-2.8426658417337602,-0.6940087475266734,-1.1192723520144674,-3.387573443805345,-4.970847571354583,-0.04565005746399109,-0.007051440356391936,-0.11699485205356064,-0.12404629240995257,S2
2019-11-08,1.3287613998510324,2.9002754163797277,0.12022471814793034,0.012659999999999998,1.5715140165286954,-2.7800506982317974,-0.8878018601922282,-1.1193198837674119,-3.3358831438106726,-4.907397160339368,0.05169029999467245,0.0634504110152152,-0.06261514350196284,0.0008352675132523579,S2
2019-11-12,1.467529534397654,3.0480560660952176,0.25674933924393084,0.0126,1.5805265316975636,-2.791306726851287,0.0,-1.9064117446955744,-3.3739412790932284,-4.954467810790792,-0.03805813528255575,-0.047070650451424,0.011256028619489378,-0.03581462183193462,S2
2019-11-13,1.6281595379639477,3.220981302412357,0.3850044317127801,0.012659999999999998,1.5928217644484093,-2.835976870699577,0.15530356853719834,-1.9064927036256294,-3.3793486730523785,-4.972170437500788,-0.005407393959150131,-0.017702626709995783,0.044670143848290156,0.026967517138294372,S2
2019-11-14,1.8535008222274945,3.4644934535252387,0.5557653130809284,0.012779999999999998,1.6109926312977443,-2.9087281404443104,0.3997573444902177,-1.9065736659937393,-3.360317143731016,-4.971309775028761,0.019031529321362317,0.0008606624720268741,0.07275126974473345,0.07361193221676032,S2
2019-11-15,1.3838883819099552,2.97506486565659,0.13073181266055034,0.012779999999999998,1.591176483746635,-2.84433305299604,0.009470894376222672,-1.9066546318000501,-3.281072119333783,-4.8722486030804175,0.07924502439723335,0.09906117194834341,-0.0643950874482706,0.0346660845000728,S2
2019-11-18,1.526242707366381,3.128152871718756,0.24246199650146805,0.01284,1.601910164352375,-2.885690875217288,0.0,-1.7834563615325125,-3.3096990688988934,-4.911609233251268,-0.028626949565110582,-0.0393606301708509,0.041357822221248064,0.0019971920503971674,S2
2019-11-19,1.6733252011993673,3.284012921171382,0.3871214796486888,0.012779999999999998,1.6106877199720147,-2.896891441522693,0.11309924612918519,-1.7835320989587171,-3.3437580540288994,-4.954445774000914,-0.034058985130005937,-0.04283654074964538,0.011200566305405335,-0.031635974444240045,S2
2019-11-20,2.0745605276459647,3.710316799600266,0.7028343245800284,0.012960000000000001,1.6357562719543015,-3.007482475020238,0.5329164523246173,-1.783607839601237,-3.3252519149225845,-4.961008186876886,0.018506139106314823,-0.006562412875972257,0.11059103349754462,0.10402862062157237,S2
2019-11-21,1.9954808916442084,3.621966100079625,0.6496492692684481,0.012899999999999998,1.6264852084354167,-2.972316830811177,0.40685844680589206,-1.7836835834602083,-3.3723060282985244,-4.9987912367339415,-0.0470541133759399,-0.037783049857055495,-0.035165644209060876,-0.07294869406611637,S2
2019-11-22,1.8400466293574675,3.4616030984799333,0.5217643279962423,0.01284,1.6215564691224658,-2.939838770483691,0.3207282072563032,-1.783759330535768,-3.3030777526369324,-4.924634221759398,0.06922827566159206,0.07415701497454386,-0.0324780603274859,0.04167895464705795,S2
2019-11-25,1.549098676084154,3.1626873191297618,0.26877435254476856,0.012779999999999998,1.6135886430456077,-2.893912966584993,0.0,-1.7131807982590135,-3.262279474343168,-4.875868117388775,0.04079827829376459,0.0487661043706229,-0.045925803898697826,0.0028403004719250724,S2
2019-11-26,1.5039587939085886,3.11952083205998,0.25223726089199205,0.012659999999999998,1.6155620381513915,-2.867283571167988,0.00409645081360864,-1.71325355131711,-3.2131158944120903,-4.828677932563481,0.04916357993107745,0.04719018482529336,-0.026629395417005153,0.020560789408288205,S2
2019-11-27,1.2414902191787869,2.842610192282584,0.043232335277098244,0.012539999999999997,1.6011199731037973,-2.799377857005486,-0.29742441765596,-1.7133263074647858,-3.252240944299533,-4.8533609174033305,-0.039125049887442476,-0.024682984839849098,-0.06790571416250213,-0.09258869900235123,S2
2019-11-29,1.425879453952062,3.0321043043094895,0.2258822839055621,0.01248,1.6062248503574275,-2.8062220204039274,-0.19017860937810227,-1.7134727679183295,-3.329530831248494,-4.935755681605921,-0.07728988694896133,-0.08239476420259084,0.006844163398441516,-0.07555060080414933,S2
2019-12-02,1.7101542970051125,3.3179905028273002,0.4502561524840054,0.012659999999999998,1.6078362058221878,-2.867734350343295,0.0,-1.8018849187925292,-3.5120392157976417,-5.119875421619829,-0.18250838454914753,-0.18411974001390785,0.061512329939367394,-0.12260741007454046,S2
2019-12-03,2.5306758757721552,4.186288852007004,1.1853477302187425,0.012659999999999998,1.6556129762348486,-3.0009411217882613,0.7771250810294141,-1.801961438817919,-3.55551223356066,-5.211125209795509,-0.04347301776301826,-0.09124978817567975,0.1332067714449665,0.04195698326928676,S2
2019-12-04,1.9759642076312636,3.6040143095500046,0.685048361772147,0.012659999999999998,1.628050101918741,-2.9189659477778576,0.29875698675747686,-1.8020379620928584,-3.479245182966645,-5.107295284885386,0.07626705059401484,0.10382992491012288,-0.08197517401040377,0.02185475089971911,S2
2019-12-05,1.7538641204874676,3.369163370308837,0.5132897228670772,0.012539999999999997,1.6152992498213692,-2.8558736474417596,0.09764845593997182,-1.8021144886174854,-3.4583301531649813,-5.0736294029863505,0.02091502980166382,0.03366588189903563,-0.06309230033609792,-0.029426418437062285,S2
2019-12-06,1.1657688999908644,2.753654568895303,0.0073331304234236505,0.012419999999999997,1.5878856689044385,-2.7463214384718793,-0.44259956330332423,-1.8021910183919378,-3.4105594816861267,-4.998445150590565,0.04777067147885461,0.0751842523957853,-0.10955220896988038,-0.03436795657409508,S2
2019-12-09,1.5017283524552245,3.103109323877884,0.33985138254157654,0.012299999999999998,1.6013809714226594,-2.7632579413363074,0.0,-2.079867738567142,-3.5815960910223663,-5.182977062445026,-0.17103660933623965,-0.18453191185446105,0.01693650286442816,-0.1675954089900329,S2
2019-12-10,1.432183235335087,3.0280995014338887,0.33186304153463286,0.012059999999999998,1.5959162660988018,-2.696236459899256,-0.05527780668225504,-2.0799560635930647,-3.5674171056104065,-5.163333371709209,0.014178985411959832,0.019643690735817287,-0.06702148143705156,-0.04737779070123427,S2
2019-12-11,1.5441598910888883,3.1548800414553577,0.3872216189868203,0.01224,1.6107201503664694,-2.7676584224685374,0.120298663525713,-2.080044392369856,-3.5039056199330316,-5.114625770299501,0.06351148567737486,0.04870760140970809,0.07142196256928157,0.12012956397898966,S2
2019-12-12,0.6470961943310045,2.207341158965219,-0.39663820144741635,0.012119999999999999,1.5602449646342147,-2.6039793604126356,-0.7283567771732553,-2.0801327248976755,-3.4555856964019354,-5.01583066103615,0.048319923531096265,0.09879510926335122,-0.16367906205590188,-0.06488395279255066,S2
2019-12-13,0.8783485621129785,2.461498410200193,-0.19357113147027682,0.012119999999999999,1.5831498480872146,-2.65506954167047,-0.3519760757035193,-2.080221061176682,-3.310545698993179,-4.8936955470803944,0.14503999740875617,0.12213511395575516,0.05109018125783438,0.17322529521358954,S2
2019-12-16,0.2576874016451753,1.80741052951592,-0.7303311529175529,0.012,1.5497231278707446,-2.537741682433473,0.0,-3.0424621619863896,-3.3001495636315648,-4.849872691502309,0.010396135361614434,0.043822855578085296,-0.11732785923699707,-0.07350500365891177,S2
2019-12-17,0.2520653538389642,1.8016928548817797,-0.7229871245879824,0.01194,1.5496275010428153,-2.524679979469762,-0.01320197397189886,-3.0425913651777003,-3.3078586929885634,-4.857486194031379,-0.007709129356998634,-0.007613502529070004,-0.013061702963710786,-0.02067520549278079,S2
2019-12-18,0.16776739120146897,1.7094353075030706,-0.7849266268505737,0.01188,1.5416679163016016,-2.4943619343536443,-0.13441943201891304,-3.0427205738558385,-3.3449073970762204,-4.886575313377822,-0.037048704087657036,-0.02908911934644287,-0.030318045116117798,-0.05940716446256067,S2
2019-12-19,-0.019265428312646035,1.5155926795907781,-0.9320035508250339,0.01176,1.5348581079034243,-2.447596230415812,-0.3016279395839969,-3.0428497880210372,-3.3252122992923883,-4.8600704071958125,0.01969509778383216,0.026504906182009513,-0.04676570393783219,-0.02026079775582268,S2
2019-12-20,-0.20351153985766302,1.3248370278658923,-1.1018799309106462,0.01176,1.5283485677235553,-2.4267169587765385,-0.48968365536168723,-3.0429790076735292,-3.329151123177553,-4.857499690901109,-0.003938823885164755,0.0025707162947039564,-0.02087927163927361,-0.018308555344569655,S2
2019-12-23,-0.26835464693607075,1.256835422612333,-1.161315212114958,0.01176,1.5251900695484037,-2.418150634727291,0.0,-3.6164272202746837,-3.3480725733386127,-4.873262642887017,-0.018921450161059727,-0.01576295198590838,-0.008566324049247509,-0.02432927603515589,S2
2019-12-24,-0.1327341305950308,1.402715501096467,-1.052203939914848,0.011819999999999999,1.5354496316914976,-2.454919441011315,0.14079344075483616,-3.6165807978421687,-3.3430532264923016,-4.8785028581838,0.005019346846311112,-0.0052402152967827575,0.0367688062840239,0.031528590987241145,S2
2019-12-26,-0.31969813277948095,1.209632889660607,-1.2248548340404897,0.011819999999999999,1.529331022440088,-2.4344877237010967,-0.052638621269379154,-3.616887972543192,-3.34982846103309,-4.8791594834731775,-0.006775234540788322,-0.0006566252893778213,-0.0204317173102182,-0.02108834259959602,S2
2019-12-27,-0.19286224254881087,1.343938285774532,-1.0977968638258029,0.01176,1.5368005283233428,-2.4417351496003348,0.03685232067457617,-3.6170415696772844,-3.3873270064538974,-4.92412753477724,-0.03749854542080744,-0.04496805130406223,0.007247425899238102,-0.037720625404824126,S2
2019-12-30,0.030467024243789637,1.5719496385965903,-0.9031483464918089,0.011819999999999999,1.5414826143528007,-2.475097985088399,0.0,-3.4653868894041233,-3.4958539136479128,-5.037336528000713,-0.10852690719401537,-0.11320899322347344,0.0333628354880644,-0.07984615773540904,S2
2019-12-31,-0.2493765671157962,1.2794074230505963,-1.1712921210554303,0.01188,1.5287839901663924,-2.4506995441060266,-0.20409448729129837,-3.46553405279397,-3.420251972969472,-4.949035963135865,0.07560194067844073,0.0883005648648485,-0.024398440982372538,0.06390212388247596,S2
2020-01-02,-0.4946039440281271,1.0335244074848293,-1.4017413874183307,0.01188,1.5281283515129565,-2.43526579490316,-0.32850097606532436,-3.465828398322539,-3.2997254303597363,-4.827853781872692,0.12052654260973572,0.1211821812631726,-0.015433749202866665,0.10574843206030593,S2
2020-01-03,0.23808821281168369,1.8058966988234109,-0.7492008928796428,0.01194,1.5678084860117272,-2.5550975917030536,0.30550836220581834,-3.4659755804617927,-3.398555431067658,-4.966363917079385,-0.0988300007079217,-0.13851013520669309,0.11983179679989364,-0.018678338406799444,S2
2020-01-06,0.04910270649643198,1.6094191281748893,-0.9608855907719676,0.012119999999999999,1.5603164216784573,-2.570304718946857,0.0,-3.34181014574217,-3.390912852238602,-4.951229273917059,0.007642578829055946,0.015134643162325823,0.015207127243803242,0.030341770406129065,S2
2020-01-07,0.055805997519030495,1.6131859180789425,-0.965319502195255,0.012179999999999998,1.557379920559912,-2.5785054202741975,0.010769614155130752,-3.3419520612410643,-3.386988444604964,-4.944368365164876,0.003924407633637994,0.00686090875218337,0.008200701327340632,0.015061610079524002,S2
2020-01-08,-0.3201705029835302,1.2173212668419622,-1.330886375976026,0.012299999999999998,1.5374917698254924,-2.5482076428179883,-0.35594641071401445,-3.342093982766635,-3.377869890497119,-4.915361660322612,0.0091185541078449,0.02900670484226442,-0.030297777456209207,-0.0012910726139447881,S2
2020-01-09,-0.5557746126472644,0.9775683911363031,-1.524856738454055,0.012179999999999998,1.5333430037835676,-2.502425129590358,-0.5107384910993855,-3.342235910319138,-3.297199788771259,-4.8305427925548265,0.0806701017258602,0.08481886776778502,-0.04578251322763016,0.03903635454015486,S2
2020-01-10,-0.3697769625930211,1.1739892314708789,-1.306866091476217,0.01194,1.5437661940639,-2.4808553229470958,-0.31351346275480985,-3.3423769281789975,-3.2861134283407862,-4.829879622404686,0.01108636043047273,0.0006631701501405018,-0.021569806643262357,-0.020906636493121855,S2
2020-01-13,-0.7345157987465611,0.7937428345483294,-1.6410377420784514,0.01194,1.5282586332948904,-2.434780576626781,0.0,-4.011293265366642,-3.2767774666200804,-4.805036099914971,0.009335961720705832,0.02484352248971522,-0.04607474632031483,-0.02123122383059961,S2
2020-01-14,-0.5407968676039728,1.0000553526250184,-1.4664940502648023,0.01194,1.5408522202289912,-2.4665494028898207,0.18852783472850057,-4.011462512543301,-3.2821378102108274,-4.8229900304398186,-0.0053603435907469965,-0.017953930524847728,0.031768826263039784,0.013814895738192057,S2
2020-01-15,-0.4819991831816566,1.0665172774705955,-1.4410020358793258,0.012059999999999998,1.5485164606522521,-2.5075193133499214,0.25270465021730254,-4.011631766860951,-3.276927933461992,-4.825444394114244,0.005209876748835551,-0.0024543636744258635,0.04096991046010068,0.038515546785674815,S2
2020-01-16,-0.8785336222745933,0.6527785578303772,-1.791348421778598,0.012,1.5313121801049705,-2.444126979608975,-0.14534605991830507,-4.011801028319892,-3.278613465963604,-4.809925646068574,-0.0016855325016122968,0.015518748045669994,-0.06339233374094633,-0.04787358569527633,S2
2020-01-17,-1.1837328740331519,0.3315564904913785,-2.0446947972063194,0.01188,1.5152893645245302,-2.376251287697698,-0.42603092966212874,-4.011971396090522,-3.254269451719499,-4.769558816244029,0.02434401424410515,0.04036682982454565,-0.06787569191127707,-0.027508862086731423,S2
2020-01-21,-0.7646855735435714,0.7771502814874554,-1.6544043264981827,0.011819999999999999,1.5418358550310267,-2.431554607985638,0.0,-4.074677529614228,-3.309991956070657,-4.851827811101684,-0.055722504351158,-0.08226899485765493,0.05530332028794005,-0.02696567456971488,S2
2020-01-22,-0.7251608435929533,0.8202021428008311,-1.6193977258289323,0.011819999999999999,1.5453629863937843,-2.4395998686297635,0.03222792947266861,-4.074850567539553,-3.317461794473931,-4.862824780867715,-0.007469838403273865,-0.010996969766031484,0.008045260644125474,-0.00295170912190601,S2
2020-01-23,-0.6307854951182185,0.9236550366442415,-1.5485954788491125,0.01188,1.5544405317624599,-2.472250515493354,0.12485828365680522,-4.07502361281322,-3.319379834038196,-4.873820365800656,-0.0019180395642650616,-0.010995584932940616,0.03265064686359054,0.02165506193064992,S2
2020-01-24,0.01552751106236519,1.5994275860445626,-0.9578088808116099,0.01188,1.5839000749821974,-2.5572364668561725,0.635332362195639,-4.07519666543554,-3.455391814302266,-5.039291889284463,-0.13601198026407024,-0.16547152348380756,0.08498595136281839,-0.08048557212098917,S2
2020-01-27,1.3157810313056135,2.9608477242587004,0.14725408759594272,0.01224,1.6450666929530868,-2.8135936366627576,0.0,-2.4625331137143522,-3.7783141450199658,-5.423380837973053,-0.3229223307176996,-0.3840889486885892,0.2563571698065852,-0.12773177888200404,S2
2020-01-28,0.5979121648008172,2.211798070623234,-0.507643384081307,0.01224,1.6138859058224166,-2.719441454704541,-0.5615359216795586,-2.4626376892587833,-3.6220857757391594,-5.235971681561576,0.1562283692808064,0.18740915641147637,-0.09415218195821673,0.09325697445325964,S2
2020-01-29,0.8576039944430459,2.4897978150151916,-0.28901424407177645,0.012299999999999998,1.6321938205721458,-2.778812059086968,-0.28578618455674915,-2.462742269244188,-3.606132448243983,-5.238326268816129,0.015953327495176417,-0.0023545872545529534,0.05937060438242714,0.057016017127874186,S2
2020-01-30,0.8010484797253874,2.4375036148499674,-0.38578093816461534,0.01248,1.63645513512458,-2.8232845530145827,-0.2527623928593698,-2.4628502274358786,-3.5166611000206354,-5.153116235145216,0.08947134822334757,0.08521003367091318,0.044472493927614654,0.12968252759852783,S2
2020-01-31,2.018566716859092,3.707010919964193,0.6509202421414022,0.012779999999999998,1.6884442031051012,-3.056090677822791,0.6945696989137119,-2.4629575155771137,-3.786954533522494,-5.475398736627595,-0.2702934335018585,-0.3222825014823787,0.23280612480820828,-0.08947637667417041,S2
2020-02-03,1.5357918323061757,3.2033956517998603,0.2549964589902576,0.0126,1.6676038194936846,-2.9483991928096027,0.0,-2.1838600774076253,-3.719651909713801,-5.387255729207485,0.0673026238086929,0.0881430074201095,-0.10769148501318826,-0.01954847759307876,S2
2020-02-04,0.507674004500774,2.128057603269618,-0.6642032990325428,0.012539999999999997,1.6203835987688437,-2.7922609023021607,-0.8880898809301265,-2.1839552120145993,-3.5797190974455,-5.200102696214344,0.139932812268301,0.187153032993141,-0.156138290507442,0.03101474248569902,S2
2020-02-05,-0.20157371685316788,1.3858450197999845,-1.2819554049466464,0.012419999999999997,1.5874187366531525,-2.667800424746631,-1.5472984760060813,-2.184050350765883,-3.5297751099187966,-5.117193846571949,0.04994398752670337,0.08290884964239531,-0.1244604775555298,-0.04155162791313449,S2
2020-02-06,-0.2947086219962307,1.29182830587472,-1.343378532060342,0.012299999999999998,1.5865369278709507,-2.635206837935062,-1.6261248339082057,-2.1841454936616578,-3.5155617055736332,-5.102098633444584,0.014213404345163383,0.01509521312736517,-0.032593586811568986,-0.017498373684203816,S2
2020-02-07,0.21943223668824574,1.8350048560903813,-0.8791662249032886,0.012299999999999998,1.6155726194021356,-2.71417108099367,-1.1326127480366757,-2.1842400422800923,-3.5362850270050137,-5.15185764640715,-0.020723321431380448,-0.04975901296256602,0.07896424305860794,0.029205230096041923,S2
2020-02-10,0.04238833775305145,1.6587185815821677,-1.0599006643990951,0.01236,1.6163302438291163,-2.718619245981263,0.0,-3.4442824818760176,-3.486670819629069,-5.103001063458185,0.049614207375944464,0.048856582948964444,0.0044481649875929286,0.05330474793655737,S2
2020-02-11,-0.13856625032108535,1.466305948693155,-1.2094028771145293,0.012299999999999998,1.6048721990142403,-2.675708825807684,-0.20566778270316993,-3.4444315800707597,-3.5115331124528444,-5.116405311467084,-0.024862292823775167,-0.013404248008899167,-0.0429104201735786,-0.05631466818247777,S2
2020-02-12,-0.6250423620078112,0.9587165473486625,-1.66557529816865,0.01236,1.5837589093564737,-2.6242918455173125,-0.5819678497389333,-3.444580684719755,-3.401506172450877,-4.98526508180735,0.11002694000196733,0.13114022965973415,-0.05141698029037167,0.07972324936936248,S2
2020-02-13,-0.48926213441096483,1.1011328109283245,-1.5296792227166545,0.012299999999999998,1.5903949453392894,-2.630812033644979,-0.4765805283188942,-3.444729795823283,-3.4320481897312125,-5.022443135070501,-0.030542017280335454,-0.037178053263151156,0.006520188127666415,-0.03065786513548474,S2
2020-02-14,-0.5125179661709652,1.081419566177555,-1.5411327518749585,0.01224,1.5939375323485203,-2.6225523180525134,-0.4526852002245951,-3.4448789133816233,-3.385046147435253,-4.978983679783774,0.04700204229595961,0.04345945528672779,-0.008259715592465522,0.035199739694262266,S2
2020-02-18,-0.11359965985517914,1.5025958643187527,-1.194062297863846,0.012299999999999998,1.6161955241739319,-2.6966581621825987,0.0,-3.608642921541777,-3.4950432616865976,-5.11123878586053,-0.10999711425134473,-0.13225510607675606,0.07410584413008525,-0.058149261946670805,S2
2020-02-19,-0.36222692642941834,1.244369828582142,-1.421749725796136,0.012299999999999998,1.6065967550115605,-2.666119554378278,-0.21711137325631655,-3.6088001233834155,-3.463684570210314,-5.070281325221874,0.031358691476283784,0.040957460638655796,-0.030538607804320606,0.01041885283433519,S2
2020-02-20,0.06040322150358374,1.6887921159112562,-1.038902398300703,0.012299999999999998,1.6283888944076725,-2.7276945142119593,0.10712430855474078,-3.608957332073174,-3.5622362450220173,-5.19062513942969,-0.09855167481170346,-0.12034381420781592,0.06157495983368122,-0.058768854374134705,S2
2020-02-21,0.8480815409044405,2.514134893869259,-0.37807731757523166,0.012539999999999997,1.6660533529648185,-2.8922122114444906,0.7684522290199016,-3.6091135588129797,-3.6887428706975185,-5.354796223662337,-0.1265066256755012,-0.16417108423264715,0.1645176972325313,0.00034661299988414385,S2
2020-02-24,3.163263304966774,4.921089385286226,1.6741748026318573,0.012779999999999998,1.757826080319452,-3.246914582654369,0.0,-1.2681384968664364,-4.431401801833211,-6.189227882152663,-0.7426589311356921,-0.8344316584903257,0.35470237120987846,-0.4797292872804473,S2
2020-02-25,4.768587743821247,6.589760362545965,3.0490746347208355,0.013139999999999999,1.8211726187247175,-3.5406857278251294,1.3402733390543482,-1.268193392816917,-4.696507797583816,-6.517680416308534,-0.26510599575060567,-0.32845253415587106,0.2937711451707603,-0.03468138898511075,S2
2020-02-26,4.868415094443963,6.693305893472852,3.1276077194896654,0.0132,1.8248907990288892,-3.5656981739831863,1.4725261530940283,-1.2682482911437667,-4.664137232493701,-6.48902803152259,0.03237056509011538,0.028652384785943674,0.025012446158056978,0.05366483094400065,S2
2020-02-27,7.75714650927134,9.684960498158516,5.661840070519947,0.013619999999999998,1.9278139888871753,-4.023120427638569,3.150899888268794,-1.2683031918470886,-5.874549812849635,-7.80236380173681,-1.2104125803559338,-1.3133357702142199,0.45742225365538225,-0.8559135165588376,S2
2020-02-28,9.085464436757594,11.089329853832176,6.681633889993203,0.01428,2.003865417074582,-4.4076959638389726,4.341984584990853,-1.2683580949269855,-6.011837946693726,-8.015703363768308,-0.13728813384409122,-0.21333956203149818,0.38457553620040397,0.1712359741689058,S2
2020-03-02,6.8985807196032365,8.834919014017276,4.614906307972766,0.01464,1.936338294414039,-4.22001270604451,0.0,1.739871514749638,-5.158709204853599,-7.095047499267638,0.853128741840127,0.9206558645006702,-0.18768325779446293,0.7329726067062072,S2
2020-03-03,8.709519795395561,10.721769751823079,6.175390863319077,0.014879999999999999,2.0122499564275174,-4.546378888504002,1.4928762792471235,1.739947308063712,-5.476696208084726,-7.488946164512243,-0.31798700323112694,-0.39389866524460526,0.3263661824594921,-0.06753248278511315,S2
2020-03-04,6.671114721505182,8.615476092919076,4.353195444253706,0.01482,1.944361371413894,-4.26228064866537,0.013128451074793268,1.7399992689098573,-4.917987001520531,-6.8623483729344255,0.5587092065641945,0.6265977915778178,-0.2840982398386318,0.342499551739186,S2
2020-03-05,9.293677812178416,11.344236485815431,6.622010899459851,0.01512,2.050558673637015,-4.72222558635558,1.847936389141715,1.7400512313077332,-5.7056901917289675,-7.756248865365983,-0.7877031902084362,-0.8939004924315572,0.45994493769021005,-0.43395555474134717,S2
2020-03-06,11.272362474611274,13.423825536899788,8.3166195776646,0.015299999999999998,2.1514630622885136,-5.107205959235188,3.5102441096279606,1.740103195257386,-6.022015169725927,-8.17347823201444,-0.3163249779969597,-0.4172293666484581,0.38498037287960774,-0.032248993768850376,S2
2020-03-09,17.105933158733432,19.49567297795918,12.782936703039692,0.01758,2.389739819225749,-6.712736274919489,0.0,9.090761229442418,-8.015171929291014,-10.404911748516763,-1.9931567595650872,-2.2314335165023227,1.6055303156843017,-0.625903200818021,S2
2020-03-10,12.896707826942912,15.101219621099952,9.132807189536887,0.01758,2.2045117941570407,-5.968412431563065,-3.5558672963365874,9.091032711023152,-7.361542412256347,-9.566054206413387,0.6536295170346671,0.8388575421033764,-0.7443238433564243,0.09453369874695206,S2
2020-03-11,15.249370936462782,17.527004296745446,11.104932079340726,0.01794,2.277633360282664,-6.42207221740472,-1.8140894806306576,9.091304200711265,-7.972156216382174,-10.249789576664838,-0.6106138041258271,-0.6837353702514513,0.4536597858416549,-0.23007558440979636,S2
2020-03-12,21.595160084768615,24.093615174218712,16.228910802563387,0.0192,2.498455089450097,-7.864704371655325,1.7478272650026385,9.091578189349997,-10.755754630415979,-13.254209719866076,-2.783598414033804,-3.004420143201237,1.4426321542506049,-1.5617879889506323,S2
2020-03-13,15.266965919462894,17.525163872894076,10.592900953285245,0.019799999999999998,2.258197953431182,-6.9322629196088315,-2.1484588541242173,9.091852186246046,-8.323572587341065,-10.581770540772247,2.4321820430749135,2.6724391790938284,-0.9324414520464934,1.739997727047335,S2
2020-03-16,25.146522402833295,27.798054852342304,18.85653510644635,0.02028,2.651532449509009,-8.941519745895953,0.0,13.273536066605114,-11.87298633622818,-14.52451878573719,-3.5494137488871154,-3.9427482449649425,2.009256826287121,-1.9334914186778214,S2
2020-03-17,19.520174274105486,21.920465678123932,13.896182859148306,0.02094,2.4002914040184464,-8.024282818975626,-4.989528529436064,13.273626981547059,-11.23607582199449,-13.636367226012936,0.6369105142336906,0.8881515597242533,-0.9172369269203262,-0.02908536719607291,S2
2020-03-18,20.803668465417573,23.23278462560045,14.360832967361501,0.022860000000000002,2.4291161601828755,-8.871951658238947,-3.676103747611179,13.27371789711171,-11.206054315917042,-13.635170476099917,0.030021506077448024,0.0011967499130189907,0.8476688392633207,0.8488655891763397,S2
2020-03-19,20.49932539819474,22.928807385252178,13.678791693383275,0.024059999999999998,2.4294819870574393,-9.250015691868903,-3.4467246023953098,13.273790630011785,-10.672259370578264,-13.101741357635703,0.5337949453387782,0.5334291184642144,0.3780640336299559,0.9114931520941703,S2
2020-03-20,23.320734511905446,25.8875372180197,15.449399153949816,0.025380000000000003,2.5668027061142524,-10.438138064069882,0.08980224309967832,13.27384517994838,-9.957087088857389,-12.523889794971641,0.715172281720875,0.5778515626640619,1.1881223722009793,1.7659739348650412,S2
2020-03-23,25.307751053157144,27.970735640737956,16.828711644001555,0.025859999999999998,2.6629845875808122,-11.142023996736402,0.0,15.892997719480325,-9.414753333676819,-12.077737921257631,0.5423337551805698,0.44615187371401,0.7038859326665197,1.1500378063805297,S2
2020-03-24,20.565959196005103,23.047030064244414,13.2674670263101,0.025140000000000003,2.4810708682393106,-9.779563037934313,-4.96675851779118,15.893049970517625,-9.639667743278657,-12.120738611517968,-0.22491440960183873,-0.04300069026033704,-1.3624609588020888,-1.4054616490624259,S2
2020-03-25,19.990170806766056,22.44232103700289,12.937860474622807,0.024779999999999996,2.4521502302368354,-9.504460562380084,-5.837459400133667,15.893093513179931,-9.934536693719792,-12.386686923956628,-0.2948689504411348,-0.2659483124386597,-0.2751024755542293,-0.541050787992889,S2
2020-03-26,17.267028639493606,19.621831516091564,10.874492941073036,0.024239999999999998,2.354802876597958,-8.747338575018528,-8.694938544590945,15.893137055961532,-10.06883012812302,-12.423633004720978,-0.1342934344032276,-0.03694608076435024,-0.7571219873615558,-0.794068068125906,S2
2020-03-27,20.006909771649234,22.4815383072784,13.21703971128484,0.02388,2.474628535629165,-9.264498595993558,-6.050907068180474,15.893180598862427,-10.16463624096728,-12.639264776596445,-0.09580611284425977,-0.21563177187546678,0.5171600209750302,0.30152824909956344,S2
2020-03-30,17.679499623428313,20.07356335165736,11.457554972872067,0.02334,2.394063728229046,-8.616008378785292,0.0,8.200335137301495,-9.479164486126818,-11.873228214355864,0.6854717548404619,0.7660365622405809,-0.6484902172082663,0.11754634503231465,S2
2020-03-31,17.98309179659565,20.391548061244407,11.625464261563113,0.02358,2.4084562646487555,-8.766083799681294,0.6956260755048692,8.20035311065848,-9.087112610432303,-11.495568875081059,0.3920518756945146,0.3776593392748051,0.1500754208960018,0.5277347601708069,S2
2020-04-01,20.982185513944078,23.516910948797253,13.996285572283098,0.02382,2.5347254348531756,-9.520625376514156,3.1408340319274175,8.20036659070207,-9.640984891314591,-12.175710326167767,-0.5538722808822882,-0.6801414510867083,0.754541576832862,0.07440012574615373,S2
2020-04-02,19.192584102172706,21.66064526361698,12.619472140510066,0.02352,2.4680611614442753,-9.041173123106915,2.133086021896804,8.200377824088655,-8.859120256187246,-11.327181417631522,0.781864635127345,0.8485289085362453,-0.4794522534072403,0.369076655129005,S2
2020-04-03,19.527868148609787,22.012974932264214,12.888122240822431,0.02352,2.4851067836544267,-9.124852691441783,2.8358304164066395,8.200389057490629,-8.491648674712518,-10.976755458366945,0.367471581474728,0.35042595926457665,0.08367956833486723,0.4341055275994439,S2
2020-04-06,15.916406787476827,18.256841808657157,9.936534560845212,0.02346,2.3404350211803298,-8.320307247811945,0.0,7.767811200499608,-8.148595586977219,-10.489030608157549,0.3430530877352993,0.48772485020939627,-0.8045454436298378,-0.31682059342044155,S2
2020-04-07,15.624101008866155,17.94105067259361,9.939067259293713,0.02274,2.3169496637274563,-8.001983413299898,-0.44350643009347834,7.7678218413441575,-8.299785597615475,-10.616735261342932,-0.1511900106382562,-0.1277046531853827,-0.3183238345120465,-0.4460284876974292,S2
2020-04-08,13.71435800103917,15.957993419747183,8.418721577156935,0.0225,2.2436354187080134,-7.539271842590248,-2.0566959404612017,7.767832482203284,-8.003221459297087,-10.2468568780051,0.2965641383183879,0.36987838333783074,-0.46271157070965074,-0.09283318737182,S2
2020-04-09,13.17113608785942,15.402249452686485,8.19126041705261,0.02166,2.231113364827065,-7.210989035633874,-2.457343406854885,7.767843123076987,-7.860636371637318,-10.091749736464383,0.14258508765976963,0.15510714154071792,-0.32828280695637346,-0.17317566541565554,S2
2020-04-13,13.327364766175386,15.560788591658863,8.675901655606294,0.02046,2.2334238254834773,-6.884886936052569,0.0,5.570074341753497,-7.757290424421889,-9.990714249905366,0.10334594721542878,0.10103548655901662,-0.32610209958130554,-0.22506661302228892,S2
2020-04-14,11.745979387253232,13.923398380613285,7.404664198130118,0.02016,2.177418993360053,-6.5187341824831675,-1.2559539141667353,5.570081971997547,-7.43185132942242,-9.609270322782473,0.325439094999469,0.3814439271228931,-0.36615275356940113,0.015291173553491966,S2
2020-04-15,13.72020544946822,15.990247029766826,9.116845267218583,0.01998,2.2700415802986047,-6.873401762548243,0.48895630190825684,5.570089602252051,-7.661159545307913,-9.931201125606517,-0.2293082158854931,-0.32193080282404374,0.35466758006507515,0.03273677724103141,S2
2020-04-16,13.534489119789585,15.801855586091218,9.038903619420992,0.019679999999999996,2.267366466301633,-6.762951966670226,0.37267532936532266,5.570097232517007,-7.591716557907255,-9.85908302420889,0.06944298740065769,0.07211810139762775,-0.11044979587801684,-0.03833169448038909,S2
2020-04-17,12.025419539264593,14.233296590925917,7.763246559137812,0.01962,2.207877051661324,-6.470050031788105,-0.9933760317622847,5.570104862792415,-7.448690708234463,-9.656567759895786,0.1430258496727923,0.20251526431310296,-0.2929019348821207,-0.09038667056901772,S2
2020-04-20,13.43287400091818,15.69414178644945,8.955336108884849,0.019679999999999996,2.2612677855312704,-6.738805677564601,0.0,5.461950012218836,-7.970923988699344,-10.232191774230614,-0.5222332804648806,-0.5756240143348279,0.2687556457764959,-0.306868368558332,S2
2020-04-21,15.171606822453093,17.50408480179599,10.423367758887554,0.01974,2.3324779793428974,-7.080717042908436,1.5237163929245088,5.461957494347265,-8.185932935181318,-10.518410914524216,-0.21500894648197466,-0.2862191402936016,0.3419113653438348,0.05569222505023319,S2
2020-04-22,13.562954012011613,15.829803379274814,9.032233056893876,0.019799999999999998,2.2668493672632017,-6.797570322380938,0.33055592013181756,5.461964976485945,-7.770433115393851,-10.037282482657051,0.41549981978746775,0.48112843186716425,-0.28314672052749756,0.1979817113396667,S2
2020-04-23,13.639921921537745,15.913425845397786,9.163271369742414,0.019559999999999998,2.2735039238600407,-6.750154475655371,0.4736421805960814,5.461970962204267,-7.7043087787373965,-9.977812702597436,0.06612433665645412,0.05946978005961512,-0.04741584672556698,0.01205393333404814,S2
2020-04-24,12.568353691949163,14.806484237782175,8.252131479282236,0.0195,2.2381305458330125,-6.55435275849994,-0.01337144935466783,5.461978444361396,-7.119746696942435,-9.357877242775448,0.5845620817949619,0.6199354598219884,-0.19580171715543138,0.424133742666557,S2
2020-04-27,11.296287840889889,13.478714598155936,7.186676394304708,0.01944,2.1824267572660467,-6.292038203851227,0.0,4.423338812509245,-6.872949028380644,-9.05537578564669,0.24679766856179075,0.3025014571287574,-0.2623145546487127,0.04018690248004475,S2
2020-04-28,11.808924410301596,14.01836543734441,7.600123890767202,0.0195,2.209441027042814,-6.4182415465772085,0.4973712731154707,4.42334366000649,-6.888209477179635,-9.09765050422245,-0.015260448798991355,-0.04227471857575971,0.12620334272598122,0.08392862415022151,S2
2020-04-29,10.484523237539626,12.647401840316991,6.471298915873215,0.01944,2.162878602777365,-6.176102924443777,-0.5940710357015081,4.423348507509048,-6.6552457657320865,-8.818124368509451,0.23296371144754868,0.2795261357129988,-0.24213862213343162,0.037387513579567155,S2
2020-04-30,11.074050182126939,13.255481083607794,7.000411212364317,0.019379999999999998,2.181430901480855,-6.255069871243477,-0.2864664991818972,4.423354566894716,-6.937162114414121,-9.118593015894977,-0.2819163486820342,-0.30046864738552514,0.07896694679970029,-0.22150170058582486,S2
2020-05-01,12.484553926406935,14.714919864049044,8.188688967376482,0.0195,2.2303659376421088,-6.526230896672562,0.8158150389273882,4.423360626288684,-7.245378261190863,-9.475744198832972,-0.3082161467767426,-0.3571511829379954,0.2711610254290848,-0.08599015750891059,S2
2020-05-04,12.169338046230433,14.389648373609077,7.864929352115512,0.019679999999999996,2.2203103273786446,-6.524719021493565,0.0,5.072739569841002,-7.09659847638943,-9.316908803768076,0.14877978480143295,0.1588353950648962,-0.0015118751789966467,0.15732351988589954,S2
2020-05-05,11.450606958091825,13.642603820263833,7.249809983522549,0.019679999999999996,2.191996862172008,-6.392793836741284,-0.4773483099733701,5.0727465188040775,-6.855208749261117,-9.047205611433125,0.24138972712831297,0.2697031923349513,-0.13192518475228088,0.13777800758267045,S2
2020-05-06,11.413992036843844,13.594180960764309,7.185407381713073,0.01986,2.180188923920465,-6.4087735790512355,-0.5575908563466997,5.072753467776671,-6.898829425413872,-9.079018349334337,-0.04362067615275489,-0.03181273790121253,0.01597974230995103,-0.0158329955912615,S2
2020-05-07,11.199856303082694,13.389048293414387,6.926543565963997,0.02004,2.189191990331693,-6.46250472745039,-0.477798926750748,5.0727604167587845,-6.604894813074657,-8.794086803406351,0.29393461233921503,0.28493154592798575,0.05373114839915427,0.33866269432714,S2
2020-05-08,9.866421976413207,11.999241705859227,5.747913087222945,0.02022,2.1328197294460196,-6.251328618636282,-1.5114810652770259,5.072767365750416,-6.305135675939816,-8.437955405385836,0.29975913713484115,0.35613139802051563,-0.21117610881410798,0.14495528920640766,S2
2020-05-11,9.585223650363623,11.701939225850813,5.454742525254411,0.02046,2.1167155754871896,-6.247196700596402,0.0,3.310538950747271,-6.274684699616353,-8.391400275103543,0.030450976323463053,0.04655513028229308,-0.004131918039879778,0.0424232122424133,S2
2020-05-12,11.137415502910898,13.31524269646847,6.789898741227934,0.0204,2.1778271935575724,-6.525343955240536,1.000508520837492,3.3105434857352414,-6.826363496338164,-9.004190689895736,-0.5516787967218111,-0.6127904147921939,0.2781472546441339,-0.33464316014805995,S2
2020-05-13,12.335431981202088,14.564385532739522,7.752415025329464,0.020579999999999998,2.2289535515374332,-6.811970507410058,1.9293005878592937,3.3105480207294242,-7.095583372613371,-9.324536924150804,-0.2692198762752067,-0.3203462342550676,0.2866265521695217,-0.03371968208554588,S2
2020-05-14,11.666105390089829,13.8736450138875,7.20976821839479,0.02046,2.207539623797672,-6.663876795492711,1.5654466178495856,3.3105525557298194,-6.790106216510424,-8.997645840308095,0.30547715610294723,0.3268910838427086,-0.14809371191734666,0.17879737192536194,S2
2020-05-15,11.377152891489565,13.573153970889845,6.964617647464399,0.02046,2.196001079400279,-6.6085363234254455,1.3627797648712796,3.310557090736427,-6.703816035881859,-8.899817115282138,0.08629018062856453,0.0978287250259573,-0.055340472067265445,0.04248825295869185,S2
2020-05-18,9.424504958096637,11.538540914262981,5.358868293929882,0.02028,2.1140359561663438,-6.179672620333099,0.0,2.9943761702164307,-6.430128787880207,-8.544164744046551,0.2736872480016519,0.35565237123558724,-0.4288637030923468,-0.07321133185675954,S2
2020-05-19,10.09562166061337,12.238157137470978,6.054561375052186,0.019799999999999998,2.142535476857608,-6.183595762418792,0.5578496229251897,2.9943802721044053,-6.543391765583775,-8.685927242441384,-0.11326297770356764,-0.1417624983948329,0.003923142085692888,-0.13783935630914002,S2
2020-05-20,9.338552844195325,11.459799004247351,5.48710105220508,0.01944,2.121246160052026,-5.972697952042271,0.05896974143996475,2.994384373997999,-6.285198728757361,-8.406444888809387,0.25819303682641337,0.27948235363199636,-0.21089781037652067,0.0685845432554757,S2
2020-05-21,9.77748626833301,11.913788630919715,5.961964694590651,0.01908,2.1363023625867044,-5.951823936329064,0.3473026401006611,2.9943884758972117,-6.435795152335138,-8.572097514921843,-0.15059642357777658,-0.1656526261124558,-0.020874015713206795,-0.1865266418256626,S2
2020-05-22,9.660816423136936,11.797101713085313,5.855363650693942,0.01908,2.1362852899483773,-5.941738062391371,0.3713336296702677,2.994392577802043,-6.295090215664625,-8.431375505613001,0.1407049366705131,0.14072200930884193,-0.010085873937693002,0.13063613537114893,S2
2020-05-26,9.011739563169696,11.122434167341371,5.3576301161919355,0.01884,2.110694604171675,-5.764804051149436,0.0,2.733385979407265,-6.278353583762431,-8.389048187934106,0.016736631902193544,0.04232731767889497,-0.17693401124193553,-0.13460669356304056,S2
2020-05-27,8.493603223491444,10.590351156928612,4.945608626539478,0.01866,2.096747933437168,-5.644742530389134,-0.48471797206442035,2.733389723774185,-6.24493147178168,-8.341679405218848,0.03342211198075162,0.04736878271525846,-0.1200615207603013,-0.07269273804504284,S2
2020-05-28,8.549336790619144,10.644422394717154,5.0143930945783115,0.0186,2.09508560409801,-5.630029300138842,-0.519552255156376,2.733393468146234,-6.335495577629286,-8.430581181727295,-0.09056410584760588,-0.08890177650844677,-0.014713230250292142,-0.10361500675873891,S2
2020-05-29,8.53899542008916,10.643983145735213,5.021597369578188,0.01848,2.104987725646053,-5.622385776157024,-0.41785837111032487,2.733397212523413,-6.223456578676071,-8.328444304322124,0.11203899895321445,0.10213687740517052,-0.007643523981817779,0.09449335342335274,S2
2020-06-01,8.412491870163652,10.512928862221585,4.880746105047115,0.0186,2.100436992057933,-5.63218275717447,0.0,2.116184703043085,-6.296307167120567,-8.3967441591785,-0.07285058844449566,-0.06829985485637557,0.009796981017445638,-0.058502873838929936,S2
2020-06-02,7.877564946166697,9.957218123800665,4.44726337164104,0.01848,2.0796531776339684,-5.509954752159625,-0.4003911923752518,2.1161881817057298,-6.1617679568362185,-8.241421134470187,0.13453921028434834,0.15532302470831283,-0.12222800501484521,0.03309501969346762,S2
2020-06-03,6.810222820526447,8.838503294082576,3.62108487220282,0.018119999999999997,2.028280473556129,-5.217418421879756,-1.3819158796181807,2.116191660374093,-6.075947039770535,-8.104227513326665,0.08582091706568384,0.1371936211435223,-0.2925363302798685,-0.15534270913634618,S2
2020-06-04,6.66736875987695,8.680875559938533,3.5523146739778078,0.01794,2.013506800061583,-5.1285608859607255,-1.5377937751268789,2.1161951390481746,-6.088967395955654,-8.102474196017237,-0.013020356185119653,0.0017533173094275156,-0.0888575359190309,-0.08710421860960338,S2
2020-06-05,5.204999016230961,7.156016934994247,2.458907386884718,0.017159999999999998,1.9510179187632852,-4.697109548109529,-2.968236989498262,2.116199197508497,-6.057036808220726,-8.008054726984012,0.031930587734928295,0.09441946903322496,-0.4314513378511968,-0.33703186881797187,S2
2020-06-08,5.093409405251508,7.05050323774066,2.4138080558850192,0.01686,1.9570938324891518,-4.636695181855641,0.0,-1.1353468196148984,-6.228756224866407,-8.185850057355559,-0.17171941664568102,-0.1777953303715467,-0.06041436625388741,-0.23820969662543412,S2
2020-06-09,5.718743534749988,7.703968252407844,2.973456655138813,0.0168,1.9852247176578555,-4.730511597269031,0.46396656777744627,-1.1353489969944484,-6.39012596396699,-8.375350681624846,-0.16136973910058305,-0.1895006242692876,0.09381641541338936,-0.09568420885589823,S2
2020-06-10,6.361837914472611,8.38595964196617,3.4380979134904406,0.017159999999999998,2.0241217274935597,-4.94786172847573,1.1157378013793497,-1.135351485433333,-6.381451598526594,-8.405573326020154,0.008674365440396237,-0.030222644395307086,0.21735013120669944,0.18712748681139235,S2
2020-06-11,10.214877186915322,12.380824532193577,6.753680195982663,0.01746,2.165947345278255,-5.627144336210914,3.480473459033967,-1.135353973877672,-7.869757701759027,-10.035705047037283,-1.488306103232433,-1.630131721017129,0.6792826077351837,-0.9508491132819454,S2
2020-06-12,9.006247747756024,11.122235433875328,5.698840262104576,0.01746,2.115987686119304,-5.4233951717707525,2.8182407198806194,-1.135356462327465,-7.32336349020287,-9.439351176322173,0.5463942115561569,0.5963538707151095,-0.20374916444016122,0.39260470627494826,S2
2020-06-15,8.545686969736858,10.64791816761221,5.259661353650412,0.01758,2.1022311978753514,-5.388256813961797,0.0,1.426439615076621,-7.119247354660237,-9.221478552535588,0.20411613554263308,0.2178726237865849,-0.03513835780895569,0.1827342659776292,S2
2020-06-16,7.613091691661699,9.679208541880973,4.501331184310324,0.01734,2.0661168502192737,-5.177877357570649,-0.8721884221047065,1.4264431323293232,-7.058836981437082,-9.124953831656356,0.06041037322315468,0.09652472087923236,-0.21037945639114763,-0.11385473551191527,S2
2020-06-17,7.765475145285374,9.83839323000218,4.664096254568909,0.01722,2.0729180847168065,-5.174296975433272,-0.6934459584303232,1.426446649590698,-7.0324744541249995,-9.105392538841805,0.026362527312082662,0.019561292814550768,-0.0035803821373772138,0.015980910677173554,S2
2020-06-18,7.864273236100207,9.946853522301028,4.758588997159757,0.017159999999999998,2.0825802862008214,-5.188264525141271,-0.5457576664881162,1.4264501668607457,-6.983580735727577,-9.066161021928398,0.04889371839742207,0.039231516913407205,0.013967549707999183,0.05319906662140639,S2
2020-06-19,8.31430506594082,10.414019031790776,5.1392189506995205,0.01722,2.099713965849956,-5.274800081091255,-0.29480537849921973,1.426453684139466,-7.182656760300574,-9.28237072615053,-0.19907602457299678,-0.21620970422213226,0.0865355559499843,-0.12967414827214796,S2
2020-06-22,7.710314403712491,9.78900977263122,4.621479478069881,0.017159999999999998,2.078695368918728,-5.167530294561338,0.0,0.8487482163826476,-6.861566187329844,-8.940261556248572,0.3210905729707303,0.34210916990195805,-0.10726978652991725,0.2348393833720408,S2
2020-06-23,7.466285495002294,9.535832256164234,4.391712876882101,0.01722,2.0695467611619396,-5.144119379282133,-0.2002668100190589,0.8487500766547496,-6.817802228366603,-8.887348989528544,0.04376395896324059,0.05291256672002831,-0.02341091527920547,0.02950165144082284,S2
2020-06-24,8.743200086420131,10.858351309180785,5.489203884314248,0.01734,2.1151512227606535,-5.3691474248665365,0.8252054250839573,0.8487519369309288,-7.069242724405245,-9.184393947165898,-0.2514404960386418,-0.29704495763735395,0.2250280455844038,-0.07201691205295013,S2
2020-06-25,8.274773251560333,10.377717673834116,5.02458771830939,0.01752,2.102944422273783,-5.353129955524726,0.5246505613309725,0.8487537972111853,-6.901368893018176,-9.004313315291958,0.16787383138706957,0.18008063187394008,-0.016017469341810475,0.1640631625321296,S2
2020-06-26,9.56677301244656,11.718669376523556,6.159494988990525,0.01752,2.151896364076995,-5.559174387533031,1.5393541305441627,0.8487556574955192,-7.178663224406879,-9.330559588483874,-0.2772943313887035,-0.32624627319191646,0.20604443200830502,-0.12020184118361144,S2
2020-06-29,8.759537728721277,10.886293728265548,5.413414163933441,0.01764,2.1267559995442706,-5.472879564332106,0.0,1.9160304715086347,-6.843507257212642,-8.970263256756914,0.335155967194237,0.3602963317269605,-0.08629482320092485,0.27400150852603566,S2
2020-06-30,8.002581139920764,10.102470090158164,4.7620241394761464,0.01758,2.0998889502374,-5.340445950682017,-0.6376869572050974,1.9160346710320784,-6.724233426093783,-8.824122376331182,0.11927383111885881,0.14614088042573137,-0.13243361365008877,0.013707266775642601,S2
2020-07-01,7.499733625232081,9.57747914222888,4.3850612135549065,0.01734,2.0777455169967984,-5.192417928673973,-0.9802332308884889,1.9160388705647267,-6.563927985555844,-8.641673502552642,0.1603054405379396,0.18244887377854013,-0.14802802200804432,0.03442085177049581,S2
2020-07-02,7.3055716680678975,9.379714382311613,4.239255569840412,0.01722,2.074142714243716,-5.140458812471201,-1.0836011635396718,1.9160435950499581,-6.473129236557611,-8.547271950801328,0.0907987489982327,0.09440155175131437,-0.05195911620277194,0.042442435548542434,S2
2020-07-06,6.760086473941697,8.819088634862478,3.809288262972398,0.01698,2.059002160920781,-5.00980037189008,0.0,0.21661623837137758,-6.543470235570319,-8.6024723964911,-0.07034099901270796,-0.05520044568977234,-0.1306584405811213,-0.18585888627089364,S2
2020-07-07,7.466910075545742,9.556058248266304,4.458598286206076,0.01686,2.089148172720562,-5.097459962060228,0.5627239343195073,0.21661677249426767,-6.687569368731967,-8.776717541452529,-0.14409913316164769,-0.17424514496142862,0.0876595901701478,-0.08658555479128083,S2
2020-07-08,6.974131118392608,9.044414210502348,4.082525674926443,0.01662,2.07028309210974,-4.961888535575905,0.2050563747089284,0.21661730661847478,-6.552457437065204,-8.622740529174944,0.1351119316667626,0.15397701227758454,-0.13557142648432308,0.01840558579326146,S2
2020-07-09,7.540695100228279,9.639541023452033,4.635227928532574,0.01638,2.0988459232237533,-5.004313094919459,0.6555556923924639,0.21661784074399892,-6.668521567091816,-8.76736749031557,-0.11606413002661231,-0.14462696114062545,0.04242455934355416,-0.1022024017970713,S2
2020-07-10,6.855522738044611,8.927529169772804,4.014120749906201,0.01644,2.0720064317281928,-4.913408419866602,0.15898647098706792,0.21661837487084007,-6.479917892186703,-8.551924323914896,0.18860367490511365,0.2154431664006733,-0.09090467505285638,0.12453849134781692,S2
2020-07-13,7.671690478953455,9.773886424771971,4.73748195302701,0.01644,2.102195945818517,-5.036404471744961,0.0,0.7253359338756106,-6.946354545077844,-9.04855049089636,-0.466436652891141,-0.4966261669814642,0.12299605187835905,-0.3736301151031052,S2
2020-07-14,7.042299488465922,9.128154442472942,4.214878476440877,0.01626,2.0858549540070204,-4.9132759660320655,-0.3742943588485204,0.7253377223773785,-6.6912561249370635,-8.777111078944085,0.2550984201407802,0.27143941195227583,-0.12312850571289591,0.14831090623937992,S2
2020-07-15,6.530930659379564,8.599810401468263,3.7580737936140634,0.01626,2.068879742088699,-4.8417366078542,-0.722777598841125,0.7253397096067373,-6.528368548613952,-8.59724829070265,0.16288757632311146,0.17986278824143476,-0.07153935817786561,0.10832343006356915,S2
2020-07-16,6.769576247209896,8.850046535852812,3.996633249732349,0.016139999999999998,2.080470288642916,-4.853413286120462,-0.5015996689572915,0.7253416968415406,-6.545834219325647,-8.626304507968563,-0.017465670711694692,-0.029056217265912565,0.011676678266262286,-0.01737953899965028,S2
2020-07-17,6.347592930242806,8.41005762786467,3.639419067028989,0.01608,2.0624646976218646,-4.770638560835682,-0.70614829157375,0.7253434853575186,-6.328397736459038,-8.390862434080901,0.2174364828666091,0.23544207388766125,-0.08277472528478036,0.1526673486028809,S2
2020-07-20,6.078041595381755,8.138766311207569,3.418746409936748,0.015960000000000002,2.0607247158258133,-4.72001990127082,0.0,-0.14838622159481316,-6.226427816976568,-8.287152532802383,0.10196991948246925,0.10370990127851876,-0.050618659564861446,0.05309124171365731,S2
2020-07-21,6.109058839324229,8.173977095281925,3.4858884290078835,0.01578,2.0649182559576964,-4.688088666274042,-0.0009524500846659276,-0.14838662813296347,-6.258397917541858,-8.323316173499554,-0.031970100565289705,-0.03616364069717193,-0.031931234996778635,-0.06809487569395056,S2
2020-07-22,5.936782169812198,8.00002610846798,3.355335291581193,0.015659999999999997,2.0632439386557815,-4.644690816886786,-0.1267094366534263,-0.14838699401825103,-6.2118786004838755,-8.275122539139657,0.04651931705798251,0.04819363435989743,-0.04339784938725533,0.004795784972642103,S2
2020-07-23,6.542767450646677,8.625590159555976,3.944497432990373,0.01548,2.0828227089092994,-4.681092726565604,0.3098526919982408,-0.1483873599044408,-6.381302118552877,-8.464124827462177,-0.16942351806900113,-0.18900228832251997,0.03640190967881729,-0.15260037864370268,S2
2020-07-24,6.7114755457878275,8.798328720422093,4.098823634499785,0.01548,2.086853174634266,-4.699505085922309,0.49795283948116253,-0.14838772579153275,-6.361910432098198,-8.448763606732463,0.01939168645467859,0.01536122072971402,0.018412359356704933,0.03377358008641895,S2
2020-07-27,6.218701174307158,8.285882244569276,3.6883300137710853,0.01536,2.0671810702621176,-4.597552230798191,0.0,-0.03882758391858371,-6.257528758225742,-8.32470982848786,0.10438167387245567,0.12405377824460295,-0.101952855124118,0.02210092312048495,S2
2020-07-28,6.6390378602664235,8.725125070381461,4.047081536673716,0.015419999999999998,2.0860872101150374,-4.678043533707745,0.3577379586606674,-0.03882769029567167,-6.320127591901428,-8.406214802016466,-0.0625988336756853,-0.08150497352860597,0.08049130290955464,-0.0010136706190513323,S2
2020-07-29,6.179442197587567,8.2558971180825,3.568683846209358,0.015659999999999997,2.0764549204949327,-4.687213271873141,0.03046879275556974,-0.03882779667305108,-6.187801201505048,-8.264256121999981,0.13232639039638006,0.1419586800164847,0.009169738165395458,0.15112841818188016,S2
2020-07-30,6.513204208311838,8.606460692356542,3.876872716514315,0.015600000000000001,2.093256484044704,-4.729587975842227,0.3071724199191912,-0.03882790305072193,-6.244859691443368,-8.338116175488073,-0.05705848993832063,-0.07386005348809199,0.04237470396908627,-0.03148534951900572,S2
2020-07-31,6.2432665419286275,8.33036075525199,3.630571456929701,0.015600000000000001,2.087094213323362,-4.699789298322289,0.06946240733638931,-0.03882800942868423,-6.2126321440209225,-8.299726357344284,0.032227547422445824,0.03838981814378961,-0.029798677519938366,0.008591140623851246,S2
2020-08-03,5.9587409172609105,8.03799925647588,3.3290737842305713,0.01578,2.0792583392149693,-4.708925472245308,0.0,-0.2508674675996033,-6.2096083848605135,-8.288866724075483,0.0030237591604089786,0.010859633268800906,0.009136173923019797,0.019995807191820703,S2
2020-08-04,6.004586917369238,8.095155146296865,3.3736469556231445,0.01572,2.0905682289276264,-4.72150819067372,0.10032730108030123,-0.25086815490867526,-6.155127771197612,-8.245696000125239,0.05448061366290169,0.043170723950243683,0.012582718428411965,0.05575344237865565,S2
2020-08-05,5.5860945930454795,7.658900205302063,3.045259912747968,0.015539999999999998,2.072805612256584,-4.613640292554095,-0.2524294960900912,-0.2508688422196302,-6.089392931355201,-8.162198543611785,0.06573483984241069,0.08349745651345408,-0.1078678981196255,-0.02437044160617141,S2
2020-08-06,5.360927545664293,7.428993406729984,2.8678788552067638,0.015419999999999998,2.0680658610656915,-4.56111455152322,-0.4505424244970633,-0.25086952953246816,-6.062339499693824,-8.130405360759516,0.027053431661377303,0.03179318285226884,-0.05252574103087504,-0.020732558178606197,S2
2020-08-07,5.200036896125207,7.259000190622453,2.72745286276428,0.015419999999999998,2.0589632944972465,-4.531547327858173,-0.5768338586483264,-0.2508702168471892,-6.027740971620722,-8.08670426611797,0.0345985280731016,0.04370109464154659,-0.029567223665046605,0.014133870976499985,S2
2020-08-10,5.011823936123219,7.062725045010388,2.5739730555570532,0.01536,2.050901108887169,-4.488751989453334,0.0,-1.0202600177776493,-6.032083953900868,-8.082985062788037,-0.004342982280145513,0.0037192033299326965,-0.04279533840483918,-0.03907613507490648,S2
2020-08-11,5.174771460632417,7.2190158892399126,2.691386537024542,0.015539999999999998,2.0442444286074952,-4.527629352215371,-0.02755750946952512,-1.0202628130144038,-6.222591783116346,-8.266836211723842,-0.1905078292154787,-0.1838511489358048,0.03887736276203668,-0.1449737861737681,S2
2020-08-12,4.346453362030675,6.3575549627251675,2.007016013994019,0.015299999999999998,2.0111016006944924,-4.350538948731149,-0.693594100096576,-1.0202656082588164,-6.0603130703860675,-8.07141467108056,0.16227871273027894,0.19542154064328088,-0.17709040348422178,0.018331137159059097,S2
2020-08-13,4.293799234858385,6.298491475353804,1.9103888441313397,0.015539999999999998,2.0046922404954186,-4.3881026312224645,-0.7379200738942451,-1.0202684035108873,-6.051987712263518,-8.056679952758936,0.008325358122549531,0.014734718321625095,0.037563682491315475,0.05229840081294057,S2
2020-08-14,4.284150311477127,6.288865331471183,1.8741006278482901,0.015659999999999997,2.004715019994056,-4.414764703622893,-0.7336811577919243,-1.0202711987706163,-6.038102668039668,-8.042817688033724,0.013885044223849619,0.013862264725212015,0.026662072400428727,0.04052433712564074,S2
2020-08-17,4.248292313100241,6.258082189532924,1.7940000477284639,0.01584,2.0097898764326834,-4.464082141804461,0.0,-1.7345383305825945,-5.982830643682836,-7.992620520115519,0.05527202435683254,0.0501971679182045,0.04931743818156775,0.09951460609977225,S2
2020-08-18,4.298761341173172,6.315948802790377,1.832361966381085,0.01584,2.0171874616172047,-4.483586836409292,0.03539915043217173,-1.7345426075316963,-5.997904798272697,-8.0150922598899,-0.015074154589861166,-0.02247173977438166,0.019504694604830952,-0.0029670451695507083,S2
2020-08-19,4.4782242509610946,6.498490765611658,1.9827752209548182,0.015899999999999997,2.0202665146505634,-4.51571554465684,0.10982220369762927,-1.7345468844913439,-6.102948931754809,-8.123215446405373,-0.10504413348211195,-0.10812318651547237,0.03212870824754788,-0.07599447826792449,S2
2020-08-20,4.5585363612814636,6.5896852968813375,2.0448543139132696,0.015899999999999997,2.031148935599874,-4.544830982968068,0.17312954168549918,-1.7345511614615374,-6.119957981057501,-8.151106916657376,-0.017009049302692425,-0.027891470252003003,0.029115438311228203,0.0012239680592252,S2
2020-08-21,4.501654317748026,6.534846632860312,2.00291353621629,0.01584,2.0331923151122853,-4.531933096644021,0.1235211359138838,-1.734555438442277,-6.112688620276419,-8.145880935388705,0.007269360781082312,0.0052259812686710205,-0.012897886324046759,-0.007671905055375738,S2
2020-08-24,4.159094942193835,6.184456492917817,1.7041076442669287,0.01578,2.025361550723982,-4.480348848650888,0.0,-1.9574510831712792,-6.116546025365114,-8.141907576089096,-0.0038574050886950317,0.003973359299608958,-0.05158424799313366,-0.0476108886935247,S2
2020-08-25,3.821661992921994,5.829131560816032,1.4085458184148165,0.01578,2.007469567894038,-4.420585742401215,-0.3073818632630451,-1.9574559097689417,-6.086499765953981,-8.093969333848019,0.030046259411133036,0.047938242241077234,-0.059763106249672404,-0.01182486400859517,S2
2020-08-26,3.6566261249749608,5.664454689093922,1.2111011757697356,0.015960000000000002,2.007828564118961,-4.453353513324186,-0.5972521062371041,-1.9574607363785053,-6.211338967590571,-8.21916753170953,-0.12483920163658979,-0.12519819786151132,0.03276777092297056,-0.09243042693854076,S2
2020-08-27,3.4711520036224583,5.463994436818031,0.9872877465438401,0.01626,1.9928424331955727,-4.476706690274191,-0.9028529660387788,-1.9574650267081084,-6.3314699963693455,-8.324312429564918,-0.12013102877877468,-0.1051448978553875,0.02335317695000505,-0.08179172090538245,S2
2020-08-28,3.134101272630123,5.118426501556554,0.6825730435616465,0.01626,1.9843252289264308,-4.435853457994908,-1.097108746350781,-1.9574698533401522,-6.188679872321057,-8.173005101247487,0.14279012404828872,0.1513073283174311,-0.04085323227928317,0.11045409603814793,S2
2020-08-31,3.634755403835806,5.642702419411847,1.1744799222299813,0.01602,2.0079470155760415,-4.468222497181866,0.0,-2.8924242722427396,-6.527179676078545,-8.535126691654586,-0.33849980375748867,-0.36212159040709935,0.03236903918695866,-0.3297525512201407,S2
2020-09-01,3.606929135920645,5.626613802073955,1.1337390782417134,0.01602,2.0196846661533097,-4.492874723832241,-0.0020904187679613995,-2.892431404256587,-6.501450958945194,-8.521135625098504,0.025728717133351786,0.013991066556082288,0.024652226650374587,0.038643293206456875,S2
2020-09-02,3.335526803394864,5.358899347697442,0.9140791110895634,0.01584,2.0233725443025774,-4.444820236607878,-0.3266454366669584,-2.8924385362880205,-6.554610776349843,-8.57798332065242,-0.0531598174046497,-0.05684769555391611,-0.048054487224362674,-0.10490218277827879,S2
2020-09-03,5.125060645060484,7.2023223827357965,2.528606834384855,0.01584,2.077261737675313,-4.673715548350941,0.8164374426084176,-2.89244566833704,-7.201068870789106,-9.278330608464419,-0.6464580944392626,-0.700347287811999,0.228895311743063,-0.47145197606893596,S2
2020-09-04,4.618489967505513,6.654169662649154,2.0488632669870133,0.01608,2.0356796951436404,-4.60530639566214,0.5712523545805883,-2.892452800403645,-6.93969041332857,-8.97537010847221,0.2613784574605358,0.3029604999922082,-0.0684091526888011,0.2345513473034071,S2
2020-09-08,5.6016988036724005,7.66661370862215,2.9513706308954495,0.01602,2.0649149049497497,-4.715243077726701,0.0,-1.4249928081142538,-7.026691611786655,-9.091606516736404,-0.08700119845808452,-0.1162364082641929,0.10993668206456064,-0.006299726199632261,S2
2020-09-09,4.7168834599639125,6.75563314995976,2.124918750338393,0.016139999999999998,2.0387496899958473,-4.630714399621366,-0.6574363840804862,-1.4249963217994823,-6.799316165843881,-8.838065855839728,0.2273754459427737,0.25354066089667526,-0.08452867810533427,0.169011982791341,S2
2020-09-10,5.435365172492126,7.497690466885537,2.7705732910621417,0.016139999999999998,2.0623252943934105,-4.727117175823395,-0.009350342016852552,-1.4249998354933748,-6.869715350002354,-8.932040644395764,-0.07039918415847257,-0.0939747885560358,0.0964027762020283,0.002427987645992502,S2
2020-09-11,5.222410673485026,7.278630395942931,2.579870551410424,0.016139999999999998,2.0562197224579046,-4.698759844532507,0.029538375763048158,-1.4250033491959313,-6.617875646917909,-8.674095369375813,0.25183970308444437,0.2579452750199511,-0.0283573312908878,0.22958794372906333,S2
2020-09-14,4.739188388404576,6.783580139620316,2.183079641903644,0.015960000000000002,2.0443917512157403,-4.600500497716672,0.0,-1.802202879452605,-6.541391267857181,-8.58578301907292,0.07648437906072836,0.08831235030289264,-0.09825934681583526,-0.009946996512942619,S2
2020-09-15,4.57701956593241,6.618727684436808,2.005944069061161,0.01608,2.041708118504398,-4.612783615375648,-0.14162509065440398,-1.8022073232460054,-6.52085197983282,-8.562560098337219,0.020539288024361113,0.023222920735701535,0.01228311765897594,0.035506038394677475,S2
2020-09-16,4.693216410497962,6.735276268239092,2.1286334667970186,0.01602,2.0420598577411297,-4.6066428014420735,-0.06846395620723782,-1.8022117670503632,-6.563892133755563,-8.605951991496694,-0.04304015392274341,-0.043391893159475003,-0.00614081393357413,-0.04953270709304913,S2
2020-09-17,4.959249890949368,7.007077338918951,2.3999166681841353,0.015899999999999997,2.047827447969583,-4.607160670734816,0.1581292929125846,-1.8022162108656783,-6.603336808902462,-8.651164256872045,-0.03944467514689887,-0.04521226537535128,0.0005178692927421125,-0.04469439608260917,S2
2020-09-18,5.159113887303626,7.20659626272688,2.575065693377584,0.015960000000000002,2.047482375423254,-4.631530569349295,0.40456565082294543,-1.8022206546919508,-6.556768891172631,-8.604251266595885,0.046567917729831265,0.04691299027616047,0.0243698986144798,0.07128288889064027,S2
2020-09-21,5.748644188974531,7.8177082697418445,3.1024193413586074,0.015960000000000002,2.0690640807673137,-4.715288928383237,0.0,-0.9892505366980354,-6.737894725672566,-8.80695880643988,-0.18112583449993558,-0.20270753984399548,0.08375835903394169,-0.11894918081005379,S2
2020-09-22,5.383691387924417,7.444856523313665,2.7691162080503084,0.015960000000000002,2.061165135389248,-4.675740315263356,-0.28981322845419294,-0.9892529759489413,-6.6627575923275515,-8.723922727716799,0.07513713334501482,0.08303607872308127,-0.039548613119881004,0.04348746560320027,S2
2020-09-23,6.190411710235989,8.27018314270842,3.4758216092061107,0.01608,2.0797714324724312,-4.794361533502309,0.3663255036660184,-0.9892554152058619,-6.813341621775833,-8.893113054248264,-0.15058402944828142,-0.16919032653146537,0.11862121823895322,-0.050569108292512155,S2
2020-09-24,6.154574945637188,8.236797504610536,3.409916575254647,0.016200000000000003,2.0822225589733474,-4.826880929355889,0.33781329394565257,-0.9892578544687971,-6.806019506160332,-8.88824206513368,0.007322115615500557,0.00487098911458439,0.03251939585357988,0.03739038496816427,S2
2020-09-25,8.178779299337268,10.203734987257963,5.515509308800462,0.01644,2.024955687920695,-4.688225678457501,-0.04438386801145884,2.1452827981627767,-6.077880369185951,-8.102836057106646,0.7281391369743817,0.7854060080270333,-0.13865525089838826,0.646750757128645,S2
2020-09-28,7.471782773326144,9.467407972331358,4.862648590447586,0.01656,1.9956251990052145,-4.604759381883772,0.0,1.5994254177927034,-5.87235735553344,-7.867982554538655,0.20552301365251058,0.23485350256799187,-0.08346629657372873,0.15138720599426314,S2
2020-09-29,7.6950216104640825,9.701740966809096,5.085858717808581,0.01644,2.0067193563450134,-4.615882249000515,0.2335738445165106,1.599429361586267,-5.862018404361305,-7.868737760706319,0.010338951172134792,-0.0007552061676641131,0.011122867116743151,0.010367660949079038,S2
2020-09-30,7.237132919025191,9.22043605295205,4.672276312336532,0.0165,1.9833031339268583,-4.548159740615517,-0.23461769993917608,1.5994333053895549,-5.872317313574812,-7.85562044750167,-0.010298909213506846,0.013117313204648262,-0.06772250838499794,-0.054605195180349675,S2
2020-10-01,7.098124029532933,9.07777356268573,4.546246058562155,0.0165,1.9796495331527968,-4.5315275041235745,-0.38938967558373677,1.5994372492025672,-5.888076455914103,-7.8677259890669,-0.015759142339290655,-0.012105541565229139,-0.016632236491942898,-0.028737778057172036,S2
2020-10-02,7.429123043313802,9.418979618644451,4.830233289026682,0.01656,1.9898565753306494,-4.588746329617769,-0.12162724630020146,1.599441193025304,-5.9513090965887,-7.941165671919348,-0.06323264067459711,-0.07343968285244884,0.05721882549419455,-0.016220857358254293,S2
2020-10-05,6.351408280822457,8.284338778786443,3.9181845479678064,0.01644,1.9329304979639863,-4.366154230818637,0.0,0.3820238952035909,-5.969384385618866,-7.902314883582853,-0.01807528903016653,0.03885078833649569,-0.2225920987991321,-0.18374131046263642,S2
2020-10-06,7.088716621459128,9.055306581359712,4.620605563347978,0.016200000000000003,1.9665899599005838,-4.434701018011734,0.630850981035401,0.3820248371814801,-6.075840803242247,-8.042430763142832,-0.10645641762338087,-0.14011587955997928,0.06854678719309693,-0.07156909236688236,S2
2020-10-07,6.066988828563059,7.983722611663172,3.7362630904582206,0.016139999999999998,1.9167337831001126,-4.247459521204951,-0.2751262579707291,0.382025779161692,-5.960089307372097,-7.876823090472209,0.11575149587015066,0.16560767267062282,-0.1872414968067826,-0.021633824136159774,S2
2020-10-08,5.7706712191545515,7.681301070644847,3.479421969192096,0.01608,1.9106298514902953,-4.201879101452751,-0.43374368583617573,0.3820267211442266,-5.822388183846501,-7.733018035336796,0.13770112352559583,0.14380505513541308,-0.045580419752200285,0.0982246353832128,S2
2020-10-09,5.274993337859766,7.164328643156738,3.0532562102013325,0.01602,1.8893353052969717,-4.111072432955405,-0.8268026314921401,0.38202766312908387,-5.719768306222822,-7.609103611519794,0.10261987762367841,0.12391442381700202,-0.09080666849734609,0.03310775531965593,S2
2020-10-13,5.176903499332025,7.072202864259334,2.9781903242793333,0.015899999999999997,1.8952993649273093,-4.094012539980001,0.0,-0.5891936844961779,-5.766097183828203,-7.661396548755512,-0.04632887760538029,-0.05229293723571793,-0.017059892975403557,-0.06935283021112149,S2
2020-10-14,5.496286828873038,7.406735395312784,3.2733769561341104,0.01584,1.9104485664397455,-4.133358439178673,0.3044671036161615,-0.5891951373043144,-5.781014862561191,-7.691463429000937,-0.014917678732988549,-0.0300668802454247,0.03934589919867193,0.009279018953247231,S2
2020-10-15,5.5451183495131575,7.456036795954431,3.3060431622897606,0.015899999999999997,1.9109184464412738,-4.149993633664671,0.3137999438358874,-0.5891965901160331,-5.820514995793303,-7.731433442234577,-0.03950013323211188,-0.039970013233640245,0.01663519448599793,-0.023334818747642316,S2
2020-10-16,5.462352330425023,7.366565109457987,3.2488211417379143,0.01584,1.9042127790329637,-4.117743967720073,0.20920051893319289,-0.589198042931334,-5.842349854423165,-7.746562633456128,-0.021834858629861564,-0.01512919122155143,-0.03224966594459833,-0.04737885716614976,S2
2020-10-19,6.099064140893257,8.026486909058185,3.8591845816664954,0.015659999999999997,1.927422768164928,-4.16730232739169,0.0,0.14554502509500764,-5.95351911579825,-7.880941883963178,-0.11116926137508543,-0.1343792505070498,0.04955835967161715,-0.08482089083543265,S2
2020-10-20,5.772892719761328,7.681976727164399,3.5356672743201596,0.01584,1.909084007403071,-4.146309452844239,-0.3305730188862307,0.14554538397359415,-5.9579203546739645,-7.867004362077036,-0.004401238875714419,0.013937521886142612,-0.020992874547451024,-0.007055352661308412,S2
2020-10-21,5.699939191015888,7.603196305072653,3.4877273152703356,0.01578,1.903257114056765,-4.115468989802317,-0.34676148477836466,0.14554574285306557,-5.901154932941187,-7.804412046997952,0.0567654217327771,0.06259231507908325,-0.030840463041921673,0.031751852037161576,S2
2020-10-22,5.261428505294304,7.140273234022433,3.129408936778106,0.015659999999999997,1.8788447287281294,-4.010864297244327,-0.7452556080715521,0.1455461017334219,-5.861138011632434,-7.739982740360563,0.04001692130875334,0.06442930663738888,-0.10460469255799065,-0.04017538592060177,S2
2020-10-23,5.1790159323216205,7.058565203521835,3.0638882040898796,0.015600000000000001,1.8795492712002142,-3.994676999431955,-0.7798714428927964,0.14554646061466314,-5.813340914599753,-7.692890185799968,0.04779709703268065,0.0470925545605958,-0.016187297812371604,0.030905256748224197,S2
2020-10-26,6.408936202666525,8.345264768315339,4.153825628182641,0.015600000000000001,1.9363285656488136,-4.191439140132697,0.0,0.2761692734070018,-6.132766929259523,-8.069095494908337,-0.3194260146597694,-0.3762053091083697,0.19676214070074227,-0.17944316840762742,S2
2020-10-27,6.674004659091321,8.624700195418121,4.386451100244597,0.015600000000000001,1.9506955363268004,-4.238249095173525,0.21274093131340635,0.27616995437317304,-6.185093773404741,-8.135789309731543,-0.05232684414521849,-0.06669381482320524,0.04680995504082741,-0.019883859782377833,S2
2020-10-28,8.491377592168872,10.51414350958411,5.983311815173078,0.01572,2.0227659174152386,-4.530831694411033,1.5434987148459218,0.2761706353410234,-6.671708241981927,-8.694474159397165,-0.4866144685771854,-0.5586848496656227,0.29258259923750796,-0.26610225042811475,S2
2020-10-29,7.551579082237614,9.526977475927781,5.169910783756877,0.015659999999999997,1.975398393690167,-4.357066692170904,0.8081199064006188,0.2761713163105528,-6.467287859526443,-8.44268625321661,0.204420382455484,0.2517879061805548,-0.17376500224012847,0.07802290394042632,S2
2020-10-30,7.871761241925632,9.855309688268038,5.462524630432828,0.015659999999999997,1.9835484463424065,-4.39278505783521,1.1038956213933595,0.27617199728176134,-6.4916936232505105,-8.475242069592918,-0.024405763724067775,-0.032555816376307334,0.035718365664306084,0.0031625492879987505,S2
2020-11-02,7.374152217310428,9.340365207733258,5.028870080311818,0.015600000000000001,1.9662129904228305,-4.31149512742144,0.0,0.9765325156361998,-6.397619701674228,-8.36383269209706,0.09407392157628269,0.11140937749585866,-0.08128993041376997,0.03011944708208869,S2
2020-11-03,6.444057279480606,8.367864010585171,4.228882432202796,0.01548,1.9238067311045652,-4.138981578382375,-0.8193502114470884,0.9765349235275631,-6.286872567400131,-8.210679298504695,0.11074713427409666,0.15315339359236368,-0.17251354903906524,-0.019360155446701555,S2
2020-11-04,5.778279238208886,7.69841599778141,3.608834504611345,0.01548,1.9201367595725243,-4.089581493170066,-1.0493609806650541,0.9765373314248637,-5.851102887449076,-7.7712396470216,0.4357696799510551,0.43943965148309516,-0.04940008521230954,0.3900395662707856,S2
2020-11-05,4.837337484356516,6.718375815784107,2.8417796144816894,0.01512,1.8810383314275914,-3.8765962013024176,-1.858530263882649,0.9765397393281015,-5.719328008911063,-7.600366340338654,0.13177487853801306,0.17087330668294598,-0.21298529186764803,-0.04211198518470205,S2
2020-11-06,4.456396532317344,6.316374061421249,2.5206127112777184,0.015059999999999997,1.8599775291039053,-3.7957613501435308,-2.0520488762034814,0.9765421472372766,-5.531903261283548,-7.391880790387454,0.1874247476275146,0.2084855499512006,-0.08083485115888678,0.12765069879231383,S2
2020-11-09,3.4396793060287387,5.23570036735026,1.676799206373182,0.01482,1.7960210613215213,-3.558901160977078,0.0,-2.2004731517956273,-5.640152457824366,-7.436173519145887,-0.10824919654081722,-0.0442927287584336,-0.2368601891664528,-0.2811529179248864,S2
2020-11-10,3.3288546892093804,5.1177426101960375,1.6149118060675862,0.01464,1.788887920986657,-3.5028308041284513,-0.04249926444604545,-2.2004785776265265,-5.571832531281952,-7.360720452268609,0.06831992654241326,0.07545306687727837,-0.05607035684862671,0.019382710028651662,S2
2020-11-12,3.907866640263225,5.73875871063537,2.106330485528738,0.0147,1.830892070372145,-3.632428225106632,0.5207331802639853,-2.2004894293284614,-5.587622889327701,-7.418514959699846,-0.015790358045748576,-0.05779450743123693,0.12959742097818072,0.07180291354694379,S2
2020-11-13,3.1695785845899396,4.969796501108279,1.4539470648193225,0.01464,1.8002179165183394,-3.5158494362889563,-0.04884000322730225,-2.200494855199497,-5.418913443016739,-7.219131359535078,0.16870944631096219,0.19938360016476775,-0.1165787888176757,0.08280481134709206,S2
2020-11-16,2.54912729518806,4.321769986815541,0.9192391884323522,0.01452,1.772642691627481,-3.402530798383189,0.0,-2.801600220846049,-5.350727516034109,-7.123370207661591,0.06818592698262993,0.09576115187348755,-0.11331863790576735,-0.0175574860322798,S2
2020-11-17,2.931243209991345,4.727066118839111,1.2568261812225234,0.01452,1.7958229088477657,-3.4702399376165873,0.3721074442533455,-2.8016071289099047,-5.360742894647904,-7.1565658034956705,-0.010015378613795534,-0.03319559583407994,0.06770913923339839,0.03451354339931845,S2
2020-11-18,3.4120434632214316,5.225735568280246,1.7274883287166682,0.014339999999999999,1.8136921050588146,-3.498247239563578,0.7759433770058277,-2.801614036990794,-5.437714123206398,-7.251406228265212,-0.07697122855849337,-0.0948404247695418,0.028007301946990637,-0.06683312282255116,S2
2020-11-19,3.2928422236736536,5.105995454293979,1.6617950015248832,0.0141,1.8131532306203257,-3.4442004527690964,0.7152772019596829,-2.8016201775214395,-5.37918519923541,-7.192338429855736,0.058528923970987634,0.05906779840947607,-0.054046786794481605,0.005021011614994464,S2
2020-11-20,3.7349088529704093,5.571682317075022,2.057297296827344,0.0141,1.836773464104613,-3.514385020247678,1.11638060126374,-2.8016263180655443,-5.4201545697722135,-7.256928033876827,-0.040969370536803495,-0.06458960402109071,0.0701845674785817,0.005594963457490998,S2
2020-11-23,3.2762219434776907,5.090638373366405,1.6693322848615055,0.01398,1.814416429888714,-3.421306088504899,0.0,-2.0455552245918183,-5.321777168069509,-7.136193597958223,0.09837740170270415,0.120734435918604,-0.09307893174277915,0.027655504175824852,S2
2020-11-24,2.47154684614182,4.250281915460387,0.9638862831702157,0.013859999999999999,1.7787350693185666,-3.286395632290171,-0.7246243218058321,-2.045559708005443,-5.241730875953095,-7.020465945271662,0.08004629211641401,0.11572765268656138,-0.13491045621472786,-0.01918280352816648,S2
2020-11-25,2.4976219457784348,4.278072466298585,0.9765888980718622,0.013919999999999998,1.7804505205201506,-3.301483568226723,-0.6635996665496995,-2.0455641914288942,-5.206785803757029,-6.987236324277179,0.03494507219606646,0.0332296209944829,0.01508793593655211,0.04831755693103501,S2
2020-11-27,2.536064663467457,4.326338763454117,1.0042513424207649,0.013919999999999998,1.7902740999866595,-3.322087421033352,-0.5750031928004462,-2.0455731583052774,-5.1566410145731805,-6.9469151145598405,0.05014478918384846,0.04032120971733821,0.020603852806628797,0.06092506252396701,S2
2020-11-30,2.673977939702268,4.471350544389989,1.1631337673157431,0.013739999999999999,1.7973726046877214,-3.308216777074246,0.0,-2.4435947946469194,-5.117572734349187,-6.914945339036908,0.03906828022399367,0.03196977552293223,-0.013870643959105866,0.018099131563826365,S2
2020-12-01,1.8832653189669346,3.6342015462711847,0.4671376371430643,0.01368,1.7509362273042501,-3.1670639091281205,-0.811777233848014,-2.4436008199565813,-5.13864337277153,-6.8895796000757805,-0.021070638422343357,0.025365738961127704,-0.14115286794612558,-0.11578712898499788,S2
2020-12-02,1.6903316998024769,3.4280497144681648,0.3387490877772754,0.01344,1.7377180146656879,-3.089300626690889,-1.0205741401698534,-2.4436068452810997,-5.1545126852534295,-6.892230699919118,-0.015869312481899378,-0.0026510998433373345,-0.0777632824372314,-0.08041438228056874,S2
2020-12-03,1.8491662482527311,3.599206183249754,0.4892495390556775,0.013379999999999998,1.750039934997023,-3.1099566441940767,-0.859590889847275,-2.443612870620475,-5.152370008720482,-6.902409943717505,0.0021426765329479736,-0.01017924379838675,0.020656017503187574,0.010476773704800824,S2
2020-12-04,1.2312385344680956,2.9474730380442153,-0.06697546670916327,0.013379999999999998,1.7162345035761197,-3.0144485047533784,-1.4419561753093428,-2.4436188959747076,-5.116813605752146,-6.833048109328265,0.03555640296833573,0.06936183438923926,-0.09550813944069825,-0.026146305051458985,S2
2020-12-07,1.451018876028668,3.1827392085312383,0.13864397484008653,0.01332,1.7317203325025703,-3.0440952336911518,0.0,-3.6753358652986314,-5.126354741327299,-6.85807507382987,-0.009541135575153348,-0.025026964501604354,0.029646728937773315,0.0046197644361689605,S2
2020-12-08,1.3772382643635988,3.110372391343937,0.06785458675803305,0.01332,1.7331341269803384,-3.0425178045859043,-0.021330107450192745,-3.6753449277818007,-5.073913299595592,-6.807047426575931,0.05244144173170717,0.051027647253938824,-0.0015774291052474965,0.04945021814869133,S2
2020-12-09,1.6652736100191805,3.404332074619576,0.3143432234090969,0.01344,1.7390584646003955,-3.089988851210479,0.1564764592389628,-3.675353990287316,-5.184151141067534,-6.923209605667929,-0.1102378414719416,-0.11616217909199822,0.047471046624574686,-0.06869113246742353,S2
2020-12-10,1.855923205299631,3.6084923792378403,0.5047055567684681,0.01332,1.7525691739382092,-3.103786822469372,0.34098791962419256,-3.675363052815177,-5.190298338490615,-6.942867512428824,-0.006147197423081785,-0.019657906760895294,0.013797971258893149,-0.005859935502002145,S2
2020-12-11,2.037134708844695,3.80066861848076,0.6558247188852346,0.013379999999999998,1.763533909636065,-3.144843899595525,0.47967434355647787,-3.675372115365384,-5.2328324806536015,-6.9963663902896664,-0.04253414216298612,-0.053498877860842065,0.04105707712615292,-0.012441800734689146,S2
2020-12-14,2.279382867486803,4.053290040800147,0.8654684929920876,0.01344,1.773907173313344,-3.1878215478080594,0.0,-3.0295837270137933,-5.308966594500596,-7.08287376781394,-0.07613411384699464,-0.08650737752427329,0.04297764821253436,-0.04352972931173893,S2
2020-12-15,1.5480175731445807,3.2898269518135197,0.1797009117407949,0.01356,1.741809378668939,-3.110126040072725,-0.5968577006914979,-3.029591197229453,-5.174466471065531,-6.91627584973447,0.1345001234350649,0.16659791807946966,-0.07769550773533451,0.08890241034413515,S2
2020-12-16,1.4436006613474512,3.1818200260773737,0.09490082467413401,0.013499999999999998,1.7382193647299224,-3.08691920140324,-0.6686547262922231,-3.029598667463533,-5.141854055103208,-6.8800734198331295,0.03261241596232356,0.036202429901340594,-0.02320683866948503,0.012995591231855563,S2
2020-12-17,1.0822149091201874,2.8027760363721304,-0.2109864364364316,0.013379999999999998,1.720561127251943,-3.013762472808562,-0.989762831822587,-3.029606137716032,-5.101583878658807,-6.82214500591075,0.040270176444400896,0.05792841392237946,-0.07315672859467792,-0.01522831467229846,S2
2020-12-18,1.1468335217098515,2.8689157861336483,-0.1606254031520778,0.01344,1.7220822644237967,-3.0295411892857262,-0.8968827479084307,-3.0296136079869513,-5.073329877605233,-6.79541214202903,0.028254001053573674,0.026732863881719915,0.015778716477164334,0.04251158035888425,S2
2020-12-21,1.5154982335590792,3.251690956145614,0.18538198885238485,0.013379999999999998,1.736192722586535,-3.0663089672932293,0.0,-3.776230350048527,-5.291728583607606,-7.027921306194141,-0.21839870600237266,-0.23250916416511114,0.03676777800750308,-0.19574138615760805,S2
2020-12-22,1.6118384124682121,3.3566292840249856,0.28085848584112294,0.01332,1.7447908715567735,-3.0757707981838625,0.17009075571062512,-3.7762396613129243,-5.217987318070511,-6.962778189627285,0.07374126553709459,0.06514311656685656,0.009461830890633127,0.07460494745748969,S2
2020-12-23,1.38058945077469,3.1114821323624176,0.053429947480145096,0.01344,1.7308926815877275,-3.0580521848822726,0.003762361467292308,-3.776248972600281,-5.153076061907679,-6.883968743495407,0.06491125616283178,0.07880944613187779,-0.01771861330158986,0.06109083283028793,S2
2020-12-24,1.2047371364467596,2.9336855215220243,-0.09994005413702703,0.013379999999999998,1.7289483850752647,-3.0336255756590513,-0.04707016363500331,-3.776258283910597,-5.02806558399236,-6.757013969067625,0.12501047791531938,0.1269547744277819,-0.024426609223221263,0.10252816520456065,S2
2020-12-28,0.8415131849101463,2.557261654042239,-0.42268567652390154,0.01332,1.7157484691320928,-2.979947330566141,0.0,-4.173825485072351,-5.015338669982498,-6.731087139114591,0.012726914009862256,0.025926829953034414,-0.053678245092910526,-0.027751415139876112,S2
2020-12-29,1.0144783259743282,2.7368420243751235,-0.26496871248826426,0.01332,1.7223636984007953,-3.001810736863388,0.08668082689681789,-4.173835776709523,-5.101633275787033,-6.823996974187828,-0.08629460580453507,-0.0929098350732378,0.021863406297247145,-0.07104642877599066,S2
2020-12-30,0.9807193852370915,2.7042330160205124,-0.2769425244449145,0.0132,1.723513630783421,-2.981175540465427,0.07530979482795123,-4.173846068372072,-5.0792556587812125,-6.802769289564633,0.022377617005820305,0.02122768462319513,-0.020635196397960964,0.0005924882252341668,S2
2020-12-31,0.7111089459878135,2.4240164956121837,-0.5036508025073712,0.013080000000000001,1.7129075496243702,-2.927667298119555,-0.17939987653625605,-4.173856360059997,-5.0643651825840665,-6.777272732208436,0.014890476197146008,0.025496557356197158,-0.05350824234587215,-0.02801168498967499,S2
2021-01-04,1.5365821234038517,3.2820719009518906,0.24143619742317385,0.013139999999999999,1.745489777548039,-3.0406357035287166,0.0,-3.7714928161533585,-5.30807493955721,-7.05356471710525,-0.24370975697314368,-0.2762919848968135,0.11296840540916175,-0.16332357948765175,S2
2021-01-05,1.0143214999952703,2.7345028156944085,-0.2737052870167739,0.013379999999999998,1.7201813156991381,-3.0082081027111824,-0.4132051968906789,-3.771502115736151,-5.1990288126221,-6.919210128321238,0.10904612693511062,0.13435458878401185,-0.03242760081753415,0.1019269879664777,S2
2021-01-06,0.4227043111791667,2.104616012589998,-0.8413290511636886,0.013619999999999998,1.6819117014108314,-2.945945063753687,-0.9978004961422409,-3.7715114153418736,-5.192016222663281,-6.873927924074113,0.0070125899588182605,0.04528220424712437,-0.06226303895749563,-0.016980834710371262,S2
2021-01-07,-0.5083582229302808,1.1302629243138378,-1.6460000757309725,0.013379999999999998,1.6386211472441186,-2.7762630000448105,-1.7653810151543552,-3.771520714970527,-5.028543507194601,-6.66716465443872,0.16347271546868036,0.2067632696353936,-0.16968206370887629,0.03708120592651731,S2
2021-01-08,-1.001390322211255,0.6086290519790285,-2.051617565797891,0.013139999999999999,1.6100193741902835,-2.6602466177769193,-2.2083914011061454,-3.7715300146221113,-4.9785310935170015,-6.588550467707285,0.050012413677599454,0.07861418673143472,-0.11601638226789124,-0.03740219553645652,S2
2021-01-11,-0.684514958899181,0.9344482173762164,-1.7165353797991894,0.012899999999999998,1.6189631762753973,-2.6509835971754057,0.0,-5.808106301528856,-5.123591342629675,-6.742554518905072,-0.14506024911267357,-0.15400405119778693,-0.009263020601513627,-0.16326707179930056,S2
2021-01-12,-0.7580518781408327,0.8588783490825939,-1.7965069486099892,0.012960000000000001,1.6169302272234267,-2.655385297692583,-0.01895659641600462,-5.808120622904515,-5.069025341179687,-6.685955568403114,0.05456600144998802,0.05659895050195818,0.004401700517177254,0.06100065101913543,S2
2021-01-13,-0.7064642313304829,0.9232138737043248,-1.7201748659567087,0.012779999999999998,1.6296781050348077,-2.6433887396610336,0.10691029510138086,-5.808134944315488,-4.994760417883624,-6.624438522918432,0.07426492329606305,0.061517045484682065,-0.01199655803154931,0.049520487453132755,S2
2021-01-14,-0.7247001289087004,0.8945503784107599,-1.7169981185959373,0.01272,1.6192505073194603,-2.611548497006697,0.037288190033322746,-5.808149265761774,-5.046160946819751,-6.665411454139211,-0.05140052893612701,-0.04097293122077961,-0.03184024265433649,-0.0728131738751161,S2
2021-01-15,-0.21488982912731502,1.4323613743848294,-1.2668740291920335,0.012779999999999998,1.6472512035121443,-2.699235403576863,0.49273932455140185,-5.808163587243373,-5.100534433564656,-6.7477856370768,-0.05437348674490483,-0.08237418293758836,0.08768690657016576,0.0053127236325773985,S2
2021-01-19,-0.5866500204537108,1.0498029958056652,-1.5861779155409201,0.012659999999999998,1.636453016259376,-2.6359809113465853,0.0,-5.595736737186352,-5.009086716732641,-6.645539732992017,0.09144771683201469,0.10224590408478296,-0.06325449223027757,0.03899141185450539,S2
2021-01-20,-1.2478379953359606,0.36308108588578136,-2.195286809471341,0.012659999999999998,1.610919081221742,-2.5583678953571223,-0.5510164098380832,-5.595750534910385,-4.8989289494125074,-6.50984803063425,0.11015776732013371,0.13569170235776706,-0.07761301598946302,0.058078686368304044,S2
2021-01-21,-1.3729470494255653,0.22969944896961936,-2.3196010423380646,0.01272,1.6026464983951847,-2.549300491307684,-0.6517941649772845,-5.595762799582532,-4.874609915134251,-6.477256413529435,0.02431903427825688,0.0325916171048144,-0.009067404049438288,0.02352421305537611,S2
2021-01-22,-1.1393798378709876,0.4766331734532952,-2.132360106035468,0.01284,1.6160130113242828,-2.6089932794887636,-0.44657248529959453,-5.595775064281561,-4.902967711710168,-6.518980723034451,-0.02835779657591786,-0.04172430950501571,0.05969278818107959,0.01796847867606388,S2
2021-01-25,-1.0117032628295615,0.6193295691876481,-2.0361749689901982,0.012899999999999998,1.6310328320172096,-2.6555045381778464,0.0,-5.974750012102526,-4.963046749272965,-6.594079581290174,-0.06007903756279642,-0.07509885825572304,0.04651125868908279,-0.028587599566640254,S2
2021-01-26,-0.9669036608217427,0.6666037243683287,-2.0075859728157197,0.012960000000000001,1.6335073851900714,-2.6741896971840484,0.058797988719013546,-5.97476310745937,-4.949061457918614,-6.582568843108685,0.013985291354351226,0.011510738181488733,0.018685159006202046,0.03019589718769078,S2
2021-01-27,0.9484805998136822,2.6515633590760785,-0.24968925075951054,0.012960000000000001,1.7030827592623963,-2.901252609835589,1.1236225047335013,-5.9747762028449145,-5.799634297925095,-7.502717057187492,-0.8505728400064818,-0.9201482140788064,0.22706291265154066,-0.6930853014272658,S2
2021-01-28,0.0075858607332747185,1.672518943960995,-1.1215096358430983,0.013019999999999999,1.6649330832277203,-2.7940285798040936,0.615639407916809,-5.9747876613308115,-5.366734114147277,-7.031667197374997,0.4329001837778188,0.4710498598124948,-0.1072240300314955,0.3638258297809993,S2
2021-01-29,0.7541201567611536,2.4406291518862995,-0.42949865806559323,0.013019999999999999,1.6865089951251457,-2.8701278099518928,1.1991313454054167,-5.974799119838684,-5.529787931194421,-7.216296926319567,-0.16305381704714428,-0.18462972894456975,0.07609923014779918,-0.10853049879677057,S2
2021-02-01,0.021899794863973865,1.6853839800219128,-1.125240504899952,0.013139999999999999,1.663484185157939,-2.810624484921865,0.0,-5.31102032703973,-5.332920121903704,-6.996404307061642,0.19686780929071723,0.2198926192579247,-0.05950332503002764,0.16038929422789705,S2
2021-02-02,-0.9278399899468033,0.6953062779875778,-1.9824123018480075,0.013080000000000001,1.623146267934381,-2.6777185798355854,-0.672390340702149,-5.3110319676449835,-5.0555823184003295,-6.67872858633471,0.2773378035033742,0.31767572072693184,-0.13290590508627975,0.1847698156406521,S2
2021-02-03,-1.2629142428081483,0.3434592719657164,-2.2759739688000558,0.013019999999999999,1.6063735147738647,-2.619433240765772,-0.8444390985595454,-5.311043608275751,-4.892568464027149,-6.498941978801014,0.1630138543731805,0.17978660753369624,-0.05828533906981326,0.12150126846388298,S2
2021-02-04,-1.7661907000485448,-0.1791754177275272,-2.756064077391381,0.013139999999999999,1.5870152823210177,-2.576888659663854,-1.272968639740303,-5.311055248932033,-4.817833188623791,-6.404848470944809,0.07473527540335834,0.09409350785620507,-0.042544581101918055,0.05154892675428702,S2
2021-02-05,-2.155464741741739,-0.5908927629709162,-3.0979410386129937,0.013080000000000001,1.5645719787708228,-2.5070482756420773,-1.6029057111327663,-5.311066889613828,-4.758507859004856,-6.323079837775679,0.05932532961893422,0.08176863316912986,-0.06984038402177672,0.011928249147353132,S2
2021-02-08,-2.4430337506632345,-0.8891831881596299,-3.3210539988356436,0.01284,1.5538505625036045,-2.4318708106760134,0.0,-7.215990778489573,-4.7729570278263385,-6.326807590329943,-0.014449168821482061,-0.00372775255426383,-0.07517746496606392,-0.07890521752032775,S2
2021-02-09,-2.3363152707699166,-0.77597815606183,-3.2362374564718817,0.012899999999999998,1.5603371147080867,-2.4602593004100517,0.08452281732936279,-7.216006594377104,-4.795168506277824,-6.355505620985911,-0.022211478451485966,-0.028698030655967877,0.02838848973403829,-0.00030954092192958527,S2
2021-02-10,-2.186699500637533,-0.6143643492139403,-3.115378811000836,0.012960000000000001,1.5723351514235928,-2.5010144617868955,0.221842954285369,-7.216022410299301,-4.807479955376399,-6.379815106799992,-0.012311449098574734,-0.0243094858140811,0.04075516137684376,0.016445675562762663,S2
2021-02-11,-2.346147658723457,-0.7811637349684265,-3.279655822560857,0.013080000000000001,1.5649839237550305,-2.498492087592431,0.1120935127067646,-7.216038226256162,-4.757797054825941,-6.322780978580971,0.04968290055045799,0.057034128219020985,-0.0025223741944646605,0.054511754024556325,S2
2021-02-12,-2.7738089441993523,-1.232385160895528,-3.6742504618545406,0.013139999999999999,1.5414237833038242,-2.4418653009590123,-0.24361201961554743,-7.216054042247689,-4.6858571176638835,-6.227280900967708,0.07193993716205771,0.09550007761326285,-0.05662678663341847,0.03887329097984438,S2
2021-02-16,-3.0872026288786927,-1.5769712742617361,-3.9093019072699837,0.012899999999999998,1.5102313546169566,-2.3323306330082474,0.0,-7.859822821290311,-4.772620192411618,-6.282851547028574,-0.08676307474773459,-0.05557064606086648,-0.10953466795076494,-0.16510531401163142,S2
2021-02-17,-3.0338474013466055,-1.519039663253721,-3.8403735197339928,0.012779999999999998,1.5148077380928844,-2.3213338564802717,0.05336999761436885,-7.859840048318112,-4.772622649357138,-6.287430387450023,-2.4569455199241474e-06,-0.004578840421448405,-0.010996776527975705,-0.01557561694942411,S2
2021-02-18,-2.810722708999384,-1.2870633234214244,-3.6351985142108205,0.012779999999999998,1.5236593855779594,-2.348135190789396,0.2279740679540882,-7.859855121998412,-4.82115834504494,-6.344817730622899,-0.048535695687801805,-0.05738734317287619,0.026801334309124236,-0.030586008863751957,S2
2021-02-19,-2.9733098528717727,-1.4649032526159855,-3.7882354735366426,0.01284,1.5084066002557872,-2.323332220920657,0.09248659802761688,-7.85987019570762,-4.79407374480823,-6.302480345064017,0.027084600236709555,0.04233738555888156,-0.024802969868738867,0.01753441569014269,S2
2021-02-22,-2.7343959933781514,-1.221425229166886,-3.5863990546918134,0.012960000000000001,1.5129707642112655,-2.3649738255249275,0.0,-7.5896857464169,-4.855289753038749,-6.368260517250015,-0.061216008230518426,-0.06578017218599719,0.041641604604270466,-0.024138567581726722,S2
2021-02-23,-2.81391024569597,-1.3035224763574635,-3.6942604180153245,0.0132,1.5103877693385066,-2.3907379416578607,-0.052422457527002995,-7.589700301992562,-4.828212513823595,-6.338600283162101,0.027077239215153703,0.029660234087913295,0.025764116132933168,0.05542435022084646,S2
2021-02-24,-3.3898701360904413,-1.9031946079597661,-4.237070970586002,0.01332,1.4866755281306752,-2.3338763626262358,-0.5378542466838375,-7.589714857596139,-4.737698968189535,-6.22437449632021,0.09051354563406022,0.11422578684189144,-0.05686157903162492,0.05736420781026652,S2
2021-02-25,-2.6364753419547036,-1.1531653289832875,-3.4272741911894427,0.01272,1.483310012971416,-2.2741088622061554,-0.23523086169843027,-7.589729413227631,-5.188484932971358,-6.671794945942774,-0.4507859647818231,-0.4474204496225642,-0.05976750042008039,-0.5071879500426446,S2
2021-02-26,-2.094000191359509,-0.5683652315723206,-2.943316176564352,0.01272,1.5256349597871885,-2.3749509449920314,0.35791391393900474,-7.589743968887038,-5.137829863588524,-6.663464823375713,0.050655069382833595,0.008330122567061338,0.10084208278587603,0.10917220535293737,S2
2021-03-01,-3.3317499445127225,-1.8547241046115979,-4.09348840665726,0.012779999999999998,1.4770258399011247,-2.238764302045662,0.0,-8.188572429799098,-4.856822485286376,-6.333848325187501,0.2810073783021485,0.32961649818821215,-0.1361866429463694,0.19342985524184275,S2
2021-03-02,-2.873143055120649,-1.3716557686080715,-3.697685745343957,0.012899999999999998,1.5014872865125777,-2.3260299767358856,0.43581812438192735,-8.188588133925666,-4.87962695442309,-6.381114240935668,-0.02280446913671419,-0.04726591574816741,0.08726567469022362,0.03999975894205621,S2
2021-03-03,-2.4314384161329197,-0.9222088419257639,-3.272903344126024,0.01284,1.5092295742071558,-2.35069450220026,0.7307085658354132,-8.18860383808235,-5.026456856114018,-6.5356864303211735,-0.14682990169092847,-0.15457218938550543,0.024664525464374254,-0.12990766392113118,S2
2021-03-04,-2.1206906354063713,-0.6120892758859852,-2.9654891196877036,0.012779999999999998,1.508601359520386,-2.3533998438017183,0.9514016631600047,-8.188619542269153,-5.116527243702777,-6.625128603223163,-0.0900703875887583,-0.08944217290198964,0.002705341601458411,-0.08673683130053123,S2
2021-03-05,-3.135534054089514,-1.6694047830430787,-3.89757716563932,0.012779999999999998,1.4661292710464353,-2.2281723825962416,0.137538227775528,-8.188635246486074,-4.915562964621032,-6.381692235667468,0.2009642790817443,0.2434363675556952,-0.12522746120547668,0.11820890635021852,S2
2021-03-08,-3.008906483213726,-1.54178819469782,-3.788145337657805,0.01284,1.467118288515906,-2.246357142959985,0.0,-7.973938326230881,-4.9650318430171545,-6.432150131533061,-0.04946887839612213,-0.05045789586559302,0.01818476036374328,-0.03227313550184974,S2
2021-03-09,-3.464406398215287,-2.0076576388368883,-4.234151427122754,0.012960000000000001,1.4567487593783985,-2.2264937882858655,-0.3683743743425819,-7.973953618730006,-4.8779215948573,-6.334670354235699,0.08711024815985446,0.09747977729736235,-0.01986335467411937,0.07761642262324298,S2
2021-03-10,-3.706291353008215,-2.2543973744358863,-4.469329395376005,0.013019999999999999,1.4518939785723286,-2.2149320209401187,-0.5144199690603303,-7.973968911258458,-4.782097527310574,-6.233991505882903,0.0958240675467259,0.10067884835279539,-0.011561767345746876,0.08911708100704852,S2
2021-03-11,-4.196820027104341,-2.7665732302244397,-4.925788640612011,0.013080000000000001,1.430246796879901,-2.1592154103875716,-0.9573000198243241,-7.973984203816239,-4.734464196536223,-6.164710993416124,0.04763333077435128,0.06928051246677924,-0.05571661055254706,0.01356390191423218,S2
2021-03-12,-4.695912280023364,-3.3035057076374676,-5.375837674897724,0.013139999999999999,1.3924065723858967,-2.0723319672602565,-1.4170559670906433,-7.973999496403349,-4.695143183470627,-6.087549755856523,0.03932101306559588,0.07716123755960069,-0.08688344312731511,-0.009722205567714415,S2
2021-03-15,-4.916684088247996,-3.5278631834430993,-5.575815311927582,0.013080000000000001,1.3888209048048963,-2.0479521284844826,0.0,-9.564066336745432,-4.647382248497436,-6.036203153302333,0.04776093497319067,0.05134660255419021,-0.024379838775773877,0.026966763778416336,S2
2021-03-16,-4.875949593779003,-3.4846721899413025,-5.545873168348813,0.013139999999999999,1.3912774038377007,-2.061200978407511,0.06031963602127847,-9.56408467880805,-4.627815449007768,-6.019092852845469,0.01956679948966844,0.017110300456864458,0.013248849923028327,0.030359150379892785,S2
2021-03-17,-5.07969015488712,-3.6981779049284595,-5.758847641364048,0.013379999999999998,1.3815122499586607,-2.060669736435589,-0.09301569441964398,-9.564103020905842,-4.577428560438366,-5.958940810397027,0.050386888569401656,0.060152042448441634,-0.000531241971922114,0.05962080047651952,S2
2021-03-18,-4.7045208566269014,-3.3233694783717884,-5.360916073136921,0.013019999999999999,1.381151378255113,-2.0375465947651326,0.15864466115595632,-9.564121363038812,-4.700955845255955,-6.082107223511068,-0.12352728481758835,-0.12316641311404108,-0.02312314167045626,-0.14628955478449734,S2
2021-03-19,-4.830267725593377,-3.4587502821218834,-5.408319637775609,0.0126,1.3715174434714932,-1.9495693556537255,0.061854507173090656,-9.564139705206959,-4.672017472440491,-6.043534915911984,0.028938372815463964,0.038572307599084255,-0.08797723911140709,-0.049404931512322836,S2
2021-03-22,-5.014350087604475,-3.6379875551692757,-5.568257775237817,0.01248,1.3763625324351993,-1.9302702200685413,0.0,-9.576014204042965,-4.5616641164384895,-5.938026648873689,0.11035335600200114,0.10550826703829497,-0.019299135585184146,0.08620913145311082,S2
2021-03-23,-4.41773656778163,-3.0058314804232698,-5.054923379249029,0.012659999999999998,1.4119050873583605,-2.0490918988257594,0.5297632201025495,-9.576032569019322,-4.628532781135143,-6.040437868493504,-0.06686866469665365,-0.10241121961981481,0.11882167875721805,0.016410459137403244,S2
2021-03-24,-4.132158431457895,-2.706735738685749,-4.783346082557859,0.0126,1.4254226927721456,-2.07661034387211,0.7775618292868092,-9.5760509340309,-4.666330673286196,-6.091753366058342,-0.03779789215105289,-0.051315497564838,0.027518445046350593,-0.023797052518487405,S2
2021-03-25,-4.4460994074226505,-3.033966527670726,-5.081877348191181,0.012659999999999998,1.4121328797519244,-2.047910820520455,0.5373652064824109,-9.576069299077698,-4.5926046851726365,-6.004737564924561,0.07372598811355946,0.08701580113378071,-0.028699523351654932,0.05831627778212578,S2
2021-03-26,-5.290947340108834,-3.9207381522898963,-5.836919179193564,0.012539999999999997,1.3702091878189373,-1.9161810269036677,-0.25685282805556015,-9.576087664159717,-4.541993152106444,-5.912202339925381,0.050611533066192926,0.09253522499917999,-0.13172979361678738,-0.039194568617607395,S2
2021-03-29,-5.414902362690747,-4.061530307342469,-5.93431558666504,0.01248,1.3533720553482782,-1.8727852793225708,0.0,-10.043970989784215,-4.629068627093468,-5.982440682441746,-0.08707547498702439,-0.07023834251636529,-0.04339574758109688,-0.11363409009746217,S2
2021-03-30,-5.342224509645247,-3.9838677427299727,-5.831946888083803,0.01224,1.358356766915274,-1.8480791453538306,0.11947323127597238,-10.043990252212803,-4.582292511291584,-5.940649278206858,0.04677611580188401,0.04179140423488814,-0.024706133968740218,0.017085270266147923,S2
2021-03-31,-5.529538853659534,-4.180251156399288,-5.995508125404442,0.012179999999999998,1.3492876972602454,-1.8152569690051532,-0.06122399320381135,-10.044006762895279,-4.575691902439556,-5.924979599699801,0.006600608852028067,0.015669678507056695,-0.032822176348677345,-0.01715249784162065,S2
2021-04-01,-5.8878538069905195,-4.541783509101101,-6.290781652934267,0.01188,1.3460702978894181,-1.7489981438331652,-0.31644136189730426,-10.044026025392473,-4.4726135802992575,-5.818683878188676,0.10307832214029844,0.10629572151112576,-0.066258825171988,0.04003689633913776,S2
2021-04-05,-6.586644208811645,-5.276477792303102,-6.894362976907729,0.01158,1.310166416508543,-1.617885184604627,0.0,-11.086553776492867,-4.499909567681222,-5.810075984189765,-0.02729598738196426,0.008607893998910932,-0.13111295922853827,-0.12250506522962734,S2
2021-04-06,-6.32390234630007,-4.990988948953872,-6.674020156535345,0.011699999999999999,1.3329133973461982,-1.6830312075814735,0.269372406242529,-11.086575038397209,-4.493300285854611,-5.826213683200809,0.006609281826611024,-0.016137699011044226,0.06514602297684657,0.04900832396580235,S2
2021-04-07,-6.480319741156608,-5.15454267812383,-6.82748064440567,0.01176,1.3257770630327776,-1.6729379662818396,0.1711522429299141,-11.086596300342327,-4.435124316255806,-5.760901379288583,0.05817596959880511,0.06531230391222564,-0.01009324129963396,0.055219062612591685,S2
2021-04-08,-6.511081336854502,-5.178243648712077,-6.87859379361885,0.01188,1.3328376881424253,-1.700350144906773,0.1606602665685414,-11.086617562328222,-4.414875958905178,-5.747713647047603,0.0202483573506278,0.013187732240980132,0.027412178624933503,0.040599910865913635,S2
2021-04-09,-6.944185536243886,-5.6346185706427985,-7.261176508824457,0.01176,1.3095669656010873,-1.6265579381816586,-0.26311066425085533,-11.086638824354893,-4.405563952361861,-5.715130917962949,0.009312006543316542,0.03258272908465454,-0.07379220672511444,-0.0412094776404599,S2
2021-04-12,-7.007331194190474,-5.7028586685833185,-7.310361879132796,0.011699999999999999,1.3044725256071557,-1.6075032105494778,0.0,-11.424720922372833,-4.417389728182359,-5.7218622537895145,-0.011825775820497597,-0.006731335826565932,-0.019054727632180857,-0.02578606345874679,S2
2021-04-13,-6.978193973125023,-5.662177198426852,-7.3063815311675,0.011819999999999999,1.3160167746981717,-1.6442043327406486,0.05859185445811946,-11.424742832817529,-4.3879570052343855,-5.703973779932557,0.02943272294797339,0.017888473856957354,0.03670112219117083,0.054589596048128186,S2
2021-04-14,-6.788478441251355,-5.464091313083648,-7.138794435895171,0.01188,1.3243871281677073,-1.6747031228115237,0.21969867898310938,-11.424764743304245,-4.4165876230697805,-5.740974751237488,-0.028630617835395,-0.03700097130493063,0.03049879007087508,-0.0065021812340555485,S2
2021-04-15,-6.963227200744337,-5.629667188786891,-7.286531954172832,0.011699999999999999,1.333560011957446,-1.656864765385941,0.08499423084479402,-11.42478665383298,-4.3765652222438485,-5.7101252342012945,0.040022400825932,0.03084951703619332,-0.017838357425582707,0.013011159610610612,S2
2021-04-16,-7.237968649751128,-5.920935296528165,-7.555769205605988,0.011819999999999999,1.3170333532229632,-1.6348339090778232,-0.17683462301924263,-11.424808564403737,-4.3636745376718515,-5.680707890894815,0.012890684571996935,0.029417343306479715,-0.02203085630811774,0.007386486998361974,S2
2021-04-19,-7.056054598403925,-5.734825238913989,-7.401606094943548,0.01194,1.3212293594899363,-1.6667808560295594,0.0,-11.471780565859385,-4.41572596745546,-5.736955326945396,-0.05205142978360833,-0.056247436050581356,0.031946946951736166,-0.02430048909884519,S2
2021-04-20,-6.616364190634863,-5.271907699612032,-7.0054793662033,0.012,1.3444564910228314,-1.733571666591268,0.3856969900815015,-11.471802566555539,-4.469741385839173,-5.814197876862004,-0.054015418383713154,-0.07724254991660828,0.06679081056170855,-0.010451739354899736,S2
2021-04-21,-7.011535720947906,-5.679860538043917,-7.383078725473479,0.012059999999999998,1.3316751829039895,-1.7032181874295622,0.05107625847069351,-11.471824567293885,-4.409212587875285,-5.740887770779274,0.06052879796388844,0.07331010608273036,-0.03035347916170572,0.04295662692102464,S2
2021-04-22,-6.585509687735271,-5.2367546770767195,-6.970199362590204,0.01194,1.348755010658551,-1.7334446855134846,0.4208848974963926,-11.471846568074424,-4.465451982842761,-5.814206993501312,-0.05623939496747621,-0.07331922272203784,0.030226498083922415,-0.04309272463811542,S2
2021-04-23,-7.121777304578951,-5.79529167228457,-7.468206785819918,0.01194,1.3264856322943812,-1.672915113535348,-0.05520104868718648,-11.471868568897158,-4.4052923130053925,-5.731777945299774,0.06015966983736831,0.08242904820153818,-0.06052957197813669,0.021899476223401493,S2
2021-04-26,-7.180247164797498,-5.854797964546389,-7.515361047609695,0.01188,1.325449200251109,-1.6605630830633062,0.0,-11.602968629175349,-4.422721464377851,-5.74817066462896,-0.017429151372458485,-0.01639271932918618,-0.012352030472041697,-0.028744749801227876,S2
2021-04-27,-7.36035486410472,-6.0516604962336995,-7.668630229575374,0.011819999999999999,1.3086943678710208,-1.6169697333416746,-0.1798782007444532,-11.60299088146529,-4.4225142181050225,-5.731208585976043,0.00020724627282842079,0.016962078652916546,-0.04359334972163165,-0.0266312710687151,S2
2021-04-28,-7.353658941742085,-6.0439880052255415,-7.670996889679193,0.01188,1.309670936516543,-1.6270088844536517,-0.14653996748977177,-11.603013133797907,-4.395894159545595,-5.705565096062138,0.02662005855942784,0.025643489913905526,0.010039151111977063,0.03568264102588259,S2
2021-04-29,-7.692104758446506,-6.400555649055624,-7.975424699120966,0.011819999999999999,1.291549109390882,-1.5748690500653417,-0.49512401226375635,-11.60303220725983,-4.40605146107708,-5.697600570467962,-0.01015730153148553,0.007964525594175598,-0.052139834388309936,-0.04417530879413434,S2
2021-04-30,-7.359168463962286,-6.054149298761056,-7.657494431302592,0.01176,1.3050191652012302,-1.603345132541536,-0.20516445291973268,-11.603048101835384,-4.44904409079283,-5.75406325599406,-0.042992629715749686,-0.0564626855260979,0.028476082476194264,-0.027986603049903636,S2
2021-05-03,-7.428929599984664,-6.1211074455025205,-7.726151549467188,0.01176,1.3078221544821433,-1.6050441039646675,0.0,-11.850320268647643,-4.421390668662979,-5.729212823145122,0.027653422129851002,0.024850432848937842,0.0016989714231314679,0.02654940427206931,S2
2021-05-04,-7.037127747940868,-5.7096420771615435,-7.372223851143209,0.011819999999999999,1.3274856707793248,-1.6625817739816657,0.3406582237624961,-11.850339748642176,-4.4725537769388115,-5.800039447718136,-0.05116310827583259,-0.07082662457301403,0.05753767001699828,-0.013288954556015753,S2
2021-05-05,-7.018204353938845,-5.685218050732079,-7.366050133756724,0.01188,1.3329863032067664,-1.6808320830246455,0.3858374653401566,-11.850359228668731,-4.44631740938973,-5.779303712596496,0.026236367549081763,0.020735735121640175,0.01825030904297975,0.038986044164619926,S2
2021-05-06,-7.339799239574873,-6.016811022750604,-7.650595897952814,0.01176,1.3229882168242693,-1.6337848752022106,0.09727595327061248,-11.850378708727309,-4.4133035158818235,-5.736291732706093,0.03301389350790629,0.043011979890403396,-0.04704720782243488,-0.004035227932031482,S2
2021-05-07,-7.8197086542333185,-6.518744530121593,-8.103825994976479,0.011819999999999999,1.3009641241117258,-1.5850814648548859,-0.2752325419877513,-11.850398188817909,-4.305922076572342,-5.606886200684068,0.10738143930948141,0.12940553202202487,-0.04870341034732473,0.08070212167470014,S2
2021-05-10,-7.374732007239797,-6.06265409603467,-7.694249383363756,0.01188,1.3120779112051268,-1.6315952873290858,0.0,-11.820551351629982,-4.445819344390185,-5.757897255595312,-0.13989726781784295,-0.151011054911244,0.046513822474199884,-0.10449723243704412,S2
2021-05-11,-6.974034175536054,-5.648976788070014,-7.345064704519615,0.012059999999999998,1.3250573874660398,-1.696087916449601,0.3072401934043813,-11.82057078268927,-4.539296413748835,-5.864353801214875,-0.09347706935865041,-0.10645654561956341,0.06449262912051523,-0.04196391649904818,S2
2021-05-12,-6.052247287552891,-4.703402088948895,-6.489631264851992,0.012119999999999999,1.3488451986039962,-1.786229175903097,0.9685284697437475,-11.820590213780498,-4.79981445648386,-6.148659655087856,-0.26051804273502466,-0.284305853872981,0.09014125945349605,-0.19416459441948497,S2
2021-05-13,-6.612892700085251,-5.276689027251546,-7.033261299686101,0.01224,1.3362036728337046,-1.7565722724345552,0.6069566775321077,-11.82060964490367,-4.6007602672863115,-5.936963940120016,0.19905418919754858,0.21169571496784023,-0.029656903468541884,0.18203881149929835,S2
2021-05-14,-7.2794867424937895,-5.96014131525987,-7.64921991906875,0.012179999999999998,1.3193454272339196,-1.6890786038088805,0.13137158994275408,-11.82062907605878,-4.4097707436222375,-5.729116170856157,0.19098952366407396,0.20784776926385895,-0.06749366862567463,0.14035410063818432,S2
2021-05-17,-7.182713135045566,-5.860619964089951,-7.550636260720533,0.012119999999999999,1.3220931709556156,-1.6900162966305823,0.0,-11.6308037206415,-4.448090585595934,-5.77018375655155,-0.03831984197369653,-0.041067585695392594,0.0009376928217017522,-0.04012989287369084,S2
2021-05-18,-6.786207121121729,-5.448837354838642,-7.190801438870155,0.012179999999999998,1.3373697662830866,-1.7419640840315127,0.3354804452519842,-11.630822839786617,-4.5091352734129035,-5.84650503969599,-0.06104468781696948,-0.07632128314444042,0.05194778740093042,-0.02437349574351,S2
2021-05-19,-6.777499145709972,-5.44776760358141,-7.1689838498740475,0.012119999999999999,1.3297315421285614,-1.721216246292637,0.3015362765083511,-11.630841958963163,-4.551806536744841,-5.881538078873402,-0.04267126333193705,-0.03503303917741185,-0.020747837738875674,-0.055780876916287525,S2
2021-05-20,-7.080163357544338,-5.751298262574288,-7.457581873260171,0.012119999999999999,1.32886509497005,-1.7062836106858832,0.07303985656811585,-11.630861078171138,-4.477657864058685,-5.806522959028735,0.07414867268615577,0.07501511984466713,-0.014932635606753841,0.06008248423791329,S2
2021-05-21,-7.072988622129922,-5.742681683076237,-7.443088678821873,0.012059999999999998,1.3303069390536857,-1.7004069957456363,0.10339254220482623,-11.630880197410542,-4.454499033075794,-5.78480597212948,0.023158830982890954,0.021716986899255275,-0.005876614940246938,0.015840371959008337,S2
2021-05-24,-7.481119597433965,-6.1603823846782655,-7.8185641525611285,0.012,1.3207372127556996,-1.658181767882863,0.0,-11.849434952363458,-4.368315354929493,-5.689052567685192,0.08618367814630101,0.09575340444428715,-0.042225227862773274,0.053528176581513875,S2
2021-05-25,-7.203653093965834,-5.8614473874932145,-7.575858991642323,0.012059999999999998,1.3422057064726198,-1.7144116041491086,0.26735496136114045,-11.849454430902675,-4.3784463755757,-5.7206520820483195,-0.010131020646206856,-0.031599514363127135,0.05622983626624567,0.024630321903118535,S2
2021-05-26,-7.422532479924293,-6.0912446890338785,-7.752380284955137,0.01188,1.3312877908904142,-1.6611355959212588,0.11724078071716813,-11.849473909473913,-4.309700648832452,-5.640988439722866,0.06874572674324764,0.07966364232545331,-0.053276008227849836,0.026387634097603474,S2
2021-05-27,-7.605161371103877,-6.286164157931111,-7.919236344257735,0.01188,1.318997213172766,-1.6330721863266238,-0.041337971857974484,-11.84949338807717,-4.285669988831266,-5.604667202004032,0.02403066000118592,0.036321237718834,-0.028063409594635047,0.008257828124198952,S2
2021-05-28,-7.537133487023478,-6.208887731572312,-7.868415505052435,0.01194,1.3282457554511664,-1.6595277734801233,0.03576392605231396,-11.84950962027101,-4.276612207195219,-5.604857962646386,0.009057781636046869,-0.00019076064235346024,0.026455587153499494,0.026264826511146033,S2
2021-06-01,-7.625147882004986,-6.30766768873808,-7.9298729489630455,0.011819999999999999,1.3174801932669054,-1.6222052602249653,0.0,-11.94693906828747,-4.321791186282485,-5.63927137954939,-0.045178979087265425,-0.03441341690300437,-0.03732251325515801,-0.07173593015816238,S2
2021-06-02,-7.593499173446904,-6.267649122299446,-7.913064772794806,0.01188,1.3258500511474587,-1.6454156504953605,0.04932734282500482,-11.946958707107559,-4.304132190835649,-5.629982241983107,0.017658995446836023,0.00928913756628269,0.023210390270395287,0.03249952783667798,S2
2021-06-03,-7.563754968188041,-6.244601509663195,-7.864006904988668,0.01176,1.3191534585248466,-1.6194053953254732,0.04738941677287566,-11.94697834595993,-4.335833960999015,-5.654987419523861,-0.03170177016336595,-0.02500517754075382,-0.02601025516988731,-0.05101543271064113,S2
2021-06-04,-7.7487045230867295,-6.420917962539779,-8.062718128187102,0.01188,1.3277865605469508,-1.6418001656473233,-0.0505125156650878,-11.946997984844584,-4.248805977422942,-5.576592537969892,0.087027983576073,0.07839488155396879,0.02239477032185011,0.1007896518758189,S2
2021-06-07,-7.760625968490219,-6.43367834886826,-8.073779173112566,0.01188,1.3269476196219587,-1.640100824244306,0.0,-12.007246174625385,-4.246620206135166,-5.573567825757125,0.0021857712877757507,0.0030247122127677883,-0.001699341403017307,0.0013253708097504813,S2
2021-06-08,-7.603772083321418,-6.262521100603937,-7.9329388270709424,0.01188,1.3412509827174812,-1.6704177264670053,0.13574597007888733,-12.007265912580523,-4.2677478591802185,-5.6089988418977,-0.021127653045052597,-0.03543101614057509,0.030316902222699227,-0.005114113917875862,S2
2021-06-09,-7.395657823069486,-6.040224243228682,-7.725773540112904,0.01176,1.3554335798408044,-1.685549296884222,0.3160054499616989,-12.00728565056811,-4.295622377536924,-5.651055957377729,-0.027874518356705735,-0.042057115480028884,0.0151315704172168,-0.026925545062812084,S2
2021-06-10,-7.481833273322612,-6.117033038511198,-7.8482156860273555,0.012,1.3648002348114137,-1.7311826475161576,0.30923782580127823,-12.00730538858814,-4.216234289464251,-5.5810345242756645,0.07938808807267339,0.0700214331020641,0.04563335063193552,0.11565478373399962,S2
2021-06-11,-7.647320030592734,-6.292179058886239,-7.974616067901553,0.011819999999999999,1.3551409717064953,-1.682437009015314,0.15626506080794517,-12.007325126640618,-4.203740035239939,-5.558881006946434,0.012494254224312051,0.022153517329230432,-0.04874563850084357,-0.026592121171613137,S2
2021-06-14,-7.831883126853084,-6.491594873207534,-8.134194851017899,0.01176,1.34028825364555,-1.6425999778103648,0.0,-12.074492127166234,-4.24260900031315,-5.5828972539587,-0.03886896507321147,-0.024016247012266234,-0.03983703120494919,-0.06385327821721543,S2
2021-06-15,-7.72663617607665,-6.382184412774668,-8.036167802889018,0.01176,1.344451763301982,-1.65398339011435,0.07675429874823796,-12.074511975662755,-4.271121500837867,-5.615573264139849,-0.028512500524716877,-0.03267601018114874,0.011383412303985097,-0.021292597877163644,S2
2021-06-16,-7.645969273177846,-6.310622426357829,-7.911707373847432,0.01146,1.3353468468200163,-1.6010849474896025,0.0798584983207885,-12.074531824191904,-4.34870405269327,-5.684050899513286,-0.07758255185540275,-0.0684776353734371,-0.05289844262474741,-0.1213760779981845,S2
2021-06-17,-7.453229725769585,-6.098572065383365,-7.677761194822461,0.011040000000000001,1.35465766038622,-1.5791891294390954,0.2732316766945071,-12.074564905146326,-4.348103502682234,-5.702761163068454,0.000600550011036205,-0.018710263555167472,-0.02189581805050711,-0.04060608160567458,S2
2021-06-18,-6.551164833181499,-5.148286362119841,-6.846056514696077,0.0111,1.4028784710616575,-1.6977701525762354,1.047104337065699,-12.074597986191382,-4.476328815944184,-5.879207287005841,-0.1282253132619502,-0.1764461239373878,0.11858102313714003,-0.05786510080024776,S2
2021-06-21,-7.418699076244234,-6.056467416554481,-7.683332296468098,0.011279999999999998,1.362231659689753,-1.626864879913617,0.0,-11.76587818820281,-4.347179111958576,-5.709410771648329,0.12914970398560754,0.16979651535751206,-0.07090527266261848,0.09889124269489358,S2
2021-06-22,-7.616431754298905,-6.2563448963261745,-7.888868807235035,0.011399999999999999,1.36008685797273,-1.6325239109088603,-0.13551321338994854,-11.765910423529675,-4.284991882620719,-5.6450787405934495,0.06218722933785692,0.06433203105487983,0.0056590309952433415,0.06999106205012318,S2
2021-06-23,-7.652407459162642,-6.296795018233924,-7.912244749466856,0.01134,1.3556124409287182,-1.615449731232932,-0.1641716710521961,-11.765942658944855,-4.277706870834409,-5.6333193117631275,0.007285011786310136,0.011759428830321994,-0.01707417967592839,-0.005314750845606397,S2
2021-06-24,-7.861833053502135,-6.511590564091953,-8.10180432257539,0.011279999999999998,1.3502424894101823,-1.5902137584834373,-0.3640715050349418,-11.765974894448352,-4.268213345981158,-5.61845583539134,0.0094935248532515,0.01486347637178742,-0.02523597274949463,-0.010372496377707208,S2
2021-06-25,-8.192509245257638,-6.865122418882963,-8.423155371229075,0.011399999999999999,1.3273868263746742,-1.558032952346112,-0.680443933490778,-11.766007130040165,-4.253941818273306,-5.58132864464798,0.014271527707851561,0.037127190743359684,-0.03218080613732521,0.004946384606034471,S2
2021-06-28,-8.117080285886631,-6.774839741568638,-8.342706831968353,0.011279999999999998,1.3422405443179937,-1.5678670903997158,0.0,-12.365900043138572,-4.24881975725194,-5.591060301569934,0.005122061021365809,-0.009731656921953658,0.00983413805360378,0.00010248113165012285,S2
2021-06-29,-8.1273621861667,-6.785382720966272,-8.344246354435237,0.01122,1.3419794652004278,-1.558863633468965,-0.012947152937037718,-12.365933922363181,-4.25151888913352,-5.593498354333947,-0.00269913188157922,-0.002438052764013321,-0.009003456930750886,-0.011441509694764207,S2
2021-06-30,-8.055048184736217,-6.701078796387999,-8.281262423196338,0.01122,1.3539693883482178,-1.5801836268083393,0.07271549204969002,-12.3659610258097,-4.2381973490237925,-5.59216673737201,0.013321540109727081,0.0013316169619370655,0.0213199933393744,0.022651610301311464,S2
2021-07-01,-8.38435999629709,-7.048903944197792,-8.579341969459668,0.011160000000000002,1.335456052099297,-1.5304380252618754,-0.24894914918328265,-12.365994905201385,-4.230584058087578,-5.566040110186875,0.007613290936214767,0.026126627185135476,-0.0497456015464639,-0.023618974361328426,S2
2021-07-02,-8.585612256199594,-7.2490149950263385,-8.781474269444654,0.01122,1.3365972611732557,-1.5324592744183159,-0.4161715915257397,-12.36602878468589,-4.196588120012034,-5.53318538118529,0.033995938075543464,0.032854729001584815,0.002021249156440419,0.034875978158025234,S2
2021-07-06,-8.230426899816337,-6.864428190979154,-8.482373315018187,0.011399999999999999,1.365998708837183,-1.617945124039033,0.0,-12.457746791336668,-4.227319891520331,-5.593318600357514,-0.030731771508296646,-0.06013321917222392,0.08548584962071715,0.02535263044849323,S2
2021-07-07,-8.251503314580523,-6.8770914297472885,-8.498786338973424,0.01134,1.3744118848332345,-1.621694909226136,-0.003776042037398092,-12.457780922196548,-4.210053649653423,-5.584465534486657,0.01726624186690806,0.008853065870856547,0.003749785187102894,0.012602851057959441,S2
2021-07-08,-7.699925261688285,-6.300376318006233,-8.00187743630868,0.01146,1.3995489436820518,-1.7015011183024473,0.4543726285948422,-12.457815053149938,-4.303517162866812,-5.703066106548864,-0.09346351321338897,-0.11860057206220631,0.07980620907631142,-0.03879436298589489,S2
2021-07-09,-8.509248218147054,-7.15252022062215,-8.753336988979425,0.01146,1.3567279975249038,-1.6008167683572756,-0.25365807494128045,-12.457849184196837,-4.202259040991063,-5.5589870385159665,0.10125812187574912,0.14407906803289716,-0.10068434994517172,0.04339471808772544,S2
2021-07-12,-8.691126689417928,-7.342010706369695,-8.923779417434826,0.01146,1.3491159830482324,-1.5817687110651306,0.0,-12.894671814571616,-4.203545125153688,-5.552661108201921,-0.0012860841626256558,0.0063259303140457135,-0.019048057292144982,-0.012722126978099269,S2
2021-07-13,-8.638531073431574,-7.296290443509263,-8.869698182434012,0.01146,1.342240629922311,-1.5734077389247494,0.008928989812017063,-12.894707142487995,-4.247247079244405,-5.589487709166716,-0.0437019540907162,-0.03682660096479484,-0.008360972140381229,-0.04518757310517607,S2
2021-07-14,-8.565916398584527,-7.20882315405931,-8.808300590322544,0.01146,1.3570932445252168,-1.5994774362632338,0.12846373464798286,-12.894742470501162,-4.200362337268652,-5.557455581793869,0.04688474197575232,0.03203212737284655,0.02606969733848441,0.05810182471133096,S2
2021-07-15,-8.202983018036683,-6.81896529284599,-8.484195989223045,0.011519999999999999,1.3840177251906933,-1.665230696377055,0.467292858435961,-12.89477779861112,-4.224501922138476,-5.608519647329169,-0.024139584869823594,-0.051064065535300074,0.0657532601138211,0.014689194578521025,S2
2021-07-16,-7.832241821200572,-6.434688550645364,-8.145518276632608,0.01158,1.3975532705552078,-1.7108297259872431,0.776083061678229,-12.894813126817866,-4.286488243939065,-5.684041514494273,-0.06198632180058894,-0.07552186716510345,0.045599029610188246,-0.029922837554915205,S2
2021-07-19,-6.647413493099501,-5.1817880314068,-7.08869874416131,0.011819999999999999,1.4656254616927011,-1.9069107127545104,0.0,-11.060364732536494,-4.4129512394369925,-5.878576701129694,-0.12646299549792772,-0.19453518663542102,0.19608098676726726,0.0015458001318462422,S2
2021-07-20,-7.527122315849346,-6.1005590352369055,-7.916193950193545,0.01188,1.4265632806124406,-1.8156349149566395,-0.7610313543345619,-11.060395034947133,-4.294304073432349,-5.72086735404479,0.11864716600464309,0.15770934708490358,-0.09127579779787087,0.06643354928703271,S2
2021-07-21,-8.163808953268049,-6.774158161644,-8.485325774119405,0.01176,1.3896507916240486,-1.7111676124754043,-1.345659078344531,-11.060425337440792,-4.242275462517274,-5.631926254141322,0.052028610915075824,0.08894109990346788,-0.10446730248123526,-0.015526202577767378,S2
2021-07-22,-8.167575291912454,-6.770967837818839,-8.484399130757705,0.011699999999999999,1.3966074540936155,-1.713431292938866,-1.328084465632056,-11.060455640017473,-4.2209648137370746,-5.61757226783069,0.02131064878019906,0.014353986310632116,0.0022636804634617036,0.01661766677409382,S2
2021-07-23,-8.712413282396227,-7.342540128050377,-8.974012517256938,0.01158,1.36987315434585,-1.6314723892065608,-1.858557007733036,-11.060485942677174,-4.206629668013983,-5.576502822359833,0.014335145723091358,0.04106944547085689,-0.08195890373230519,-0.0408894582614483,S2
2021-07-26,-8.769506069153335,-7.39844995904601,-9.038259391539945,0.01164,1.3710561101073253,-1.6398094324939354,0.0,-12.991626737418105,-4.22212066826477,-5.593176778372095,-0.015491000250786868,-0.01667395601226218,0.008337043287374613,-0.008336912724887569,S2
2021-07-27,-8.378929352440847,-6.985671894062418,-8.68596227335315,0.011699999999999999,1.3932574583784296,-1.700290379290732,0.3302014088902368,-12.991662330964774,-4.28253156963369,-5.67578902801212,-0.06041090136892002,-0.08261224964002434,0.06048094679679661,-0.02213130284322773,S2
2021-07-28,-8.447990871983281,-7.057693855825455,-8.758808247962689,0.01176,1.3902970161578256,-1.7011143921372334,0.30289574920964707,-12.991697924608959,-4.240811303416031,-5.6311083195738565,0.04172026621765923,0.04468070843826322,0.0008240128465013541,0.04550472128476457,S2
2021-07-29,-8.710730186397564,-7.333646897966492,-8.985628407023892,0.01164,1.3770832884310718,-1.6519815090574,0.057986454801104634,-12.99173351835066,-4.223016877151991,-5.600100165583063,0.017794426264039487,0.031008153990793375,-0.049132883079833434,-0.01812472908904006,S2
2021-07-30,-8.34734708291226,-6.947679071210481,-8.65926002500209,0.011699999999999999,1.3996680117017783,-1.7115809537916098,0.41727679993565625,-12.991758434027874,-4.227134551179958,-5.626802562881736,-0.0041176740279667,-0.026702397298673297,0.05959944473420986,0.032897047435536564,S2
2021-08-02,-8.114575711509634,-6.697268215236335,-8.447017991338907,0.011699999999999999,1.417307496273299,-1.749749776102572,0.0,-12.368979389407874,-4.254403677898241,-5.67171117417154,-0.02726912671828252,-0.04490861128980317,0.03816882231096219,-0.006739788978840977,S2
2021-08-03,-8.483721159457506,-7.076229500906308,-8.812604497205955,0.011819999999999999,1.4074916585511978,-1.7363749962996469,-0.3111126967229756,-12.36901327706906,-4.19640481433453,-5.603896472885728,0.057998863563710756,0.0678147012858119,-0.013374779802925119,0.05443992148288679,S2
2021-08-04,-8.286196804630418,-6.870258444753497,-8.619404842848432,0.01176,1.4159383598769208,-1.7491463980949353,-0.11772407478107592,-12.369047164823089,-4.200574434973747,-5.616512794850668,-0.004169620639217442,-0.012616321964940447,0.012771401795288462,0.00015507983034801498,S2
2021-08-05,-8.679753632777135,-7.286062616426396,-8.97464061664487,0.011699999999999999,1.393691016350739,-1.688578000218473,-0.5053667679153675,-12.36908105266996,-4.194694187808192,-5.588385204158931,0.005880247165555019,0.02812759069173687,-0.0605683978764624,-0.03244080718472553,S2
2021-08-06,-9.047639428625466,-7.683540036248349,-9.3013548773309,0.01164,1.364099392377117,-1.6178148410825504,-0.8436737928380855,-12.369114940609677,-4.165149304822297,-5.529248697199414,0.029544882985895526,0.059136506959517554,-0.07076315913592257,-0.011626652176405017,S2
2021-08-09,-9.057886973028037,-7.697502585128732,-9.317672974151737,0.011699999999999999,1.3603843878993045,-1.6201703890230048,0.0,-13.243233914709396,-4.18534694168136,-5.545731329580664,-0.02019763685906284,-0.01648263238125036,0.00235554794045445,-0.014127084440795912,S2
2021-08-10,-9.189023339503084,-7.839671178786401,-9.437043341293695,0.011699999999999999,1.3493521607166832,-1.5973721625072939,-0.14144899988900408,-13.243270197591741,-4.195695857977661,-5.545048018694344,-0.010348916296301525,0.0006833108863197879,-0.02279822651571095,-0.022114915629391163,S2
2021-08-11,-9.291250406041982,-7.942287233224959,-9.567487006538796,0.01194,1.3489631728170233,-1.6251997733138372,-0.2134709519855825,-13.24330648057349,-4.165527026517092,-5.514490199334115,0.03016883146056948,0.030557819360229388,0.02782761080654339,0.05838543016677278,S2
2021-08-12,-9.457322777889495,-8.115740343426767,-9.722075920308056,0.01194,1.3415824344627278,-1.606335576881289,-0.3725254842334038,-13.243342763654645,-4.158545469998554,-5.500127904461282,0.006981556518537602,0.014362294872833026,-0.01886419643254822,-0.0045019015597151935,S2
2021-08-13,-9.312008517623578,-7.94871350346372,-9.588108990005528,0.01188,1.363295014159858,-1.6393954865418081,-0.21096597113769888,-13.243379046835207,-4.142336500349327,-5.505631514509185,0.016208969649227356,-0.005503610047902896,0.03305990966051908,0.027556299612616186,S2
2021-08-16,-9.327858624485927,-7.958019756756266,-9.599433647344991,0.011819999999999999,1.3698388677296611,-1.6414138905887254,0.0,-13.47092973630578,-4.143071111819854,-5.512909979549515,-0.0007346114705271134,-0.00727846504033014,0.0020184040469173326,-0.005260060993412807,S2
2021-08-17,-8.962752237852873,-7.580429509805774,-9.265803122904343,0.01188,1.3823227280470993,-1.6853736130985686,0.29758614850107734,-13.47096664301315,-4.210628256659199,-5.592950984706298,-0.06755714483934483,-0.08004100515678303,0.04395972250984315,-0.03608128264693988,S2
2021-08-18,-8.420371597472835,-7.023319594379619,-8.746939480121432,0.011819999999999999,1.3970520030932159,-1.7236198857418126,0.7145736952319997,-13.470999859136233,-4.3360545664313985,-5.733106569524614,-0.12542630977219993,-0.14015558481831647,0.038246272643243984,-0.10190931217507249,S2
2021-08-19,-8.374885979417636,-6.9692013387117555,-8.71749849691259,0.01188,1.4056846407058803,-1.7482971582008346,0.7582607420861996,-13.47103307534122,-4.3378863538373835,-5.743570994543264,-0.001831787405984997,-0.010464425018649415,0.02467727245902207,0.014212847440372656,S2
2021-08-20,-8.880910429592332,-7.494443510325831,-9.173069793670415,0.01176,1.3864669192665007,-1.6786262833445837,0.35391429687495674,-13.471066291628109,-4.236241565160821,-5.622708484427322,0.10164478867656257,0.12086251011594218,-0.0696708748562509,0.05119163525969128,S2
2021-08-23,-9.269448617480613,-7.89235441940815,-9.54856543499572,0.011819999999999999,1.377094198072463,-1.6562110155875693,0.0,-13.448407317864444,-4.178958700383831,-5.556052898456294,0.057282864776990294,0.06665558597102805,-0.022415267757014412,0.04424031821401364,S2
2021-08-24,-9.458178766497358,-8.096695930782118,-9.703763267689059,0.011699999999999999,1.3614828357152398,-1.6070673369069404,-0.19163933772950695,-13.448440478361725,-4.181901049593874,-5.5433838853091135,-0.002942349210043105,0.012669013147180053,-0.049143678680628966,-0.03647466553344891,S2
2021-08-25,-9.751094850071055,-8.412946511873225,-9.955173691646483,0.01158,1.338148338197831,-1.542227179773258,-0.4792677719239019,-13.448473638940772,-4.176646560793619,-5.51479489899145,0.005254488800254364,0.028588986317663156,-0.0648401571336823,-0.03625117081601914,S2
2021-08-26,-9.409073213443191,-8.057483406049778,-9.626764896799411,0.011519999999999999,1.3515898073934132,-1.569281490749633,-0.20276734021717088,-13.448506799601587,-4.242200926375567,-5.59379073376898,-0.0655543655819475,-0.0789958347775297,0.027054310976375007,-0.05194152380115469,S2
2021-08-27,-9.782547415006889,-8.435375306044985,-9.98258941847228,0.011519999999999999,1.347172108961903,-1.5472141124272945,-0.47951797264465246,-13.448536275813176,-4.1455068334509395,-5.492678942412843,0.09669409292462738,0.10111179135613746,-0.022067378322338627,0.07904441303379883,S2
2021-08-30,-9.923318054046057,-8.57527012138516,-10.11853517632129,0.011519999999999999,1.3480479326608972,-1.5432650549361302,0.0,-14.053353503363482,-4.130035449317425,-5.478083381978323,0.015471384133514121,0.014595560434520038,-0.003949057491164254,0.010646502943355785,S2
2021-08-31,-9.891480581475758,-8.544241040949114,-10.1037216133433,0.01164,1.347239540526644,-1.559480572394186,0.024952478130118444,-14.053376604785488,-4.136943545179612,-5.484183085706256,-0.006908095862186769,-0.006099703727933559,0.016215517458055828,0.01011581373012227,S2
2021-09-01,-9.9509913279373,-8.60717811982339,-10.142912944800795,0.011519999999999999,1.343813208113911,-1.5357348249774052,-0.021424174863692518,-14.053407406740568,-4.123840253666961,-5.467653461780872,0.013103291512651438,0.016529623925384485,-0.023745747416780816,-0.007216123491396331,S2
2021-09-02,-9.998891108088502,-8.65229290699471,-10.190634209591295,0.011519999999999999,1.3465982010937925,-1.538341302596585,-0.08044554209994148,-14.05343820876316,-4.134992642774598,-5.481590843868391,-0.011152389107637717,-0.013937382087519268,0.00260647761917987,-0.011330904468339398,S2
2021-09-03,-10.119104453244642,-8.785581097045476,-10.290989026331191,0.01146,1.3335233561991657,-1.505407929285715,-0.19484921981409176,-14.053469010853263,-4.129213777422713,-5.462737133621879,0.005778865351885543,0.01885371024651228,-0.032933373310870095,-0.014079663064357817,S2
2021-09-07,-10.080631821362553,-8.756554903207432,-10.24949626805082,0.01146,1.3240769181551215,-1.4929413648433876,0.0,-14.268067797274188,-4.187435975911635,-5.511512894066756,-0.05822219848892196,-0.04877576044487775,-0.01246656444232741,-0.06124232488720516,S2
2021-09-08,-9.943234693372917,-8.606422167299597,-10.124569994467695,0.01146,1.3368125260733201,-1.5181478271680984,0.14816957672758554,-14.268099069785823,-4.17669479968532,-5.51350732575864,0.010741176226314764,-0.0019944316918838467,0.0252064623247108,0.023212030632826952,S2
2021-09-09,-9.57066631943856,-8.208906203984077,-9.772334609310057,0.011399999999999999,1.3617601154544836,-1.5634284053259808,0.4980544681012078,-14.268130342366,-4.199409554826232,-5.561169670280716,-0.022714755140912146,-0.04766234452207563,0.045280578157882445,-0.002381766364193183,S2
2021-09-10,-9.34069498277467,-7.983200614006519,-9.53295518254432,0.011279999999999998,1.357494368768151,-1.5497545685378018,0.6576873400187894,-14.26816161501472,-4.26977929222126,-5.627273660989411,-0.07036973739502805,-0.06610399070869555,-0.013673836788179017,-0.07977782749687456,S2
2021-09-13,-9.4297535605735,-8.067538966792771,-9.612763621947852,0.01122,1.3622145937807293,-1.5452246551550815,0.0,-13.64519081930679,-4.2154372587332904,-5.57765185251402,0.05434203348796984,0.04962180847539166,-0.004529913382720352,0.04509189509267131,S2
2021-09-14,-9.037205807261829,-7.6484749045425815,-9.249035131006888,0.01122,1.3887309027192476,-1.6005602264643066,0.39528897024765414,-13.645220726607114,-4.212725949097631,-5.601456851816879,0.0027113096356590205,-0.023804999302859287,0.05533557130922517,0.03153057200636589,S2
2021-09-15,-9.517332200577346,-8.151317622995194,-9.682379791727442,0.0111,1.3660145775821526,-1.531062168732248,-0.050900293294627405,-13.645250633972989,-4.17881872669027,-5.544833304272423,0.033907222407361104,0.05662354754445609,-0.06949805773205853,-0.01287451018760244,S2
2021-09-16,-9.526836108795372,-8.167752041801842,-9.679997040617213,0.011040000000000001,1.35908406699353,-1.5122449988153708,-0.08334867548144595,-13.645280541404412,-4.201793108090486,-5.560877175084016,-0.022974381400215904,-0.016043870811593308,-0.01881716991687732,-0.03486104072847063,S2
2021-09-17,-9.173962773986185,-7.809810984777783,-9.33494224648317,0.01098,1.3641517892084023,-1.5251312617053872,0.19800826658369075,-13.645310448901387,-4.273339408331513,-5.637491197539915,-0.07154630024102637,-0.07661402245589866,0.012886262890016376,-0.06372775956588228,S2
2021-09-20,-8.169889157193582,-6.759169706788591,-8.400883814949083,0.011040000000000001,1.410719450404991,-1.6417141081604916,0.0,-12.564545988218557,-4.3946568310249745,-5.805376281429965,-0.12131742269346191,-0.16788508389005052,0.11658284645510442,-0.05130223743494611,S2
2021-09-21,-8.24667668540108,-6.840753333221541,-8.463311933061837,0.01098,1.4059233521795393,-1.6225585998402954,-0.03392259245232246,-12.564573526979668,-4.35181943403091,-5.757742786210449,0.04283739699406475,0.04763349521951632,-0.01915550832019619,0.02847798689932013,S2
2021-09-22,-8.692071377053892,-7.295744369373998,-8.886894002014397,0.01098,1.3963270076798944,-1.5911496326403993,-0.38781101370415844,-12.564601065801138,-4.260340702451405,-5.656667710131299,0.09147873157950492,0.1010750760791499,-0.031408967199896054,0.06966610887925384,S2
2021-09-23,-9.511973903545558,-8.162941151431445,-9.636967957989446,0.010860000000000002,1.3490327521141126,-1.4740268065580011,-1.1746020061045168,-12.564628604682968,-4.227256707241926,-5.576289459356039,0.0330839952094788,0.08037825077526062,-0.11712282608239821,-0.036744575307137595,S2
2021-09-24,-1.9522132741972789,-0.153519004848647,-2.5385309579869584,0.0108,1.7986942693486319,-2.3850119531383114,-1.4295669077545767,-9.147136135222812,-8.62448976878011,-10.423184038128742,-4.397233061538184,-4.846894578772703,0.9109851465803103,-3.935909432192393,S2
2021-09-27,-3.7351305585764205,-2.2261725146324456,-3.9780183116682117,0.01068,1.508958043943975,-1.7518457970357662,0.0,-10.500484838153815,-6.765354279577394,-8.27431232352137,1.8591354892027159,2.148871714607372,-0.6331661561025452,1.515705558504827,S2
2021-09-28,-2.92981557461493,-1.3984388707797517,-3.2344210873100305,0.0108,1.5313767038351782,-1.8359822165302788,0.7026820380155151,-10.500507852940325,-6.86801024030988,-8.399386944145059,-0.10265596073248595,-0.12507462062368901,0.08413641949451267,-0.040938201129176344,S2
2021-09-29,-3.0689557103965344,-1.5444811938889886,-3.375095281029914,0.010860000000000002,1.5244745165075457,-1.8306140871409253,0.5941030962074987,-10.500530867777279,-6.837472061173245,-8.36194657768079,0.030538179136635257,0.03744036646426885,-0.005368129389353493,0.032072237074915355,S2
2021-09-30,-2.424466895232317,-0.8637826324242577,-2.8140447670193596,0.0111,1.5606842628080593,-1.950262134595102,1.2339820900194507,-10.500548128938098,-6.84209914368633,-8.40278340649439,-0.004627082513084524,-0.040836828813599624,0.11964804745417656,0.07881121864057694,S2
2021-10-01,-2.8612417296543637,-1.3115011788275466,-3.2275850918315645,0.0111,1.5497405508268172,-1.916083913004018,0.873297650104858,-10.500571143863327,-6.766031764104106,-8.315772314930923,0.07606737958222354,0.08701109156346654,-0.03417822159108397,0.05283286997238257,S2
2021-10-04,-2.2904615726656967,-0.7155657851234564,-2.6917649488297233,0.0111,1.5748957875422405,-1.976199163706267,0.0,-9.090789392790743,-6.800327820125046,-8.375223607667287,-0.03429605602094021,-0.05945129273636418,0.0601152507022491,0.0006639579658849204,S2
2021-10-05,-2.9814889534648894,-1.4455053657391117,-3.326256897177207,0.011040000000000001,1.5359835877257777,-1.8807515314380954,-0.6560903277838992,-9.090809317830425,-6.765410692149434,-8.301394279875211,0.034917127975612416,0.07382932779207607,-0.09544763226817166,-0.021618304476095584,S2
2021-10-06,-3.1331940380318595,-1.6016711472499852,-3.469712640139991,0.011040000000000001,1.5315228907818743,-1.868041492890006,-0.8045875586026409,-9.09082924291378,-6.76222276348456,-8.293745654266434,0.003187928664873496,0.007648625608776882,-0.012710038548089386,-0.005061412939312504,S2
2021-10-07,-3.724462927653456,-2.22762047418328,-4.030967835720277,0.0111,1.496842453470176,-1.8033473615369973,-1.3670297565790703,-9.090849168040805,-6.733415996966419,-8.230258450436594,0.028806766518141735,0.06348720382984041,-0.06469413135300872,-0.0012069275231683108,S2
2021-10-08,-3.7656028574493887,-2.2741640644945034,-4.058178499490655,0.011040000000000001,1.4914387929548854,-1.7840144349961515,-1.393677277331886,-9.090869093211502,-6.718943513093999,-8.210382306048885,0.01447248387241995,0.019876144387708905,-0.01933292654084573,0.0005432178468631754,S2
2021-10-12,-3.262314969793431,-1.7416153222035304,-3.568338373307186,0.010920000000000001,1.5206996475899004,-1.8267230511036554,0.0,-9.999292824369093,-6.736977854575661,-8.257677502165562,-0.018034341481662608,-0.04729519611667676,0.04270861610750387,-0.0045865800091728914,S2
2021-10-13,-3.3074394941663163,-1.7810854938692462,-3.583631111381635,0.010740000000000001,1.5263540002970701,-1.8025456175123888,-0.024760179525929932,-9.999314740651355,-6.71663542601097,-8.24298942630804,0.020342428564691595,0.01468807585752252,-0.02417743359126656,-0.009489357733744042,S2
2021-10-14,-3.9821312160279314,-2.478248457377423,-4.241749793802296,0.010860000000000002,1.5038827586505086,-1.7635013364248735,-0.6337532796988912,-9.999336656981653,-6.650958720652613,-8.154841479303123,0.06567670535835646,0.08814794700491646,-0.03904428108751534,0.04910366591740112,S2
2021-10-15,-4.56141279472023,-3.0964491718627594,-4.734961271594038,0.01056,1.4649636228574705,-1.6385120997312788,-1.237066877008745,-9.999358573359986,-6.675012655648501,-8.139976278505973,-0.02405393499588815,0.014865200797149924,-0.12498923669359474,-0.11012403589644482,S2
2021-10-18,-4.720833084875579,-3.2615780375179457,-4.849075356705794,0.010320000000000001,1.4592550473576336,-1.587497319187848,0.0,-11.394700881953444,-6.673867797077865,-8.133122844435498,0.001144858570636842,0.006853434070475117,-0.05101478054343067,-0.044161346472955554,S2
2021-10-19,-5.297780957054381,-3.876242942151865,-5.391001218248618,0.010320000000000001,1.421538014902516,-1.5147582760967535,-0.5539963067235969,-11.394725856667677,-6.650941206336893,-8.072479221239409,0.022926590740971697,0.06064362319608918,-0.07273904309109458,-0.0120954198950054,S2
2021-10-20,-5.483610302918653,-4.070332595737635,-5.592992579981944,0.0105,1.4132777071810185,-1.5226599842443092,-0.7225331073294503,-11.39475083143665,-6.633673635847447,-8.046951343028464,0.01726757048944627,0.025527878210944266,0.007901708147555642,0.03342958635849991,S2
2021-10-21,-5.707943548837497,-4.309278566244995,-5.794718805461642,0.01044,1.3986649825925026,-1.485440239216647,-0.9716168544505568,-11.39477580626036,-6.658449111873421,-8.057114094465923,-0.024775476025974186,-0.01016275143745915,-0.03721974502766212,-0.04738249646512127,S2
2021-10-22,-5.591229634328994,-4.183214005818674,-5.668630138741044,0.010320000000000001,1.40801562851032,-1.4854161329223698,-0.8535490853413161,-11.394800781138812,-6.657120232151134,-8.065135860661453,0.001328879722287013,-0.008021766195529523,-2.4106294277181917e-05,-0.008045872489806705,S2
2021-10-25,-5.7722741143826966,-4.367349114256984,-5.8502999480389075,0.01038,1.4049250001257123,-1.4829508337819233,0.0,-12.402169584665991,-6.629895470283294,-8.034820470409006,0.027224761867839398,0.030315390252447116,-0.002465299140446575,0.02785009111200054,S2
2021-10-26,-5.806901894071759,-4.402258854844302,-5.866457727503336,0.01026,1.404643039227457,-1.4641988726590345,-0.05008640921063712,-12.402196767533225,-6.645381282672103,-8.05002432189956,-0.01548581238880864,-0.015203851490554143,-0.018751961122888794,-0.03395581261344294,S2
2021-10-27,-5.239200125877354,-3.790925004956827,-5.316884292157069,0.01014,1.4482751209205271,-1.525959287200242,0.50223054709247,-12.402223950460037,-6.660793277490213,-8.10906839841074,-0.015411994818109953,-0.05904407651117971,0.06176041454120762,0.0027163380300279094,S2
2021-10-28,-5.807284762314902,-4.390772970481547,-5.853549040195217,0.01014,1.4165117918333552,-1.4627760697136702,-0.05992025843505269,-12.402251133446429,-6.65488662956658,-8.071398421399934,0.005906647923633379,0.037669977010805766,-0.06318321748657185,-0.025513240475766086,S2
2021-10-29,-5.834662783653166,-4.414562954593523,-5.881024158018601,0.01014,1.4200998290596427,-1.4664612034250775,-0.0809357076654375,-12.402274918608395,-6.648547842620666,-8.06864767168031,0.006338786945913277,0.0027507497196239683,0.003685133711407218,0.006435883431031186,S2
2021-11-01,-6.035416288248298,-4.628961994604041,-6.07000866484705,0.01014,1.4064542936442566,-1.4410466702430087,0.0,-12.679070420517608,-6.64365413226931,-8.050108425913567,0.0048937103513564395,0.018539245766742596,-0.025414533182068766,-0.00687528741532617,S2
2021-11-02,-6.179077407921458,-4.774921772275031,-6.2244910930407675,0.01026,1.4041556356464273,-1.449569320765737,-0.10326901709751156,-12.679098210291448,-6.603289819467502,-8.00744545511393,0.040364312801807856,0.04266297079963799,0.00852265052272827,0.05118562132236626,S2
2021-11-03,-6.631680141964898,-5.25485269411422,-6.642654785656854,0.0102,1.376827447850678,-1.3878020915426337,-0.547841959526383,-12.679126000126198,-6.595287817687684,-7.972115265538362,0.008002001779818357,0.03533018957556777,-0.06176722922310329,-0.02643703964753552,S2
2021-11-04,-6.628577220381116,-5.238494143129502,-6.668816370993235,0.01038,1.3900830772516137,-1.4303222278637326,-0.4986621433820825,-12.679153790021857,-6.549238713022824,-7.9393217902744375,0.0460491046648599,0.032793475263924066,0.04252013632109897,0.07531361158502303,S2
2021-11-05,-6.535467304909661,-5.126456023392616,-6.586039604233958,0.01038,1.4090112815170448,-1.4595835808413424,-0.39601908469447994,-12.679181579978426,-6.539733359763245,-7.94874464128029,0.009505353259578797,-0.009422851005852273,0.02926135297760979,0.019838501971757516,S2
2021-11-08,-6.742313383134417,-5.353634105675322,-6.728672000280646,0.01002,1.3886792774590946,-1.3750378946053239,0.0,-13.336379169686369,-6.594065786551952,-7.982745064011047,-0.05433242678870709,-0.034000422730756874,-0.08454568623601855,-0.11854610896677542,S2
2021-11-09,-6.424577240747336,-5.011362243272159,-6.430138599756482,0.01002,1.413214997475177,-1.4187763564843232,0.3352919993232435,-13.336408400138499,-6.57653916006792,-7.989754157543097,0.017526626484031915,-0.007009093532050592,0.043738461878999324,0.03672936834694873,S2
2021-11-10,-6.293369205777288,-4.893115575841088,-6.291598097807231,0.009959999999999998,1.4002536299362003,-1.3984825219661436,0.3810513706615909,-13.336437630654697,-6.662017054215817,-8.062270684152018,-0.08547789414789708,-0.07251652660892116,-0.020293834518179565,-0.09281036112710073,S2
2021-11-12,-6.790781393443554,-5.413345979557358,-6.78826532227838,0.01014,1.3774354138861957,-1.3749193427210216,-0.05406343452723811,-13.336496091879296,-6.59977813296298,-7.977213546849176,0.062238921252837365,0.08505713730284281,-0.02356317924512208,0.06149395805772073,S2
2021-11-15,-6.970724638892719,-5.610047748205018,-6.964376189755433,0.0102,1.3606768906877011,-1.3543284415504155,0.0,-13.564359065462979,-6.59363442657026,-7.954311317257961,0.006143706392720105,0.022902229591214684,-0.020590901170606024,0.0023113284206086604,S2
2021-11-16,-7.153763622412452,-5.801057325382934,-7.1537381948798435,0.010320000000000001,1.3527062970295178,-1.3526808694969095,-0.18153477886197883,-13.56438879559762,-6.592159952047147,-7.944866249076665,0.0014744745231123346,0.009445068181295646,-0.0016475720535060745,0.007797496127789572,S2
2021-11-17,-6.931143908435391,-5.562413468420473,-6.9611599944873115,0.01044,1.368730440014918,-1.3987465260668381,0.039384153760316766,-13.564418525797423,-6.593890463601715,-7.962620903616633,-0.0017305115545678262,-0.01775465453996805,0.04606565656992867,0.02831100202996062,S2
2021-11-18,-7.062683068896305,-5.698596485065977,-7.078141459901126,0.01038,1.3640865838303284,-1.3795449748351487,-0.08700869482187087,-13.56444825606239,-6.588773881987954,-7.952860465818283,0.005116581613760829,0.009760437798350452,-0.01920155123168943,-0.009441113433338977,S2
2021-11-19,-6.81833088558383,-5.432292833986175,-6.850726724282993,0.01038,1.3860380515976551,-1.4184338902968179,0.14701024317219522,-13.564477986392518,-6.599136857636493,-7.985174909234148,-0.010362975648538608,-0.03231444341586531,0.03888891546166917,0.006574472045803859,S2
2021-11-22,-6.915810368482025,-5.55130573226566,-6.921431748084645,0.01026,1.364504636216365,-1.3701260158189852,0.0,-13.581770087172416,-6.665959718690391,-8.030464354906755,-0.06682286105389768,-0.04528944567260673,-0.04830787447783269,-0.09359732015043942,S2
2021-11-23,-7.132559894095479,-5.786066330508302,-7.139879488359714,0.01038,1.3464935635871766,-1.3538131578514117,-0.21514821458847538,-13.581799855468242,-6.664388175961239,-8.010881739548417,0.0015715427291516093,0.019582615358338273,-0.016312857967573535,0.003269757390764738,S2
2021-11-24,-7.148902760680925,-5.795279703185062,-7.150067305530863,0.010320000000000001,1.353623057495863,-1.3547876023458008,-0.2266653617644016,-13.581829623829314,-6.6595922249127915,-8.013215282408655,0.004795951048447655,-0.00233354286023868,0.000974444494389104,-0.0013590983658495759,S2
2021-11-26,-5.391649219122515,-3.93721749445699,-5.585621550896569,0.010920000000000001,1.454431724665525,-1.648404056439579,1.381915027523056,-13.581889160747199,-6.808324914101627,-8.262756638767152,-0.14873268918883564,-0.24954135635849717,0.29361645409377823,0.044075097735281066,S2
2021-11-29,-6.298143095324522,-4.884416489069018,-6.429310571719909,0.010860000000000002,1.413726606255504,-1.5448940826508908,0.0,-12.947527787039405,-6.649384691714883,-8.063111297970387,0.158940222386744,0.19964534079676532,-0.1035099737886882,0.09613536700807712,S2
2021-11-30,-5.01878968342303,-3.532156176985216,-5.231249703922531,0.010860000000000002,1.4866335064378142,-1.699093526937315,1.181291309204098,-12.947552617938422,-6.747471625311293,-8.234105131749107,-0.0980869335964103,-0.17099383377872002,0.1541994442864243,-0.016794389492295725,S2
2021-12-01,-4.381618963888599,-2.869787582164458,-4.63055490136758,0.010860000000000002,1.5118313817241407,-1.7607673192031217,1.7192595632767196,-12.947580996167039,-6.84670246900172,-8.35853385072586,-0.09923084369042634,-0.12442871897675367,0.061673792265806604,-0.06275492671094707,S2
2021-12-02,-5.123798647905146,-3.643457629879116,-5.3204042975948775,0.0108,1.4803410180260301,-1.6769466677157614,1.0387938128615593,-12.947609374457855,-6.785016913691149,-8.26535793171718,0.06168555531057063,0.09317591900868116,-0.08382065148736029,0.009355267521320876,S2
2021-12-03,-4.399546701843066,-2.8715000245771733,-4.6542422088084,0.010860000000000002,1.528046677265893,-1.7827421842312265,1.7292834342117338,-12.94763775281087,-6.81880761675607,-8.346854294021963,-0.03379070306492071,-0.08149636230478308,0.10579551651546515,0.024299154210682072,S2
2021-12-06,-5.285979063421978,-3.8075523671437184,-5.465970322266029,0.010740000000000001,1.4784266962782597,-1.658417955122311,0.0,-12.030291239675819,-6.744312176253841,-8.222738872532101,0.07449544050222912,0.12411542148986143,-0.1243242291089155,-0.0002088076190540633,S2
2021-12-07,-6.524728250184026,-5.106262257369047,-6.59764545843241,0.0105,1.418465992814979,-1.4913832010633632,-1.130821213895692,-12.030317607466335,-6.636410571178001,-8.05487656399298,0.10790160507584012,0.16786230853912087,-0.16703475405894785,0.0008275544801730206,S2
2021-12-08,-6.8607130189703405,-5.462730831910717,-6.946273978143193,0.010740000000000001,1.3979821870596236,-1.483543146232476,-1.409249527835202,-12.030343975314644,-6.578880484179505,-7.976862671239129,0.05753008699849538,0.07801389275385162,-0.007840054830887233,0.07017383792296439,S2
2021-12-09,-6.392965152334766,-4.968478610968437,-6.524656543983234,0.010860000000000002,1.4244865413663295,-1.556177933014797,-0.9698595863270717,-12.030370343220746,-6.607264777213051,-8.031751318579381,-0.028384293033545838,-0.05488864734025256,0.07263478678232094,0.017746139442068376,S2
2021-12-10,-6.882790922742326,-5.4747441427658465,-7.0045976529509835,0.01098,1.4080467799764795,-1.529853510185137,-1.3868462436407618,-12.03039671118464,-6.534452032083075,-7.942498812059554,0.07281274512997626,0.08925250651982708,-0.026324422829659966,0.06292808369016711,S2
2021-12-13,-6.252548041004503,-4.803107424442202,-6.408381214737634,0.010920000000000001,1.4494406165623008,-1.6052737902954322,0.0,-12.788917007990486,-6.536368966985983,-7.985809583548284,-0.0019169349029084515,-0.04331077148872975,0.07542028011029522,0.032109508621565475,S2
2021-12-14,-5.9292072436020975,-4.469932062461856,-6.102311403776766,0.010920000000000001,1.4592751811402414,-1.63237934131491,0.286492883031066,-12.788945038524234,-6.573244911891071,-8.032520093031312,-0.03687594490508772,-0.04671050948302824,0.027105551019477758,-0.01960495846355048,S2
2021-12-15,-6.845635452268109,-5.431264902902512,-6.971819354591235,0.01098,1.4143705493655965,-1.5405544516887222,-0.5814372206857572,-12.78897306911942,-6.524774837537068,-7.9391453869026645,0.04847007435400297,0.09337470612864784,-0.09182488962618773,0.0015498165024601107,S2
2021-12-16,-6.349900971302238,-4.907722530521013,-6.542729661376866,0.01122,1.442178440781225,-1.6350071308558531,-0.06670258219012394,-12.789001099776042,-6.50580271066393,-7.947981151445155,0.01897212687313843,-0.008835764542490132,0.09445267916713096,0.08561691462464083,S2
2021-12-17,-5.753199895062597,-4.277506289970414,-5.985592863020107,0.01122,1.4756936050921832,-1.7080865730496937,0.5129998585943234,-12.789029130494102,-6.522829376837182,-7.998522981929365,-0.017026666173252103,-0.05054183048421024,0.07307944219384055,0.022537611709630312,S2
2021-12-20,-5.2905697328860635,-3.796912262070456,-5.568960555177235,0.01134,1.4936574708156076,-1.7720482931067796,0.0,-11.815454328038381,-6.524884595152318,-8.018542065967925,-0.002055218315136109,-0.020019084038559676,0.06396172005708589,0.043942636018526215,S2
2021-12-21,-6.294324522063346,-4.854508884937644,-6.497359380173739,0.011279999999999998,1.4398156371257018,-1.642850495236095,-0.9900690963104545,-11.815480224952958,-6.511224799200067,-7.951040436325769,0.01365979595225042,0.06750162964215534,-0.12919779787068464,-0.0616961682285293,S2
2021-12-22,-6.76731260512889,-5.341817010114005,-6.926845923046094,0.011160000000000002,1.425495595014885,-1.5850289129320894,-1.403718021899962,-11.815506121924297,-6.45191153869537,-7.877407133710255,0.05931326050469732,0.07363330261551404,-0.05782158230400558,0.01581172031150846,S2
2021-12-23,-7.205957500713387,-5.807705024121065,-7.335723227404666,0.011160000000000002,1.3982524765923223,-1.5280182032836018,-1.8362750719332936,-11.815532018952396,-6.445849590172303,-7.844102066764625,0.006061948523067073,0.033305066945629846,-0.057010709648487534,-0.023705642702857688,S2
2021-12-27,-7.826565246062624,-6.45056439905119,-7.921469263684323,0.011160000000000002,1.3760008470114338,-1.470904864633133,0.0,-14.258108194057034,-6.4315429479944095,-7.807543795005843,0.014306642177893458,0.03655827175878201,-0.05711333865046875,-0.020555066891686735,S2
2021-12-28,-7.81921104506117,-6.4440367852337,-7.914094538417512,0.011160000000000002,1.37517425982747,-1.470057753183812,0.007995654734157136,-14.258139444739376,-6.430932744944048,-7.806107004771518,0.0006102030503614131,0.0014367902343250805,-0.0008471114493211473,0.0005896787850039331,S2
2021-12-29,-8.08498121544528,-6.733200023144722,-8.151298488349713,0.0111,1.3517811923005585,-1.4180984652049915,-0.24747122381147268,-14.258170695490213,-6.420660703856406,-7.772441896156964,0.010272041087642236,0.03366510861455385,-0.051959287978820434,-0.018294179364266583,S2
2021-12-30,-7.854491635519478,-6.485538096421384,-7.9375182697131095,0.0111,1.3689535390980945,-1.4519801732917257,-0.012283730283099273,-14.258201946309546,-6.4159940410731675,-7.784947580171262,0.004666662783238351,-0.012505684014297636,0.033881708086734186,0.02137602407243655,S2
2021-12-31,-7.741873967616886,-6.366760007261107,-7.832110561448895,0.0111,1.3751139603557796,-1.465350554187788,0.11026275672454838,-14.258229290832649,-6.406092566491214,-7.781206526846994,0.009901474581953451,0.0037410533242683286,0.01337038089606235,0.01711143422033068,S2
2022-01-03,-8.381830714183199,-7.056522645292794,-8.4031708473873,0.010920000000000001,1.325308068890405,-1.3466482020945056,0.0,-14.801458200373524,-6.4196274861903255,-7.744935555080731,-0.01353491969911147,0.03627097176626304,-0.11870235209328239,-0.08243138032701935,S2
2022-01-04,-8.449084107176137,-7.13309108484993,-8.478869131870487,0.011040000000000001,1.3159930223262073,-1.3457780470205574,-0.06414281111611601,-14.801490641961296,-6.4165493459012755,-7.732542368227483,0.0030781402890500686,0.012393186853247862,-0.0008701550739482755,0.011523031779299586,S2
2022-01-05,-7.613039983864807,-6.269759758110366,-7.65778637673168,0.0108,1.343280225754441,-1.3880266186213142,0.6937407486350748,-14.801523083620172,-6.494742351120289,-7.83802257687473,-0.0781930052190134,-0.10548020864724705,0.04224857160075679,-0.06323163704649026,S2
2022-01-06,-7.619071074347135,-6.278842826426278,-7.6471459476757735,0.01068,1.340228247920857,-1.3683031212494958,0.6698001163780714,-14.801555525350153,-6.512684334624947,-7.8529125825458035,-0.0179419835046577,-0.01489000567107368,-0.019723497371818333,-0.03461350304289201,S2
2022-01-07,-7.5436449809459205,-6.20373075810395,-7.574583729045963,0.01068,1.339914222841971,-1.3708529709420132,0.7650228884761362,-14.80158796715124,-6.4929200977291845,-7.8328343205711555,0.01976423689576201,0.020078261974648015,0.0025498496925173697,0.022628111667165385,S2
2022-01-10,-7.535583852907452,-6.197998194257513,-7.551014358232233,0.01056,1.3375856586499388,-1.3530161639747194,0.0,-14.04115798605042,-6.505574133142968,-7.843159791792907,-0.012654035413783404,-0.010325471221751314,-0.01783680696729384,-0.028162278189045153,S2
2022-01-11,-7.889626047063999,-6.561275813855211,-7.887940638045462,0.01056,1.3283502332087878,-1.3266648241902512,-0.32309266030640654,-14.041188761224937,-6.4746553744673445,-7.803005607676132,0.030918758675623437,0.040154184116774516,-0.02635133978446813,0.013802844332306385,S2
2022-01-12,-8.018913275808382,-6.693160962146136,-8.018724413979616,0.010620000000000001,1.325752313662246,-1.3255634518334798,-0.4246975155913555,-14.041219536466906,-6.447003776249881,-7.772756089912127,0.027651598217463658,0.030249517764005418,-0.001101372356771435,0.029148145407233983,S2
2022-01-13,-7.185257355471121,-5.814423067646694,-7.25803386789068,0.0108,1.3708342878244268,-1.4436108002439862,0.3651091309628659,-14.041250311776329,-6.490883825342342,-7.861718113166769,-0.04388004909246135,-0.0889620232546422,0.11804734841050646,0.02908532515586426,S2
2022-01-14,-7.481115686459519,-6.13776224882462,-7.524169301031618,0.010740000000000001,1.3433534376348994,-1.386407052206998,0.05967506439187594,-14.041281087153203,-6.500490336301809,-7.843843773936708,-0.009606510959466519,0.017874339230060876,-0.057203748036988245,-0.03932940880692737,S2
2022-01-18,-6.845180752928556,-5.48998094681002,-6.910935572737529,0.01068,1.3551998061185362,-1.420954625927509,0.0,-13.448514245755984,-6.603333492827428,-7.958533298945964,-0.10284315652561915,-0.11468952500925589,0.03454757372051098,-0.0801419512887449,S2
2022-01-19,-6.274753589950521,-4.884958880370447,-6.367074175880329,0.010620000000000001,1.389794709580074,-1.4821152955098817,0.5640766337719171,-13.448543721983892,-6.6097134982614545,-7.9995082078415285,-0.006380005434026614,-0.04097490889556443,0.06116066958237276,0.02018576068680833,S2
2022-01-20,-5.757493537476852,-4.344122148412502,-5.895994827681196,0.010740000000000001,1.4133713890643493,-1.551872679268694,1.045997468632104,-13.448573198276407,-6.645082192167451,-8.0584535812318,-0.03536869390599673,-0.05894537339027206,0.06975738375881235,0.010812010368540292,S2
2022-01-21,-4.616635078504777,-3.136885657789689,-4.8720132801084235,0.011040000000000001,1.4797494207150885,-1.7351276223187346,2.1394953112490094,-13.448602674633527,-6.692472284879741,-8.17222170559483,-0.047390092712289444,-0.11376812436302863,0.18325494305004053,0.0694868186870119,S2
2022-01-24,-4.74283364947318,-3.268909327016158,-5.037845518880421,0.01134,1.4739243224570222,-1.7689361918642632,0.0,-11.433011064083363,-6.690177414610183,-8.164101737067206,0.0022948702695577694,0.0081199685276232,0.03380856954552858,0.04192853807315178,S2
2022-01-25,-4.278497848624344,-2.7883356240916886,-4.619592829042829,0.01146,1.4901622245326553,-1.8312572049511404,0.41984777177286575,-11.43303612276521,-6.734690502368002,-8.224852726900657,-0.044513087757819036,-0.060750989833451285,0.06232101308687721,0.0015700232534259229,S2
2022-01-26,-4.4021092877722365,-2.930453185058205,-4.6640736072680875,0.011040000000000001,1.4716561027140314,-1.7336204222098823,0.24303929483244013,-11.433061181501982,-6.787912598897305,-8.259568701611336,-0.053222096529302654,-0.034715974710678665,-0.09763678274125809,-0.13235275745193675,S2
2022-01-27,-4.068270740429291,-2.5703948340719345,-4.3732798446307255,0.011160000000000002,1.4978759063573568,-1.802885010558791,0.6011473707109563,-11.433086240293676,-6.763668129153428,-8.261544035510784,0.024244469743876174,-0.0019753338994483727,0.0692645883489087,0.06728925444946032,S2
2022-01-28,-5.097037285586827,-3.6396755158743783,-5.388070788855398,0.01146,1.457361769712449,-1.7483952729810195,-0.3409969619194752,-11.433111299140293,-6.67707097547294,-8.13443274518539,0.08659715368048815,0.12711129032539503,-0.054489737577771535,0.0726215527476235,S2
2022-01-31,-6.02976954948399,-4.6139382704485525,-6.279561949692516,0.01158,1.4158312790354373,-1.6656236792439634,0.0,-12.643546219484097,-6.6137766700001075,-8.029607949035544,0.06329430547283277,0.10482479614984541,-0.08277159373705612,0.022053202412789297,S2
2022-02-01,-6.465699990639517,-5.070503556017131,-6.678493260130352,0.011519999999999999,1.3951964346223855,-1.607989704113221,-0.3714225828438902,-12.64357393139659,-6.549296523600963,-7.944492958223348,0.0644801463991449,0.08511499081219576,-0.05763397513074242,0.027481015681453336,S2
2022-02-02,-6.79866971678195,-5.413437463513344,-6.984543430515986,0.01146,1.3852322532686054,-1.5711059670026417,-0.6922663782873743,-12.643601643369822,-6.537198304875247,-7.922430558143852,0.012098218725715704,0.02206240007949578,-0.03688373711057924,-0.014821337031083459,S2
2022-02-03,-5.772555528327205,-4.347251705476704,-6.029160712689033,0.011519999999999999,1.425303822850501,-1.6819090072123295,0.26957406979564397,-12.643629355403792,-6.601499757280944,-8.026803580131446,-0.06430145240569729,-0.1043730219875938,0.11080304020968779,0.006430018222093992,S2
2022-02-04,-6.343558701792688,-4.964048760711315,-6.555299767389462,0.011519999999999999,1.3795099410813725,-1.5912510066781467,-0.32951125770282397,-12.643657067498502,-6.629609623408639,-8.00911956449001,-0.028109866127694616,0.017684015641435735,-0.09065800053418283,-0.07297398489274709,S2
2022-02-07,-6.184997144338664,-4.793715612488403,-6.417389353852506,0.01158,1.391281531850261,-1.6236737413641036,0.0,-12.781886115781207,-6.596888971442543,-7.988170503292804,0.03272065196609564,0.020949061197206298,0.03242273468595691,0.05337179588316321,S2
2022-02-08,-6.696470915544614,-5.3350387750066535,-6.877073224757216,0.01146,1.3614321405379606,-1.5420344497505623,-0.5046664831418392,-12.781914130904765,-6.5901096985019905,-7.951541839039951,0.006779272940552694,0.03662866425285305,-0.08163929161354133,-0.04501062736068828,S2
2022-02-09,-7.295972011225078,-5.957434294023404,-7.44850631645118,0.011519999999999999,1.3385377172016737,-1.491072022427776,-1.078454893677292,-12.781942146089724,-6.564425028541938,-7.902962745743611,0.02568466996005281,0.04857909329633969,-0.05096242732278622,-0.0023833340264465264,S2
2022-02-10,-6.650393723636469,-5.300372696757535,-6.828763374711308,0.01146,1.3500210268789345,-1.528390677953773,-0.5943307210675413,-12.781970161336087,-6.725907158767159,-8.075928185646093,-0.16148213022522118,-0.17296543990248203,0.037318655525997,-0.13564678437648503,S2
2022-02-11,-5.437278924744686,-4.01165132885445,-5.780481770888481,0.012,1.4256275958902362,-1.768830442034031,0.6070728398468241,-12.781998176643853,-6.737646412052343,-8.16327400794258,-0.011739253285184326,-0.08734582229648602,0.24043976408025802,0.153093941783772,S2
2022-02-14,-5.447979093889864,-4.03291950341625,-5.785971556813955,0.012,1.4150595904736143,-1.7530520533977052,0.0,-12.220572114335058,-6.772593020445194,-8.187652610918807,-0.034946608392850464,-0.024378602976227626,-0.015778388636325857,-0.04015699161255348,S2
2022-02-15,-6.4092089943584325,-5.050592896445093,-6.667527515692564,0.01194,1.3586160979133393,-1.6169346192474707,-0.9085473478899735,-12.220598899180002,-6.719937252711543,-8.078553350624883,0.05265576773365055,0.1090992602939238,-0.13611743415023447,-0.027018173856310668,S2
2022-02-16,-6.434923294074825,-5.0718449341945995,-6.743019750105751,0.012299999999999998,1.3630783598802259,-1.6711748159111517,-0.8792610829838935,-12.220625684083654,-6.664963472992722,-8.028041832872947,0.05497377971882145,0.05051151775193574,0.05424019666368096,0.1047517144156167,S2
2022-02-17,-5.2645030280976695,-3.837203808661676,-5.723819597880397,0.01272,1.4272992194359935,-1.8866157892187214,0.24469498094965447,-12.220652469046012,-6.711454459998688,-8.138753679434682,-0.04649098700596621,-0.11071184656173472,0.21544097330756973,0.10472912674583501,S2
2022-02-18,-4.811113047448442,-3.351477683212887,-5.320126584282334,0.012779999999999998,1.459635364235555,-1.9686489010694466,0.7190756957725121,-12.220679254067077,-6.690490510846123,-8.150125875081677,0.02096394915256461,-0.011372195646995209,0.08203311185072515,0.07066091620372994,S2
2022-02-22,-4.43339786470589,-2.9575496220297097,-4.97064189215639,0.012779999999999998,1.4758482426761805,-2.0130922701266805,0.0,-11.163439997875077,-6.730042133169187,-8.205890375845367,-0.03955162232306364,-0.055764500763689995,0.044443369057233895,-0.0113211317064561,S2
2022-02-23,-3.7725443734062543,-2.2753398211797062,-4.325530890984066,0.0126,1.497204552226548,-2.0501910698043595,0.6075628195090286,-11.163464465715585,-6.783357272800301,-8.28056182502685,-0.05331513963111423,-0.07467144918148172,0.03709879967767904,-0.03757264950380268,S2
2022-02-24,-4.33469108030462,-2.8585252897316926,-4.964024629571081,0.01344,1.4761657905729275,-2.105499339839388,0.09554542145646856,-11.16348893360972,-6.733252431848631,-8.209418222421558,0.050104840951670226,0.07114360260529118,0.055308270035028695,0.12645187264031987,S2
2022-02-25,-5.357483994326522,-3.929005291298509,-5.8770469745840375,0.0132,1.4284787030280128,-1.9480416832855285,-0.8872703402462897,-11.163513401557484,-6.693299747477251,-8.121778450505264,0.039952684371379554,0.0876397719162938,-0.15745765655385968,-0.06981788463756589,S2
2022-02-28,-4.816591952144892,-3.338052557229685,-5.49303535151486,0.014039999999999999,1.4785393949152068,-2.154982794285175,0.0,-11.45947981608929,-6.642887863944399,-8.121427258859605,0.05041188353285264,0.0003511916456595543,0.2069411109996464,0.20729230264530596,S2
2022-03-01,-3.797559926210866,-2.2537591913344164,-4.506390228574919,0.013499999999999998,1.5438007348764495,-2.2526310372405023,1.0375220631174897,-11.459504932784904,-6.624422943456549,-8.168223678333,0.018464920487849312,-0.04679641947339519,0.09764824295532737,0.05085182348193218,S2
2022-03-02,-5.035814889055024,-3.5728856411434817,-5.621391865928551,0.01344,1.4629292479115419,-2.0485062247850694,-0.23113718196405142,-11.45953004953557,-6.654852342444597,-8.117781590356138,-0.03042939898804775,0.05044208797686167,-0.2041248124554329,-0.15368272447857123,S2
2022-03-03,-4.825066807461748,-3.3509764006420664,-5.428581896926589,0.01344,1.4740904068196814,-2.077605496284523,-0.008698780857547536,-11.459555166341284,-6.643187139737084,-8.117277546556766,0.011665202707512812,0.0005040437993724112,0.02909927149945357,0.029603315298825983,S2
2022-03-04,-4.102258792565652,-2.572507654171721,-4.830903361959461,0.013859999999999999,1.529751138393931,-2.2583957077877397,0.7284535695518103,-11.45958028320205,-6.628867921084587,-8.158619059478518,0.014319218652497412,-0.041341512921752255,0.18079021150321672,0.13944869858146447,S2
2022-03-07,-2.8627327435579337,-1.284171812401934,-3.6988401025843523,0.013919999999999998,1.5785609311559998,-2.4146682901824184,0.0,-9.616199997985076,-6.753467254427142,-8.332028185583141,-0.12459933334255524,-0.1734091261046231,0.15627258239467867,-0.01713654370994444,S2
2022-03-08,-2.827414088924706,-1.2588985384077338,-3.6821881977039292,0.0141,1.5685155505169721,-2.4232896592961954,0.030912852320980344,-9.616221074610909,-6.757894133365222,-8.326409683882193,-0.0044268789380801365,0.005618501700947576,0.008621369113777089,0.014239870814724664,S2
2022-03-09,-4.2007728401868665,-2.7090368123852286,-4.906026600866161,0.013919999999999998,1.4917360278016378,-2.1969897884809324,-1.3130283151812363,-9.616242151282936,-6.728497626277306,-8.220233654078944,0.029396507087915857,0.10617602980324925,-0.22629987081526304,-0.12012384101201379,S2
2022-03-10,-4.1796446423703575,-2.6904335186637027,-4.927191875000757,0.01428,1.4892111237066548,-2.236758356337054,-1.2662102077059325,-9.61626322800116,-6.702828793336733,-8.192039917043388,0.025668832940572983,0.028193737035556055,0.039768567856121706,0.06796230489167776,S2
2022-03-11,-3.6820804995681327,-2.17201461022539,-4.449544582070139,0.0141,1.5100658893427426,-2.277529971844749,-0.7828402939405213,-9.616284304765578,-6.717044099137968,-8.22710998848071,-0.014215305801234202,-0.035070071437321104,0.040771615507694925,0.005701544070373821,S2
2022-03-14,-3.7998089789529708,-2.318942031434135,-4.526867950023351,0.01398,1.4808669475188356,-2.2079259185892157,0.0,-10.552728888747078,-6.752919909794107,-8.233786857312943,-0.03587581065613943,-0.006676868832233396,-0.06960405325553332,-0.07628092208776671,S2
2022-03-15,-4.756012933902573,-3.321223796821801,-5.42051352275431,0.014159999999999999,1.4347891370807724,-2.099289725932509,-0.9138911213488985,-10.552752018041222,-6.710630205487547,-8.145419342568319,0.04228970430655998,0.08836751474462368,-0.10863619265670676,-0.02026867791208309,S2
2022-03-16,-5.844062436873248,-4.465228827952554,-6.329499263331814,0.013379999999999998,1.3788336089206936,-1.86427043537926,-1.9989475282091345,-10.55277514738606,-6.707660238721946,-8.08649384764264,0.0029699667656011286,0.058925494925679445,-0.23501929055324888,-0.17609379562756944,S2
2022-03-17,-6.424778169901027,-5.07500152687458,-6.826847958560926,0.013019999999999999,1.3497766430264475,-1.7518464316863458,-2.5586449147132204,-10.552870556469378,-6.68673730128157,-8.036513944308018,0.020922937440375655,0.04997990333462177,-0.11242400369291428,-0.06244410035829251,S2
2022-03-18,-6.765070171131743,-5.4182198886211,-7.125074734261732,0.01284,1.3468502825106432,-1.706854845640632,-2.856156261959819,-10.552965966415302,-6.644052057243378,-7.9909023397540215,0.04268524403819196,0.045611604553996266,-0.04499158604571374,0.0006200185082825271,S2
2022-03-21,-7.289121456393526,-5.9983160215496625,-7.54001260717248,0.012419999999999997,1.2908054348438638,-1.5416965856228178,0.0,-14.028906528462548,-6.739785072069021,-8.030590506912885,-0.095733014825643,-0.039688167158863585,-0.1651582600178143,-0.2048464271766779,S2
2022-03-22,-7.9556088312306645,-6.70768953844088,-8.138876959606506,0.012299999999999998,1.2479192927897849,-1.4311874211656264,-0.6960526038841193,-14.029033365725082,-6.769477138378537,-8.017396431168322,-0.02969206630951593,0.013194075744562994,-0.11050916445719139,-0.0973150887126284,S2
2022-03-23,-7.246056313189735,-5.951878905816456,-7.471152796493773,0.012179999999999998,1.2941774073732786,-1.5192738906773169,0.030487596129344187,-14.02916020413437,-6.752616294815292,-8.04679370218857,0.016860843563245353,-0.029397271020247473,0.08808646951169052,0.05868919849144305,S2
2022-03-24,-7.946254322006662,-6.687835728525271,-8.107130289260756,0.012059999999999998,1.258418593481391,-1.4192945607354845,-0.6419738456589306,-14.029287043690422,-6.72500656734269,-7.983425160824081,0.027609727472602152,0.06336854136448888,-0.09997932994183234,-0.036610788577343456,S2
2022-03-25,-8.566961817957857,-7.362659869128073,-8.641329745951014,0.01176,1.2043019488297837,-1.2786698768229403,-1.3363991027738953,-14.029413884393247,-6.798851169209286,-8.00315311803907,-0.07384460186659592,-0.019727957214988656,-0.14062468391254423,-0.1603526411275329,S2
2022-03-28,-8.83713350097866,-7.639471844146513,-8.884047652331965,0.01164,1.197661656832146,-1.244575808185452,0.0,-15.6124387328072,-6.775305231828542,-7.972966888660688,0.023545937380744064,0.030186229378381668,-0.034094068637488206,-0.003907839259106538,S2
2022-03-29,-9.230191169909448,-8.041749443909843,-9.237000753178235,0.01146,1.1884417259996045,-1.1952513092683912,-0.3505873227521484,-15.61257988700096,-6.73297603984366,-7.921417765843264,0.04232919198488183,0.05154912281742341,-0.04932449891706092,0.002224623900362488,S2
2022-03-30,-8.784975833124907,-7.563116103847567,-8.837956993094066,0.01158,1.22185972927734,-1.2748408892464989,0.12067075527315785,-15.612721042470914,-6.707074454072849,-7.928934183350189,0.025901585770810698,-0.007516417506924888,0.07958957997810767,0.07207316247118278,S2
2022-03-31,-8.003674981795436,-6.738134313983012,-8.109504646826146,0.01158,1.2655406678124246,-1.3713703328431341,0.8855320699557265,-15.612862199217075,-6.723655147465912,-7.989195815278337,-0.01658069339306323,-0.06026163192814771,0.09652944359663529,0.03626781166848758,S2
2022-04-01,-8.339078051360437,-7.100419480554254,-8.337173372439668,0.010860000000000002,1.2386585708061828,-1.2367538918854146,0.49656830736642243,-15.613003357239453,-6.7773569985125945,-8.016015569318778,-0.053701851046682236,-0.026819754040441346,-0.13461644095771952,-0.16143619499816086,S2
2022-04-04,-8.816197022592167,-7.604205824607492,-8.786342914320112,0.010860000000000002,1.2119911979846751,-1.1821370897126204,0.0,-15.561474606032432,-6.745277583440265,-7.95726878142494,0.03207941507232981,0.05874678789383836,-0.05461680217279419,0.0041299857210441715,S2
2022-04-05,-8.579592549026334,-7.379541206419981,-8.53045025356529,0.010620000000000001,1.2000513426063524,-1.1509090471453085,0.1329512335736625,-15.561615299452551,-6.849071516852556,-8.049122859458908,-0.10379393341229104,-0.09185407803396828,-0.03122804256731193,-0.12308212060128021,S2
2022-04-06,-8.402273019826815,-7.206913476054287,-8.359466386731556,0.010620000000000001,1.1953595437725282,-1.1525529106772696,0.30835142776211344,-15.5617559941447,-6.851131546555772,-8.0464910903283,-0.0020600297032160597,0.0026317691306090296,0.0016438635319611095,0.004275632662570139,S2
2022-04-07,-8.767744437701408,-7.5990974766603605,-8.708771234316455,0.01068,1.1686469610410475,-1.1096737576560942,-0.030870825849444783,-15.561896690108888,-6.825023078256924,-7.993670039297972,0.026108468298847498,0.052821051030327304,-0.0428791530211754,0.009941898009151906,S2
2022-04-08,-8.854028588628433,-7.699010805457011,-8.787780331048229,0.01068,1.155017783171422,-1.0887695255912178,-0.11789528228030621,-15.562037387345129,-6.825904080997002,-7.980921864168424,-0.000881002740078074,0.012748175129547512,-0.02090423206487646,-0.008156056935328948,S2
2022-04-11,-8.348418454514123,-7.181851689776183,-8.33287347103593,0.010920000000000001,1.16656676473794,-1.1510217812597467,0.0,-15.213154014314089,-6.864735559799966,-8.031302324537906,-0.03883147880296356,-0.05038046036948174,0.06225225566852899,0.01187179529904725,S2
2022-04-12,-8.042174938522551,-6.848373397524658,-8.114265815521117,0.011519999999999999,1.1938015409978933,-1.2658924179964588,0.38912705606974096,-15.213291558520103,-6.7819895639278105,-7.975791104925704,0.08274599587215548,0.05551121961220229,0.11487063673671205,0.17038185634891434,S2
2022-04-13,-8.480875623662122,-7.302734364201941,-8.53991705495998,0.01164,1.1781412594601814,-1.2371826907580399,0.012558696204425457,-15.213429103969672,-6.719994784103124,-7.898136043563305,0.06199477982468693,0.07765506136239875,-0.028709727238418914,0.04894533412397983,S2
2022-04-14,-8.380972414338133,-7.219950038756648,-8.431964947999523,0.01158,1.161022375581485,-1.2120149092428747,0.03645582113724055,-15.213566650662809,-6.7961384151874356,-7.957160790768921,-0.07614363108431199,-0.05902474720561557,-0.02516778151516519,-0.08419252872078076,S2
2022-04-18,-8.475579928107964,-7.320298059540452,-8.527206314080026,0.01164,1.1552818685675117,-1.2069082545395737,0.0,-15.245982334875324,-6.77040240676736,-7.925684275334872,0.025736008420075507,0.031476515434048835,-0.005106654703300961,0.026369860730747874,S2
2022-04-19,-9.35777063552059,-8.259735793501187,-9.330037848396387,0.01146,1.098034842019402,-1.0703020548951994,-0.9298410468777029,-15.246120175886674,-6.818190587243786,-7.9162254292631875,-0.047788180476425524,0.009458846071684235,-0.13660619964437437,-0.12714735357269014,S2
2022-04-20,-9.090801541487433,-7.96315279322601,-9.086129904442476,0.01146,1.1276487482614233,-1.122977111216466,-0.6240847976880273,-15.246258018144262,-6.779541274344856,-7.9071900226062795,0.03864931289892937,0.009035406656908052,0.05267505632126657,0.06171046297817462,S2
2022-04-21,-8.575071341903222,-7.430469166898794,-8.61267656868115,0.01158,1.1446021750044277,-1.1822074017823567,-0.21520211664186115,-15.246395861648102,-6.886526636386741,-8.031128811391168,-0.10698536204188436,-0.12393878878488884,0.0592302905658908,-0.06470849821899805,S2
2022-04-22,-7.359190915824318,-6.157315683417853,-7.495433222708604,0.01176,1.201875232406465,-1.3381175392907512,0.8794445788271581,-15.246533706398203,-7.007898211746728,-8.209773444153193,-0.1213715753599871,-0.17864463276202436,0.15591013750839444,-0.022734495253629916,S2
2022-04-25,-7.341031366446684,-6.121081726851819,-7.534542881586387,0.012179999999999998,1.2199496395948648,-1.4134611547345681,0.0,-14.272157986605432,-6.931126620158748,-8.151076259753612,0.07677159158797942,0.05869718439958049,0.07534361544381696,0.13404079984339745,S2
2022-04-26,-5.968412406527214,-4.67868864765998,-6.283550394904834,0.01236,1.2897237588672343,-1.604861747244854,1.2496727927242155,-14.272287023137666,-7.0542018238862365,-8.34392558275347,-0.12307520372748826,-0.19284932299985869,0.19140059251028596,-0.0014487304895727249,S2
2022-04-27,-6.272928392936867,-5.004365763641623,-6.555774256886736,0.012299999999999998,1.2685626292952445,-1.5514084932451135,0.9924680839252242,-14.27241606083654,-7.007019583974447,-8.275582213269692,0.04718223991178938,0.06834336948377917,-0.053453253999740546,0.014890115484038624,S2
2022-04-28,-7.350150334182633,-6.139463605042959,-7.560817775446462,0.01236,1.210686729139674,-1.4213541704035029,-0.06846193410764885,-14.272545099702059,-6.990856699627075,-8.20154342876675,0.016162884347371786,0.07403878450294243,-0.13005432284161067,-0.056015538338668236,S2
2022-04-29,-5.958334791562822,-4.68490595180093,-6.259541271457758,0.012299999999999998,1.273428839761892,-1.574635319656828,1.206114253140112,-14.272674139734237,-7.108225095031302,-8.381653934793194,-0.11736839540422661,-0.18011050602644474,0.15328114925332503,-0.026829356773119706,S2
2022-05-02,-6.5452489059029,-5.3151838538727,-6.820368402327086,0.01248,1.2300650520302003,-1.5051845484543858,0.0,-13.636020392324612,-7.090771486421712,-8.320836538451912,0.01745360860959,0.06081739634128169,-0.06945077120244214,-0.008633374861160448,S2
2022-05-03,-6.725315229452118,-5.497088944657959,-6.968965928320299,0.012299999999999998,1.2282262847941592,-1.47187698366234,-0.11889372854235367,-13.636143677449859,-7.029722176540094,-8.257948461334253,0.06104930988161783,0.06288807711765898,-0.033307564792045774,0.029580512325613206,S2
2022-05-04,-7.855649699444081,-6.675673614910935,-8.041495913087164,0.01248,1.1799760845331457,-1.3658222981762291,-1.1115942616905619,-13.636266963689742,-6.892211525936224,-8.07218761046937,0.13751065060387013,0.1857608508648827,-0.10605468548611086,0.07970616537877184,S2
2022-05-05,-6.747374305927092,-5.53510844866938,-7.018876332717564,0.0126,1.2122658572577123,-1.4837678840481843,-0.14398581900545415,-13.636577052190184,-7.033188565268546,-8.245454422526258,-0.14097703933232175,-0.17326681205688743,0.11794558587195514,-0.05532122618493229,S2
2022-05-06,-6.80837576682614,-5.6085166945789435,-7.064179370081271,0.012539999999999997,1.1998590722471967,-1.4556626755023272,-0.18381880767225517,-13.636887147742032,-7.012330188588146,-8.212189260835343,0.02085837668039936,0.03326516169091498,-0.028105208545857074,0.005159953145057905,S2
2022-05-09,-5.273837112099919,-3.98822295107966,-5.711852510729469,0.013019999999999999,1.2856141610202592,-1.723629559649809,0.0,-12.348569589823633,-7.074732477723714,-8.360346638743973,-0.06240228913556756,-0.14815737790863004,0.2679668841474818,0.11980950623885178,S2
2022-05-10,-5.190867254521991,-3.889206809216024,-5.634213053998014,0.012960000000000001,1.3016604453059668,-1.7450062447819898,0.13036395752848257,-12.348850396105652,-7.027619184055179,-8.329279629361146,0.04711329366853523,0.031067009382827138,0.021376685132180828,0.052443694515007966,S2
2022-05-11,-4.260086863169424,-2.89721472389422,-4.792093201137843,0.013019999999999999,1.3628721392752041,-1.8948784772436227,1.058781281320843,-12.349131208773201,-7.030263064282933,-8.393135203558138,-0.002643880227754636,-0.06385557419699239,0.14987223246163284,0.08601665826464044,S2
2022-05-12,-4.003482139126707,-2.615911879069613,-4.5821317524403655,0.0132,1.3875702600570934,-1.9662198733707523,1.3765877255412848,-12.349412027826427,-6.969342163158435,-8.35691242321553,0.060920901124497995,0.03622278034260873,0.07134139612712964,0.10756417646973837,S2
2022-05-13,-5.287341087012977,-3.9749715164656205,-5.781034755555981,0.01344,1.3123695705473564,-1.8060632390903608,0.13394312155525728,-12.349692853265474,-6.92840864469724,-8.240778215244596,0.04093351846119564,0.11613420797093355,-0.1601566342803915,-0.04402242630945796,S2
2022-05-16,-5.016570062989818,-3.679840077527646,-5.570252118313848,0.013739999999999999,1.3367299854621715,-1.8904120407862015,0.0,-11.882537796970364,-6.865967733980547,-8.202697719442718,0.06244091071669278,0.038080495801878556,0.08434880169584069,0.12242929749771925,S2
2022-05-17,-6.136881264319012,-4.870357225668139,-6.576268469960098,0.013619999999999998,1.2665240386508732,-1.7059112442919595,-1.1573949732638027,-11.882808005696603,-6.903321714641393,-8.169845753292266,-0.037353980660846275,0.03285196615045116,-0.184500796494242,-0.15164883034379084,S2
2022-05-18,-4.145946782464448,-2.7691593651680573,-4.785659028182185,0.013859999999999999,1.376787417296391,-2.016499663014128,0.7618839086831032,-11.883078220567382,-6.975247529419831,-8.352034946716222,-0.07192581477843785,-0.18218919342395523,0.3105884187221686,0.12839922529821335,S2
2022-05-19,-3.7857926380838767,-2.381067078471604,-4.503700746842724,0.01422,1.4047255596122725,-2.1226336683711198,1.171144604652226,-11.883348441582845,-6.926411198846743,-8.331136758459015,0.04883633057308767,0.02089818825720613,0.10613400535699169,0.12703219361419782,S2
2022-05-20,-3.5799084930076237,-2.1550733167585334,-4.315190487455208,0.014159999999999999,1.4248351762490903,-2.1601171706966746,1.392180146044566,-11.883618668743129,-6.9115300296909385,-8.336365205940028,0.014881169155804841,-0.005228447481012921,0.03748350232555486,0.03225505484454194,S2
2022-05-23,-4.593216361716637,-3.2290593516320305,-5.2139491299626615,0.01398,1.3641570100846065,-1.984889778330631,0.0,-11.49366801260199,-6.900451650885353,-8.264608660969959,0.011078378805585487,0.07175654497006967,-0.17522739236604368,-0.10347084739597401,S2
2022-05-24,-3.9395777748300396,-2.5279496744727092,-4.632871245409824,0.014039999999999999,1.4116281003573303,-2.1049215709371145,0.6914142046650961,-11.493929378435329,-6.862937398940193,-8.274565499297523,0.03751425194515967,-0.009956838327564554,0.12003179260648356,0.110074954278919,S2
2022-05-25,-4.326132668122442,-2.9310194026322205,-4.953849264144228,0.013739999999999999,1.3951132654902216,-2.0228298615120077,0.3672065103207328,-11.494190750212123,-6.800851571768948,-8.19596483725917,0.062085827171245,0.07860066203835281,-0.0820917094251068,-0.003491047386753987,S2
2022-05-26,-5.123479989596724,-3.76700573821707,-5.659302473267182,0.013499999999999998,1.3564742513796544,-1.8922967350501123,-0.40009327198927225,-11.494452127932508,-6.771065410325056,-8.12753966170471,0.029786161443892567,0.06842517555446115,-0.1305331264618954,-0.06210795090743426,S2
2022-05-27,-6.072482092864584,-4.759361195405623,-6.538431118558509,0.01356,1.313120897458961,-1.7790699231528855,-1.3408291292479109,-11.494713511596617,-6.7630605479799435,-8.076181445438905,0.008004862345112329,0.051358216265803946,-0.11322681189722683,-0.061868595631422885,S2
2022-05-31,-6.189507199385408,-4.898974812582184,-6.591417012559068,0.013080000000000001,1.290532386803224,-1.6924421999768846,0.0,-13.008328499419394,-6.818821300033986,-8.10935368683721,-0.055760752054042406,-0.033172241398304436,-0.08662772317600087,-0.1197999645743053,S2
2022-06-01,-6.1820035851902,-4.903775002290034,-6.503910138334105,0.01248,1.2782285829001658,-1.600135136044071,-0.040784749557837674,-13.008624308608841,-6.867405472976479,-8.145634055876645,-0.048584172942493176,-0.0362803690394351,-0.09230706393281363,-0.12858743297224873,S2
2022-06-02,-6.851186796865764,-5.6025241176068805,-7.140839277802992,0.0126,1.2486626792588833,-1.5383151601961114,-0.678433388570377,-13.008920124524986,-6.8361667162296,-8.084829395488484,0.03123875674687948,0.060804660388161125,-0.06181997584795962,-0.0010153154597984937,S2
2022-06-03,-6.353335115228673,-5.085128790267886,-6.670042529773007,0.012539999999999997,1.2682063249607873,-1.5849137395051214,-0.18541811570385644,-13.009215947167979,-6.841298947643161,-8.109505272603949,-0.005132231413561783,-0.024675877115464928,0.04659857930901001,0.021922702193545085,S2
2022-06-06,-6.741057119530214,-5.5042426554403985,-7.017330224261515,0.01248,1.2368144640898153,-1.513087568821117,0.0,-13.608564564773623,-6.867507445243409,-8.104321909333224,-0.026208497600247682,0.005183363270724328,-0.07182617068400443,-0.0666428074132801,S2
2022-06-07,-6.921634419975411,-5.682586844875843,-7.182648345385114,0.012419999999999997,1.2390475750995682,-1.500061500509271,-0.14682249245780554,-13.60887402332194,-6.834062095804335,-8.073109670903904,0.033445349439073624,0.03121223842932075,-0.01302606831184594,0.01818617011747481,S2
2022-06-08,-6.684112221217422,-5.440331443402096,-6.9593898024865934,0.012419999999999997,1.243780777815326,-1.5190583590844975,0.08030871471196313,-13.60918348890734,-6.844762552977954,-8.08854333079328,-0.010700457173618894,-0.015433659889376727,0.018996858575226483,0.0035631986858497555,S2
2022-06-09,-5.735712632694588,-4.446521572884485,-6.079193981589316,0.012419999999999997,1.2891910598101024,-1.6326724087048303,0.9430260691055257,-13.609492961529982,-6.930754259729868,-8.21994531953997,-0.08599170675191381,-0.13140198874669018,0.11361404962033284,-0.017787939126357344,S2
2022-06-10,-4.897576538499939,-3.5824097311763747,-5.270828749963128,0.01224,1.315166807323564,-1.6884190187867532,1.6033305273845515,-13.609802441190027,-7.108895375305536,-8.4240621826291,-0.17814111557566825,-0.2041168630891299,0.05574661008192283,-0.14837025300720708,S2
2022-06-13,-4.240447599050456,-2.9369036708805862,-4.59460984551431,0.01188,1.3035439281698697,-1.657706174633724,0.0,-11.636240240180703,-7.395792641130247,-8.699336569300117,-0.2868972658247104,-0.27527438667101656,-0.030712844153029106,-0.30598723082404566,S2
2022-06-14,-4.350432063077747,-3.0586711846139614,-4.703694791117315,0.01194,1.2917608784637857,-1.6450236065033539,-0.12489462047513418,-11.636504848104298,-7.410967405501685,-8.70272828396547,-0.015174764371438165,-0.0033917146653532626,-0.012682568130370164,-0.016074282795723427,S2
2022-06-15,-4.449966389355183,-3.1385909271189276,-4.896669856357251,0.0126,1.311375462236255,-1.7580789292383234,-0.0037773501352422745,-11.636769462045073,-7.190580422825134,-8.501955885061388,0.2203869826765512,0.20077239890408194,0.11305532273496954,0.3138277216390515,S2
2022-06-16,-2.9318569128950345,-1.5402316543942254,-3.522327849173152,0.012779999999999998,1.391625258500809,-1.9820961947789266,1.428570692384549,-11.637273201598536,-7.276845596318953,-8.668470854819763,-0.08626517349381935,-0.16651496975837432,0.2240172655406032,0.057502295782228874,S2
2022-06-17,-2.9354278314722757,-1.5370437715697765,-3.5286920174252066,0.012779999999999998,1.3983840599024993,-1.99164824585543,1.4707336193120037,-11.637776962958183,-7.231615512173904,-8.629999572076404,0.045230084145049254,0.03847128274335887,0.009552051076503476,0.048023333819862346,S2
2022-06-21,-4.118091367093479,-2.7849936162972675,-4.618868198237781,0.012779999999999998,1.3330977507962114,-1.8338745819405133,0.0,-11.320132289537911,-7.202040922444432,-8.535138673240644,0.02957458972947169,0.09486089883576021,-0.15777366391491676,-0.06291276507915655,S2
2022-06-22,-3.5728569024969996,-2.1891630255814727,-4.160997926647122,0.013019999999999999,1.383693876915527,-1.971834901065649,0.6594346202984059,-11.320622322308886,-7.08833079951348,-8.472024676429008,0.11371012293095184,0.06311399681163543,0.13796031912513573,0.20107431593677116,S2
2022-06-23,-3.6992596794402357,-2.3113398774401155,-4.303083090813391,0.0132,1.3879198020001202,-1.991743213373275,0.5836459777036185,-11.321112376292696,-7.038206719148842,-8.426126521148962,0.05012408036463789,0.04589815528004593,0.01990831230762602,0.06580646758767195,S2
2022-06-24,-5.036514331660483,-3.719308213363248,-5.5440976498493555,0.01332,1.3172061182972348,-1.8247894364861077,-0.7445058251366444,-11.32160245149026,-7.029593944966422,-8.346800063263657,0.00861277418242068,0.07932645788530479,-0.1669537768871674,-0.0876273190018626,S2
2022-06-27,-5.179294870639774,-3.878068431870413,-5.65344620091639,0.013139999999999999,1.301226438769361,-1.7753777690459769,0.0,-12.244029363847766,-7.064734493207991,-8.365960931977352,-0.03514054824156965,-0.019160868713694157,-0.04941166744013081,-0.06857253615382497,S2
2022-06-28,-4.377397851253488,-3.0368161309365957,-4.934595835323035,0.01332,1.3405817203168926,-1.8977797043864388,0.7591907596050688,-12.244559390837168,-7.1079707799786105,-8.448552500295502,-0.04323628677061908,-0.08259156831815062,0.12240193534046195,0.03981036702231133,S2
2022-06-29,-4.008758717675451,-2.634122664209219,-4.617036526244722,0.01344,1.374636053466232,-1.9829138620355033,1.1694256362862088,-12.2450894407707,-7.066905086809041,-8.441541140275273,0.04106569316956943,0.007011360020229063,0.08513415764906451,0.09214551766929358,S2
2022-06-30,-3.2654142830153656,-1.8362867958665532,-3.9937850585429304,0.013859999999999999,1.4291274871488124,-2.157498262676377,1.9666082312806954,-12.245619513649357,-7.013596999353297,-8.44272448650211,0.053308087455744335,-0.00118334622683669,0.17458440064087366,0.17340105441403697,S2
2022-07-01,-3.399588010703197,-1.95927579920592,-4.205769150747267,0.01452,1.440312211497277,-2.246493351541347,1.9745471473083391,-12.24614960947413,-6.8720144514625945,-8.312326662959872,0.14158254789070224,0.1303978235422374,0.0889950888649702,0.2193929124072076,S2
2022-07-05,-3.252857406881602,-1.7948455379307726,-4.072009924739702,0.014459999999999999,1.4580118689508292,-2.2771643868089297,0.0,-10.098913028437348,-6.846055621555746,-8.304067490506576,0.02595882990684828,0.00825917245329677,0.030671035267582525,0.038930207720879295,S2
2022-07-06,-3.76042085947559,-2.342863820578066,-4.511064221853269,0.014339999999999999,1.4175570388975243,-2.1682004012752034,-0.5490036407461439,-10.099350196326254,-6.887932977596807,-8.305490016494332,-0.04187735604106102,-0.0014225259877562735,-0.10896398553372633,-0.1103865115214826,S2
2022-07-07,-4.616147512506702,-3.252267674736036,-5.245244331105461,0.01398,1.3638798377706656,-1.9929766563694247,-1.4303746391748873,-10.09978738313955,-6.9140145098077355,-8.277894347578401,-0.026081532210928238,0.02759566891593046,-0.17522374490577874,-0.14762807598984828,S2
2022-07-08,-4.885461902472886,-3.5450419701419875,-5.4732686054313,0.013859999999999999,1.3404199323308985,-1.9282266352893123,-1.6962150453523548,-10.100224588878053,-6.910977731757522,-8.25139766408842,0.0030367780502134067,0.02649668348998091,-0.06475002108011241,-0.0382533375901315,S2
2022-07-11,-4.069825173793402,-2.6735987330284683,-4.742611288187952,0.013919999999999998,1.3962264407649334,-2.0690125551594836,0.0,-10.985858644029456,-6.916033470236054,-8.312259911000988,-0.005055738478532135,-0.06086224691256703,0.1407859198701713,0.07992367295760427,S2
2022-07-12,-3.602146047431375,-2.179219653827187,-4.3098197244829,0.013859999999999999,1.4229263936041883,-2.1306000706557136,0.45689208964679073,-10.986334206559572,-6.927296069481406,-8.350222463085593,-0.011262599245351446,-0.03796255208460586,0.06158751549622998,0.023624963411624123,S2
2022-07-13,-3.2279208700002875,-1.7767459867723505,-3.979907750712643,0.013919999999999998,1.451174883227937,-2.2031617639402925,0.7998623236778791,-10.986809789676128,-6.959026595997962,-8.410201479225899,-0.03173052651655617,-0.05997901614030532,0.07256169328457895,0.012582677144273635,S2
2022-07-14,-3.298190803984589,-1.8575213449598524,-4.03331684316727,0.013859999999999999,1.4406694590247366,-2.175795498207418,0.7285572366279903,-10.987285393380015,-6.960537352767435,-8.401206811792171,-0.0015107567694734314,0.008994667433727344,-0.027366265732874595,-0.01837159829914725,S2
2022-07-15,-3.9736001890714734,-2.5581943527422077,-4.649041904459461,0.0138,1.4154058363292656,-2.090847551717253,0.11764331045710401,-10.987761017672124,-6.896517518143546,-8.311923354472812,0.06401983462388916,0.08928345731935927,-0.08494794649016502,0.004335510829194256,S2
2022-07-18,-3.749512591186355,-2.3279754556241024,-4.427678947918161,0.01368,1.4215371355622528,-2.0997034922940587,0.0,-10.667719668340855,-6.9182070771544995,-8.339744212716752,-0.021689559010953374,-0.027820858243940094,0.008855940576805832,-0.018964917667134262,S2
2022-07-19,-4.971648841523691,-3.616657743640594,-5.53282045775892,0.01356,1.3549910978830968,-1.9161627141183257,-1.2594178159540783,-10.668181459077513,-6.9559504335079,-8.310941531390997,-0.03774335635340087,0.028802681325755586,-0.183540778175733,-0.1547380968499774,S2
2022-07-20,-5.306248794662743,-3.9713399602617923,-5.800943651261672,0.0132,1.3349088344009505,-1.82960369099988,-1.6064081429258834,-10.668643269804448,-6.968802618067588,-8.303711452468539,-0.012852184559688062,0.00723007892245775,-0.08655902311844565,-0.0793289441959879,S2
2022-07-21,-5.314212236899172,-3.9583390621066044,-5.837988426367484,0.013379999999999998,1.3558731747925674,-1.8796493642608794,-1.508684085790539,-10.669105100522529,-6.863576949413897,-8.219450124206464,0.10522566865369143,0.084261328262075,0.05004567326099929,0.1343070015230743,S2
2022-07-22,-4.506895085847914,-3.0876841637434596,-5.141592274593824,0.01368,1.4192109221044542,-2.0539081108503647,-0.5939434038290871,-10.669566951232618,-6.756615269213791,-8.175826191318246,0.1069616802001061,0.04362393288821842,0.17425874658948537,0.2178826794777038,S2
2022-07-25,-4.696471661578509,-3.2922039972841266,-5.333577531436426,0.013859999999999999,1.4042676642943825,-2.0413735341523,0.0,-11.480578206212723,-6.784106544634214,-8.188374208928597,-0.027491275420422845,-0.012548017610351181,-0.012534576698064903,-0.025082594308416084,S2
2022-07-26,-4.223993508707778,-2.79766533287362,-4.88630494639726,0.013739999999999999,1.4263281758341582,-2.08863961352364,0.44767903667314485,-11.481075184464114,-6.80940263908319,-8.235730814917348,-0.025296094448976625,-0.047356605988751355,0.0472660793713402,-9.052661741115742e-05,S2
2022-07-27,-5.194402497258841,-3.809178269547183,-5.786915049174235,0.0138,1.3852242277116584,-1.977736779627052,-0.4447021602813215,-11.481572184229002,-6.731871847251482,-8.11709607496314,0.07753079183170808,0.11863473995420826,-0.11090283389658806,0.007731906057620197,S2
2022-07-28,-5.408094425570943,-4.015493034372192,-6.071466458377186,0.01452,1.3926013911987507,-2.0559734240049936,-0.5560699169648535,-11.482305140861184,-6.6302806322550945,-8.022882023453846,0.10159121499638779,0.09421405150929374,0.07823664437794164,0.17245069588723538,S2
2022-07-29,-5.941085693975303,-4.570860035603574,-6.5220173837708195,0.014159999999999999,1.3702256583717292,-1.9511573481672455,-1.093163393912425,-11.48303499824618,-6.635112698183303,-8.005338356555033,-0.0048320659282081735,0.01754366689881337,-0.1048160758377481,-0.08727240893893473,S2
2022-08-01,-5.584580397682284,-4.184524608979601,-6.21729301101543,0.01428,1.4000557887026837,-2.0327684020358294,0.0,-12.215014348204113,-6.630433950521828,-8.030489739224512,0.004678747661474247,-0.02515138266947936,0.08161105386858392,0.056459671199104555,S2
2022-08-02,-5.725225643604481,-4.358188190786186,-6.273493643638153,0.013739999999999999,1.3670374528182947,-1.9153054528519666,-0.24758152586937426,-12.21579412606337,-6.738150008328264,-8.10518746114656,-0.107716057806436,-0.07469772192204793,-0.1174629491838628,-0.19216067110591073,S2
2022-08-03,-6.303343955152139,-4.958146882837801,-6.807834853627085,0.013739999999999999,1.3451970723143374,-1.849687970789284,-0.8007337844881456,-12.216573953701817,-6.713963783037823,-8.059160855352161,0.024186225290441676,0.04602660579439899,-0.0656174820626827,-0.019590876268283708,S2
2022-08-04,-6.169809987342253,-4.808852462883024,-6.709047343931302,0.013919999999999998,1.360957524459229,-1.9001948810482778,-0.6033677176903525,-12.21735383112263,-6.650911561470728,-8.011869085929957,0.06305222156709434,0.0472917694222037,0.0505069102589939,0.0977986796811976,S2
2022-08-05,-6.5326409382363115,-5.2136307384419895,-7.0104090304592095,0.013739999999999999,1.319010199794322,-1.79677829201722,-1.0511471401754293,-12.218133758328989,-6.736639960268106,-8.055650160062427,-0.08572839879737781,-0.04378107413247001,-0.10341658903105788,-0.1471976631635279,S2
2022-08-08,-6.3100521364285695,-4.968366324278355,-6.795001303852118,0.01356,1.3416858121502147,-1.8266349795737629,0.0,-13.03168065067956,-6.72162851425099,-8.063314326401205,0.015011446017116015,-0.007664166338777534,0.029856687556542916,0.022192521217765382,S2
2022-08-09,-6.212151648717567,-4.870467324714537,-6.702704443213448,0.01356,1.3416843240030305,-1.8322371184989112,0.05897440140360834,-13.032512562599647,-6.761386512478472,-8.103070836481503,-0.03975799822748183,-0.03975651008029857,0.005602138925148381,-0.03415437115515019,S2
2022-08-10,-7.040182409741755,-5.733525612212967,-7.484508176660753,0.013739999999999999,1.3066567975287882,-1.7509825644477859,-0.6943094243671147,-13.03334452762704,-6.6874715422524,-7.994128339781188,0.07391497022607219,0.10894249670031542,-0.08125455405112536,0.027687942649190056,S2
2022-08-11,-7.296534590463033,-6.018828368693335,-7.711281460689226,0.013739999999999999,1.2777062217696988,-1.6924530919958913,-0.9729489005854497,-13.03417654576513,-6.7105908558875464,-7.988297077657245,-0.023119313635146632,0.005831262123942693,-0.05852947245189455,-0.052698210327951855,S2
2022-08-12,-7.8826810374979175,-6.627540085665002,-8.242874049281765,0.013619999999999998,1.2551409518329155,-1.615333963616763,-1.5600118174306057,-13.035008617017304,-6.712339396949993,-7.9674803487829085,-0.0017485410624464848,0.02081672887433683,-0.07711912837912838,-0.056302399504791545,S2
2022-08-15,-7.899219019591827,-6.635375265852325,-8.264319668390897,0.013619999999999998,1.2638437537395024,-1.628944402538572,0.0,-14.589620092580716,-6.690401072988889,-7.954244826728392,0.021938323961103734,0.013235522054516835,0.01361043892180902,0.026845960976325856,S2
2022-08-16,-8.061947434620583,-6.810435352630811,-8.411835710978695,0.013619999999999998,1.2515120819897723,-1.6014003583478837,-0.17694654272843208,-14.590551459699807,-6.705550567807656,-7.957062649797428,-0.015149494818766485,-0.0028178230690363293,-0.027544044190688233,-0.030361867259724562,S2
2022-08-17,-7.968781758274214,-6.724196583106979,-8.30453249777945,0.01344,1.2445851751672352,-1.580335914672471,-0.1250389369248956,-14.591482886275193,-6.747740064925874,-7.992325240093109,-0.04218949711821818,-0.03526259029568113,-0.021064443675412825,-0.056327033971093954,S2
2022-08-18,-8.049622431915699,-6.806706471298362,-8.380430078524038,0.01344,1.2429159606173368,-1.5737236072256753,-0.17964065872169838,-14.592414372310666,-6.722432599116665,-7.965348559734002,0.02530746580920873,0.026976680359107164,-0.00661230744679564,0.020364372912311524,S2
2022-08-19,-7.835219905152423,-6.599782897406786,-8.179078388030074,0.013499999999999998,1.2354370077456371,-1.5792954906232888,-0.005558720678602858,-14.593345917810021,-6.763684733336202,-7.999121741081839,-0.041252134219536885,-0.033773181347837244,0.005571883397613497,-0.028201297950223747,S2
2022-08-22,-7.079340099743657,-5.81652549486943,-7.474137466401758,0.01344,1.2628146048742268,-1.6576119715323276,0.0,-13.948368104914898,-6.869028005171241,-8.131842610045467,-0.10534327183503933,-0.1327208689636281,0.07831648090903887,-0.05440438805458925,S2
2022-08-23,-7.057218581695471,-5.796707245529305,-7.452357845220459,0.01344,1.2605113361661662,-1.6556505996911541,0.016863576590535917,-13.949258536011493,-6.875176377725486,-8.135687713891652,-0.00614837255424483,-0.003845103846185083,-0.0019613718411735093,-0.005806475687358592,S2
2022-08-24,-7.405537633790892,-6.170479381038808,-7.763568425173683,0.013379999999999998,1.2350582527520837,-1.5930890441348753,-0.3091239644946699,-13.95014902395112,-6.853735354654899,-8.088793607406982,0.021441023070587484,0.04689410648466996,-0.06256155555627885,-0.015667449071608885,S2
2022-08-25,-7.712639668272892,-6.477904998246087,-8.043850144621004,0.01326,1.2347346700268051,-1.5659451463749168,-0.5681640051271762,-13.951039568737404,-6.806563905591688,-8.041298575618493,0.047171449063211135,0.04749503178848968,-0.027143897759958513,0.02035113402853117,S2
2022-08-26,-6.324385666878759,-5.025192240626903,-6.7504355179055215,0.013139999999999999,1.2991934262518559,-1.7252432772786186,0.6945232809827554,-13.95193017037398,-6.933021222512466,-8.232214648764323,-0.12645731692077877,-0.19091607314583037,0.15929813090370182,-0.03161794224212855,S2
2022-08-29,-6.325290044618499,-5.038762374296068,-6.746120153753339,0.013139999999999999,1.2865276703224309,-1.7073577794572712,0.0,-13.299254073592913,-6.973964028974414,-8.260491699296844,-0.040942806461947256,-0.028277050532521386,-0.017885497821347407,-0.04616254835386879,S2
2022-08-30,-5.86276832747301,-4.550507711003313,-6.308559060617816,0.013019999999999999,1.3122606164696968,-1.7580513496145036,0.4459897786213362,-13.300103066772586,-6.991344960678241,-8.303605577147938,-0.01738093170382715,-0.04311387785109311,0.050693570157232415,0.007579692306139307,S2
2022-08-31,-5.717642163354586,-4.403887270819993,-6.178101175098466,0.013080000000000001,1.3137548925345932,-1.774213904278473,0.5924023057747095,-13.300952114149991,-6.990907645020695,-8.304662537555288,0.00043731565754612234,-0.0010569604073502603,0.01616255466396943,0.01510559425661917,S2
2022-09-01,-6.209940802203316,-4.9375381365861,-6.648222378133339,0.01332,1.272402665617216,-1.7106842415472396,0.09021398624340432,-13.30180121572859,-7.00164642728187,-8.274049092899087,-0.01073878226117575,0.030613444656200528,-0.0635296627312334,-0.032916218075032866,S2
2022-09-02,-5.631427609648759,-4.320453498386334,-6.132332083130348,0.01344,1.3109741112624258,-1.8118785847440142,0.7027918424826859,-13.302650371511842,-6.968430919380396,-8.279405030642822,0.033215507901473984,-0.005355937743734884,0.10119434319677456,0.09583840545303968,S2
2022-09-06,-5.887229528501423,-4.609431483653609,-6.3768319123917845,0.013619999999999998,1.2777980448478132,-1.767400428738175,0.0,-12.928485985584649,-7.041256457083226,-8.319054501931038,-0.07282553770282973,-0.039649471288216276,-0.04447815600583915,-0.08412762729405543,S2
2022-09-07,-6.433900092220683,-5.1710174517906315,-6.86824255227698,0.01344,1.2628826404300515,-1.6972251004863486,-0.4606848096858005,-12.929311309799415,-6.956096027264532,-8.218978667694582,0.08516042981869454,0.10007583423645627,-0.07017532825182649,0.029900505984629788,S2
2022-09-08,-6.777374492748537,-5.533087247117254,-7.189298642183135,0.013499999999999998,1.2442872456312832,-1.6562113950658812,-0.7886776252746417,-12.930136686700942,-6.941439819227048,-8.18572706485833,0.014656208037483687,0.03325160283625195,-0.04101370542046734,-0.007762102584215391,S2
2022-09-09,-7.486771263283745,-6.2829510634805485,-7.814043243958831,0.0132,1.2038201998031965,-1.5310921804782822,-1.5311184426074937,-12.930962116292594,-6.975309295616342,-8.179129495419538,-0.033869476389294384,0.006597569438792306,-0.125119214587599,-0.1185216451488067,S2
2022-09-12,-7.998145765471849,-6.827520680121025,-8.283545723459262,0.0132,1.1706250853508235,-1.4560250433382373,0.0,-15.032899916935797,-7.0347541514639484,-8.205379236814771,-0.05944485584760617,-0.026249741395233173,-0.07506713714004487,-0.10131687853527804,S2
2022-09-13,-6.389827563182317,-5.147384210123082,-6.785304874297687,0.013080000000000001,1.242443353059235,-1.6379206641746045,1.3971775146656882,-15.033859581998932,-7.246854504150926,-8.489297857210161,-0.2121003526869778,-0.28391862039539006,0.18189562083636712,-0.10202299955902294,S2
2022-09-14,-6.502799488443658,-5.262280394908086,-6.871500088302991,0.012899999999999998,1.240519093535572,-1.6092196933949046,1.3093871535604111,-15.034819308324833,-7.222632666320763,-8.463151759856334,0.024221837830163295,0.026146097353827003,-0.028700970779699908,-0.0025548734258729056,S2
2022-09-15,-6.1907349107066905,-4.939478892402086,-6.558093019038486,0.01272,1.2512560183046046,-1.6186141266364,1.5618779522012098,-15.03577909591741,-7.283166233009511,-8.534422251314115,-0.060533566688747875,-0.0712704914577813,0.00939443324149547,-0.061876058216285834,S2
2022-09-16,-5.957232284855063,-4.694443279801519,-6.38592602352707,0.013080000000000001,1.262789005053544,-1.6914827437255502,1.815767990139944,-15.036738944780577,-7.263738669785569,-8.526527674839112,0.01942756322394157,0.007894576475003134,0.07286861708915016,0.08076319356415329,S2
2022-09-19,-6.345881042230821,-5.106093444493662,-6.723947598933786,0.012899999999999998,1.239787597737159,-1.6178541544401241,0.0,-13.618167840497538,-7.272286798266717,-8.512074396003875,-0.008548128481147721,0.014453278835237171,-0.07362858928542604,-0.05917531045018887,S2
2022-09-20,-6.178178967384735,-4.94350497694043,-6.548567714714739,0.012779999999999998,1.2346739904443051,-1.6050627377743094,0.1134696839312303,-13.61903719238391,-7.327388541067945,-8.56206253151225,-0.05510174280122815,-0.04998813550837511,-0.012791416665814737,-0.06277955217418985,S2
2022-09-21,-5.273169147355841,-3.9838939714316974,-5.70655941771223,0.01272,1.2892751759241432,-1.7226654462805322,0.9609311810454658,-13.619906599767663,-7.3858062713663575,-8.6750814472905,-0.05841773029841235,-0.11301891577824996,0.11760270850622279,0.004583792727972824,S2
2022-09-22,-5.662655921254189,-4.419084072805906,-6.0264817480585275,0.01248,1.2435718484482834,-1.6073976752526216,0.5470011691010119,-13.621055944488026,-7.411398854132824,-8.654970702581107,-0.0255925827664667,0.020110744709393558,-0.11526777102791064,-0.09515702631851708,S2
2022-09-23,-4.864238200241147,-3.5813171129229064,-5.293682810903215,0.012539999999999997,1.2829210873182402,-1.7123656979803088,1.1921474506813254,-13.622205386198281,-7.565819735275809,-8.84874082259405,-0.15442088114298524,-0.19377012001294247,0.10496802272768724,-0.08880209728525523,S2
2022-09-26,-0.843205006633059,0.45059519452635577,-1.2574442413403129,0.012059999999999998,1.2938002011594147,-1.7080394358666686,0.0,-9.646269647148547,-8.803064640515487,-10.096864841674902,-1.2372449052396775,-1.2481240190808531,-0.004326262113640178,-1.2524502811944933,S2
2022-09-27,-1.1124351499309753,0.15634159845770104,-1.5633672340510085,0.01248,1.2687767483886763,-1.7197088325087095,-0.2867076758907144,-9.647083668082459,-8.821356194042197,-10.090132942430873,-0.018291553526710302,0.006731899244028838,0.011669396642040919,0.018401295886069757,S2
2022-09-28,-1.042004799817106,0.2620146195711775,-1.6343931315791338,0.013499999999999998,1.3040194193882835,-1.8964077511503112,0.030949148246809055,-9.647897757709256,-8.574943809645342,-9.878963229033625,0.2464123843968551,0.21116971339724877,0.1766989186416017,0.38786863203885047,S2
2022-09-29,-0.33862400593971453,0.9973568549060018,-1.002078333427598,0.013619999999999998,1.3359808608457162,-1.9994351883336,0.6468873114248161,-9.648711916034733,-8.663200598670203,-9.999181459515919,-0.0882567890248609,-0.12021823048229408,0.10302743718328866,-0.017190793299005414,S2
2022-09-30,-0.038832537673256284,1.3062336246102484,-0.7049952081422783,0.01344,1.3450661622835047,-2.0112288327525265,0.8985391688157284,-9.649526143064687,-8.712154436575702,-10.057220598859207,-0.04895383790549879,-0.05803913934328797,0.011793644418926608,-0.04624549492436136,S2
2022-10-03,-0.458867660185147,0.8857540629340981,-1.1318909810797544,0.013739999999999999,1.344621723119245,-2.0176450440138525,0.0,-9.020677069788778,-8.561809409603631,-9.906431132722876,0.15034502697207053,0.15078946613633093,0.006416211261325966,0.1572056773976569,S2
2022-10-04,-1.442315753062979,-0.1432550206385402,-2.020644179222529,0.013619999999999998,1.299060732424439,-1.877389158583989,-0.9483567028155226,-9.021438298765519,-8.52747924851806,-9.826539980942501,0.03433016108557041,0.07989115178037487,-0.14025588542986345,-0.06036473364948858,S2
2022-10-05,-1.8868088985738358,-0.6276283613107198,-2.3910630710138063,0.01332,1.259180537263116,-1.7634347097030867,-1.4250719605332023,-9.022199591980183,-8.560462653939549,-9.819643191202665,-0.03298340542148814,0.0068967897398355404,-0.11395444888090234,-0.1070576591410668,S2
2022-10-06,-1.6911052466496284,-0.43142577261752535,-2.1701524527762266,0.012960000000000001,1.2596794740321031,-1.7387266801587011,-1.3146646911648106,-9.02296094943819,-8.646520393953372,-9.906199867985476,-0.08605774001382294,-0.08655667678281098,-0.024708029544385557,-0.11126470632719654,S2
2022-10-07,-0.8270899439491878,0.47286156098411614,-1.3812143629020217,0.013019999999999999,1.299951504933304,-1.8540759238861377,-0.49744104400028605,-9.023722371144961,-8.69407347119606,-9.994024976129364,-0.047553077242687536,-0.08782510814388722,0.1153492437274366,0.02752413558354938,S2
2022-10-11,-0.4397512245684548,0.8749276048972346,-1.06362152569844,0.013379999999999998,1.3146788294656895,-1.9385491305956748,0.0,-9.177440326835168,-8.737689102266712,-10.052367931732402,-0.04361563107065258,-0.05834295560303815,0.08447320670953706,0.026130251106498914,S2
2022-10-12,-0.2572371257413914,1.069958818094482,-0.9246265548829281,0.013619999999999998,1.3271959438358734,-1.9945853729774101,0.1997584812572164,-9.178214784612011,-8.721219177613404,-10.048415121449278,0.016469924653307544,0.0039528102831241085,0.056036242381735324,0.05998905266485943,S2
2022-10-13,-1.4243971241270936,-0.16345035798252522,-1.9971140479583327,0.01368,1.2609467661445684,-1.8336636899758074,-1.0004901364834091,-9.17898930774312,-8.755082320099435,-10.016029086244004,-0.033863142486030284,0.032386035205274055,-0.1609216830016027,-0.12853564779632864,S2
2022-10-14,-0.6628935411968085,0.6367714083552258,-1.3008276179308857,0.01368,1.2996649495520343,-1.9375990262861116,-0.25154277753614096,-9.179763896234006,-8.768413132573338,-10.068078082125373,-0.013330812473903109,-0.052048995881369464,0.10393533631030416,0.051886340428934696,S2
2022-10-17,-1.7390416046327444,-0.49814180282954795,-2.2843517957310233,0.01368,1.2408998018031965,-1.7862099929014754,0.0,-10.477338698139786,-8.738297093507041,-9.979196895310238,0.03011603906629645,0.08888118681513468,-0.15138903338463616,-0.06250784656950148,S2
2022-10-18,-2.163044177947792,-0.9429562356703876,-2.672811170077773,0.01368,1.2200879422774042,-1.7298549344073855,-0.37336259310981057,-10.478222850599124,-8.688541265761142,-9.908629208038548,0.049755827745899595,0.07056768727169072,-0.05635505849408995,0.014212628777600766,S2
2022-10-19,-2.38861493448257,-1.1943176558985447,-2.8575563355344347,0.013499999999999998,1.1942972785840253,-1.66323867963589,-0.6710571118149461,-10.479107077669545,-8.76154925500192,-9.955846533585946,-0.07300798924077867,-0.04721732554739866,-0.06661625477149546,-0.11383358031889412,S2
2022-10-20,-2.5101732108680097,-1.3308474978904663,-2.961048642811598,0.01344,1.1793257129775434,-1.6302011449211318,-0.7932562625751901,-10.479991379357342,-8.763074431064522,-9.942400144042065,-0.0015251760626018296,0.013446389543881665,-0.03303753471475823,-0.019591145170876567,S2
2022-10-21,-3.3202493068093846,-2.1836773591272687,-3.7642620853832223,0.014159999999999999,1.136571947682116,-1.5805847262559536,-1.5234003483158192,-10.480875755668814,-8.68402679717525,-9.820598744857364,0.07904763388927272,0.1218013991847009,-0.049616418665178186,0.07218498051952271,S2
2022-10-24,-3.915232247477918,-2.815455106490975,-4.294678679928799,0.014039999999999999,1.099777140986943,-1.4792235734378236,0.0,-12.614585285166749,-8.69935303768883,-9.799130178675775,-0.015326240513580558,0.02146856618158921,-0.10136115281812996,-0.07989258663654075,S2
2022-10-25,-3.96113649767864,-2.8456139554509035,-4.358383118019258,0.01422,1.1155225422277364,-1.5127691625683548,0.04471921609243812,-12.615649793714649,-8.60979407994357,-9.725316622171306,0.08955895774525935,0.07381355650446864,0.033545589130531184,0.10735914563499982,S2
2022-10-26,-3.5040699549982968,-2.353542398060685,-3.927015806687023,0.01398,1.1505275569376119,-1.573473408626338,0.5690491976283847,-12.616714392093362,-8.543595239466681,-9.694122796404294,0.06619884047688984,0.03119382576701213,0.06070424605798319,0.09189807182499532,S2
2022-10-27,-3.022763813646341,-1.8367564152174098,-3.49765889195214,0.014039999999999999,1.186007398428931,-1.6609024767347302,1.1305190450731406,-12.617779080310468,-8.464496221590986,-9.650503620019917,0.07909901787569495,0.043619176384376956,0.08742906810839224,0.1310482444927692,S2
2022-10-28,-4.15137484107734,-3.031889920218181,-4.504845405717137,0.0138,1.119484920859159,-1.472955485498956,-0.012621786885923525,-12.61884385837355,-8.480090804182133,-9.599575725041293,-0.015594582591146988,0.050927894978624266,-0.1879469912357743,-0.13701909625715003,S2
2022-10-31,-4.174265208240347,-3.0629692097195913,-4.514267889414048,0.01368,1.1112959985207556,-1.4512986796944571,0.0,-12.712982304022908,-8.538717095782562,-9.650013094303317,-0.058626291600429425,-0.050437369262024134,-0.021656805804498802,-0.07209417506652294,S2
2022-11-01,-3.8852580949331657,-2.7530863372508985,-4.222696586974248,0.01332,1.1321717576822672,-1.4696102497233494,0.26148333930276896,-12.714055116012048,-8.567313681776113,-9.69948543945838,-0.02859658599355086,-0.04947234515506338,0.018311570028892277,-0.031160775126171103,S2
2022-11-02,-3.082884995866622,-1.9080365787503668,-3.4653080208541014,0.013080000000000001,1.1748484171162552,-1.5572714421037346,1.041713143269668,-12.715128018532702,-8.590529879396414,-9.765378296512669,-0.02321619762030025,-0.06589285705428871,0.08766119238038517,0.021768335326096455,S2
2022-11-03,-2.84510421277436,-1.6591819166521575,-3.2519634542037323,0.013139999999999999,1.1859222961222025,-1.5927815375515748,1.250043268678055,-12.716462306078647,-8.621314824626232,-9.807237120748434,-0.03078494522981856,-0.04185882423576537,0.03551009544784023,-0.00634872878792514,S2
2022-11-04,-3.5243462620969797,-2.37849095504437,-3.890589821901195,0.01332,1.1458553070526096,-1.512098866856825,0.6534534265539758,-12.71779673364074,-8.539997044989784,-9.685852352042394,0.08131777963644815,0.12138476870604009,-0.08068267069474988,0.04070209801129021,S2
2022-11-07,-4.069751993488278,-2.9577626649244233,-4.390121340677583,0.01332,1.1119893285638551,-1.4323586757531594,0.0,-12.61770429060803,-8.547952297119751,-9.659941625683606,-0.007955252129967505,0.025910726358787883,-0.07974019110366548,-0.0538294647448776,S2
2022-11-08,-3.941206417855035,-2.815564176821862,-4.279338312698365,0.013379999999999998,1.1256422410331726,-1.4637741358765028,0.13505331631931683,-12.619028354799033,-8.542768620624681,-9.668410861657854,0.005183676495070344,-0.00846923597424798,0.0314154601233434,0.022946224149095418,S2
2022-11-09,-3.106434546073144,-1.932319989723765,-3.568743831576298,0.01398,1.1741145563493791,-1.636423841852533,0.9713772439097121,-12.620352557933376,-8.54254076795052,-9.716655324299898,0.0002278526741612552,-0.048244462642044184,0.17264970597603013,0.12440524333398595,S2
2022-11-10,-4.10560977113187,-2.9510356377764198,-4.509108508021706,0.014159999999999999,1.15457413335545,-1.5580728702452862,0.30458463392400437,-12.62167690002564,-8.211482494969765,-9.366056628325216,0.33105827298075496,0.3505986959746821,-0.0783509716072468,0.2722477243674353,S2
2022-11-14,-4.335341852910256,-3.1987819806442443,-4.673191507761667,0.013619999999999998,1.1365598722660115,-1.4744095271174222,0.0,-12.600232989001348,-8.264891136091093,-9.401451008357103,-0.053408641121327705,-0.035394380031886996,-0.08366334312786394,-0.11905772315975094,S2
2022-11-15,-4.348289803292641,-3.204098394516492,-4.6690470610721615,0.013379999999999998,1.1441914087761487,-1.4649486665556695,-0.007521021015532647,-12.60155521980616,-8.260786437529053,-9.4049778463052,0.004104698562040099,-0.0035268379480974943,-0.00946086056175277,-0.012987698509850265,S2
2022-11-16,-3.5788598690010396,-2.3740609512401325,-3.975634068031012,0.01344,1.204798917760907,-1.6015731167908793,0.8139548999706967,-12.602877589361922,-8.210062820390187,-9.414861738151094,0.05072361713886586,-0.009883891845893444,0.13662445023520986,0.12674055838931642,S2
2022-11-17,-3.8156185323962406,-2.63504726264901,-4.157435864251687,0.013080000000000001,1.1805712697472308,-1.5223886016026769,0.5242278032418736,-12.604200097683194,-8.26435376204508,-9.44492503179231,-0.05429094165489268,-0.030063293641216404,-0.07918451518820246,-0.10924780882941887,S2
2022-11-18,-4.189607491065882,-3.0339046424909903,-4.468919996630664,0.012779999999999998,1.1557028485748915,-1.4350153541396735,0.143534861486146,-12.605522744784537,-8.27238039223251,-9.428083240807402,-0.008026630187430328,0.01684179098490901,-0.08737324746300335,-0.07053145647809433,S2
2022-11-21,-4.118797372308599,-2.9573403488416927,-4.370775077861156,0.01248,1.1614570234669062,-1.413434729019463,0.0,-12.366222554325473,-8.247425182016874,-9.408882205483781,0.024955210215635404,0.019201035323620275,-0.021580625120210417,-0.0023795897965901425,S2
2022-11-22,-4.410128580126088,-3.2546454688277295,-4.6371806579029995,0.012419999999999997,1.1554831112983583,-1.38253518907527,-0.23721237198343292,-12.36752022877441,-8.194604020631754,-9.350087131930113,0.05282116138512016,0.058795073553667976,-0.030899539944193144,0.027895533609474832,S2
2022-11-23,-4.493620031046691,-3.334835285750655,-4.68375073395096,0.012119999999999999,1.1587847452960363,-1.3489154482003052,-0.26141910878836877,-12.368818039397427,-8.136617117139103,-9.29540186243514,0.05798690349265101,0.0546852694949731,-0.033619740874964776,0.021065528620008322,S2
2022-11-25,-4.383576572656005,-3.2142027835312637,-4.610060964957583,0.01236,1.1693737891247413,-1.3958581814263193,-0.13578646963556373,-12.37141406922286,-8.12362396620242,-9.29299775532716,0.012993150936683406,0.0024041071079796694,0.046942733226014166,0.049346840333993836,S2
2022-11-28,-3.7746851078902313,-2.5732460373195454,-4.03800717766556,0.012299999999999998,1.2014390705706859,-1.4647611403460146,0.0,-11.968038568732386,-8.193353460842154,-9.39479253141284,-0.06972949463973421,-0.10179477608567922,0.06890295891969522,-0.032891817165983994,S2
2022-11-29,-3.9503694782875045,-2.765080127215805,-4.206497481717332,0.01236,1.1852893510716993,-1.4414173545015272,-0.17347245005527992,-11.969294458943507,-8.192397430711283,-9.377686781782982,0.0009560301308706443,0.01710574962985767,-0.023343785844487375,-0.006238036214629705,S2
2022-11-30,-4.9348598895123645,-3.7947830704129277,-5.1809374004007225,0.012899999999999998,1.1400768190994368,-1.3861543299877948,-1.0692200483664756,-11.970550480943995,-8.104910639798106,-9.244987458897542,0.0874867909131769,0.13269932288543984,-0.05526302451373244,0.0774362983717074,S2
2022-12-01,-4.419422008593394,-3.2298559753151554,-4.671754979333217,0.012539999999999997,1.189566033278239,-1.4418990040180617,-0.4473768920144844,-11.97180663474768,-7.999761518168769,-9.189327551447008,0.10514912162933765,0.05565990745053462,0.05574467403026695,0.11140458148080157,S2
2022-12-02,-4.323002661263294,-3.123380872570052,-4.5421781983911425,0.012179999999999998,1.1996217886932419,-1.4187973258210906,-0.3275370839000419,-11.973062920368392,-7.97759734300514,-9.177219131698383,0.022164175163628563,0.012108419748624755,-0.023101678196971065,-0.01099325844834631,S2
2022-12-05,-3.863935941639838,-2.650405964788712,-4.083677957371336,0.01194,1.2135299768511256,-1.4332719925826236,0.0,-11.973719440600222,-8.109783498960384,-9.32331347581151,-0.1321861559552442,-0.14609434411312705,0.014474666761532973,-0.13161967735159408,S2
2022-12-06,-2.9569060389563995,-1.683447202809173,-3.2247553740313455,0.011819999999999999,1.2734588361472265,-1.5413081712221726,0.893969744649742,-11.974975926945065,-8.124100143338925,-9.397558979486151,-0.014316644378540744,-0.074245503674641,0.10803617863954895,0.03379067496490795,S2
2022-12-07,-2.5871402485145434,-1.2825024234091766,-2.8658383179645592,0.011699999999999999,1.3046378251053667,-1.5833358945553826,1.3142407591033647,-11.976232545141832,-8.074851537523923,-9.37948936262929,0.04924860581500212,0.01806961685686126,0.04202772333321003,0.06009734019007129,S2
2022-12-08,-3.0634540317480647,-1.7910176188354403,-3.278924036277094,0.01146,1.2724364129126244,-1.4879064174416539,0.7955310980781887,-11.977489295204357,-8.118504165378102,-9.390940578290728,-0.043652627854179116,-0.011451215661438141,-0.09542947711372873,-0.10688069277516687,S2
2022-12-09,-3.1104082732180673,-1.8527815363189526,-3.313007087379237,0.011399999999999999,1.2576267368991147,-1.4602255510602844,0.7268454181910727,-11.97874617714648,-8.141492485737341,-9.399119222636456,-0.022988320359239367,-0.008178644345727903,-0.027680866381369462,-0.035859510727097366,S2
2022-12-12,-3.730804680227666,-2.5142396810210172,-3.8796558773484837,0.011279999999999998,1.216564999206649,-1.3654161963274665,0.0,-11.950685477488006,-8.219880797260341,-9.43644579646699,-0.07838831152299974,-0.037326573830533505,-0.09480935473281793,-0.13213592856335143,S2
2022-12-13,-3.7824044770671934,-2.552651288783543,-3.9531742511417294,0.01146,1.2297531882836505,-1.4005229623581865,0.11053533857517106,-11.951939546717579,-8.058999731075215,-9.288752919358863,0.16088106618512654,0.14769287710812584,0.03510676603072005,0.1827996431388459,S2
2022-12-14,-3.521558071676526,-2.271938071922322,-3.739905695734609,0.011699999999999999,1.249619999754204,-1.467967623812287,0.416520872734421,-11.953193747545429,-8.01511480313448,-9.264734802888686,0.043884927940734286,0.024018116470177375,0.06744466145410044,0.09146277792427782,S2
2022-12-15,-2.3192590256674337,-0.9988984761198585,-2.6330497181192323,0.011819999999999999,1.3203605495475752,-1.6341512419993738,1.5518265913318425,-11.954611840669752,-8.083526223670477,-9.403886773218051,-0.06841142053599647,-0.13915197032936533,0.16618361818708682,0.027031647857721497,S2
2022-12-16,-2.07163480015317,-0.742839657146751,-2.4091253888551973,0.01188,1.3287951430064189,-1.6662857317084463,1.8147296995973567,-11.956030102032637,-8.069665602282111,-9.39846074528853,0.013860621388365857,0.005426027929521737,0.03213448970907251,0.03756051763859425,S2
2022-12-19,-2.0553005177763315,-0.7350282009058908,-2.3921489684000417,0.01188,1.3202723168704407,-1.6571207674941508,0.0,-10.164628957215331,-8.109328439439,-9.42960075630944,-0.03966283715688945,-0.031140011020911018,-0.009164964214295468,-0.040304975235206486,S2
2022-12-20,-2.57013907402514,-1.2908923729428772,-2.87804975083341,0.01194,1.2792467010822628,-1.5871573778905328,-0.50587272746347,-10.165834860067738,-8.10156851350607,-9.380815214588331,0.0077599259329304004,0.04878554172110938,-0.06996338960361803,-0.02117784788250865,S2
2022-12-21,-3.1399450759230234,-1.8880792633147543,-3.4258964942747756,0.012059999999999998,1.2518658126082691,-1.5378172309600213,-1.0291345127303493,-10.16704090598505,-8.056230342792377,-9.308096155400646,0.04533817071369306,0.07271905918768518,-0.049340146930511475,0.0233789122571737,S2
2022-12-22,-2.4879578930105977,-1.2013640850902718,-2.8022839194222513,0.01194,1.2865938079203258,-1.6009198343319795,-0.439340082592525,-10.168247094984242,-8.11962928456617,-9.406223092486494,-0.06339894177379257,-0.09812693708584774,0.06310260337195817,-0.03502433371388958,S2
2022-12-23,-3.042255995042865,-1.7934510737827152,-3.3255183361808025,0.012,1.2488049212601497,-1.5320672623980873,-0.9732632316884187,-10.169453427082287,-8.10046066372784,-9.34926558498799,0.01916862083832882,0.056957507498504256,-0.06885257193389216,-0.011895064435387903,S2
2022-12-27,-3.2019158252531383,-1.971421872788915,-3.487811571560738,0.012119999999999999,1.2304939524642233,-1.516389698771823,0.0,-11.351046325346143,-8.149130500093005,-9.379624452557229,-0.04866983636516409,-0.030358867569239223,-0.015677563626264268,-0.04603643119550349,S2
2022-12-28,-2.893205051187304,-1.6507259112159955,-3.191806513923477,0.012059999999999998,1.2424791399713087,-1.5410806027074813,0.290219124996246,-11.352392981402074,-8.168968805218523,-9.411447945189831,-0.019838305125517763,-0.031823492632602424,0.024690903935658204,-0.00713258869694422,S2
2022-12-29,-3.3768717182722066,-2.1535622684329474,-3.6441704187251993,0.012059999999999998,1.2233094498392592,-1.490608150292252,-0.1542201944971416,-11.353739797221474,-8.131088273446409,-9.354397723285668,0.03788053177211381,0.05705022190416287,-0.05047245241522935,0.006577769488933516,S2
2022-12-30,-3.4560477089234585,-2.242566006881113,-3.7021658557295236,0.01194,1.2134817020423454,-1.4595998488484105,-0.26169561261274776,-11.355086772823297,-8.160734676512586,-9.374216378554932,-0.029646403066177385,-0.01981865526926363,-0.03100830144384137,-0.050826956713105,S2
2023-01-03,-2.9320800099471613,-1.678781124091866,-3.247264004016777,0.012179999999999998,1.2532988858552954,-1.568482879924911,0.0,-11.119055688065444,-8.186975678118284,-9.440274563973578,-0.026241001605697534,-0.06605818541864572,0.10888303107650055,0.042824845657854826,S2
2023-01-04,-2.8848426196383006,-1.6152136893014002,-3.238207230632384,0.012419999999999997,1.2696289303369004,-1.6229935413309837,0.11542454495412907,-11.120374821407816,-8.120107656815387,-9.389736587152287,0.06686802130289671,0.0505379768212908,0.054510661406072636,0.10504863822736343,S2
2023-01-05,-2.483325264637382,-1.1939572726018044,-2.832754164373969,0.012179999999999998,1.2893679920355776,-1.6387968917721647,0.46574163890976467,-11.12169411124844,-8.172627207701293,-9.461995199736869,-0.052519550885905986,-0.07225861258458188,0.015803350441180974,-0.05645526214340091,S2
2023-01-06,-2.863362086568576,-1.5734721888324832,-3.2238849217783363,0.012419999999999997,1.2898898977360926,-1.6504127329458531,0.264563677884738,-11.123013557605882,-7.995087793152568,-9.284977690888661,0.17753941454872457,0.17701750884820733,0.011615841173688413,0.18863335002189574,S2
2023-01-09,-2.7628039028251985,-1.4648346449970733,-3.0913810864871314,0.012119999999999999,1.2979692578281252,-1.6265464414900581,0.0,-10.754603496010974,-7.9917995931857755,-9.2897688510139,0.0032881999667928596,-0.004791160125238392,-0.023866291455794997,-0.02865745158103339,S2
2023-01-10,-3.363072584518042,-2.1055494238898484,-3.648884713661581,0.012119999999999999,1.2575231606281934,-1.5433352897717327,-0.5777704792873053,-10.755879391775288,-7.970577286544552,-9.228100447172746,0.021222306641223376,0.06166840384115346,-0.08321115171832538,-0.02154274787717192,S2
2023-01-11,-3.588578524119952,-2.3348032299066297,-3.8386588043738374,0.01194,1.2537752942133222,-1.5038555744672077,-0.8046765001736338,-10.757155438908269,-7.97325341496195,-9.227028709175272,-0.0026761284173977273,0.0010717379974742869,-0.03947971530452499,-0.0384079773070507,S2
2023-01-12,-3.437524480299823,-2.1578403107777913,-3.6865746437353795,0.011819999999999999,1.2796841695220316,-1.5287343329575882,-0.5090442710534688,-10.758431637427876,-7.829951428181522,-9.109635597703553,0.14330198678042816,0.11739311147171883,0.02487875849038046,0.14227186996209928,S2
2023-01-13,-3.7999473827408483,-2.5463026907303785,-4.009126496496495,0.011699999999999999,1.2536446920104698,-1.4628238057661163,-0.9010793405808164,-10.75970798735207,-7.860839945192037,-9.114484637202507,-0.030888517010515315,-0.004849039498953545,-0.06591052719147195,-0.07075956669042549,S2
2023-01-17,-3.870546201264723,-2.6259070730461938,-4.044969518093675,0.01146,1.2446391282185294,-1.419062445047481,0.0,-11.744447563257241,-7.873901361992518,-9.118540490211046,-0.013061416800480785,-0.004055853008539501,-0.043761360718635345,-0.047817213727174845,S2
2023-01-18,-2.711765320436947,-1.3844004699621748,-3.002305139849155,0.01176,1.3273648504747722,-1.6179046698869803,1.2086416284188282,-11.745840891324216,-7.8254339424684405,-9.152798792943212,0.04846741952407729,-0.0342583027321659,0.19884222483949943,0.16458392210733352,S2
2023-01-19,-2.465101534791609,-1.1265069994442205,-2.7962900807976476,0.01194,1.3385945353473885,-1.6697830813534271,1.4162491162598982,-11.747234384691694,-7.865883733640187,-9.204478268987575,-0.04044979117174652,-0.05167947604436307,0.05187841146644678,0.0001989354220837125,S2
2023-01-20,-3.525233988821527,-2.2544552480411943,-3.7764595152616796,0.01188,1.2707787407803326,-1.5220042672204852,0.36029404038322943,-11.748628043379288,-7.863100014174532,-9.133878754954864,0.0027837194656550324,0.07059951403271114,-0.14777881413294192,-0.07717930010023077,S2
2023-01-23,-4.116294715756303,-2.8812781611043037,-4.313870087659408,0.01176,1.2350165546519993,-1.4325919265551046,0.0,-12.004178819468141,-7.887884103711838,-9.122900658363838,-0.02478408953730593,0.010978096591026443,-0.08941234066538062,-0.07843424407435418,S2
2023-01-24,-3.8884667327554725,-2.63140627672776,-4.087976827007941,0.01164,1.2570604560277125,-1.4565705502801807,0.2516304185235939,-12.005602961317305,-7.865505810038239,-9.122566266065952,0.022378293673599003,0.0003343922978853442,0.023978623725076087,0.02431301602296143,S2
2023-01-25,-3.9096475345196318,-2.653397361897264,-4.1230482947841525,0.01176,1.2562501726223676,-1.4696509328868883,0.25998326112984177,-12.007027272122633,-7.83739647647316,-9.093646649095527,0.028109333565079275,0.02891961697042511,0.01308038260670763,0.04199999957713274,S2
2023-01-26,-4.441832570851112,-3.217646787397225,-4.584839235862045,0.01146,1.224185783453887,-1.3671924484648201,-0.27783139771604753,-12.008451751904168,-7.844450578769104,-9.06863636222299,-0.007054102295944276,0.02501028687253637,-0.10245848442206817,-0.0774481975495318,S2
2023-01-27,-4.640442469988265,-3.430126021648854,-4.749836951074151,0.011279999999999998,1.2103164483394115,-1.3197109294252973,-0.4889871275940508,-12.00987640068196,-7.858421058287746,-9.068737506627158,-0.013970479518642165,-0.00010114440416764126,-0.0474815190395228,-0.04758266344369044,S2
2023-01-30,-4.188246829173639,-2.9568851578147073,-4.316939804012,0.01122,1.2313616713589322,-1.3600546461972924,0.0,-12.119083265354902,-7.930836436181263,-9.162198107540195,-0.07241537789351682,-0.09346060091303698,0.04034371677199511,-0.053116884141041876,S2
2023-01-31,-4.676534899806346,-3.46731066499607,-4.79861925000691,0.011399999999999999,1.209224234810276,-1.3313085850108397,-0.4464130975764082,-12.120521039142785,-7.890399236912848,-9.099623471723124,0.040437199268414936,0.06257463581707157,-0.02874606118645273,0.033828574630618835,S2
2023-02-01,-4.7267738500174925,-3.501037004267899,-4.856895042029402,0.01146,1.2257368457495934,-1.3558580377615028,-0.35769349310676324,-12.121958983504086,-7.752878626593358,-8.978615472342952,0.13752061031949037,0.12100799938017204,0.024549452750663114,0.14555745213083515,S2
2023-02-02,-5.306086837407893,-4.114810697019058,-5.3804831458230105,0.011279999999999998,1.191276140388835,-1.2656724488039526,-0.9727979223914328,-12.123480135709844,-7.790191220693384,-8.981467361082219,-0.037312594100026075,-0.0028518887392667835,-0.09018558895755024,-0.09303747769681703,S2
2023-02-03,-5.295966324112223,-4.1188760318016495,-5.335089122674075,0.01098,1.1770902923105737,-1.2162130908724258,-1.0705135353905817,-12.125001478800923,-7.899548690079282,-9.076638982389856,-0.1093574693858983,-0.09517162130763701,-0.04945935793152678,-0.1446309792391638,S2
2023-02-06,-5.336642499463789,-4.1739406011801945,-5.332873327191573,0.010620000000000001,1.1627018982835944,-1.1589327260113782,0.0,-13.34345757654624,-8.006815077082452,-9.169516975366047,-0.10726638700317004,-0.09287799297619159,-0.057280364861047595,-0.1501583578372392,S2
2023-02-07,-5.983968033375474,-4.861008559558414,-5.952149685182478,0.01068,1.12295947381706,-1.0911411256240644,-0.6456772161120308,-13.345132011342846,-8.006841194079403,-9.129800667896463,-2.611699695087566e-05,0.03971630746958432,-0.0677916003873138,-0.028075292917729477,S2
2023-02-08,-5.388987506188954,-4.22824947108969,-5.422065761213023,0.01098,1.1607380350992642,-1.1938162901233333,-0.06810132552767306,-13.346806656259794,-8.025920475598513,-9.186658510697777,-0.01907928151910987,-0.05685784280131401,0.10267516449926894,0.04581732169795494,S2
2023-02-09,-5.147769118448837,-3.9793746491006603,-5.2003351313745245,0.011040000000000001,1.1683944693481765,-1.2209604822738642,0.11895665646056958,-13.348477854205731,-8.081752079296324,-9.250146548644501,-0.05583160369781126,-0.06348803794672442,0.027144192150530877,-0.03634384579619354,S2
2023-02-10,-5.480661348737565,-4.338818659456259,-5.519698381671486,0.0111,1.1418426892813054,-1.1808797222152272,-0.22607399702019398,-13.35015291898355,-8.09556556726618,-9.237408256547486,-0.013813487969855487,0.012738292097015602,-0.04008076005863703,-0.02734246796162143,S2
2023-02-13,-5.852684683281537,-4.727312997715119,-5.865470160330817,0.011040000000000001,1.1253716855664182,-1.1381571626156983,0.0,-13.949719767545071,-8.097035084263535,-9.222406769829952,-0.0014695169973553135,0.015001486717533652,-0.042722559599528864,-0.027721072881995212,S2
2023-02-14,-6.041626923501659,-4.929836891815551,-6.025274905110063,0.010860000000000002,1.111790031686108,-1.0954380132945118,-0.18421407291906444,-13.951470280562232,-8.094057429979635,-9.205847461665744,0.0029776542838995113,0.01655930816420792,-0.04271914932118648,-0.02615984115697856,S2
2023-02-15,-6.308107626233253,-5.214670243346298,-6.282744327894342,0.010920000000000001,1.0934373828869557,-1.0680740845480443,-0.4365587561840587,-13.953221013246587,-8.081672143197393,-9.175109526084348,0.012385286782242488,0.030737935581395703,-0.027363928746467536,0.003374006834928167,S2
2023-02-16,-5.911394671562959,-4.804076798135853,-5.919209935035867,0.011040000000000001,1.1073178734271059,-1.1151331369000141,-0.09978711714410615,-13.954971965625704,-8.143364411206854,-9.250682284633958,-0.061692268009460705,-0.07557275854960999,0.04705905235196983,-0.028513706197640154,S2
2023-02-17,-5.669955941681405,-4.543296642963734,-5.723751352480756,0.01134,1.1266592987176711,-1.1804547095170221,0.14948273683016206,-13.95672313772715,-8.137284459215584,-9.263943757933255,0.006079951991269539,-0.013261473299296611,0.065321572617008,0.052060099317711384,S2
2023-02-21,-5.281263578722874,-4.14968844815076,-5.343450017505039,0.01122,1.1315751305721138,-1.1937615693542787,0.0,-13.552215476519168,-8.270951897796294,-9.402527028368407,-0.1336674385807104,-0.13858327043515217,0.013306859837256546,-0.12527641059789563,S2
2023-02-22,-5.173035001965989,-4.031653928676228,-5.229393469097971,0.0111,1.141381073289761,-1.1977395404217432,0.13434743249360537,-13.553916107786199,-8.246533673326605,-9.387914746616365,0.024418224469689775,0.014612281752041767,0.0039779710674645585,0.018590252819506325,S2
2023-02-23,-5.234434931100942,-4.088472163040896,-5.29509731196807,0.011160000000000002,1.1459627680600466,-1.2066251489271744,0.13236684593145778,-13.555616952460898,-8.188815175428498,-9.334777943488545,0.057718497898106236,0.05313680312782054,0.008885608505431186,0.06202241163325173,S2
2023-02-24,-5.045543828294245,-3.896766888134864,-5.116216046392253,0.011160000000000002,1.1487769401593813,-1.2194491582573894,0.25135136469884994,-13.557318010570047,-8.260422817576952,-9.409199757736332,-0.07160764214845372,-0.0744218142477866,0.012824009330214992,-0.06159780491757161,S2
2023-02-27,-5.080711519381346,-3.927713252477461,-5.15740017483278,0.01122,1.152998266903885,-1.2296869223553193,0.0,-13.31150232552482,-8.230790806143474,-9.38378907304736,0.0296320114334776,0.02541068468897123,0.010237764097929869,0.0356484487869011,S2
2023-02-28,-4.9787088418288405,-3.8190950096238074,-5.081635181915458,0.011399999999999999,1.1596138322050331,-1.2625401722916507,0.11275011390452935,-13.313169102898367,-8.221710147164998,-9.38132397937003,0.009080658978476208,0.0024650936773298326,0.03285324993633143,0.03531834361366126,S2
2023-03-01,-5.115619029185667,-3.9729085021589414,-5.169940115282382,0.011040000000000001,1.1427105270267255,-1.1970316131234409,-0.06335228960969441,-13.314839736875438,-8.262572997299465,-9.40528352432619,-0.040862850134466555,-0.023959544956159817,-0.06550855916820986,-0.08946810412436967,S2
2023-03-02,-5.689026013264554,-4.584501385316804,-5.6980510765754175,0.010920000000000001,1.1045246279477503,-1.1135496912586138,-0.6121483012243314,-13.316506932137333,-8.239629220097111,-9.344153848044861,0.022943777202353743,0.061129676281328926,-0.08348192186482706,-0.02235224558349813,S2
2023-03-03,-5.908453780520822,-4.801350215292974,-5.889099569469932,0.010740000000000001,1.107103565227848,-1.0877493541769585,-0.7937000470176943,-13.318174336154279,-8.20342060265115,-9.310524167878999,0.036208617445961266,0.03362968016586265,-0.0258003370816553,0.007829343084207352,S2
2023-03-06,-5.9743558695073835,-4.8706496765285205,-5.952114477662178,0.010740000000000001,1.103706192978863,-1.0814648011336576,0.0,-14.1879867222231,-8.213630852715717,-9.317337045694579,-0.010210250064567106,-0.006812877815580265,-0.006284553043300889,-0.013097430858881154,S2
2023-03-07,-5.2969571115972744,-4.154153861528606,-5.311204168501085,0.010740000000000001,1.1428032500686687,-1.1570503069724793,0.5937178786734946,-14.189763247116119,-8.29908825684535,-9.441891506914018,-0.08545740412963276,-0.12455446121943936,0.07558550583882173,-0.04896895538061763,S2
2023-03-08,-5.386761324490632,-4.248548525034267,-5.39646307595695,0.010740000000000001,1.1382127994563644,-1.1479145509226827,0.49902363224625007,-14.191539994453715,-8.305755037716834,-9.443967837173197,-0.006666780871483979,-0.00207633025917886,-0.009135756049796662,-0.011212086308975522,S2
2023-03-09,-4.471373576012208,-3.282048854451796,-4.571868781249677,0.0111,1.1893247215604124,-1.2898199267978807,1.3763715045663507,-14.19331696426374,-8.345571883685182,-9.534896605245594,-0.03981684596834789,-0.09092876807239669,0.14190537587519803,0.05097660780280133,S2
2023-03-10,-3.095073229693908,-1.8065162944233062,-3.3643668465358028,0.01176,1.2885569352706019,-1.5578505521124966,2.8229596793549585,-14.19509415657405,-8.277061247525184,-9.565618182795786,0.06851063615999742,-0.030721577550192336,0.26803062531461586,0.23730904776442352,S2
2023-03-13,-2.5986168794494593,-1.2679831261270444,-3.0527423421207818,0.01284,1.3306337533224148,-1.7847592159937373,0.0,-10.670539041018142,-8.071922161568683,-9.402555914891098,0.20513908595650143,0.1630622679046887,0.22690866388124076,0.38997093178592945,S2
2023-03-14,-3.5979363921315253,-2.327908043283138,-3.953394631904037,0.012659999999999998,1.2700283488483874,-1.6254865886208991,-0.9856294244781308,-10.671878058417967,-8.059571090764571,-9.32959943961296,0.012351070804111686,0.0729564752781382,-0.1592726273728382,-0.0863161520947,S2
2023-03-15,-2.879365972232499,-1.5579166347405606,-3.3702017924052217,0.01332,1.3214493374919383,-1.812285157664661,-0.1958124701807184,-10.673217243847503,-7.989663741795722,-9.31111307928766,0.06990734896884909,0.0184863603252996,0.1867985690437619,0.2052849293690615,S2
2023-03-16,-3.739618207689179,-2.465024745697061,-4.127357080550812,0.012960000000000001,1.2745934619921178,-1.662332334853751,-1.0922363535369022,-10.674556597327836,-8.02717474317556,-9.301768205167678,-0.03751100137983876,0.009344874119982194,-0.14995282281090994,-0.14060794869092774,S2
2023-03-17,-2.755975776568568,-1.4107331531745007,-3.2564225906288904,0.01326,1.3452426233940673,-1.8456894374543897,0.01580912679146007,-10.675896118880054,-7.904111215520026,-9.249353838914093,0.12306352765553452,0.05241436625358453,0.18335710260063864,0.23577146885422318,S2
2023-03-20,-3.389023297276197,-2.084446888860401,-3.826687139981942,0.013139999999999999,1.3045764084157958,-1.7422402511215411,0.0,-11.332083795018894,-7.943060497742698,-9.247636906158494,-0.03894928222267158,0.0017169327555990321,-0.10344918633284861,-0.10173225357724958,S2
2023-03-21,-4.336590907966462,-3.093843292496459,-4.644081118219535,0.012659999999999998,1.242747615470003,-1.5502378257230762,-0.9799641841454674,-11.33350582790022,-7.9768791040792255,-9.219626719549229,-0.03381860633652778,0.02801018660926502,-0.1920024253984649,-0.16399223878919988,S2
2023-03-22,-3.3694719661989065,-2.062015480899407,-3.7901174060367335,0.012960000000000001,1.3074564852994994,-1.7281019251373264,0.08030016131738987,-11.334928039228648,-7.885155911712353,-9.192612397011853,0.09172319236687265,0.02701432253737579,0.1778640994142502,0.20487842195162598,S2
2023-03-23,-3.187678313757366,-1.8583209575780835,-3.689563323123846,0.01356,1.3293573561792824,-1.8312423655457626,0.36022389306886066,-11.336428075528298,-7.788525868702071,-9.117883224881353,0.09663004301028177,0.07472917213049968,0.10314044040843617,0.17786961253893585,S2
2023-03-24,-3.4218748128202217,-2.1032842315363114,-3.893815627542631,0.01344,1.3185905812839103,-1.7905313960063198,0.1480844425946621,-11.337928310339036,-7.767969054924152,-9.086559636208062,0.020556813777918848,0.03132358867329188,-0.040710969539442754,-0.009387380866150874,S2
2023-03-27,-4.008079953215618,-2.7370220419355555,-4.399912276693443,0.013139999999999999,1.2710579112800624,-1.6628902347578873,0.0,-11.846871202562015,-7.838791249346397,-9.10984916062646,-0.07082219442224513,-0.0232895244183986,-0.1276411612484325,-0.1509306856668311,S2
2023-03-28,-4.022669993981607,-2.753266392803372,-4.413299261190354,0.013139999999999999,1.2694036011782348,-1.660032868386982,-0.020435959861720213,-11.848438988151797,-7.84620495403191,-9.115608555210144,-0.007413704685512279,-0.005759394583684241,-0.002857366370905279,-0.00861676095458952,S2
2023-03-29,-4.65297527643529,-3.418651748753894,-4.970936469182492,0.012899999999999998,1.2343235276813962,-1.5522847204285979,-0.6453133383473915,-11.85000698121844,-7.842345043130541,-9.076668570811936,0.003859910901368835,0.03893998439820834,-0.10774814795838417,-0.06880816356017583,S2
2023-03-30,-4.800372260839183,-3.570685260139487,-5.080163006121085,0.012659999999999998,1.2296870006996956,-1.5094777459815978,-0.7971213951708169,-11.851575181789402,-7.848324316121037,-9.078011316820731,-0.005979272990495943,-0.001342746008795359,-0.0428069744470001,-0.04414972045579546,S2
2023-03-31,-5.124934446914345,-3.902926428095688,-5.384919157036066,0.012659999999999998,1.222008018818657,-1.4819927289403778,-1.0986552903041282,-11.853143589892142,-7.826864433281925,-9.048872452100582,0.021459882839112154,0.02913886472014937,-0.027485017041219972,0.0016538476789293988,S2
2023-04-03,-5.14355803468116,-3.914659493822591,-5.4053165627213495,0.012659999999999998,1.2288985408585686,-1.4906570688987584,0.0,-12.913891219421174,-7.770333184740014,-8.999231725598584,0.05653124854191027,0.049640726501998245,0.008664339958380562,0.05830506646037881,S2
2023-04-04,-4.6785325106228,-3.414187677221441,-4.969318683886502,0.0126,1.264344833401359,-1.5551310066650617,0.5273761035480774,-12.915600211796937,-7.70969159762606,-8.974036431027418,0.06064158711395429,0.02519529457116576,0.06447393776630328,0.08966923233746904,S2
2023-04-05,-4.408385149310228,-3.1219841803599566,-4.751091743886875,0.01284,1.2864009689502716,-1.6291075635269188,0.8137167807524615,-12.917309430336516,-7.695207500273827,-8.9816084692241,0.014484097352233327,-0.0075720381966810635,0.07397655686185711,0.06640451866517605,S2
2023-04-06,-4.566196412773642,-3.286725409789426,-4.8755937939645175,0.012659999999999998,1.2794710029842156,-1.5888683841750915,0.6669625677613248,-12.919018875069844,-7.685859894534878,-8.965330897519094,0.009347605738948772,0.016277571705005656,-0.0402391793518273,-0.023961607646821648,S2
2023-04-10,-4.9312390055519195,-3.684483114278179,-5.196902464892391,0.012539999999999997,1.2467558912737404,-1.5124193506142118,0.0,-12.723656908316526,-7.7924179027646066,-9.039173794038348,-0.1065580082297286,-0.07384289651925435,-0.07644903356087962,-0.15029193008013397,S2
2023-04-11,-4.999598420562618,-3.7589705253352133,-5.231221851074489,0.012299999999999998,1.240627895227405,-1.4722513257392755,-0.075300055710595,-12.725340725554775,-7.801042360702752,-9.041670255930157,-0.008624457938145369,-0.0024964618918090764,-0.040168024874936314,-0.04266448676674539,S2
2023-04-12,-4.818492958116147,-3.565531699848737,-5.085089045668701,0.01248,1.2529612582674101,-1.5195573458199636,0.15960410709424064,-12.727024765625226,-7.748927700414837,-9.001888958682247,0.05211466028791456,0.039781297247909464,0.04730602008068807,0.08708731732859754,S2
2023-04-13,-5.4990822178275875,-4.286451599400651,-5.711063201590923,0.012419999999999997,1.2126306184269362,-1.4246116021902715,-0.5026399836547414,-12.728709028557368,-7.732266794384523,-8.944897412811459,0.01666090603031467,0.056991545870788585,-0.0949457436296921,-0.03795419775890352,S2
2023-04-14,-5.65885249826943,-4.462221891034052,-5.844498246001146,0.012299999999999998,1.1966306072353774,-1.382276354967094,-0.6891851801637241,-12.730393514380696,-7.76072619627499,-8.957356803510368,-0.028459401890467362,-0.012459390698909445,-0.0423352472231775,-0.05479463792208694,S2
2023-04-17,-6.05897366535458,-4.892946770457322,-6.196509616364563,0.012119999999999999,1.166026894897258,-1.3035628459072406,0.0,-13.851243563259045,-7.792269897904465,-8.958296792801722,-0.03154370162947462,-0.0009399892913535268,-0.07871350905985341,-0.07965349835120694,S2
2023-04-18,-6.020100395293904,-4.8483751548097,-6.154833132521123,0.012059999999999998,1.1717252404842036,-1.306457977711423,0.038460706071353636,-13.853076602522131,-7.794515501156875,-8.966240741641078,-0.0022456032524100777,-0.007943948839356452,0.002895131804182327,-0.005048817035174125,S2
2023-04-19,-6.0914171708229485,-4.924943146687329,-6.221406341287964,0.012059999999999998,1.1664740241356197,-1.2964631946006353,-0.036468621413077704,-13.854909884365094,-7.799961334955224,-8.966435359090845,-0.005445833798349398,-0.00019461744976645434,-0.009994783110787608,-0.010189400560554063,S2
2023-04-20,-5.660644163043928,-4.4633798379780085,-5.847588370068683,0.012299999999999998,1.1972643250659196,-1.3842085320906747,0.4188136728982112,-13.856743408820035,-7.777285572877895,-8.974549897943815,0.022675762077328798,-0.008114538852970199,0.08774533749003943,0.07963079863706923,S2
2023-04-21,-5.811922505595115,-4.625819761540501,-5.981478225644248,0.01224,1.1861027440546144,-1.3556584641037475,0.2707908072788612,-13.858577175919061,-7.775863863045085,-8.9619666070997,0.0014217098328099809,0.012583290844114359,-0.028550067986927274,-0.015966777142812916,S2
2023-04-24,-5.6966062386633265,-4.496378509686458,-5.876570193171166,0.01224,1.2002277289768681,-1.3801916834847079,0.0,-13.443315341762746,-7.74670910309942,-8.946936832076288,0.02915475994566563,0.01502977502341274,0.024533219380960425,0.039562994404373164,S2
2023-04-25,-4.667658889649298,-3.39808893111422,-4.956919241906494,0.012539999999999997,1.2695699585350777,-1.558830310792274,1.0674456918996351,-13.445094396815454,-7.709989815266521,-8.979559773801599,0.03671928783289857,-0.032622941725310994,0.1786386273075662,0.1460156855822552,S2
2023-04-26,-4.618577801327383,-3.3498641979571637,-4.925305569989662,0.012659999999999998,1.2687136033702195,-1.5754413720324987,1.096110617202584,-13.446873687303903,-7.732185268773936,-9.000898872144155,-0.022195453507414697,-0.02133909834255654,0.0166110612402246,-0.004728037102331939,S2
2023-04-27,-5.73050378167092,-4.532187626115336,-5.929047645773419,0.012419999999999997,1.1983161555555837,-1.3968600196580834,-0.027686971744513927,-13.448653213259247,-7.745836403332841,-8.944152558888424,-0.013651134558904765,0.056746313255731096,-0.1785813523744153,-0.12183503911868421,S2
2023-04-28,-5.79499282827472,-4.5859600730043315,-6.000384397812311,0.01248,1.2090327552703881,-1.414424324807979,-0.016808859044809776,-13.450432974712648,-7.672249005482738,-8.881281760753126,0.07358739785010293,0.0628707981352985,0.01756430514989571,0.08043510328519421,S2
2023-05-01,-6.289569903711902,-5.1267531543371385,-6.443109411077108,0.01236,1.1628167493747634,-1.3163562567399696,0.0,-14.020573431925808,-7.731003528213906,-8.89382027758867,-0.0587545227311681,-0.0125385168355443,-0.0980680680680095,-0.1106065849035538,S2
2023-05-02,-5.324685083266855,-4.091345322098724,-5.619197527181594,0.012960000000000001,1.2333397611681312,-1.52785220508287,1.0097579070892406,-14.022428879884277,-7.68798588952818,-8.92132565069631,0.0430176386857255,-0.027505373107640452,0.21149594834290042,0.18399057523525997,S2
2023-05-03,-4.859299911962826,-3.593096140993427,-5.214102049886545,0.0132,1.2662037709693994,-1.6210059088931184,1.502282808777431,-14.024284573388133,-7.662701852647877,-8.928905623617275,0.02528403688030334,-0.007579972920964906,0.09315370381024835,0.08557373088928344,S2
2023-05-04,-4.547076948938881,-3.2653729053294063,-4.947806816312879,0.01344,1.2817040436094747,-1.6824339109834732,1.8219956412300058,-14.026236582254445,-7.657163992085558,-8.938868035695034,0.005537860562318642,-0.009962412077758387,0.061428002090354816,0.05146559001259643,S2
2023-05-05,-5.550529008259494,-4.327866155187737,-5.851630089019172,0.0132,1.222662853071757,-1.523763933831435,0.8531476801379565,-14.028188862816512,-7.624512174419062,-8.847175027490819,0.03265181766649672,0.09169300820421533,-0.15866997715203812,-0.06697696894782279,S2
2023-05-08,-5.8438860528162415,-4.645910087922945,-6.120409027093986,0.0132,1.1979759648932964,-1.474498939171041,0.0,-13.50601699119979,-7.662130938383548,-8.860106903276844,-0.03761876396448649,-0.01293187578602506,-0.049264994660394024,-0.062196870446419084,S2
2023-05-09,-5.677532282495578,-4.472135032023571,-5.971229992560593,0.01326,1.2053972504720072,-1.4990949605370218,0.13606257507481645,-13.507896863558155,-7.69430200598776,-8.899699256459767,-0.032171067604211956,-0.039592353182923645,0.024596021365980825,-0.01499633181694282,S2
2023-05-10,-5.573387339116913,-4.3479698884748075,-5.9065039116701525,0.01356,1.2254174506421052,-1.558534023195345,0.342217590135632,-13.509776997571759,-7.594172068319214,-8.819589518961319,0.10012993766854628,0.0801097374984483,0.059439062658323216,0.1395488001567715,S2
2023-05-11,-5.362134526959708,-4.118856654675575,-5.709131229806787,0.013499999999999998,1.243277872284133,-1.590274575131212,0.554256781623004,-13.51165739327702,-7.595266084694308,-8.838543956978441,-0.00109401637509432,-0.018954438017122044,0.03174055193586689,0.012786113918744846,S2
2023-05-12,-5.51644848387675,-4.290264022454531,-5.827440912855006,0.01326,1.2261844614222186,-1.5371768904004748,0.34907003404901166,-13.51353805071036,-7.648019532784599,-8.874203994206818,-0.052753448090291144,-0.03566003722837685,-0.05309768473073717,-0.08875772195911402,S2
2023-05-15,-5.7874840497327975,-4.580285917841179,-6.107494190366751,0.013619999999999998,1.2071981318916185,-1.5272082725255718,0.0,-13.433917047861284,-7.646432998128486,-8.853631130020105,0.0015865346561128035,0.02057286418671289,-0.009968617874902996,0.010604246311809895,S2
2023-05-16,-5.631123762851863,-4.420742049743106,-5.966612926103733,0.01368,1.2103817131087569,-1.5458708763606266,0.08356353641555431,-13.43578688478947,-7.721099585522054,-8.93148129863081,-0.07466658739356724,-0.0778501686107056,0.018662603835054803,-0.05918756477565079,S2
2023-05-17,-6.202776645291761,-5.025390664695786,-6.482993184591567,0.01356,1.1773859805959752,-1.4576025198957812,-0.4863802572172146,-13.437656981976085,-7.721260593901539,-8.898646574497514,-0.0001610083794849615,0.03283472413329669,-0.08826835646484543,-0.05543363233154874,S2
2023-05-18,-6.836620261106302,-5.702679377932057,-7.03742091625288,0.0132,1.1339408831742448,-1.3347415383208228,-1.1533047912422232,-13.439527339457353,-7.756211869593275,-8.89015275276752,-0.034951275691736505,0.008493821729993911,-0.1228609815749584,-0.11436715984496448,S2
2023-05-19,-6.904159521858206,-5.780519927867246,-7.088888111782677,0.013080000000000001,1.1236395939909603,-1.308368183915431,-1.27814160007255,-13.441397957269503,-7.815380035483846,-8.939019629474807,-0.05916816589057117,-0.04886687670728662,-0.02637335440539168,-0.0752402311126783,S2
2023-05-22,-6.987005402178332,-5.869668880082569,-7.170077886727299,0.013139999999999999,1.117336522095763,-1.3004090066447294,0.0,-14.813030628361426,-7.826025226183094,-8.943361748278857,-0.010645190699247742,-0.004342118804050443,-0.007959177270701723,-0.012301296074752166,S2
2023-05-23,-6.441331159538192,-5.291889317531841,-6.6660558650441954,0.013139999999999999,1.1494418420063512,-1.3741665475123543,0.4993211252374094,-14.815092421030577,-7.874440136254975,-9.023881978261326,-0.048414910071881145,-0.08052022998246855,0.07375754086762498,-0.0067626891148435675,S2
2023-05-24,-6.228228660525463,-5.072049470684541,-6.462581401861058,0.013080000000000001,1.1561791898409224,-1.3905319311765174,0.657543344239837,-14.817154500676047,-7.931382495910746,-9.08756168575167,-0.05694235965577121,-0.06367970749034413,0.01636538366416307,-0.04731432382618106,S2
2023-05-25,-6.8955637857417935,-5.786702770377541,-7.031732799540185,0.0126,1.1088610153642522,-1.2450300291626437,-0.04565118912905042,-14.81921686733778,-7.969304270725035,-9.078165286089288,-0.037921774814289044,0.009396399662382038,-0.1455019020138737,-0.13610550235149166,S2
2023-05-26,-7.292857096040569,-6.1999797021982115,-7.403492746542663,0.0126,1.0928773938423575,-1.2035130443444517,-0.4304684494197733,-14.821279521055725,-7.95889087443493,-9.051768268277288,0.010413396290105403,0.0263970178120001,-0.04151698481819199,-0.015119967006191892,S2
2023-05-30,-6.969183887710286,-5.841642531792927,-7.132567527427391,0.01284,1.1275413559173586,-1.2909249956344642,0.0,-14.86313134147137,-7.893947453761084,-9.021488809678441,0.0649434206738464,0.030279458598846176,0.08741195129001245,0.11769140988885862,S2
2023-05-31,-6.574051164192907,-5.418415026092153,-6.780635561836943,0.012960000000000001,1.1556361381007543,-1.3622205357447905,0.41784877662249353,-14.865200107546949,-7.873300166731548,-9.028936304832303,0.020647287029535555,-0.007447495153861894,0.07129554011032635,0.06384804495646446,S2
2023-06-01,-6.944777529576949,-5.802682452274089,-7.121050087957388,0.012899999999999998,1.1420950773028595,-1.3183676356832992,0.15989368098460882,-14.86726916156946,-7.762597951007902,-8.904693028310762,0.11070221572364591,0.12424327652154155,-0.04385290006149134,0.0803903764600502,S2
2023-06-02,-7.751162701316307,-6.661646122490432,-7.844509960382422,0.012659999999999998,1.089516578825875,-1.1828638378919898,-0.7011052255824516,-14.869338503578984,-7.819281027845129,-8.908797606671005,-0.05668307683722684,-0.0041045783602431385,-0.1355037977913094,-0.13960837615155253,S2
2023-06-05,-7.69568537812593,-6.6018914265978355,-7.7884207672041175,0.0126,1.0937939515280943,-1.186529340606282,0.0,-15.498995192515743,-7.803309814389813,-8.897103765917908,0.015971213455316047,0.011693840753096651,0.0036655027142922236,0.015359343467388875,S2
2023-06-06,-7.841584517349394,-6.755426920881539,-7.913598125997353,0.01248,1.0861575964678547,-1.1581712051158144,-0.13043571185138006,-15.501152463061445,-7.790003657563431,-8.876161254031285,0.013306156826382143,0.02094251188662355,-0.028358135490467618,-0.007415623603844068,S2
2023-06-07,-7.989529161358503,-6.922540542623502,-8.037667161207153,0.01236,1.0669886187350004,-1.115126618583651,-0.3048617715160406,-15.503310033872818,-7.818642644030357,-8.885631262765358,-0.028638986466925864,-0.009470008734073332,-0.043044586532163365,-0.0525145952662367,S2
2023-06-08,-8.057795020668951,-6.9863685197110446,-8.109470863127578,0.012419999999999997,1.071426500957907,-1.1231023434165337,-0.3242511597760779,-15.505467904991656,-7.771924044098782,-8.843350545056689,0.0467185999315749,0.04228071770866926,0.007975724832882669,0.05025644254155193,S2
2023-06-09,-8.136672800837378,-7.0714314920569725,-8.172030231046858,0.012299999999999998,1.0652413087804051,-1.100598738989885,-0.44621929947685646,-15.50762607645976,-7.817172575099239,-8.882413883879643,-0.04524853100045689,-0.03906333882295421,-0.02250360442664867,-0.06156694324960288,S2
2023-06-12,-8.397815088866897,-7.345094240307278,-8.443373135902283,0.0126,1.0527208485596198,-1.098278895595005,0.0,-16.253105888271467,-7.855290799404569,-8.908011647964189,-0.03811822430533063,-0.02559776408454617,-0.0023198433948801167,-0.027917607479426287,S2
2023-06-13,-9.015840453792293,-8.010932524749842,-8.967100222129227,0.012,1.0049079290424512,-0.9561676973793851,-0.6640665774297569,-16.255368121801666,-7.90359424543913,-8.908502174481582,-0.04830344603456105,-0.0004905265173924533,-0.1421111982156198,-0.14260172473301225,S2
2023-06-14,-9.011034016534625,-8.002226078544812,-8.935027763854386,0.01164,1.008807937989813,-0.932801685309574,-0.662327691154234,-16.257630670207103,-7.908924344826714,-8.917732282816527,-0.005330099387583331,-0.009230108334945086,-0.02336601206981115,-0.032596120404756235,S2
2023-06-15,-9.135641390325247,-8.120998816001602,-9.09381515755714,0.012119999999999999,1.014642574323645,-0.9728163415555375,-0.7370887962840549,-16.259889078766857,-7.8613364847256655,-8.87597905904931,0.04758786010104821,0.04175322376721624,0.040014656245963565,0.0817678800131798,S2
2023-06-16,-9.174887426714994,-8.166512789734204,-9.101204735010883,0.01176,1.0083746369807898,-0.9346919452766791,-0.7762914339479503,-16.262152256434202,-7.863556263667158,-8.871930900647948,-0.0022197789414928337,0.004048158401362301,-0.03812439627885844,-0.03407623787749614,S2
2023-06-20,-8.899703957986075,-7.869942647106818,-8.840145895900179,0.011699999999999999,1.0297613108792572,-0.9702032487933607,0.0,-16.763397429879614,-7.863693471893539,-8.893454782772796,-0.00013720822638063623,-0.021523882124848015,0.035511303516681636,0.013987421391833621,S2
2023-06-21,-8.658665125515125,-7.610813168770385,-8.620038829104617,0.01176,1.04785195674474,-1.0092256603342324,0.26895566377716495,-16.76572609640023,-7.838105307107938,-8.885957263852678,0.02558816478560111,0.007497518920118296,0.039022411540871715,0.04651993046099001,S2
2023-06-22,-9.065866571020553,-8.050429921439706,-8.991071540890989,0.01164,1.0154366495808471,-0.9406416194512826,-0.15967476492407257,-16.76805508640466,-7.861863280308182,-8.877299929889029,-0.023757973200243754,0.008657333963649094,-0.06858404088294989,-0.0599267069193008,S2
2023-06-23,-8.548141117940924,-7.495434918307263,-8.516390188535572,0.01176,1.0527061996336613,-1.0209552702283098,0.3465029080616674,-16.770384399937846,-7.8757403739352565,-8.928446573568918,-0.013877093627074899,-0.05114664367988908,0.08031365077702723,0.029167007097138153,S2
2023-06-26,-8.299904485232545,-7.230174631669039,-8.295292335026987,0.01188,1.0697298535635067,-1.0651177033579486,0.0,-16.196550113087707,-7.896645627855161,-8.966375481418668,-0.02090525391990461,-0.037928907849750004,0.044162433129638856,0.006233525279888852,S2
2023-06-27,-8.910044836510624,-7.879974512676467,-8.847030555388352,0.01164,1.0300703238341562,-0.967056042711885,-0.622807121096547,-16.19880003671778,-7.911562321303704,-8.94163264513786,-0.014916693448542517,0.024742836280807978,-0.09806166064606359,-0.07331882436525561,S2
2023-06-28,-8.727708600345762,-7.678615817668921,-8.687962688734402,0.01176,1.0490927826768415,-1.009346871065481,-0.3963396889950808,-16.2010502728932,-7.86968136154252,-8.918774144219363,0.041880959761183334,0.02285850091849717,0.04229082835359588,0.06514932927209305,S2
2023-06-29,-9.308574600736659,-8.309545356701811,-9.21134916774281,0.011519999999999999,0.9990292440348476,-0.9018038110409989,-1.075088969159397,-16.203300821657383,-7.969815190080119,-8.968844434114967,-0.100133828537599,-0.05007028989560425,-0.107543060024482,-0.15761334992008624,S2
2023-06-30,-9.627675467473438,-8.641102853410342,-9.495243321853497,0.011279999999999998,0.9865726140630962,-0.8541404684431555,-1.410939133075101,-16.20555612293153,-7.988819788533192,-8.975392402596288,-0.019004598453072674,-0.00654796848132122,-0.04766334259784344,-0.05421131107916466,S2
2023-07-03,-9.826399148123016,-8.85563640402428,-9.669785866936138,0.0111,0.970762744098737,-0.8141494629118586,0.0,-17.85286551945647,-8.026466371333452,-8.997229115432189,-0.03764658280026012,-0.02183671283590094,-0.039991005531296864,-0.061827718367197804,S2
2023-07-05,-10.030388738979257,-9.082789269847192,-9.85305814221159,0.01098,0.947599469132065,-0.7702688723643991,-0.23889303800709472,-17.857835666329137,-8.066339965356976,-9.013939434489041,-0.03987359402352375,-0.01671031905685183,-0.04388059054745952,-0.06059090960431135,S2
2023-07-06,-9.982266322139619,-9.044754640298816,-9.7933009929941,0.0108,0.9375116818408031,-0.7485463526952838,-0.2882306189044223,-17.860321258615244,-8.166285555380046,-9.10379723722085,-0.09994559002307035,-0.08985780273180843,-0.021722519669115314,-0.11158032240092375,S2
2023-07-07,-9.948569483753735,-9.009238035443877,-9.765819720896705,0.010860000000000002,0.9393314483098578,-0.7565816854528276,-0.21380722786123557,-17.862807196865393,-8.128044940972893,-9.067376389282751,0.03824061440715276,0.03642084793809808,0.008035332757543756,0.044456180695641834,S2
2023-07-10,-9.927207797378124,-8.980148551730728,-9.76845124193878,0.011160000000000002,0.9470592456473952,-0.7883026902080523,0.0,-18.005007234873936,-8.077799437495813,-9.024858683143208,0.05024550347708079,0.04251770613954342,0.03172100475522477,0.07423871089476819,S2
2023-07-11,-10.119593702777356,-9.180284618115618,-9.942964238174953,0.011040000000000001,0.9393090846617387,-0.7626796200593358,-0.18941334925236605,-18.00751331164217,-8.07733295811718,-9.01664204277892,0.0004664793786322008,0.008216640364288708,-0.025623070148716565,-0.017406429784427857,S2
2023-07-12,-10.089943796059382,-9.131291532428637,-9.935134634737711,0.011279999999999998,0.9586522636307446,-0.8038431023090737,-0.0004359512166802748,-18.010019737225637,-7.920511892382935,-8.87916415601368,0.15682106573424548,0.13747788676523953,0.04116348224973798,0.1786413690149775,S2
2023-07-13,-10.135874637002107,-9.167312705224182,-9.994107250482042,0.01146,0.9685619317779253,-0.8267945452578598,0.04346028470729557,-18.012526511672885,-7.83319158996348,-8.801753521741405,0.08732030241945488,0.07741063427227424,0.02295144294878604,0.10036207722106028,S2
2023-07-14,-10.294343649467619,-9.342292894749942,-10.125620213822085,0.01122,0.9520507547176766,-0.7833273190721428,-0.17820256435490278,-18.015033635032474,-7.898892549919756,-8.850943304637433,-0.0657009599562759,-0.04918978289602727,-0.04346722618571697,-0.09265700908174423,S2
2023-07-17,-10.388866148718076,-9.438309863162484,-10.229061798825313,0.011399999999999999,0.9505562855555922,-0.7907519356628292,0.0,-18.280507079403048,-7.8916409306849715,-8.842197216240564,0.007251619234784457,0.008746088396868856,0.007424616590686384,0.01617070498755524,S2
2023-07-18,-10.643910290935473,-9.706116722069268,-10.46645014932543,0.01134,0.9377935688662049,-0.7603334272561622,-0.23812291033216848,-18.283051502379703,-7.877264121776399,-8.815057690642604,0.014376808908572514,0.027139525597959846,-0.030418508406667044,-0.003278982808707198,S2
2023-07-19,-10.543519735396274,-9.592952303246104,-10.364993592501952,0.01122,0.9505674321501694,-0.7720412892558475,-0.15796495583969333,-18.285596279508912,-7.90004149995233,-8.8506089321025,-0.022777378175931062,-0.03555124145989552,0.01170786199968532,-0.0238433794602102,S2
2023-07-20,-10.574016352320319,-9.637755286067886,-10.38379086397104,0.0111,0.9362610662524329,-0.7460355779031538,-0.2458976097481806,-18.28814141083997,-7.960022668267831,-8.896283734520264,-0.05998116831550071,-0.045674802417764226,-0.026005711352693694,-0.07168051377045792,S2
2023-07-21,-10.567815997435991,-9.628627248643845,-10.378688559627859,0.0111,0.9391887487921462,-0.7500613109840142,-0.22559136288241594,-18.290686896422176,-7.948462261868601,-8.887651010660747,0.011560406399230061,0.008632723859516744,0.004025733080860405,0.01265845694037715,S2
2023-07-24,-10.765198788183481,-9.838529993647795,-10.562343051015501,0.011040000000000001,0.9266687945356864,-0.7238130573677068,0.0,-18.754520946277488,-7.989322158094007,-8.915990952629693,-0.04085989622540609,-0.02833994196894629,-0.026248253616307338,-0.05458819558525363,S2
2023-07-25,-11.038284749793974,-10.133468996479316,-10.809231236576615,0.010860000000000002,0.9048157533146579,-0.6757622400972991,-0.27956398118353737,-18.75713134618623,-7.998410577575793,-8.903226330890451,-0.009088419481786403,0.012764621739242088,-0.04805081727040772,-0.03528619553116563,S2
2023-07-26,-10.924677297743695,-10.005535733858437,-10.710563348670181,0.01098,0.9191415638852583,-0.705027614811744,-0.10350233929482891,-18.75974210943071,-7.938567150981843,-8.857708714867101,0.059843426593950255,0.045517616023349916,0.029265374714444903,0.07478299073779482,S2
2023-07-27,-11.089705024366687,-10.20024017564333,-10.846004050684666,0.01068,0.8894648487233567,-0.6457638750413359,-0.37264111186742704,-18.76248174577034,-8.045417833271081,-8.934882681994438,-0.10685068228923811,-0.0771739671273366,-0.05926373977040811,-0.1364377068977447,S2
2023-07-28,-11.36488046807497,-10.483597384108279,-11.116101463419465,0.0108,0.8812830839666912,-0.632504079311186,-0.5771445465342651,-18.765221782201145,-7.977485860660439,-8.85876894462713,0.06793197261064243,0.07611373736730798,-0.013259795730149904,0.06285394163715807,S2
2023-07-31,-11.456536471697058,-10.58078307429211,-11.193678864404632,0.010620000000000001,0.8757533974049476,-0.6128957901125212,0.0,-19.445706094447324,-7.989169622750266,-8.864923020155214,-0.011683762089827354,-0.00615407552808378,-0.019608289198664863,-0.025762364726748643,S2
2023-08-01,-11.599149513523393,-10.741785057491336,-11.328538542824571,0.010620000000000001,0.857364456032057,-0.5867534853332348,-0.1723922688861141,-19.448545907636404,-8.021788662999125,-8.879153119031182,-0.032619040248858866,-0.014230098875968267,-0.026142304779286363,-0.04037240365525463,S2
2023-08-02,-11.106284766445107,-10.225851870413987,-10.876884915590576,0.010920000000000001,0.8804328960311203,-0.6510330451765896,0.24893457751875703,-19.451386135546294,-8.09616679158243,-8.97659968761355,-0.07437812858330517,-0.09744656858236844,0.06427955984335476,-0.03316700873901368,S2
2023-08-03,-11.430674163245003,-10.583684799945024,-11.189504848430662,0.011040000000000001,0.8469893632999792,-0.6058200484856382,-0.061384643900993296,-19.454226778237555,-8.084937258893545,-8.931926622193524,0.011229532688885158,0.04467306542002625,-0.04521299669095136,-0.0005399312709251092,S2
2023-08-04,-10.739130418081807,-9.834381290750317,-10.560121612472999,0.011399999999999999,0.90474912733149,-0.7257403217226823,0.6408730210654574,-19.457067835770765,-8.077064396623502,-8.981813523954992,0.007872862270042802,-0.04988690176146804,0.11992027323704413,0.07003337147557609,S2
2023-08-07,-11.276439081432772,-10.405370299731587,-11.067924959848288,0.011399999999999999,0.8710687817011848,-0.6625546601167009,0.0,-19.295129422533734,-8.018690341100962,-8.889759122802147,0.05837405552254005,0.09205440115284524,-0.06318566160598138,0.028868739546863864,S2
2023-08-08,-10.896074811358435,-9.993679106544539,-10.722241782958243,0.01158,0.9023957048138964,-0.7285626764137039,0.3921937054812723,-19.297947245797797,-8.00967872895809,-8.912074433771986,0.009011612142872494,-0.022315310969839075,0.06600801629700292,0.04369270532716385,S2
2023-08-09,-10.539945641351672,-9.612816306226073,-10.3838273113048,0.011519999999999999,0.9271293351255991,-0.7710110050787282,0.7206584506456546,-19.300765480571304,-8.040161388573978,-8.967290723699577,-0.030482659615888252,-0.05521628992759098,0.04244832866502435,-0.01276796126256663,S2
2023-08-10,-10.830246625884111,-9.930267378027432,-10.644495887364625,0.01134,0.8999792478566793,-0.7142285093371932,0.40186901379527235,-19.30358412691435,-8.071468487234966,-8.971447735091646,-0.031307098660988686,-0.00415701139206881,-0.056782495741535044,-0.060939507133603854,S2
2023-08-11,-11.023288103522837,-10.14072382376853,-10.818913252029647,0.01122,0.8825642797543072,-0.6781894282611169,0.19807137337284678,-19.306403184887042,-8.085043707991357,-8.967607987745664,-0.013575220756390394,0.003839747345981692,-0.03603908107607623,-0.03219933373009454,S2
2023-08-14,-11.326246506617991,-10.463080326643462,-11.095865035091817,0.011040000000000001,0.8631661799745292,-0.6327847084483551,0.0,-19.435822668202956,-8.109576161584965,-8.972742341559494,-0.024532453593607784,-0.005134353813829762,-0.04540471981276184,-0.0505390736265916,S2
2023-08-15,-10.910607616521308,-10.02656250041479,-10.709032633023398,0.011160000000000002,0.8840451161065168,-0.6824701326086071,0.3581948621056451,-19.438661038035644,-8.169858559408691,-9.053903675515208,-0.0602823978237268,-0.08116133395571445,0.04968542416025201,-0.03147590979546244,S2
2023-08-16,-10.85055554691339,-9.970833989255347,-10.643999807422693,0.011040000000000001,0.8797215576580424,-0.6731658181673463,0.3926171296683137,-19.44149982237835,-8.198327145796648,-9.07804870345469,-0.028468586387957018,-0.02414502793948259,-0.009304314441260786,-0.033449342380743374,S2
2023-08-17,-10.61088418088016,-9.720108312574759,-10.428127118731684,0.01122,0.8907758683054006,-0.7080188061569253,0.603702276272387,-19.44433902129162,-8.229752564139073,-9.120528432444473,-0.031425418342424294,-0.04247972898978247,0.03485298798957892,-0.007626741000203552,S2
2023-08-18,-10.503888098852944,-9.601162748188933,-10.33595496751142,0.01134,0.90272535066401,-0.7347922193224861,0.7450011993974021,-19.44717863483599,-8.198289336585642,-9.101014687249652,0.031463227553430784,0.019513745194821297,0.02677341316556081,0.04628715836038211,S2
2023-08-21,-11.019027255224293,-10.153716069498026,-10.818810749555121,0.011279999999999998,0.8653111857262665,-0.6650946800570949,0.0,-19.23739934427984,-8.218372089055547,-9.083683274781814,-0.02008275246990543,0.017331412467838092,-0.06969753926539113,-0.052366126797553036,S2
2023-08-22,-10.899684890908842,-10.025999658507466,-10.684867893457852,0.010920000000000001,0.8736852324013764,-0.6588682349503863,0.09797968387973055,-19.24020873675529,-8.242544161966714,-9.11622939436809,-0.024172072911166964,-0.032546119586276845,-0.006226445106708667,-0.03877256469298551,S2
2023-08-23,-10.863474846282651,-9.968849070514668,-10.657034137350308,0.01098,0.8946257757679827,-0.68818506683564,0.22388580761207988,-19.243018539508963,-8.15565788561423,-9.050283661382213,0.0868862763524838,0.06594573298587747,0.02931683188525369,0.09526256487113116,S2
2023-08-24,-10.45127786481671,-9.537652004963624,-10.253738228399227,0.0108,0.9136258598530862,-0.7160862234356031,0.5726900843597204,-19.24582875260078,-8.221860803424349,-9.135486663277435,-0.06620291781011822,-0.08520300189522167,0.027901156599963173,-0.0573018452952585,S2
2023-08-25,-10.797382399207947,-9.903885885455203,-10.567959858998853,0.01056,0.8934965137527442,-0.6640739735436494,0.2527310151370717,-19.248639376090658,-8.198525961745638,-9.092022475498382,0.023334841678710916,0.04346418777905292,-0.052012249891953743,-0.008548062112900823,S2
2023-08-28,-10.90879296121094,-10.01379480157235,-10.698385551830754,0.010920000000000001,0.8949981596385896,-0.684590750258403,0.0,-19.061954068955927,-8.153161107744987,-9.048159267383577,0.04536485400065082,0.043863208114805374,0.020516776714753604,0.06437998482955898,S2
2023-08-29,-11.262181720376057,-10.378137156527966,-11.042719618191658,0.011040000000000001,0.8840445638480912,-0.6645824616636915,-0.2527380650299536,-19.064737839743767,-8.055294184397662,-8.939338748245753,0.0978669233473255,0.10882051913782398,-0.020008288594711487,0.08881223054311249,S2
2023-08-30,-11.420407499365458,-10.544270483876096,-11.186290430922579,0.010920000000000001,0.8761370154893626,-0.6420199470464834,-0.3996342806754,-19.067522017068093,-8.046748798378035,-8.922885813867397,0.008545386019626733,0.016452934378355266,-0.02256251461720815,-0.006109580238852885,S2
2023-08-31,-11.291437057273761,-10.403244572366308,-11.06846874167579,0.01098,0.888192484907453,-0.6652241693094822,-0.23471720439760102,-19.070306600988275,-8.013586748112115,-8.901779233019568,0.03316205026592023,0.021106580847829903,0.023204222262998897,0.0443108031108288,S2
2023-09-01,-11.672558885862491,-10.816970192152294,-11.425695198543812,0.010920000000000001,0.8555886937101977,-0.6087250063915182,-0.6157057780743957,-19.07309159156369,-8.016238483775593,-8.871827177485791,-0.0026517356634787603,0.029952055533776445,-0.056499162917964085,-0.02654710738418764,S2
2023-09-05,-11.77051308739883,-10.930060749127316,-11.525159086353245,0.011040000000000001,0.8404523382715148,-0.5950983372259291,0.0,-19.864653875383897,-8.094140787985067,-8.934593126256582,-0.07790230420947353,-0.06276594877079056,-0.013626669165589078,-0.07639261793637964,S2
2023-09-06,-11.565830806657557,-10.715976209399091,-11.314300566178733,0.010740000000000001,0.8498545972584655,-0.5983243567796421,0.1513836169387428,-19.867554870894054,-8.150340447297753,-9.000195044556218,-0.05619965931268567,-0.06560191829963635,0.0032260195537130443,-0.06237589874592331,S2
2023-09-07,-11.382603163681914,-10.518255580673427,-11.147728809929111,0.010860000000000002,0.8643475830084864,-0.6294732292556837,0.3722930676015299,-19.870456290059966,-8.115560058776524,-8.97990764178501,0.034780388521229,0.020287402771208107,0.03114887247604159,0.051436275247249696,S2
2023-09-08,-11.413886486862861,-10.548747688901313,-11.171231776927366,0.010740000000000001,0.8651387979615475,-0.6224840880260523,0.35105104909546314,-19.873358132943505,-8.10842059698518,-8.973559394946728,0.007139461791343393,0.006348246838282279,-0.006989141229631457,-0.0006408943913491782,S2
2023-09-11,-11.778994310648846,-10.937635770835557,-11.5225641035417,0.0108,0.8413585398132888,-0.5849283327061432,0.0,-19.880566392944925,-8.101572082296078,-8.942930622109367,0.006848514689101748,0.03062877283736043,-0.03755575531990907,-0.006926982482548638,S2
2023-09-12,-11.476205070601331,-10.614020409100652,-11.231877203368684,0.010740000000000001,0.8621846615006792,-0.6178567942680324,0.2735085051451482,-19.883469712288267,-8.133756136541788,-8.995940798042467,-0.03218405424570925,-0.053010175933099646,0.03292846156188922,-0.020081714371210424,S2
2023-09-13,-11.494498574706032,-10.629758253730964,-11.257061374140964,0.010860000000000002,0.8647403209750681,-0.6273031204099997,0.294624226510314,-19.88637345562674,-8.097250654410391,-8.96199097538546,0.03650548213139615,0.03394982265700719,0.009446326141967276,0.043396148798974465,S2
2023-09-14,-11.956867132660767,-11.122981972029686,-11.693248799183174,0.0108,0.8338851606310804,-0.5702668271534872,-0.1505692575630604,-19.889277623022256,-8.082979747924549,-8.91686490855563,0.014270906485842616,0.045126066829830336,-0.057036293256512494,-0.011910226426682158,S2
2023-09-15,-11.601012453069611,-10.751072346574402,-11.347833697660562,0.01068,0.8499401064952092,-0.59676135108616,0.15978342334954948,-19.892182214536742,-8.131386338117583,-8.981326444612792,-0.04840659019303395,-0.06446153605716276,0.02649452393267282,-0.03796701212448994,S2
2023-09-18,-11.582818859887468,-10.728815307396191,-11.328413127913663,0.010620000000000001,0.8540035524912764,-0.5995978205174719,0.0,-19.738936837953506,-8.156117978066039,-9.010121530557315,-0.024731639948456063,-0.02879508594452318,0.0028364694313118832,-0.025958616513211297,S2
2023-09-19,-11.64779709757199,-10.802690272901868,-11.38353751675495,0.0105,0.8451068246701219,-0.5808472438530821,-0.09310065545921634,-19.741819473991438,-8.187123031878665,-9.032229856548787,-0.03100505381262586,-0.02210832599147139,-0.01875057666438984,-0.04085890265586123,S2
2023-09-20,-11.188182013935007,-10.313532579403887,-10.93831661866111,0.01038,0.8746494345311202,-0.6247840392572233,0.31430271348343,-19.74470253100394,-8.242217803585506,-9.116867238116626,-0.05509477170684107,-0.0846373815678394,0.04393679540414119,-0.040700586163698205,S2
2023-09-21,-10.985033514822103,-10.116002132557702,-10.718013434591688,0.009959999999999998,0.8690313822644011,-0.6020113020339863,0.4352061431459193,-19.747586009052494,-8.327346351084472,-9.196377733348873,-0.08512854749896626,-0.07951049523224718,-0.022772737223236916,-0.1022832324554841,S2
2023-09-22,-10.752225649073678,-9.863120995116777,-10.521796366638284,0.01038,0.8891046539569007,-0.6586753715215075,0.6831689784456549,-19.75046990819859,-8.315075280679258,-9.204179934636159,0.012271070405214246,-0.007802201287285371,0.05666406948752112,0.04886186820023575,S2
2023-09-25,-7.34768636260266,-6.479299367372958,-7.131881621957274,0.0105,0.8683869952297023,-0.6525822545843161,0.0,-16.391188951003418,-9.043502588400758,-9.91188958363046,-0.7284273077214998,-0.7077096489943013,-0.00609311693719139,-0.7138027659314927,S2
2023-09-26,-6.820857405074511,-5.920974863213191,-6.638465813558342,0.010620000000000001,0.8998825418613201,-0.7174909503451508,0.4777975168644421,-16.393582688435306,-9.094927766496353,-9.994810308357673,-0.051425178095595214,-0.08292072472721301,0.06490869576083469,-0.018012028966378324,S2
2023-09-27,-6.996837639037883,-6.111069573879363,-6.806125220395942,0.010620000000000001,0.88576806515852,-0.6950556465165789,0.2916240799306555,-16.395976775443962,-9.107515056475423,-9.993283121633944,-0.012587289979069993,0.0015271867237292014,-0.02243530382857184,-0.02090811710484264,S2
2023-09-28,-7.203004164431707,-6.328086598992982,-7.013843090819503,0.0108,0.8749175654387251,-0.6857564918265204,0.15924276778771002,-16.39837121208044,-9.036124279861024,-9.91104184529975,0.07139077661439863,0.08224127633419442,-0.009299154690058486,0.07294212164413594,S2
2023-09-29,-7.130273559937959,-6.250671807636646,-6.937322311205698,0.01068,0.8796017523013129,-0.6866505035690516,0.2514496520581505,-16.4007659983958,-9.019042786399694,-9.898644538701006,0.0170814934613297,0.01239730659874283,0.00089401174253112,0.01329131834127395,S2
2023-10-02,-7.441740214632028,-6.588663206317524,-7.23382256851195,0.01068,0.8530770083145036,-0.645159362194426,0.0,-16.51175988664995,-9.070019672017924,-9.923096680332428,-0.05097688561822977,-0.024452141631421398,-0.041491141374625506,-0.0659432830060469,S2
2023-10-03,-7.327596844695695,-6.478156618733655,-7.140033394121266,0.010920000000000001,0.8494402259620406,-0.6618767753876114,0.05427428525109046,-16.514171232027348,-9.132300102080563,-9.981740328042603,-0.06228043006263917,-0.05864364771017527,0.016717413193185315,-0.04192623451698996,S2
2023-10-04,-7.392130214345333,-6.539385358680111,-7.205190964839531,0.01098,0.8527448556652226,-0.6658056061594202,0.06114132356340285,-16.516582929552943,-9.06331139164421,-9.916056247309431,0.06898871043635424,0.06568408073317222,0.003928830771808833,0.06961291150498106,S2
2023-10-05,-7.342343252497289,-6.48529903927397,-7.165678746778218,0.0111,0.8570442132233191,-0.6803797075042475,0.14178515705922,-16.518994979278165,-9.034866569721654,-9.891910782944974,0.028444821922555263,0.02414546436445697,0.014574101344827284,0.038719565709284254,S2
2023-10-06,-7.960083587307865,-7.146266132882987,-7.746675427062765,0.011040000000000001,0.8138174544248775,-0.6004092941797783,-0.47647249749711057,-16.521407381254452,-9.037796291443698,-9.851613745868574,-0.0029297217220438654,0.04029703707639953,-0.07997041332446919,-0.03967337624806966,S2
2023-10-10,-8.024571461151334,-7.203158314872167,-7.805637700806455,0.01098,0.8214131462791672,-0.6024793859342878,0.0,-16.988392588436028,-8.963821127284694,-9.785234273563862,0.07397516415900363,0.0663794723047122,0.002070091754509562,0.06844956405922176,S2
2023-10-11,-7.9119484457392195,-7.074569549328706,-7.696323417226093,0.010920000000000001,0.8373788964105131,-0.6217538678973868,0.12693558596253557,-16.99087354032842,-8.951989508626664,-9.789368405037177,0.011831618658030507,-0.0041341314733145396,0.019274481963099,0.01514035048978446,S2
2023-10-12,-8.065086845921215,-7.247709748384429,-7.844515933033549,0.01098,0.8173770975367862,-0.5968061846491208,-0.0775348218844209,-16.99335485453421,-9.005802830497416,-9.823179928034202,-0.05381332187075216,-0.03381152299702528,-0.024947683248266017,-0.058759206245291296,S2
2023-10-13,-7.599911929878964,-6.748170364632377,-7.400267605981277,0.010920000000000001,0.851741565246587,-0.6520972413489003,0.3385412291002503,-16.995836531106317,-9.057383372127102,-9.90912493737369,-0.051580541629686394,-0.08594500933948801,0.05529105669977952,-0.030653952639708493,S2
2023-10-16,-8.284088691940697,-7.479988343111651,-8.052655524277403,0.01098,0.8041003488290466,-0.5726671811657527,0.0,-17.311128630719146,-9.027039938778449,-9.831140287607496,0.030343433348653193,0.07798464976619357,-0.07943006018314769,-0.0014454104169541182,S2
2023-10-17,-8.619887077094411,-7.846887396707464,-8.361857097789064,0.0108,0.7729996803869472,-0.5149697010816006,-0.41573255006549664,-17.313656714356974,-9.109502187328058,-9.882501867715005,-0.08246224854960893,-0.051361580107508686,-0.0576974800841521,-0.10905906019166078,S2
2023-10-18,-8.403694963920518,-7.623305247173574,-8.150906852844816,0.01068,0.780389716746944,-0.5276016056712418,-0.22599211034225475,-17.31618516719123,-9.138482313612965,-9.918872030359909,-0.02898012628490676,-0.03637016264490356,0.012631904589641252,-0.023738258055262307,S2
2023-10-19,-8.334936168887497,-7.556682619093163,-8.097565065423847,0.010920000000000001,0.7782535497943339,-0.5408824463306843,-0.1736697419501314,-17.31871398927583,-9.157447562338467,-9.9357011121328,-0.018965248725502093,-0.016829081772891996,0.013280840659442461,-0.003548241113449535,S2
2023-10-20,-7.780837626753117,-6.963063709718918,-7.593005519279302,0.011279999999999998,0.8177739170341987,-0.6299418095603837,0.4218110170715107,-17.321243180664705,-9.118594536840076,-9.936368453874275,0.03885302549839054,-0.0006673417414742033,0.08905936322969943,0.08839202148822523,S2
2023-10-23,-7.525407076048333,-6.6833307129852635,-7.34242756463088,0.0111,0.8420763630630699,-0.6590968516456162,0.0,-16.616810997700036,-9.091403921651702,-9.933480284714772,0.027190615188374068,0.0028881691595028514,0.029155042085232452,0.0320432112447353,S2
2023-10-24,-7.6792866810773175,-6.842925853594038,-7.48495780199484,0.011040000000000001,0.8363608274832792,-0.6420319484008017,-0.14066722715529917,-16.619237684537868,-9.080618230615848,-9.916979058099127,0.010785691035854583,0.016501226615645237,-0.017064903244814467,-0.0005636766291692297,S2
2023-10-25,-7.576695428032448,-6.743235690087736,-7.384452402280874,0.01098,0.833459737944712,-0.6412167121931382,-0.07755814184568893,-16.621664725764337,-9.122527439577578,-9.955987177522289,-0.041909208961730116,-0.03900811942316196,-0.000815236207663439,-0.0398233556308254,S2
2023-10-26,-6.905167295563469,-6.022406294727868,-6.744747183209152,0.010920000000000001,0.8827610008356013,-0.7223408884812841,0.6401747079190617,-16.624092121431197,-9.078750117948665,-9.961511118784266,0.04377732162891235,-0.005523941261976972,0.08112417628814583,0.07560023502616886,S2
2023-10-27,-6.685024565815881,-5.78695331793284,-6.56095001191036,0.011279999999999998,0.898071247883041,-0.7739966939775202,0.8695048925071504,-16.626519871590208,-9.071990413267176,-9.970061661150218,0.006759704681488898,-0.008550542365952651,0.05165580549623616,0.04310526313028351,S2
2023-10-30,-7.256909603357803,-6.395425039242392,-7.094051319507338,0.011160000000000002,0.8614845641154112,-0.6986262802649463,0.0,-16.309597201342825,-9.052687597985022,-9.914172162100433,0.019302815282154384,0.05588949904978513,-0.07537041371257391,-0.019480914662788784,S2
2023-10-31,-7.494449097164146,-6.646231508339275,-7.315475629769557,0.0111,0.8482175888248715,-0.6692441214302818,-0.2229272478743259,-16.3119790232739,-9.04045717398408,-9.888674762808952,0.012230424000941653,0.025497399291481315,-0.02938215883466455,-0.003884759543183236,S2
2023-11-01,-7.569544991008754,-6.7168146973790215,-7.408845361764666,0.01146,0.8527302936297323,-0.6920306643856442,-0.18223122495189187,-16.314361193041627,-8.927047426984764,-9.779777720614497,0.1134097469993165,0.10889704219445484,0.02278654295536242,0.13168358514981726,S2
2023-11-02,-7.872064195237439,-7.028424032469027,-7.670580137870694,0.011040000000000001,0.8436401627684118,-0.6421561054016669,-0.47311073081320054,-16.316743710696805,-8.917790246272567,-9.76143040904098,0.009257180712197055,0.018347311573517544,-0.0498745589839773,-0.03152724741045976,S2
2023-11-03,-7.955163320381496,-7.108128380729421,-7.7569947273776965,0.011160000000000002,0.8470349396520751,-0.6488663466482754,-0.4301390115476742,-16.319126576290238,-8.794102267456415,-9.641137207108489,0.12368797881615201,0.12029320193249049,0.0067102412466084616,0.12700344317909895,S2
2023-11-06,-8.331841760257483,-7.5158182919258625,-8.1069962167826,0.011040000000000001,0.8160234683316201,-0.591177924856737,0.0,-17.191457288850604,-8.859615528593121,-9.675638996924741,-0.06551326113670619,-0.03450178981625207,-0.057688421791538325,-0.0921902116077904,S2
2023-11-07,-8.143011903439758,-7.3064548946170875,-7.925470948307626,0.01098,0.8365570088226706,-0.6190160536905385,0.21255954682940204,-17.193967895917854,-8.838396445648693,-9.674953454471364,0.021219082944428536,0.0006855424533771526,0.027838128833801434,0.028523671287178587,S2
2023-11-08,-7.8504482460263,-6.985434478348381,-7.652653296767421,0.011040000000000001,0.8650137676779188,-0.6672188184190402,0.4891794983109441,-17.19647886962929,-8.856851125292046,-9.721864892969965,-0.018454679643353344,-0.04691143849860069,0.04820276472850171,0.0012913262299010242,S2
2023-11-09,-7.944433163001097,-7.096686704225371,-7.737564632267454,0.01098,0.8477464587757257,-0.6408779280420829,0.3116258695883629,-17.198990210038453,-8.942931177448994,-9.79067763622472,-0.08608005215694803,-0.06881274325475495,-0.026340890376957304,-0.09515363363171225,S2
2023-11-10,-8.475660237741165,-7.6597696845798895,-8.232000158328178,0.0108,0.8158905531612755,-0.5722304737482888,-0.1939516940121865,-17.201501917198897,-8.919793373469917,-9.735683926631193,0.023137803979077276,0.054993709593526674,-0.06864745429379404,-0.013653744700267367,S2
2023-11-13,-8.51869401259857,-7.706495773197732,-8.2701922471036,0.010740000000000001,0.8121982394008374,-0.5636964739058676,0.0,-17.44637959867724,-8.92768558607867,-9.739883825479508,-0.007892212608753724,-0.0041998988483147315,-0.008533999842421203,-0.012733898690735934,S2
2023-11-14,-8.673894021378144,-7.855271753744214,-8.431256084778877,0.01098,0.8186222676339305,-0.5759843310346628,0.0068204495172732305,-17.44892743410401,-8.768212963208592,-9.586835230842523,0.15947262287007824,0.15304859463698506,0.01228785712879521,0.16533645176578027,S2
2023-11-15,-8.99145938167261,-8.200737010543946,-8.723270777822176,0.0108,0.7907223711286644,-0.5225337672782295,-0.36938999252644195,-17.451475641611726,-8.829406252465558,-9.620128623594223,-0.06119328925696621,-0.03329339275170007,-0.05345056375643331,-0.08674395650813338,S2
2023-11-16,-8.800958190834377,-7.990550762791173,-8.545979071942291,0.010860000000000002,0.8104074280432041,-0.5554283091511181,-0.12967874690900483,-17.45402422125472,-8.782744777329347,-9.59315220537255,0.04666147513621155,0.02697641822167185,0.03289454187288854,0.05987096009456039,S2
2023-11-17,-8.813341133547478,-8.001407462716962,-8.548995791632855,0.01068,0.8119336708305163,-0.5475883289158929,-0.1430789371228669,-17.456573173087342,-8.78631097666273,-9.598244647493246,-0.003566199333382869,-0.00509244212069504,-0.007839980235225141,-0.012932422355920181,S2
2023-11-20,-9.029656314583168,-8.228018222606549,-8.749774076014651,0.01056,0.8016380919766188,-0.5217558534081022,0.0,-17.806254165344058,-8.77659785076089,-9.578235942737509,0.009713125901839703,0.020008704755737128,-0.025832475507790775,-0.0058237707520536475,S2
2023-11-21,-8.947559765263696,-8.139274254026438,-8.674877196799885,0.010620000000000001,0.8082855112372584,-0.5356029427734477,0.10544280054878002,-17.80885455615431,-8.755851990341833,-9.564137501579092,0.020745860419056683,0.014098441158417074,0.01384708936534551,0.027945530523762585,S2
2023-11-22,-9.127865126742833,-8.331024154406638,-8.829399789966427,0.01026,0.7968409723361951,-0.49837563555978903,-0.07618035035804774,-17.811455326720584,-8.759770550335798,-9.556611522671993,-0.003918559993964621,0.007525978907098718,-0.037227307213658634,-0.029701328306559915,S2
2023-11-24,-9.321129142910413,-8.540019125025701,-9.017403057936347,0.010320000000000001,0.7811100178847123,-0.4773839329106462,-0.27100830620278793,-17.816658007343072,-8.766537170635447,-9.547647188520159,-0.006766620299648807,0.008964334151833953,-0.02099170264914285,-0.012027368497308899,S2
2023-11-27,-9.026922887880609,-8.218159905634709,-8.734070172064426,0.01026,0.8087629822459004,-0.5159102664297173,0.0,-17.75551049015746,-8.72858760227685,-9.53735058452275,0.037949568358596864,0.010296603997408837,0.03852633351907109,0.048822937516479925,S2
2023-11-28,-8.94585390013679,-8.12724009554003,-8.669231212233292,0.0105,0.8186138045967599,-0.5419911166932625,0.13686085964776906,-17.75810347045984,-8.675388710675282,-9.494002515272042,0.053198891601567766,0.04334806925070822,0.02608085026354523,0.06942891951425345,S2
2023-11-29,-8.702835298907301,-7.861870784393117,-8.428031408738072,0.010320000000000001,0.8409645145141837,-0.5661606243449544,0.41752145449755845,-17.760696829436036,-8.640340076031178,-9.481304590545362,0.035048634644104126,0.012697924726680299,0.0241695076516919,0.0368674323783722,S2
2023-11-30,-9.152881193333739,-8.350117663357919,-8.843292543869268,0.01002,0.8027635299758202,-0.49317488051134895,-0.06547723774003043,-17.763290567141343,-8.675886611547634,-9.478650141523454,-0.035546535516456146,0.002654449021907368,-0.07298574383360545,-0.07033129481169809,S2
2023-12-01,-8.938268452070618,-8.106857451163988,-8.650482326928541,0.01026,0.8314110009066304,-0.5436248757645537,0.24833294321188804,-17.765884683631068,-8.579283288348561,-9.410694289255192,0.09660332319907283,0.06795585226826262,0.050449995253204705,0.11840584752146732,S2
2023-12-04,-8.89919691176362,-8.069558302855844,-8.60080683205063,0.01002,0.829638608907775,-0.5312485291947855,0.0,-17.546842729866917,-8.647645818103298,-9.477284427011073,-0.06836252975473656,-0.06659013775588107,-0.01237634656976816,-0.07896648432564923,S2
2023-12-05,-8.58013381837453,-7.719327821170715,-8.288199138580788,0.009899999999999999,0.8608059972038156,-0.568871317410073,0.3652440991246706,-17.549405236734447,-8.604027319235247,-9.464833316439062,0.04361849886805125,0.012451110572010649,0.03762278821528753,0.05007389878729818,S2
2023-12-06,-8.224986335330678,-7.334477864030623,-7.939827937963578,0.009779999999999999,0.8905084713000555,-0.6053500739329554,0.7097855054395195,-17.55196811782551,-8.617196277055312,-9.507704748355367,-0.01316895782006533,-0.04287143191630527,0.03647875652288235,-0.00639267539342292,S2
2023-12-07,-8.600076179864715,-7.735834178172354,-8.300714446212556,0.009779999999999999,0.8642420016923609,-0.5648802680402021,0.3563005945388368,-17.554531373194752,-8.5981545987912,-9.462396600483562,0.019041678264111184,0.045308147871805815,-0.040469805892753286,0.0048383419790525295,S2
2023-12-08,-9.013210875728895,-8.182569421966289,-8.692112829456082,0.00966,0.8306414537626061,-0.5095434074897938,-0.10985616187190275,-17.557095002896837,-8.653740289039845,-9.484381742802451,-0.05558569024864468,-0.021985142318889928,-0.05533686055040832,-0.07732200286929825,S2
2023-12-11,-9.161708330287185,-8.339755528880065,-8.83559533656547,0.00966,0.8219528014071198,-0.4958398076854049,0.0,-17.822118073216824,-8.66040974292964,-9.482362544336759,-0.006669453889793786,0.00201919846569254,-0.013703599804388844,-0.011684401338696304,S2
2023-12-12,-9.253560175685859,-8.433380484289646,-8.92118622821128,0.0096,0.8201796913962127,-0.48780574392163345,-0.06580295409476014,-17.824720780761403,-8.636963559170304,-9.457143250566517,0.023446183759334716,0.02521929377024179,-0.00803406376377147,0.01718523000647032,S2
2023-12-13,-9.324026594084257,-8.493296731992306,-8.99194599890524,0.00966,0.8307298620919514,-0.49864926691293476,0.005011347274919031,-17.82732386840034,-8.498285927041165,-9.329015789133116,0.13867763212913964,0.12812746143340092,0.010843522991301313,0.13897098442470224,S2
2023-12-14,-9.040934910234075,-8.178991886744605,-8.70577484785419,0.00942,0.86194302348947,-0.5267829611095856,0.32722133595638414,-17.829927336189147,-8.461771089998688,-9.323714113488158,0.0365148370424766,0.005301675644957982,0.028133694196650794,0.033435369841608775,S2
2023-12-15,-8.996618227375674,-8.129518302365383,-8.663097845369546,0.00942,0.8670999250102902,-0.5335795430041621,0.35805122033159364,-17.83253118418334,-8.477861736476072,-9.344961661486362,-0.016090646477383785,-0.02124754799820394,0.006796581894576548,-0.014450966103627394,S2
2023-12-18,-9.296526491420828,-8.452345810756318,-8.956626618263742,0.009479999999999999,0.8441806806645094,-0.5042808075074241,0.0,-17.793456003483353,-8.496929512062525,-9.341110192727035,-0.01906777558645345,0.0038514687593274033,-0.029298735496738004,-0.0254472667374106,S2
2023-12-19,-9.445730438009505,-8.608483324916758,-9.097662438899501,0.00942,0.8372471130927472,-0.4891791139827433,-0.1494981827868498,-17.796054525274876,-8.49982227005222,-9.337069383144968,-0.002892757989695127,0.004040809582066984,-0.015101693524680826,-0.011060883942613842,S2
2023-12-20,-8.6631918131022,-7.768925586644811,-8.363422762610897,0.009779999999999999,0.8942662264573888,-0.5944971759660858,0.638657446599978,-17.798653426549482,-8.496804166847303,-9.391070393304691,0.003018103204917466,-0.05400101015972325,0.10531806198334248,0.05131705182361923,S2
2023-12-21,-9.149328916682538,-8.289503648570468,-8.834734034563485,0.009839999999999998,0.8598252681120702,-0.5452303859930172,0.16040466211152182,-17.801252707362586,-8.491519128568527,-9.351344396680597,0.005285038278776355,0.03972599662409415,-0.04926678997306855,-0.009540793348974397,S2
2023-12-22,-9.270879040725589,-8.418862495124971,-8.95514157129315,0.009899999999999999,0.8520165456006179,-0.5362790761681797,0.06516470496789499,-17.80385236776962,-8.467808622076134,-9.319825167676752,0.02371050649239237,0.03151922900384463,-0.008951309824837494,0.022567919179007134,S2
2023-12-26,-9.403357643501886,-8.556834250986519,-9.080134657431858,0.009839999999999998,0.8465233925153672,-0.5233004064453386,0.0,-17.879477815466846,-8.47612017196496,-9.322643564480327,-0.008311549888825098,-0.00281839680357443,-0.012978669722841119,-0.01579706652641555,S2
2023-12-27,-9.181463352101645,-8.308454555989393,-8.867109490433748,0.009839999999999998,0.8730087961122521,-0.5586549344443554,0.2885426419713677,-17.88208889971689,-8.412082905643878,-9.28509170175613,0.06403726632108153,0.03755186272419664,0.03535452799901684,0.07290639072321348,S2
2023-12-28,-9.3569208975893,-8.500484290288128,-9.029478431787277,0.00972,0.8564366073011715,-0.5289941414991493,0.10027565508390775,-17.884700365284612,-8.427503812611404,-9.283940419912575,-0.015420906967525738,0.001151281843554841,-0.029660792945206182,-0.02850951110165134,S2
2023-12-29,-9.390754997658517,-8.540607177173571,-9.05904387646668,0.00966,0.8501478204849455,-0.5184366992931082,0.0712701647055058,-17.8873122122257,-8.425287049861678,-9.275434870346624,0.002216762749725376,0.008505549565951398,-0.010557442206041046,-0.0020518926400896476,S2
2024-01-02,-9.373199672346438,-8.528214282627953,-9.046064110812795,0.00972,0.8449853897184845,-0.5178498281848416,0.0,-17.859190443643033,-8.485990771296596,-9.33097616101508,-0.06070372143491731,-0.055541290668456256,-0.0005868711082666067,-0.05612816177672286,S2
2024-01-03,-8.92297897473196,-8.044910705400014,-8.626530566520714,0.009959999999999998,0.8780682693319459,-0.5816198611207,0.4299560738002445,-17.86179856516466,-8.508863516632454,-9.3869317859644,-0.02287274533585837,-0.05595562494931983,0.06377003293585837,0.00781440798653854,S2
2024-01-04,-9.051033591169961,-8.18925807426273,-8.746205384797937,0.009899999999999999,0.8617755169072314,-0.5569473105352074,0.27906423119131696,-17.864407067571292,-8.534309245210014,-9.396084762117246,-0.025445728577560445,-0.009152976152845937,-0.02467255058549256,-0.033825526738338496,S2
2024-01-05,-9.337999370501333,-8.499746374301708,-9.022267589011925,0.009899999999999999,0.8382529961996248,-0.522521214710217,0.009209811631501641,-17.867015950918557,-8.519806768785724,-9.358059764985349,0.014502476424290478,0.03802499713189711,-0.034426095824990455,0.0035989013069066544,S2
2024-01-08,-9.762216897562933,-8.946215737111249,-9.430807983610848,0.009899999999999999,0.8160011604516839,-0.48459224649959864,0.0,-18.25054146257648,-8.488324565013546,-9.30432572546523,0.03148220377217825,0.053734039520119126,-0.03792896821061831,0.015805071309500818,S2
2024-01-09,-9.756841046619527,-8.940690646959407,-9.41999268789403,0.009779999999999999,0.8161503996601205,-0.47930204093462336,0.019154316405372483,-18.2532067362416,-8.4772113732167,-9.293361772876821,0.011113191796845001,0.010963952588408432,-0.005290205564975281,0.005673747023433151,S2
2024-01-10,-10.03705066832972,-9.240958527172149,-9.678941104659282,0.00954,0.7960921411575708,-0.43798257748713354,-0.2584772230120604,-18.25587239913812,-8.477298953820462,-9.273391094978033,-8.758060376123922e-05,0.01997067789878848,-0.041319463447489824,-0.021348785548701343,S2
2024-01-11,-9.857706103746473,-9.043091873035651,-9.517580430852947,0.009779999999999999,0.8146142307108217,-0.4744885578172955,-0.025769485385813168,-18.258538451322877,-8.426601832962216,-9.241216063673038,0.050697120858245626,0.03217503130499466,0.03650598033016195,0.06868101163515661,S2
2024-01-12,-9.85334867089033,-9.036931875300077,-9.516501270596201,0.009839999999999998,0.8164167955902535,-0.4795693952961244,0.022151879573417105,-18.26120489285272,-8.385704342388973,-9.202121137979226,0.040897490573243545,0.03909492569381179,0.005080837478828926,0.044175763172640714,S2
2024-01-16,-10.035884757283583,-9.242305076877232,-9.695458174204832,0.009899999999999999,0.7935796804063511,-0.45315309732760056,0.0,-18.494930290944342,-8.45904553366076,-9.25262521406711,-0.07334119127178695,-0.05050407608788454,-0.02641629796852385,-0.07692037405640839,S2
2024-01-17,-9.862653794508484,-9.060529357382933,-9.523295838699347,0.009779999999999999,0.8021244371255509,-0.4627664813164145,0.09429296561854016,-18.497631254679792,-8.54068449455277,-9.34280893167832,-0.0816389608920094,-0.09018371761120925,0.00961338398881395,-0.0805703336223953,S2
2024-01-18,-10.339959953334212,-9.572393935462056,-9.980578078224715,0.00972,0.7675660178721557,-0.4081841427626589,-0.3629048658784211,-18.500332612858745,-8.523277525402953,-9.290843543275109,0.017406969149815765,0.051965388403210966,-0.054582338553755605,-0.002616950150544639,S2
2024-01-19,-10.824925963417492,-10.088879556120975,-10.441496717371491,0.00954,0.7360464072965165,-0.35261716125051557,-0.8543937841634033,-18.503034365538806,-8.532502186284717,-9.268548593581233,-0.009224660881763214,0.02229494969387602,-0.05556698151214334,-0.03327203181826732,S2
2024-01-22,-10.809813326652732,-10.067333309217933,-10.42751386458735,0.00954,0.742480017434799,-0.36018055536941773,0.0,-19.316665929104275,-8.506852602451543,-9.249332619886342,0.025649583833173395,0.01921597369489092,0.007563394118902167,0.026779367813793087,S2
2024-01-23,-11.026027411032082,-10.299657580209786,-10.64293032245694,0.00972,0.7263698308222963,-0.3432727422471533,-0.2073607679721508,-19.319486897517976,-8.500820254458045,-9.227190085280341,0.006032347993498277,0.022142534606000908,-0.016907813122264415,0.005234721483736493,S2
2024-01-24,-11.181586657978395,-10.470192340563793,-10.790984598720994,0.00966,0.7113943174146016,-0.32079225815720136,-0.37385096211839214,-19.322308277900426,-8.514572582040424,-9.225966899455026,-0.013752327582379209,0.0012231858253155536,-0.022480484089951958,-0.021257298264636404,S2
2024-01-25,-11.273927853606178,-10.565230778727898,-10.87832328722126,0.0096,0.7086970748782804,-0.31309250849336223,-0.4303056488930577,-19.325130070311797,-8.481507865598676,-9.190204940476956,0.03306471644174813,0.03576195897806933,-0.007699749663839128,0.028062209314230202,S2
2024-01-26,-11.268416953528469,-10.559215946079593,-10.869314343401339,0.009479999999999999,0.7092010074488755,-0.31009839732174527,-0.44270585641323856,-19.327952274812258,-8.502241177697027,-9.211442185145902,-0.02073331209835061,-0.02123724466894572,-0.0029941111716169644,-0.024231355840562685,S2
2024-01-29,-11.34575828523292,-10.633913581615097,-10.948595348809615,0.0096,0.7118447036178228,-0.3146817671945179,0.0,-19.828361583220474,-8.482603297987554,-9.194448001605377,0.019637879709472728,0.016994183540525398,0.004583369872772636,0.021577553413298034,S2
2024-01-30,-11.23694965553628,-10.514174653231791,-10.839700705170943,0.009479999999999999,0.7227750023044894,-0.32552605193915163,0.08348107142614958,-19.8312572786747,-8.510826551712269,-9.233601554016758,-0.02822325372471468,-0.0391535524113813,0.010844284744633725,-0.028309267666747573,S2
2024-01-31,-10.419283328762205,-9.635890387445087,-10.057353245034944,0.00966,0.7833929413171177,-0.4214628575898569,0.9180673951029474,-19.83415339701067,-8.496802673145517,-9.280195614462635,0.01402387856675169,-0.04659406044587655,0.09593680565070528,0.04934274520482873,S2
2024-02-01,-10.532333722129291,-9.742884138496036,-10.17203252613798,0.009779999999999999,0.7894495836332549,-0.4291483876419431,0.8694314691835587,-19.837049938290143,-8.435284746977292,-9.224734330610547,0.061517926168225046,0.05546128385208782,0.007685530052086165,0.06314681390417398,S2
2024-02-02,-11.381148780771166,-10.664014322490669,-10.981732940076432,0.00954,0.7171344582804977,-0.31771861758576314,-0.07530808539132108,-19.83994690257488,-8.534106207195034,-9.251240665475532,-0.09882146021774219,-0.026506334864984993,-0.11142977005617993,-0.13793610492116493,S2
2024-02-05,-11.691484442226855,-11.007522165043294,-11.277005736889553,0.00936,0.6839622771835607,-0.2694835718462585,0.0,-20.278112290192308,-8.586627847965453,-9.270590125149013,-0.05252164077041854,-0.01934945967348156,-0.048235045739504656,-0.06758450541298622,S2
2024-02-06,-11.577355698784505,-10.87676495360229,-11.170348679292658,0.009479999999999999,0.7005907451822146,-0.29358372569036817,0.18389781748821993,-20.281073666367163,-8.51982015009444,-9.220410895276654,0.06680769787101326,0.05017922987235934,0.024100153844109684,0.07427938371646903,S2
2024-02-07,-11.869980024721144,-11.188048166546691,-11.456860981881647,0.0096,0.6819318581744529,-0.2688128153349556,-0.12322964139425258,-20.28403547501565,-8.537285091688759,-9.219216949863211,-0.017464941594319328,0.001193945413442421,-0.024770910355412568,-0.023576964941970147,S2
2024-02-08,-12.071002047096142,-11.408167107346273,-11.651127285402849,0.0096,0.6628349397498692,-0.24296017805657577,-0.34561712922526266,-20.286997716200926,-8.561612798330048,-9.224447738079917,-0.024327706641289026,-0.005230788216705307,-0.02585263727837983,-0.031083425495085137,S2
2024-02-09,-12.340651889456524,-11.697889113782555,-11.910378133837689,0.00954,0.6427627756739689,-0.21248902005513415,-0.6302427064882627,-20.289960389986156,-8.579551207017897,-9.222313982691865,-0.017938408687848906,0.0021337553880513838,-0.030471158001441623,-0.02833740261339024,S2
2024-02-12,-12.299977512297586,-11.65449113443113,-11.870432636414092,0.009479999999999999,0.6454863778664564,-0.2159415019829627,0.0,-20.899074102326338,-8.599096590028752,-9.244582967895209,-0.019545383010855844,-0.022268985203343306,0.0034524819278285435,-0.018816503275514762,S2
2024-02-13,-12.12754796463804,-11.48479248743556,-11.698365120068782,0.00924,0.6427554772024813,-0.21357263263322324,0.03836125120740863,-20.902126162559433,-8.736216946713984,-9.378972423916466,-0.13712035668523193,-0.13438945602125685,-0.0023688693497394553,-0.1367583253709963,S2
2024-02-14,-12.41694835272952,-11.788386115952378,-11.981498976835727,0.00936,0.6285622367771424,-0.19311286088334967,-0.1794958698591381,-20.905178668509485,-8.667726185639104,-9.296288422416247,0.06849076107488017,0.08268400150021904,-0.020459771749873568,0.06222422975034547,S2
2024-02-15,-12.549922967033963,-11.926566988970169,-12.111648877755387,0.00942,0.6233559780637936,-0.18508188878521814,-0.2972786223569802,-20.908231620241583,-8.655587275564601,-9.278943253628395,0.012138910074503073,0.01734516878785186,-0.008030972098131528,0.009314196689720333,S2
2024-02-16,-12.540117310642623,-11.921424098277225,-12.09778570021897,0.009179999999999999,0.6186932123653985,-0.17636160194174622,-0.31993500560589266,-20.91128501782083,-8.6911027127841,-9.309795925149498,-0.035515437219498125,-0.030852671521103048,-0.008720286843471925,-0.03957295836457497,S2
2024-02-20,-12.227649227057821,-11.584258580015788,-11.799619372881505,0.00936,0.6433906470420325,-0.21536079286571663,0.0,-20.929286413167542,-8.701637186109721,-9.345027833151754,-0.010534473325622074,-0.03523190800225606,0.03899919092397042,0.0037672829217143544,S2
2024-02-21,-12.426135048745765,-11.800398342003923,-11.98962474585725,0.00924,0.6257367067418418,-0.18922640385332734,-0.21386273830745356,-20.932342885547897,-8.720070575109586,-9.345807281851428,-0.01843338899986513,-0.0007794486996743899,-0.026134389012389292,-0.026913837712063682,S2
2024-02-22,-13.227784257343632,-12.65671196228326,-12.763653520008383,0.00894,0.5710722950603717,-0.10694155772512204,-1.026324950254085,-20.935399804289546,-8.733940497199999,-9.30501279226037,-0.0138699220904126,0.04079448959105747,-0.0822848461282053,-0.04149035653714783,S2
2024-02-23,-13.051783111923386,-12.460136161560172,-12.592247060834005,0.00894,0.5916469503632147,-0.13211089927383313,-0.8079877392459685,-20.938457169457678,-8.694661796780261,-9.286308747143476,0.03927870041973769,0.01870404511689472,0.02516934154871109,0.04387338666560581,S2
2024-02-26,-12.972948447599197,-12.376049623912312,-12.52001132022926,0.009179999999999999,0.5968988236868853,-0.1439616963169481,0.0,-21.68729048044121,-8.714342032842012,-9.311240856528897,-0.019680236061750733,-0.02493210938542134,0.01185079704311498,-0.013081312342306362,S2
2024-02-27,-13.139502569751588,-12.556166238593892,-12.681935708668851,0.009179999999999999,0.583336331157696,-0.12576947007495853,-0.16233266033303417,-21.690457650264854,-8.713287740846301,-9.296624072003997,0.0010542919957110541,0.01461678452490034,-0.018192226241989573,-0.003575441717089234,S2
2024-02-28,-12.977293051724342,-12.37934161625449,-12.526591112129102,0.0093,0.5979514354698523,-0.1472494958746129,0.030681629370112682,-21.69362528261583,-8.685650601521377,-9.28360203699123,0.02763713932492351,0.013022035012767219,0.021480025799654356,0.034502060812421576,S2
2024-02-29,-13.10791799149191,-12.515712352441897,-12.65344047234443,0.0093,0.5922056390500128,-0.1377281199025333,-0.09939095349344475,-21.696793377561693,-8.688266339563228,-9.28047197861324,-0.002615738041850335,0.0031300583779891866,-0.009521375972079582,-0.0063913175940903955,S2
2024-03-01,-13.269093595040719,-12.681824003299486,-12.811579112013,0.00942,0.5872695917412329,-0.12975510871351403,-0.1944372661121857,-21.699961935169995,-8.625305606241461,-9.212575197982694,0.06296073332176633,0.06789678063054616,-0.007973011189019275,0.059923769441526886,S2
2024-03-04,-13.305072598240441,-12.722096935536603,-12.847172623343814,0.00942,0.5829756627038378,-0.125075687807211,0.0,-21.96635948021512,-8.66128688197468,-9.244262544678518,-0.035981275733218965,-0.03168734669582385,-0.004679420906303022,-0.03636676760212687,S2
2024-03-05,-12.636160219481791,-11.998937530345117,-12.202428122450348,0.00954,0.6372226891366743,-0.20349059210523102,0.6751505515955118,-21.969567404734036,-8.658256633656734,-9.295479322793408,0.0030302483179465156,-0.051216778114890005,0.07841490429802,0.02719812618313,S2
2024-03-06,-12.771824392474585,-12.141505731244871,-12.33150894920599,0.00942,0.6303186612297136,-0.1900032179611184,0.5488385343497577,-21.972775797732023,-8.652112870907679,-9.282431532137393,0.006143762749054815,0.013047790656015579,-0.013487374144112607,-0.0004395834880970284,S2
2024-03-07,-13.121130923893634,-12.51261206548375,-12.672057754553002,0.00954,0.6085188584098837,-0.15944568906925127,0.23340586912285444,-21.9759846592775,-8.621447866261011,-9.229966724670895,0.03066500464666788,0.05246480746649773,-0.030557528891867136,0.021907278574630595,S2
2024-03-08,-12.883384337345806,-12.25863315826923,-12.442392452230212,0.00954,0.6247511790765756,-0.183759293960982,0.4772760266203679,-21.979193989438887,-8.618533625472715,-9.24328480454929,0.002914240788296496,-0.013318079878395395,0.024313604891730733,0.010995525013335339,S2
2024-03-11,-12.866721233348386,-12.240937524707824,-12.42706541876399,0.00954,0.6257837086405615,-0.18612789405616503,0.0,-21.510096739834633,-8.643375506486247,-9.269159215126809,-0.024841881013532685,-0.025874410577518603,0.0023686000951830266,-0.023505810482335576,S2
2024-03-12,-13.48127170181463,-12.901280538329065,-13.018521150784506,0.0093,0.5799911634855661,-0.1172406124554417,-0.6214597411765365,-21.513238032628195,-8.6534260719901,-9.233417235475667,-0.010050565503853193,0.03574197965114223,-0.06888728160072333,-0.033145301949581096,S2
2024-03-13,-13.491341972058004,-12.914207686917461,-13.028525478059352,0.0093,0.5771342851405432,-0.11431779114189133,-0.6490432097015938,-21.51637978417006,-8.67408102181365,-9.251215306954194,-0.020654949823549984,-0.017798071478527078,-0.0029228213135503722,-0.02072089279207745,S2
2024-03-14,-13.661600725511487,-13.106327671203239,-13.19274698358432,0.009179999999999999,0.5552730543082482,-0.08641931238108036,-0.8694442810379261,-21.519521994527224,-8.727365550053662,-9.28263860436191,-0.0532845282400114,-0.03142329740771643,-0.027898478760810974,-0.05932177616852741,S2
2024-03-15,-13.46752718233209,-12.899807328599712,-13.001794951502724,0.00894,0.5677198537323775,-0.10198762290301211,-0.692176728939407,-21.522664663766694,-8.747314210374013,-9.31503406410639,-0.019948660320350697,-0.03239545974447999,0.01556831052193175,-0.016827149222548243,S2
2024-03-18,-13.806244094357492,-13.263515421923822,-13.332379675735876,0.00894,0.54272867243367,-0.06886425381205363,0.0,-22.56272094318248,-8.756476848824988,-9.299205521258658,-0.009162638450975535,0.015828542847732052,-0.03312336909095848,-0.017294826243226424,S2
2024-03-19,-13.9190762099419,-13.379408781962148,-13.442760628353295,0.009,0.5396674279797526,-0.06335184639114644,-0.07997059941760751,-22.566015959172375,-8.726910348648081,-9.266577776627834,0.029566500176906985,0.032627744630824296,-0.005512407420907195,0.0271153372099171,S2
2024-03-20,-14.199068328276104,-13.674833612582816,-13.717004854654462,0.00936,0.5242347156932876,-0.04217124207164602,-0.3094839852912283,-22.569311456360012,-8.679727113375135,-9.203961829068422,0.04718323527294643,0.06261594755941147,-0.021180604319500418,0.04143534323991105,S2
2024-03-21,-14.321383733787963,-13.804964490080284,-13.835264783926183,0.009179999999999999,0.5164192437076789,-0.030300293845899162,-0.43227971445078245,-22.572607434815662,-8.683503415478482,-9.19992265918616,-0.0037763021033470068,0.004039169882261717,-0.011870948225746858,-0.00783177834348514,S2
2024-03-22,-14.136964090944574,-13.60263602657675,-13.656394989724431,0.009179999999999999,0.5343280643678234,-0.053758963147680916,-0.2144666649992366,-22.575903894609613,-8.653406468664276,-9.1877345330321,0.03009694681420605,0.012188126154061507,0.023458669301781754,0.03564679545584326,S2
2024-03-25,-14.116876623669029,-13.58281119093806,-13.637673919621774,0.009179999999999999,0.5340654327309693,-0.054862728683714224,0.0,-22.79046885834718,-8.67359223467815,-9.20765766740912,-0.02018576601387423,-0.01992313437702009,0.0011037655360333076,-0.018819368840986783,S2
2024-03-26,-13.99077463938459,-13.446558985669295,-13.515430876616106,0.009179999999999999,0.5442156537152947,-0.06887189094681112,0.1353341720790341,-22.793797134200716,-8.667688322737092,-9.211903976452387,0.005903911941057771,-0.004246309043267615,0.014009162263096897,0.009762853219829282,S2
2024-03-27,-14.216265291351835,-13.682795425071742,-13.735080214841368,0.00924,0.5334698662800932,-0.05228478976962592,-0.057386874457900555,-22.797125896109208,-8.638247479215273,-9.171717345495367,0.02944084352181875,0.04018663095702024,-0.016587101177185204,0.023599529779835038,S2
2024-03-28,-14.231522269388428,-13.69852070187805,-13.748841581362745,0.009,0.5330015675103787,-0.05032087948469588,-0.10469916774754084,-22.80045514414363,-8.673632042502742,-9.206633610013121,-0.03538456328746875,-0.034916264517754314,-0.001963910284930037,-0.03688017480268435,S2
2024-04-01,-14.52609519520787,-14.025230954446332,-14.036807421273064,0.00894,0.5008642407615369,-0.011576466826731746,0.0,-23.27013205105462,-8.744036855846751,-9.244901096608288,-0.07040481334400894,-0.0382674865951671,-0.038744412657964133,-0.07701189925313123,S2
2024-04-02,-14.332565342484456,-13.821749261028586,-13.849028085858892,0.009059999999999999,0.5108160814558698,-0.027278824830306192,0.17244050866145116,-23.273530375990173,-8.768524524844265,-9.279340606300135,-0.02448766899751398,-0.03443950969184684,0.015702358003574446,-0.01873715168827239,S2
2024-04-03,-14.39324085586209,-13.886039469897812,-13.907994301646074,0.00894,0.5072013859642777,-0.021954831748262293,0.1323714260284622,-23.276929197210507,-8.751316915319954,-9.258518301284232,0.017207609524310996,0.020822305015903098,-0.0053239930820438985,0.015498311933859199,S2
2024-04-04,-13.755259441078904,-13.200649884148232,-13.288001787756198,0.009059999999999999,0.5546095569306715,-0.0873519036079653,0.7505131684235872,-23.280328514788092,-8.7745559052856,-9.329165462216272,-0.02323898996564644,-0.07064716093204026,0.065397071859703,-0.005250089072337261,S2
2024-04-05,-14.401819101398168,-13.899071959810808,-13.917102291671789,0.00894,0.5027471415873599,-0.018030331860980908,0.08221605210755822,-23.283728328795426,-8.7996931752897,-9.30244031687706,-0.025137270004099932,0.026725145339211664,-0.06932157174698439,-0.042596426407772725,S2
2024-04-08,-14.484719837420378,-13.987627906528466,-13.99830495747436,0.00876,0.49709193089191217,-0.010677050945893996,0.0,-23.299914166391996,-8.815194328971618,-9.31228625986353,-0.015501153681917401,-0.00984594298646968,-0.007353280915086913,-0.017199223901556593,S2
2024-04-09,-14.369835569795004,-13.858392839390373,-13.885776356824415,0.00864,0.5114427304046316,-0.02738351743404266,0.14371690375064075,-23.30331684064989,-8.789764367104247,-9.301207097508879,0.025429961867370565,0.011079162354651118,0.016706466488148664,0.02778562884279978,S2
2024-04-10,-14.520870680583087,-14.036686808362354,-14.034544120800069,0.0084,0.4841838722207328,0.002142687562285417,-0.13637934417964126,-23.306720011827732,-8.922228675424286,-9.406412547645019,-0.13246430832003853,-0.10520545013613969,-0.029526204996328076,-0.13473165513246776,S2
2024-04-11,-14.842842180498833,-14.380962839596688,-14.35004161567448,0.00846,0.46187934090214533,0.030921223922208085,-0.43977718955092265,-23.31012367999809,-8.90705868905018,-9.368938029952325,0.01516998637410616,0.03747451769269361,-0.02877853635992267,0.008695981332770941,S2
2024-04-12,-14.117642806611183,-13.601671443555244,-13.64105789420169,0.0087,0.5159713630559395,-0.03938645064644675,0.2891240914444979,-23.31352784523354,-8.906760947177858,-9.422732310233798,0.00029774187232156635,-0.053794280281472595,0.07030767456865483,0.016513394287182237,S2
2024-04-15,-14.066671664606911,-13.558659182399388,-13.592816952320659,0.00876,0.5080124822075227,-0.03415776992127029,0.0,-23.021577506858048,-8.954905842251137,-9.46291832445866,-0.04814489507327835,-0.040186014224861566,-0.00522868072517646,-0.045414694950038026,S2
2024-04-16,-14.123970149225627,-13.621613700662197,-13.648886010397561,0.00876,0.5023564485634306,-0.02727230973536443,-0.061432762750288875,-23.02493953337022,-8.962402146894881,-9.464758595458312,-0.007496304643744622,-0.0018402709996525601,-0.006885460185905856,-0.008725731185558416,S2
2024-04-17,-13.684494989836569,-13.14374693894748,-13.220854651240971,0.00888,0.5407480508890892,-0.07710771229349156,0.4087564698884053,-23.02830205086622,-8.935050591141245,-9.475798642030334,0.027351555753636347,-0.011040046572022177,0.04983540255812713,0.03879535598610495,S2
2024-04-18,-13.749760594044535,-13.216632737248498,-13.28425490115847,0.00882,0.5331278567960371,-0.06762216390997189,0.3187390840556185,-23.03166505941775,-8.963165381317598,-9.496293238113635,-0.02811479017635321,-0.020494596083301175,-0.00948554838351967,-0.029980144466820846,S2
2024-04-19,-13.374645679625065,-12.813679180260545,-12.917829514477592,0.00876,0.56096649936452,-0.10415033421704756,0.6938568909399517,-23.035028559096524,-8.966525988531508,-9.527492487896028,-0.0033606072139100718,-0.031199249782392968,0.03652817030707567,0.005328920524682701,S2
2024-04-22,-13.719206713029926,-13.17898288183026,-13.254547396218891,0.00876,0.5402238311996665,-0.07556451438863121,0.0,-22.66088671036244,-8.941679997332514,-9.48190382853218,0.024845991198994,0.045588659363847484,-0.028585819828416348,0.017002839535431136,S2
2024-04-23,-14.1589953850848,-13.647622383839304,-13.684018658635782,0.00876,0.5113730012454969,-0.03639627479647878,-0.3926948451567664,-22.66419606229051,-8.897895522362475,-9.409268523607972,0.0437844749700389,0.07263530492420855,-0.03916823959215243,0.03346706533205612,S2
2024-04-24,-14.295867214318445,-13.797391496953857,-13.818283576268081,0.00888,0.4984757173645882,-0.020892079314224432,-0.5370449944381539,-22.667505897509916,-8.908683677629625,-9.407159394994213,-0.010788155267150046,0.0021091286137586707,-0.015504195482254346,-0.013395066868495675,S2
2024-04-25,-14.283456568284915,-13.786610351693142,-13.806198790015296,0.00882,0.4968462165917735,-0.01958843832215429,-0.541966647852747,-22.670816216091232,-8.929326295659063,-9.426172512250837,-0.020642618029437898,-0.019013117256623246,-0.001303640992070143,-0.02031675824869339,S2
2024-04-26,-14.562021236598643,-14.081752940475461,-14.078280949428096,0.0087,0.48026829612318167,0.003471991047364398,-0.8109841847874195,-22.674127018105054,-8.92308996629383,-9.403358262417012,0.0062363293652332175,0.022814249833825073,-0.023060429369518687,-0.0002461795356936136,S2
2024-04-29,-14.573088115211604,-14.088327286849097,-14.089616479399808,0.0087,0.4847608283625071,-0.001289192550711249,0.0,-23.481681778781848,-8.908593663570244,-9.393354491932751,0.014496302723586041,0.010003770484260599,0.004761183598075647,0.014764954082336246,S2
2024-04-30,-14.162778702684125,-13.653856167693439,-13.688775375886989,0.00864,0.5089225349906865,-0.03491920819354988,0.364142834674387,-23.485110998029185,-8.958189460670674,-9.46711199566136,-0.04959579710043016,-0.07375750372860956,0.03363001564283863,-0.040127488085770935,S2
2024-05-01,-13.8879314910583,-13.354174217769785,-13.41954073017154,0.008579999999999999,0.533757273288515,-0.06536651240175573,0.6824730503163604,-23.488540718073043,-8.918136176698383,-9.451893449986898,0.040053283972291354,0.015218545674462902,0.03044730420820585,0.04566584988266875,S2
2024-05-02,-14.101427038249224,-13.577840438062719,-13.629843842218195,0.00882,0.5235866001865048,-0.05200340415547622,0.5272758920217038,-23.49197093898657,-8.863268008715643,-9.386854608902148,0.054868167982739635,0.06503884108474978,-0.01336310824627951,0.05167573283847027,S2
2024-05-03,-14.34272082743565,-13.827713964832228,-13.865911409197329,0.00894,0.515006862603423,-0.03819744436510142,0.34618967638101983,-23.4954016608429,-8.806491157026231,-9.321498019629654,0.0567768516894116,0.06535658927249344,-0.0138059597903748,0.05155062948211864,S2
2024-05-06,-14.693536658584339,-14.201010810623234,-14.208594862685876,0.00882,0.49252584796110455,-0.0075840520626417884,0.0,-23.50265716462654,-8.809120506042202,-9.301646354003307,-0.0026293490159705613,0.01985166562634788,-0.03061339230245963,-0.01076172667611175,S2
2024-05-07,-14.680593057371489,-14.184421494007783,-14.195982291688257,0.0087,0.49617156336370627,-0.011560797680473911,0.013741608680319747,-23.50608944707853,-8.811754781026721,-9.307926344390427,-0.0026342749845191804,-0.006279990387120904,0.0039767456178321225,-0.0023032447692887814,S2
2024-05-08,-14.705806820157598,-14.211280478492258,-14.220971865794992,0.00882,0.49452634166534004,-0.009691387302734,-0.020087894562943603,-23.50952223077439,-8.823803305179737,-9.318329646845077,-0.01204852415301616,-0.010403302454649932,-0.0018694103777399107,-0.012272712832389843,S2
2024-05-09,-14.814167732860025,-14.323839521865326,-14.326987978846608,0.00888,0.4903282109946989,-0.0031484569812825214,-0.1086320436932589,-23.512955515787322,-8.807419826620556,-9.297748037615255,0.016383478559180986,0.020581609229822106,-0.006542930321451479,0.014038678908370628,S2
2024-05-10,-15.02195567046645,-14.55001660116855,-14.529994661293268,0.00888,0.47193906929789975,0.020021939875283223,-0.3376438584706073,-23.51638930219053,-8.832077490194685,-9.304016559492585,-0.024657663574128463,-0.006268521877329292,-0.023170396856565745,-0.029438918733895036,S2
2024-05-13,-14.95043018236012,-14.471532477086036,-14.461055992261555,0.00888,0.4788977052740844,0.010476484824481602,0.0,-23.794182767372376,-8.843752585012256,-9.32265029028634,-0.011675094817571008,-0.018633730793755632,0.009545455050801621,-0.00908827574295401,S2
2024-05-14,-15.05738229499417,-14.58293642362091,-14.565682048370848,0.00888,0.4744458713732609,0.01725437525006157,-0.08072977824447684,-23.79765762365777,-8.821005106908078,-9.29545097828134,0.022747478104177432,0.02719931200500092,-0.006777890425579969,0.02042142157942095,S2
2024-05-15,-15.263483968961989,-14.794062185046254,-14.766832986722038,0.00894,0.46942178391573464,0.027229198324215886,-0.2125847267412872,-23.801132987404433,-8.750233745183731,-9.219655529099466,0.07077136172434706,0.07579544918187331,-0.009974823074154315,0.065820626107719,S2
2024-05-16,-15.22143519784752,-14.749839291769238,-14.726380050425279,0.00882,0.4715959060782815,0.023459241343958936,-0.20540609803567894,-23.804608858686475,-8.788579758874633,-9.260175664952914,-0.038346013690901515,-0.04052013585344838,0.00376995698025695,-0.03675017887319143,S2
2024-05-17,-15.38902661399547,-14.931846601459153,-14.890015263376641,0.00888,0.4571800125363179,0.04183133808251149,-0.3816723734161587,-23.808085237578013,-8.8007309969987,-9.257911009535018,-0.012151238124067376,0.002264655417896222,-0.018372096738552557,-0.016107441320656335,S2
2024-05-20,-15.493133626235048,-15.044007588415031,-14.992784689062155,0.00882,0.44912603782001703,0.05122289935287583,0.0,-24.304832935885543,-8.811699309650495,-9.260825347470512,-0.01096831265179432,-0.0029143379354934495,-0.009391561270364335,-0.012305899205857784,S2
2024-05-21,-15.501620624939655,-15.049329026481807,-15.00097159395469,0.00888,0.4522915984578475,0.04835743252711744,0.0034177365597411746,-24.308382366530772,-8.803344005031377,-9.255635603489225,0.008355304619117376,0.0051897439812869095,0.0028654668257583893,0.008055210807045299,S2
2024-05-22,-15.446191603754063,-14.991740171535652,-14.947755746948598,0.00876,0.454451432218411,0.04398442458705354,0.03595335191261845,-24.311932315527965,-8.829787359861285,-9.284238792079696,-0.026443354829908117,-0.028603188590471618,0.0043730079400639,-0.024230180650407718,S2
2024-05-23,-15.267035374533027,-14.803150971391617,-14.773139018176693,0.0087,0.4638844031414102,0.030011953214923892,0.17520385925327062,-24.31548278295282,-8.873243549166524,-9.337127952307934,-0.04345618930523898,-0.0528891602282382,0.013972471372129647,-0.03891668885610855,S2
2024-05-24,-15.502170084999426,-15.052372105909187,-15.00294233652379,0.00876,0.44979797909023844,0.049429769385398004,-0.05179128765545363,-24.319033768881052,-8.868654971537081,-9.31845295062732,0.00458857762944298,0.018675001680614756,-0.01941781617047411,-0.0007428144898593558,S2
2024-05-28,-15.765803265843816,-15.34169889060524,-15.262382655281613,0.0087,0.424104375238576,0.07931623532362764,0.0,-24.655586076268264,-8.889782810424448,-9.313887185663024,-0.02112783888736658,0.0045657649642958376,-0.029886465938229634,-0.025320700973933796,S2
2024-05-29,-15.685909445529436,-15.263260024208641,-15.183564657223869,0.00882,0.42264942132079497,0.07969536698477242,0.04335779832122072,-24.659186730221574,-8.929919486370917,-9.352568907691712,-0.04013667594646897,-0.038681722028687915,-0.0003791316611447826,-0.0390608536898327,S2
2024-05-30,-15.29841519146925,-14.842587934435237,-14.805533882270224,0.00876,0.45582725703401294,0.03705405216501312,0.45366609401417857,-24.662787910007403,-8.910706624523975,-9.366533881557988,0.01921286184694182,-0.013964973866276154,0.0426413148197593,0.028676340953483148,S2
2024-05-31,-15.506582376288897,-15.059922997264167,-15.009121420107393,0.00876,0.4466593790247302,0.0508015771567738,0.29156245937680353,-24.66638961570254,-8.86824478003684,-9.31490415906157,0.042461844487135636,0.051629722496418395,-0.013747524991760685,0.03788219750465771,S2
2024-06-03,-15.273732264136541,-14.800536502634987,-14.78208828982934,0.00882,0.47319576150155385,0.018448212805646236,0.0,-24.10363771040867,-8.829905446272129,-9.303101207773683,0.03833933376471066,0.011802951287886998,0.03235336435112757,0.044156315639014565,S2
2024-06-04,-15.097979299772138,-14.604683031907957,-14.610704331235013,0.00894,0.49329626786418146,-0.006021299327056084,0.2064711503114216,-24.107157758893532,-8.802707308809971,-9.296003576674153,0.02719813746215749,0.0070976310995298775,0.02446951213270232,0.0315671432322322,S2
2024-06-05,-15.432975629708555,-14.958660822752428,-14.937400425595081,0.009179999999999999,0.4743148069561265,0.021260397157346844,-0.09763726363638092,-24.11067832143944,-8.775339955367269,-9.249654762323395,0.02736735344270258,0.04634881435075755,-0.02728169648440293,0.01906711786635462,S2
2024-06-06,-15.404323524874616,-14.926514518923065,-14.910157823756869,0.009,0.47780900595155096,0.016356695166196644,-0.0588576256512644,-24.114199398121478,-8.768733498898126,-9.246542504849677,0.0066064564691430405,0.0031122574737185715,0.0049037019911502,0.008015959464868772,S2
2024-06-07,-15.777979663030958,-15.339035754227483,-15.276254661072592,0.00876,0.4389439088034752,0.06278109315489111,-0.516272844343062,-24.11772098901472,-8.856014170326826,-9.294958079130302,-0.08728067142870088,-0.04841557428062515,-0.046424397988694466,-0.09483997226931962,S2
2024-06-10,-16.01346060936511,-15.59464703227934,-15.5074153841376,0.00876,0.41881357708577127,0.08723164814174034,0.0,-24.873778761726822,-8.86031815236171,-9.279131729447482,-0.004303982034883802,0.01582634968282015,-0.024450554986849227,-0.008624205304029076,S2
2024-06-11,-15.877879903068749,-15.441720445691136,-15.374220943690457,0.00888,0.4361594573776131,0.067499502000679,0.15520038962029797,-24.877411280116576,-8.84433098742753,-9.280490444805142,0.015987164934180953,-0.0013587153576608557,0.019732146141061335,0.01837343078340048,S2
2024-06-12,-15.991065032033804,-15.554145758190604,-15.485101380590741,0.00888,0.4369192738432002,0.06904437759986237,0.10237176847545054,-24.881044328992267,-8.787607528483013,-9.224526802326213,0.056723458944516025,0.05596364247892893,-0.0015448755991833707,0.05441876687974556,S2
2024-06-13,-15.89493216547006,-15.444065066324882,-15.39046988671011,0.009059999999999999,0.450867099145178,0.05359517961477245,0.24781610857320469,-24.884677908431367,-8.741929634388104,-9.192796733533282,0.04567789409490963,0.03173006879293183,0.015449197985089924,0.047179266778021756,S2
2024-06-14,-15.744826119615976,-15.279877938476302,-15.244134839528815,0.009179999999999999,0.4649481811396736,0.03574309894748673,0.3920061950741245,-24.888312018511353,-8.751479703821254,-9.216427884960927,-0.009550069433149844,-0.02363115142764549,0.01785208066728572,-0.005779070760359772,S2
2024-06-17,-16.26682130559385,-15.845323185736444,-15.75371389201545,0.00912,0.42149811985740726,0.09160929372099424,0.0,-25.064418505617738,-8.797597200023887,-9.219095319881294,-0.04611749620263339,-0.002667434920367029,-0.055866194773507516,-0.058533629693874545,S2
2024-06-18,-16.20310408666401,-15.770175206819074,-15.692121221324289,0.00912,0.4329288798449351,0.07805398549478504,0.09774339281210483,-25.068078864665807,-8.767231385189692,-9.200160265034627,0.030365814834194538,0.018935054846666688,0.013555308226209206,0.032490363072875894,S2
2024-06-20,-16.189736850573244,-15.75935730490809,-15.678649199687055,0.00924,0.43037954566515424,0.080708105221035,0.09291268206916536,-25.075401186495206,-8.792751653852797,-9.223131199517951,-0.025520268663104417,-0.022970934483323546,-0.0026541197262499594,-0.025625054209573506,S2
2024-06-21,-16.134729325197092,-15.699813725414682,-15.624927732289457,0.0093,0.43491559978241057,0.07488599312522481,0.1503878857941232,-25.07906314943268,-8.793945938441464,-9.228861538223875,-0.001194284588667216,-0.005730338705923543,0.0058221120958101835,9.177338988664019e-05,S2
2024-06-24,-16.022383550201393,-15.578109371684787,-15.517402310463389,0.009179999999999999,0.444274178516606,0.06070706122139846,0.0,-24.82868507211818,-8.806301521916787,-9.250575700433393,-0.012355583475322618,-0.02171416220951805,0.014178931903826353,-0.007535230305691698,S2
2024-06-25,-16.122964308119833,-15.682771576139126,-15.614875693728939,0.0093,0.44019273198070685,0.06789588241018762,-0.08506751385284385,-24.832311005112995,-8.794414210846007,-9.234606942826714,0.01188731107077956,0.015968757606678707,-0.007188821188789163,0.008779936417889544,S2
2024-06-26,-16.451126202428114,-16.042029290425116,-15.933866684782526,0.0093,0.40909691200299747,0.10816260564259039,-0.438834257463255,-24.83593746763203,-8.82364552266717,-9.232742434670168,-0.029231311821163786,0.0018645081565455968,-0.04026672323240277,-0.03840221507585717,S2
2024-06-27,-16.418488163783433,-16.00347161423933,-15.902607625356467,0.0093,0.4150165495441023,0.10086398888286396,-0.37563950310876476,-24.839564459752612,-8.796715799077944,-9.211732348622046,0.02692972358922674,0.021010086048121934,0.007298616759726428,0.028308702807848363,S2
2024-06-28,-16.48280137328259,-16.07903297595853,-15.965010100786543,0.0093,0.4037683973240611,0.11402287517198673,-0.44629074420071424,-24.84319198155209,-8.80668135247021,-9.210449749794272,-0.009965553392266457,0.0012825988277747058,-0.013158886289122762,-0.011876287461348056,S2
2024-07-01,-16.940690149497854,-16.5791385636569,-16.41061526916764,0.0093,0.36155158584095304,0.16852329448926184,0.0,-25.789174390999502,-8.848484241501648,-9.210035827342601,-0.041802889031437473,0.0004139224516706008,-0.05450041931727512,-0.054086496865604516,S2
2024-07-02,-17.035964488380603,-16.67605617806928,-16.502947591582735,0.00936,0.3599083103113223,0.1731085864865456,-0.07006889755861415,-25.79294059199088,-8.82704500116889,-9.186953311480213,0.021439240332757237,0.023082515862387964,-0.004585291997283747,0.018497223865104218,S2
2024-07-03,-17.02888827981782,-16.661586383660037,-16.50017920262468,0.009179999999999999,0.36730189615778386,0.1614071810353579,-0.035022706971561124,-25.79670734299095,-8.802841770144688,-9.170143666302472,0.02420323102420241,0.016809645177740862,0.011701405451187696,0.028511050628928558,S2
2024-07-05,-17.036291645801093,-16.662031627155255,-16.505568655033322,0.00936,0.37426001864583824,0.1564629721219326,0.020921349483008167,-25.80424249533844,-8.747029500054339,-9.121289518700177,0.055812270090349614,0.04885414760229523,0.004944208913425285,0.053798356515720513,S2
2024-07-08,-17.08003102344071,-16.70720555302685,-16.551200854974613,0.00924,0.3728254704138614,0.15600469805223582,0.0,-25.838825704142735,-8.758794680702024,-9.131620151115886,-0.011765180647685725,-0.010330632415708862,0.00045827406969678464,-0.009872358346012078,S2
2024-07-09,-17.172208719605155,-16.807813648800792,-16.63902629050478,0.00936,0.3643950708043633,0.16878735829601155,-0.09617271445392642,-25.842599156115554,-8.766563150964327,-9.13095822176869,-0.007768470262302429,0.0006619293471956667,-0.012782660243775723,-0.012120730896580056,S2
2024-07-10,-17.489730953181706,-17.14609209603319,-16.94849747084472,0.00936,0.34363885714851605,0.1975946251884686,-0.42245900994196867,-25.84637315915598,-8.779101215916242,-9.122740073064758,-0.012538064951915118,0.008218148703932115,-0.02880726689245705,-0.020589118188524935,S2
2024-07-11,-16.951636186715177,-16.56162427785234,-16.424270517035733,0.009479999999999999,0.39001190886283865,0.13735376081660533,0.1784278350427359,-25.85014771334448,-8.720083691586566,-9.110095600449405,0.05901752432967555,0.012644472615352953,0.06024086437186327,0.07288533698721622,S2
2024-07-12,-17.120341864315755,-16.739364400282323,-16.588705147524156,0.009479999999999999,0.3809774640334318,0.15065925275816738,0.0342743565057097,-25.853922818761557,-8.699306597940094,-9.080284061973526,0.020777093646472622,0.029811538475879473,-0.013305491941562053,0.01650604653431742,S2
2024-07-15,-17.39203872947987,-17.035494757253158,-16.85334443364013,0.009479999999999999,0.35654397222671363,0.1821503236130262,0.0,-26.102516099604056,-8.710477370124185,-9.067021342350898,-0.011170772184090794,0.013262719622627372,-0.031491070854858805,-0.018228351232231432,S2
2024-07-16,-17.45634187851695,-17.09781425139931,-16.919130882566265,0.00936,0.35852762711764186,0.17868336883304536,-0.056086509776772486,-26.10632806041061,-8.706072691670432,-9.064600318788074,0.004404678453752808,0.002421023562824587,0.0034669547799808242,0.005887978342805411,S2
2024-07-17,-16.88802960519639,-16.48951185895519,-16.366697486611194,0.00936,0.3985177462412004,0.12281437234399561,0.513170936407382,-26.110140577908528,-8.708940036304757,-9.107457782545957,-0.002867344634324809,-0.04285746375788335,0.05586899648904975,0.013011532731166398,S2
2024-07-18,-16.687225279235587,-16.27968822920132,-16.170799293218725,0.00942,0.4075370500342679,0.10888893598259486,0.6811750291530784,-26.113953652179102,-8.745553343790437,-9.153090393824705,-0.03661330748568048,-0.04563261127874796,0.013925436361400756,-0.0317071749173472,S2
2024-07-19,-16.564481803037395,-16.153234952987283,-16.051372691042467,0.00942,0.4112468500501123,0.10186226194481662,0.7900897836841659,-26.117767283303646,-8.763195696582084,-9.174442546632196,-0.017642352791646942,-0.021352152807491365,0.0070266740377782355,-0.01432547876971313,S2
2024-07-22,-17.016017949823656,-16.63437249413488,-16.49036707691402,0.009479999999999999,0.3816454556887763,0.14400541722086047,0.0,-25.78205191630026,-8.766033966476606,-9.147679422165382,-0.002838269894521517,0.026763124466814503,-0.04214315527604384,-0.01538003080922934,S2
2024-07-23,-16.945516024499728,-16.55735624241781,-16.421408050210168,0.00954,0.38815978208191737,0.13594819220764265,0.0925478897129589,-25.78581707713926,-8.747753162926575,-9.135912945008492,0.01828080355003081,0.01176647715688972,0.008057225013217817,0.019823702170107538,S2
2024-07-24,-16.16663456569551,-15.72972583814213,-15.662733244053726,0.009899999999999999,0.43690872755338006,0.06699259408840419,0.873852946510011,-25.78958278783504,-8.749095275629521,-9.186004003182902,-0.0013421127029467073,-0.0500910581744094,0.06895559811923846,0.018864539944829062,S2
2024-07-25,-15.941972652057313,-15.487981946336529,-15.446702307174649,0.00972,0.45399070572078415,0.041279639161880155,1.0939083309610382,-25.793349048467906,-8.757468065449554,-9.211458771170339,-0.008372789820032978,-0.025454767987437066,0.025712954926524034,0.00025818693908696844,S2
2024-07-26,-16.170731623164468,-15.723666904824727,-15.668524330307656,0.009899999999999999,0.4470647183397407,0.055142574517070386,0.9139862396401874,-25.797115859118165,-8.71239799631351,-9.15946271465325,0.04507006913604528,0.05199605651708872,-0.013862935355190231,0.03813312116189849,S2
2024-07-29,-16.108012230854893,-15.652338508623327,-15.609191320919551,0.009959999999999998,0.4556737222315661,0.04314718770377546,0.0,-24.832062169897423,-8.72404993904253,-9.179723661274096,-0.011651942729020703,-0.0202609466208461,0.011995386813294928,-0.00826555980755117,S2
2024-07-30,-15.859357031028832,-15.385135750114845,-15.369556151869876,0.009899999999999999,0.4742212809139872,0.015579598244968906,0.2515717044629099,-24.835688596077045,-8.724759860585301,-9.198981141499289,-0.0007099215427714967,-0.01925748022519258,0.027567589458806552,0.008310109233613971,S2
2024-07-31,-16.289053794142358,-15.83761672700574,-15.785652181604668,0.01008,0.45143706713661835,0.05196454540107176,-0.13753389724241155,-24.83931555185291,-8.687795654952964,-9.139232722089583,0.036964205632337155,0.05974841940970599,-0.036384947156102854,0.023363472253603135,S2
2024-08-01,-15.480287943415014,-14.964955806327009,-15.00722159152709,0.01026,0.5153321370880057,-0.042265785200081396,0.7243740377065283,-24.84294303730236,-8.638281056180816,-9.153613193268821,0.04951459877214859,-0.014380471179238796,0.09423033060115316,0.07984985942191436,S2
2024-08-02,-14.204536493402394,-13.588443949242919,-13.791273701369159,0.0108,0.6160925441594749,-0.20282975212623988,2.08069249945164,-24.846571052502746,-8.561342059648712,-9.177434603808187,0.07693899653210323,-0.023821410539365928,0.16056396692615849,0.13674255638679256,S2
2024-08-05,-12.891111286319147,-12.204003577133992,-12.544985229893985,0.0111,0.6871077091851543,-0.3409816527599929,0.0,-21.61351849938407,-8.722407213064924,-9.409514922250079,-0.16106515341621197,-0.23208031844189136,0.13815190063375304,-0.09392841780813832,S2
2024-08-06,-13.741644048248602,-13.106848729114482,-13.344447482204538,0.01068,0.6347953191341205,-0.2375987530900563,-0.8227874376470348,-21.616674895690736,-8.697818285089166,-9.332613604223287,0.024588927975758068,0.0769013180267919,-0.10338289966993663,-0.026481581643144736,S2
2024-08-07,-13.648622910072968,-13.012351210986619,-13.256969126953445,0.0108,0.6362716990863486,-0.2446179159668258,-0.7463844639672739,-21.619831752951388,-8.717593306845695,-9.353865005932043,-0.019775021756528233,-0.02125140170875639,0.0070191628767695136,-0.014232238831986876,S2
2024-08-08,-14.60525998905444,-14.032521392355418,-14.171972229713068,0.01068,0.5727385966990219,-0.13945083735764996,-1.7103384822884307,-21.622989071233352,-8.728067564467343,-9.300806161166365,-0.010474257621648775,0.053058844765677904,-0.10516707860917585,-0.05210823384349794,S2
2024-08-09,-14.63584949524794,-14.055035895132274,-14.201967990606336,0.010620000000000001,0.5808136001156665,-0.14693209547406205,-1.7146469694154063,-21.626146850603956,-8.70494432477142,-9.285757924887086,0.02312323969592356,0.015048236279278981,0.007481258116412093,0.022529494395691074,S2
2024-08-12,-14.53308604807395,-13.940554152809169,-14.106203893792138,0.01068,0.5925318952647807,-0.16564974098296936,0.0,-23.212734336453114,-8.679648288379164,-9.272180183643945,0.025296036392255417,0.013577741243141261,0.01871764550890731,0.03229538675204857,S2
2024-08-13,-15.048446332890558,-14.483464695971342,-14.60388339191564,0.0108,0.5649816369192155,-0.12041869594429677,-0.4551592309558402,-23.21612427913779,-8.622837177203072,-9.187818814122288,0.056811111176092055,0.08436136952165718,-0.04523104503867259,0.03913032448298459,S2
2024-08-14,-15.144522169821139,-14.580916031144593,-14.693200128958425,0.01044,0.5636061386765459,-0.11228409781383242,-0.5356319159530831,-23.219514716883122,-8.610624463015066,-9.174230601691612,0.012212714188006402,0.013588212430676094,-0.008134598130464354,0.00545361430021174,S2
2024-08-15,-16.009588414472187,-15.513461488409677,-15.524395859202576,0.01008,0.4961269260625105,-0.010934370792899273,-1.4719906218727352,-23.222905649761397,-8.685307857161945,-9.181434783224455,-0.07468339414687897,-0.007204181532843634,-0.10134972702093314,-0.10855390855377678,S2
2024-08-16,-15.995154401246682,-15.493804843711924,-15.511464812102751,0.01014,0.5013495575347573,-0.017659968390827174,-1.4457699669033393,-23.226297077844936,-8.676912643501593,-9.17826220103635,0.008395213660351786,0.003172582188105011,0.0067255975979279015,0.009898179786032912,S2
2024-08-19,-16.28534664214646,-15.7997571178913,-15.793607536583403,0.01008,0.4855895242551611,0.006149581307896668,0.0,-24.96236271125656,-8.677016069110099,-9.16260559336526,-0.00010342560850595817,0.015656607671090228,-0.023809549698723842,-0.008152942027633614,S2
2024-08-20,-16.0955394753778,-15.594155030241716,-15.611291978111659,0.01014,0.501384445136086,-0.017136947869943242,0.21249344757480082,-24.96600816627443,-8.657975243321829,-9.159359688457915,0.019040825788270155,0.0032459049073452206,0.02328652917783991,0.02653243408518513,S2
2024-08-21,-16.19084218606799,-15.693560294046591,-15.70426202959725,0.01014,0.49728189202139816,-0.010701735550659564,0.15280304460564945,-24.96965415366748,-8.62600892299384,-9.123290815015238,0.03196632032798874,0.03606887344267662,-0.0064352123192836785,0.02963366112339294,S2
2024-08-22,-16.03303407902335,-15.533078095534574,-15.55115360354398,0.0102,0.4999559834887748,-0.018075508009406605,0.26057043941001934,-24.973300673513453,-8.679696155080084,-9.179652138568859,-0.0536872320862436,-0.056361323553620224,0.007373772458747041,-0.04898755109487318,S2
2024-08-23,-16.35929044897384,-15.874562018519576,-15.867422225233438,0.0102,0.4847284304542647,0.0071397932861376745,-0.012094137118032144,-24.97694772589011,-8.629751414034303,-9.114479844488567,0.04994474104578117,0.06517229408029124,-0.02521530129554428,0.03995699278474696,S2
2024-08-26,-16.27089316349217,-15.780094095276233,-15.78314914509142,0.0102,0.4907990682159351,-0.0030550498151864502,0.0,-24.916744020615443,-8.645850857123275,-9.13664992533921,-0.016099443088972265,-0.02217008085064265,0.010194843101324125,-0.011975237749318524,S2
2024-08-27,-16.377077194377694,-15.893439505825263,-15.885841486329326,0.01026,0.48363768855243094,0.007598019495937081,-0.09303888964304637,-24.920382813568242,-8.636344508833595,-9.119982197386026,0.009506348289679778,0.016667727953183942,-0.01065306931112353,0.006014658642060411,S2
2024-08-28,-16.181065801579066,-15.686914402027082,-15.696874795191965,0.01026,0.49415139955198484,-0.009960393164883286,0.1032285091518982,-24.924022137923306,-8.639727827192342,-9.133879226744327,-0.003383318358746834,-0.013897029358300728,0.017558412660820366,0.0036613833025196385,S2
2024-08-29,-16.28365767679643,-15.797162348533996,-15.795722167714,0.01014,0.4864953282624338,0.0014401808199959731,0.001976399903472481,-24.927661993758235,-8.642027917058332,-9.128523245320766,-0.0023000898659901736,0.005355981423560863,-0.011400573984879259,-0.006044592561318396,S2
2024-08-30,-16.793973165422756,-16.346168652828172,-16.28857354331288,0.01014,0.4478045125945833,0.057595109515293785,-0.5226469230755372,-24.931302381150648,-8.65997613880343,-9.107780651398013,-0.01794822174509747,0.020742593922753016,-0.05615492869529781,-0.035412334772544796,S2
2024-09-03,-15.739594438584255,-15.21692636557717,-15.274080832625899,0.01038,0.5226680730070861,-0.057154467048729174,0.0,-24.41292136337837,-8.673326924794114,-9.1959949978012,-0.013350785990684955,-0.0882143464031877,0.11474957656402296,0.026535230160835255,S2
2024-09-04,-15.482623347359599,-14.93576295565266,-15.028166730545037,0.01038,0.5468603917069395,-0.09240377489237694,0.3086435682662598,-24.416486579047834,-8.625219663421976,-9.172080055128916,0.048107261372138055,0.023914942672284667,0.03524930784364777,0.05916425051593244,S2
2024-09-05,-15.237443952488402,-14.66652520193141,-14.792972739569192,0.01038,0.5709187505569915,-0.12644753763778205,0.5605325524679974,-24.420052315374477,-8.622075810418078,-9.19299456097507,0.0031438530038983004,-0.02091450584615373,0.034043762745405104,0.013129256899251374,S2
2024-09-06,-14.560049678864234,-13.94442740958335,-14.140460904500976,0.01038,0.6156222692808839,-0.19603349491762678,1.2612179769926122,-24.423618572434336,-8.60235091657749,-9.217973185858375,0.0197248938405874,-0.024978624883305045,0.06958595727984473,0.04460733239653969,S2
2024-09-09,-14.956925844604893,-14.361324635892203,-14.524584960967985,0.01038,0.5956012087126901,-0.16326032507578248,0.0,-23.544639257558647,-8.587713412953754,-9.183314621666444,0.014637503623736947,0.03465856419193081,-0.03277316984184431,0.0018853943500865,S2
2024-09-10,-14.988644349952853,-14.389518276921835,-14.557491086358363,0.01044,0.5991260730310177,-0.16797280943652737,0.0037840444217937808,-23.548077670994033,-8.555649276619388,-9.154775349650405,0.03206413633436611,0.028539272016038453,0.004712484360744895,0.03325175637678335,S2
2024-09-11,-15.394504448307224,-14.820937243365124,-14.949858563983062,0.0105,0.5735672049420995,-0.1289213206179376,-0.41252170964023116,-23.551516586568642,-8.56953384790165,-9.143101052843749,-0.013884571282261504,0.01167429680665677,-0.039051488818589775,-0.027377192011933005,S2
2024-09-12,-15.786191742887896,-15.241814890589477,-15.326426690211635,0.01044,0.5443768522984183,-0.08461179962215759,-0.8055119840713527,-23.554956004355816,-8.574276245539272,-9.11865309783769,-0.004742397637622631,0.024447955006058564,-0.044309520995780005,-0.01986156598972144,S2
2024-09-13,-15.962724029219059,-15.427796450793219,-15.496580783281045,0.010320000000000001,0.5349275784258403,-0.06878433248782656,-0.9412514864583328,-23.55839592442889,-8.536923381668165,-9.071850960094006,0.03735286387110648,0.04680213774368447,-0.01582746713433103,0.03097467060935344,S2
2024-09-16,-15.91561928091627,-15.37370663557409,-15.45211969566657,0.0102,0.5419126453421796,-0.07841306009247972,0.0,-24.4571115977731,-8.54149231685683,-9.08340496219901,-0.00456893518866508,-0.011554002105004457,0.009628727604653164,-0.0019252745003512928,S2
2024-09-17,-15.981448341507049,-15.446456664405872,-15.514997258560056,0.01008,0.5349916771011767,-0.06854059415418412,-0.08228445234255666,-24.460683266898656,-8.561519377734163,-9.09651105483534,-0.020027060877332303,-0.013106092636329336,-0.009872465938295605,-0.02297855857462494,S2
2024-09-18,-16.026815615912714,-15.500842003150922,-15.558093199225018,0.01002,0.525973612761792,-0.057251196074096455,-0.13437292935761014,-24.46425545762384,-8.571812771068736,-9.097786383830528,-0.010293393334572798,-0.0012753289951881186,-0.011289398080087665,-0.012564727075275783,S2
2024-09-19,-16.801284877984845,-16.329773148409828,-16.30779579917804,0.01002,0.47151172957501686,0.021977349231786292,-0.8991588639153577,-24.467492996592178,-8.56536698252269,-9.036878712097707,0.0064457885460456055,0.060907671732820745,-0.07922854530588275,-0.018320873573062002,S2
2024-09-20,-16.73790124767894,-16.26141028154306,-16.24680479579275,0.01002,0.4764909661358807,0.014605485750308844,-0.8226851959969328,-24.470730964008407,-8.555514912326398,-9.032005878462279,0.009852070196291862,0.004872833635428009,0.0073718634814774475,0.012244697116905456,S2
2024-09-23,-16.907563585281448,-16.443329819343315,-16.41242044545919,0.009899999999999999,0.4642337659381326,0.030909373884124847,0.0,-25.485473162077984,-8.577909576796536,-9.042143342734668,-0.022394664470137826,-0.010137464272389707,-0.016303888133816002,-0.02644135240620571,S2
2024-09-24,-13.489335461533248,-13.019162208949517,-12.97889892119032,0.009959999999999998,0.47017325258373077,0.0402632877591973,-0.06439538046690213,-22.036131840643726,-8.61119175957738,-9.081365012161111,-0.033282182780844494,-0.039221669426442674,-0.00935391387507245,-0.048575583301515124,S2
2024-09-25,-13.563475809605446,-13.104283642380778,-13.050812479755832,0.009899999999999999,0.4591921672246677,0.053471162624946444,-0.15948024083332005,-22.03904804774715,-8.635052478975027,-9.094244646199694,-0.023860719397646335,-0.012879634038583276,-0.013207874865749147,-0.026087508904332424,S2
2024-09-26,-13.699551532666103,-13.249456212961794,-13.182581193907641,0.009899999999999999,0.4500953197043085,0.06687501905415338,-0.3270528426626296,-22.041964640774207,-8.669465950770732,-9.11956127047504,-0.03441347179570542,-0.0253166242753462,-0.01340385642920694,-0.03872048070455314,S2
2024-09-27,-13.545131535865247,-13.080099248198168,-13.033537824169644,0.009959999999999998,0.4650322876670785,0.04656142402852481,-0.14057929165146382,-22.044881619775953,-8.64032937556217,-9.105361663229248,0.02913657520856283,0.014199607245792834,0.020313595025628572,0.034513202271421406,S2
2024-09-30,-13.860674356388301,-13.423973469606509,-13.340298573354792,0.009779999999999999,0.436700886781793,0.08367489625171665,0.0,-22.573300485248886,-8.712626128860585,-9.149327015642378,-0.07229675329841534,-0.04396535241312982,-0.037113472223191835,-0.08107882463632166,S2
2024-10-01,-13.301821030451896,-12.817691371180686,-12.799900115542918,0.009899999999999999,0.48412965927120943,0.017791255637767733,0.5783633876241322,-22.57628777992015,-8.696103361844122,-9.180233021115331,0.016522767016462936,-0.030906005472953524,0.06588364061394891,0.03497763514099539,S2
2024-10-02,-13.458068733363667,-12.990603200256123,-12.95113780656531,0.009839999999999998,0.4674655331075446,0.039465393690813144,0.4087443781533683,-22.5792754699226,-8.712462358405563,-9.179927891513108,-0.016358996561441685,0.0003051296022231753,-0.02167413805304541,-0.021369008450822236,S2
2024-10-03,-13.561830355804823,-13.109888440945875,-13.052296015974926,0.00972,0.4519419148589474,0.05759242497094874,0.27201651611426647,-22.582263555308536,-8.748416683389447,-9.200358598248394,-0.03595432498388362,-0.020430706735286464,-0.018127031280135597,-0.03855773801542206,S2
2024-10-04,-14.22028105067245,-13.82920012551847,-13.693976703839589,0.00942,0.39108092515397885,0.1352234216788819,-0.49487442601352283,-22.585252036130292,-8.859845411471367,-9.250926336625346,-0.11142872808192017,-0.05056773837695161,-0.07763099670793316,-0.12819873508488477,S2
2024-10-07,-14.006469061685834,-13.6068600174321,-13.489604396409064,0.00924,0.3996090442537348,0.11725562102303577,0.0,-22.89465575754393,-8.888186695858096,-9.28779574011183,-0.02834128438672856,-0.03686940348648449,0.017967800655846133,-0.018901602830638353,S2
2024-10-08,-14.391894170212161,-14.020636261611166,-13.863942029071165,0.0093,0.3712579086009953,0.15669423254000137,-0.38670713341176005,-22.89768557957592,-8.89249854277552,-9.263756451376516,-0.004311846917424589,0.024039288735314912,-0.039438611516965594,-0.015399322781650682,S2
2024-10-09,-14.694051928269669,-14.34636282912368,-14.159354078703124,0.00924,0.3476890991459882,0.18700875042055642,-0.7191419952854464,-22.90071580256706,-8.925805869582838,-9.273494968728826,-0.03330732680731785,-0.009738517352310794,-0.03031451788055506,-0.04005303523286585,S2
2024-10-10,-14.719955203892827,-14.377503712677502,-14.184873704535468,0.00924,0.3424514912153249,0.19263000814203401,-0.7384978466845051,-22.9037464265704,-8.92228906936208,-9.264740560577405,0.003516800220758398,0.0087544081514217,-0.0056212577214775905,0.0031331504299441093,S2
2024-10-11,-14.927892347278128,-14.599309369798522,-14.387530227023108,0.00924,0.32858297747960563,0.21177914277541454,-0.9295520054228027,-22.90677745163902,-8.908437109783694,-9.2370200872633,0.013851959578385475,0.027720473314104765,-0.019149134633380527,0.008571338680724239,S2
2024-10-15,-14.761689301053346,-14.412804033294933,-14.227834112755268,0.009179999999999999,0.3488852677584138,0.18496992053966466,0.0,-23.694375074979604,-8.932685773926258,-9.281571041684671,-0.024248664142563214,-0.04455095442137136,0.026809222235749885,-0.017741732185621473,S2
2024-10-16,-14.911611940976657,-14.571376105847616,-14.376614353382056,0.009059999999999999,0.3402358351290413,0.19476175246555982,-0.14239918247129027,-23.697510729885135,-8.928297971379768,-9.26853380650881,0.0043878025464891834,0.013037235175861639,-0.009791831925895167,0.003245403249966472,S2
2024-10-17,-15.10561157033854,-14.78704165580631,-14.563444546052825,0.009179999999999999,0.3185699145322314,0.22359710975348435,-0.3631801185236066,-23.700646799755464,-8.958215347940529,-9.27678526247276,-0.029917376560760545,-0.008251455963950605,-0.028835357287924523,-0.03708681325187513,S2
2024-10-18,-15.234504942529576,-14.923186922461834,-14.689198834609508,0.009179999999999999,0.31131802006774123,0.2339880878523264,-0.4793399671082289,-23.703783284645517,-8.94861830922417,-9.25993632929191,0.009597038716359307,0.016848933180849457,-0.01039097809884204,0.006457955082007416,S2
2024-10-21,-15.477443532239418,-15.195825112373145,-14.925192637562493,0.00924,0.28161841986627323,0.2706324748106521,0.0,-24.48005856834317,-9.002615036103753,-9.284233455970027,-0.05399672687958379,-0.024297126678115788,-0.036644386958325725,-0.06094151363644151,S2
2024-10-22,-15.471383929734639,-15.189455463195053,-14.917795228081154,0.0093,0.28192846653958625,0.2716602351138988,-0.015195653016220261,-24.48329819865604,-9.027109921937623,-9.309038388477209,-0.024494885833869162,-0.024804932507182187,-0.0010277603032466942,-0.02583269281042888,S2
2024-10-23,-15.238026217960366,-14.943085561617892,-14.692617534391152,0.00924,0.29494065634247413,0.25046802722673966,0.1943935599567133,-24.486538257693564,-9.054118479776486,-9.34905913611896,-0.027008557838863467,-0.04002074764175134,0.021192207887159142,-0.0188285397545922,S2
2024-10-24,-15.220942316782688,-14.920624044533644,-14.679382336912429,0.00912,0.3003182722490436,0.24124170762121544,0.20969139409670312,-24.48977874551247,-9.059145034633078,-9.359463306882121,-0.005026554856591758,-0.010404170763161247,0.009226319605524225,-0.001177851157637022,S2
2024-10-25,-15.323258448070193,-15.035763314734508,-14.781305555365838,0.009059999999999999,0.28749513333568544,0.25445775936866966,0.09136143989705861,-24.493019662169512,-9.078399774202259,-9.365894907537944,-0.019254739569181112,-0.006431600655822933,-0.013216051747454216,-0.01964765240327715,S2
2024-10-28,-15.489683510377494,-15.21590599084145,-14.944493729613422,0.009059999999999999,0.27377751953604523,0.2714122612280274,0.0,-24.60461459269619,-9.114931082318696,-9.388708601854741,-0.036531308116437344,-0.02281369431679714,-0.016954501859357762,-0.0397681961761549,S2
2024-10-29,-15.552948926581859,-15.283188852554435,-15.010120361237664,0.00894,0.26976007402742397,0.2730684913167707,-0.060943215608952724,-24.607870706444796,-9.115864995471888,-9.385625069499312,-0.0009339131531920231,0.0030835323554292415,-0.0016562300887432713,0.0014273022666859703,S2
2024-10-30,-15.441819121927379,-15.16474964066889,-14.910694094526729,0.00864,0.2770694812584882,0.25405554614216186,0.0272575195518893,-24.611127251099425,-9.142050609620158,-9.419120090878646,-0.02618561414826992,-0.03349502137933413,0.01901294517460883,-0.014482076204725303,S2
2024-10-31,-14.71561926768813,-14.384142611847134,-14.196474370956386,0.00876,0.33147665584099606,0.18766824089074774,0.7320436237349942,-24.614384226717107,-9.166721335293982,-9.498197991134978,-0.024670725673823668,-0.07907790025633155,0.06638730525141412,-0.012690595004917427,S2
2024-11-01,-15.124711991877904,-14.831972542001033,-14.59762354635933,0.00876,0.29273944987687095,0.23434899564170308,0.3051502627497976,-24.61764163335488,-9.187779378727177,-9.480518828604048,-0.02105804343319484,0.01767916253093027,-0.046680754750955344,-0.029001592220025074,S2
2024-11-04,-14.849062948118252,-14.527839009670116,-14.32798175190473,0.00876,0.3212239384481368,0.19985725776538565,0.0,-24.037891668483848,-9.188828720365596,-9.510052658813732,-0.0010493416384189658,-0.029533830209684808,0.03449173787631743,0.004957907666632622,S2
2024-11-05,-15.113029832356373,-14.804138975080056,-14.58774036515401,0.0087,0.3088908572763174,0.21639860992604554,-0.28152013095201156,-24.04107278352446,-9.209563082120097,-9.518453939396414,-0.02073436175450105,-0.008401280582681636,-0.016541352160659883,-0.02494263274334152,S2
2024-11-06,-16.488713270112736,-16.29810974764965,-15.9494838668668,0.0084,0.19060352246308554,0.3486258807828513,-1.6996878660715538,-24.04425431954595,-9.255228915504766,-9.445832437967852,-0.04566583338466934,0.0726215014285625,-0.13222727085680575,-0.05960576942824325,S2
2024-11-07,-16.46303503536359,-16.256900690254742,-15.913749651799804,0.00864,0.20613434510884687,0.34315103845493766,-1.6278891820316947,-24.047436276604042,-9.212290423272147,-9.418424768380994,0.042938492232618586,0.027407669586857253,0.0054748423279136205,0.03288251191477087,S2
2024-11-08,-16.548739835375557,-16.346711944464783,-16.012469089294488,0.00828,0.20202789091077378,0.33424285517029517,-1.741257337977359,-24.05045392505383,-9.242971427655633,-9.444999318566406,-0.03068100438348509,-0.026574550185411994,0.00890818328464249,-0.017666366900769503,S2
2024-11-12,-16.8198592039176,-16.65078521543709,-16.287161098368877,0.00816,0.16907398848050903,0.3636241170682126,0.0,-26.150763326778154,-9.330904122860556,-9.499978111341065,-0.0879326952049233,-0.05497879277465856,-0.029381261897917454,-0.08436005467257601,S2
2024-11-13,-16.874670212917884,-16.710271348192837,-16.32799426505152,0.00846,0.1643988647250474,0.38227708314131803,-0.03368087224532977,-26.154044916112923,-9.31305557544037,-9.477454440165417,0.017848547420186378,0.02252367117564802,-0.018652966073105404,0.0038707051025426154,S2
2024-11-14,-16.604343604576357,-16.41727368710335,-16.06737787085965,0.00834,0.18706991747300705,0.3498958162436985,0.21070708418645281,-26.15732691724556,-9.34227622848275,-9.529346145955756,-0.02922065304237975,-0.051891705790339415,0.032381266897619554,-0.01951043889271986,S2
2024-11-15,-16.141631575486116,-15.92048699394411,-15.607804601830097,0.00846,0.22114458154200634,0.31268239211401294,0.6890512472140679,-26.16060933022774,-9.329926507527556,-9.551071089069563,0.012349720955192822,-0.02172494311380646,0.037213424129685535,0.015488481015879074,S2
2024-11-18,-16.255068926114777,-16.03963209750822,-15.717594491162494,0.00852,0.21543682860655622,0.3220376063457273,0.0,-25.594948503534212,-9.339879577419435,-9.555316406025991,-0.009953069891878386,-0.004245316956428269,-0.00935521423171437,-0.01360053118814264,S2
2024-11-19,-16.31190017176051,-16.097772611911598,-15.773491014259987,0.00852,0.21412755984891163,0.3242815976516109,-0.053679990247935155,-25.598160345153655,-9.339940163641081,-9.554067723489993,-6.058622164673011e-05,0.0012486825359978582,-0.002243991305883597,-0.0009953087698857388,S2
2024-11-20,-16.3577691640751,-16.149432174698504,-15.81668332688393,0.008579999999999999,0.20833698937659761,0.3327488478145728,-0.11919425070137464,-25.601372589818514,-9.362797676444789,-9.571134665821386,-0.02285751280370718,-0.017066942331393165,-0.008467250162961903,-0.025534192494355068,S2
2024-11-21,-16.599896702461393,-16.411443914605456,-16.054780837076294,0.008579999999999999,0.18845278785593678,0.3566630775291628,-0.37527414289079986,-25.60458523757936,-9.379962678008766,-9.568415465864703,-0.01716500156397771,0.002719199956683127,-0.023914229714590007,-0.02119502975790688,S2
2024-11-22,-16.658253265709966,-16.469740605961714,-16.112034519679806,0.008579999999999999,0.18851265974825182,0.35770608628190814,-0.44457605213955437,-25.60779828848678,-9.394121074916367,-9.582633734664618,-0.014158396907600235,-0.014218268799915279,-0.0010430087527453225,-0.015261277552660601,S2
2024-11-25,-16.38945023003624,-16.162763788032198,-15.849883478566557,0.00852,0.2266864420040413,0.3128803094656405,0.0,-25.745715065023553,-9.356264834987314,-9.582951276991356,0.03785623992905229,-0.00031754232673719684,0.04482577681626765,0.04450823448953045,S2
2024-11-26,-16.689588409543703,-16.48836220296114,-16.142891396640074,0.008579999999999999,0.20122620658256096,0.3454708063210674,-0.30047323815072197,-25.748945825935486,-9.359830654542506,-9.561056861125067,-0.0035658195551917515,0.021894415866288597,-0.03259049685542692,-0.010696080989138324,S2
2024-11-27,-16.429314317277427,-16.20236251482964,-15.887139322501705,0.008579999999999999,0.22695180244778612,0.3152231923279363,-0.00949249582691264,-25.752176992266964,-9.332355170816449,-9.559306973264235,0.027475483726057348,0.0017498878608321888,0.03024761399313114,0.03199750185396333,S2
2024-11-29,-16.444971578572282,-16.209512141685877,-15.900209780089591,0.00864,0.23545943688640492,0.309302361596286,-0.0025987987563283466,-25.75864054139206,-9.316267761576107,-9.551727198462512,0.0160874092403418,0.007579774801723005,0.005920830731650284,0.013500605533373289,S2
2024-12-02,-16.538679820325314,-16.30938822958624,-15.99955493699133,0.00846,0.22929159073907357,0.30983329259490944,0.0,-25.8960131416901,-9.357333321364788,-9.586624912103861,-0.04106555978868087,-0.034897713641349526,-0.0005309309986234467,-0.03542864463997297,S2
2024-12-03,-16.663875907141446,-16.44828238751117,-16.125632950442686,0.0084,0.21559351963027495,0.3226494370684847,-0.13447161076441191,-25.899262763105618,-9.369858466728584,-9.585451986358859,-0.012525145363795787,0.0011729257450028285,-0.012816144473575264,-0.011643218728572435,S2
2024-12-04,-16.779445944527865,-16.567592886714255,-16.241527780981414,0.00834,0.21185305781360952,0.326065105732841,-0.23636118478031873,-25.902512792307434,-9.359428032559887,-9.571281090373496,0.010430434168696934,0.014170895985362364,-0.003415668664356275,0.010755227321006089,S2
2024-12-05,-16.641270377762396,-16.415892825161116,-16.10317708037384,0.0084,0.22537755260128023,0.31271574478727615,-0.10890462547132024,-25.90576322934672,-9.373397477055647,-9.598775029656927,-0.013969444495760541,-0.027493939283431246,0.013349360945564825,-0.01414457833786642,S2
2024-12-06,-16.697319042963052,-16.47281679177252,-16.153823396537252,0.00852,0.22450225119053258,0.3189933952352675,-0.13931470461960244,-25.90901407427466,-9.35100973593121,-9.575511987121743,0.022387741124436644,0.023263042535184297,-0.006277650447991334,0.016985392087192963,S2
2024-12-09,-16.59647408286709,-16.370362351622784,-16.05600577074228,0.00852,0.2261117312443055,0.3143565808805029,0.0,-25.98490060528039,-9.388426522413301,-9.614538253657607,-0.03741678648209046,-0.039026266535863385,0.004636814354764596,-0.03438945218109879,S2
2024-12-10,-16.53956726446794,-16.310990209926302,-16.00267528020053,0.00846,0.22857705454163835,0.30831492972577124,0.045979710944809016,-25.988161380945932,-9.402614405533182,-9.63119146007482,-0.01418788311988095,-0.016653206417213795,0.006041651154731653,-0.010611555262482142,S2
2024-12-11,-16.93997410032788,-16.7452155633826,-16.39465836490751,0.00852,0.19475853694527956,0.3505571984750908,-0.3715833679020406,-25.991422565797492,-9.423031833371653,-9.617790370316932,-0.02041742783847056,0.01340108975788823,-0.04224226874931958,-0.02884117899143135,S2
2024-12-12,-16.90339311962402,-16.712706080322867,-16.354512679419486,0.00864,0.19068703930115305,0.3581934009033816,-0.3514026042402932,-25.994684159886415,-9.442693644502686,-9.63338068380384,-0.019661811131033602,-0.015590313486907093,-0.0076362024282907726,-0.023226515915197865,S2
2024-12-13,-17.11213334219846,-16.94575188471751,-16.565580686848005,0.00852,0.16638145748095212,0.3801711978695046,-0.5881071831509932,-25.997946163264054,-9.473920004216584,-9.640301461697536,-0.031226359713897978,-0.00692077789369705,-0.02197779696612301,-0.02889857485982006,S2
2024-12-16,-17.207057412181612,-17.046052960609682,-16.65963463753189,0.00852,0.16100445157193022,0.3864183230777911,0.0,-26.71040136391221,-9.5033439517306,-9.66434840330253,-0.029423947514015225,-0.02404694160499332,-0.006247125208286519,-0.03029406681327984,S2
2024-12-17,-17.085358182745214,-16.91682514385777,-16.548357332324414,0.00834,0.16853303888744264,0.36846781153335684,0.10797728280447604,-26.713753180727192,-9.520417715177501,-9.688950754064944,-0.017073763446902035,-0.02460235076241446,0.017950511544434278,-0.006651839217980182,S2
2024-12-18,-16.187370369670713,-15.971971904034778,-15.671383977524563,0.00822,0.21539846563593557,0.3005879265102145,0.8729260560204741,-26.7171054181527,-9.65680899246151,-9.872207458097446,-0.1363912772840088,-0.18325670403250172,0.06787988502314235,-0.11537681900935937,S2
2024-12-19,-16.39253302060464,-16.195689738786104,-15.866613371659094,0.0084,0.19684328181853417,0.32907636712701027,0.7009398733030054,-26.72027506003214,-9.626802166124495,-9.82364544794303,0.030006826337015013,0.04856201015441641,-0.028488440616795785,0.020073569537620628,S2
2024-12-20,-16.675609263338963,-16.489214629251833,-16.136823176152536,0.008579999999999999,0.18639463408712942,0.35239145309929754,0.46519001242839,-26.723445077948938,-9.582645802181585,-9.769040436268714,0.04415636394291056,0.05460501167431531,-0.023315085972287264,0.03128992570202804,S2
2024-12-23,-17.11754738546499,-16.969551149871503,-16.574851453764023,0.00852,0.14799623559348873,0.39469969610748024,0.0,-26.730398081761997,-9.612850696297006,-9.760846931890494,-0.030204894115421155,0.00819350437821953,-0.0423082430081827,-0.03411473862996317,S2
2024-12-24,-17.518280517338926,-17.398547285263838,-16.97810581602397,0.00834,0.11973323207508813,0.4204414692398686,-0.3863512742559022,-26.733569300645485,-9.60164005756246,-9.721373289637548,0.011210638734546308,0.03947364225294692,-0.025741773132388346,0.01373186912055857,S2
2024-12-26,-17.480886231076077,-17.35678226812166,-16.93871862045658,0.0084,0.12410396295441828,0.418063647665079,-0.3447164341772976,-26.739912867130425,-9.603743070231644,-9.727847033186062,-0.0021030126691847784,-0.006473743548514932,0.002377821574789607,-0.004095921973725325,S2
2024-12-27,-17.19149048995595,-17.049758461436543,-16.65432042264776,0.0084,0.14173202851940658,0.39543803878878236,-0.0694977083735263,-26.743085214821157,-9.621092433238733,-9.76282446175814,-0.01734936300708867,-0.034977428572076974,0.02262560887629661,-0.012351819695780364,S2
2024-12-30,-16.624654452704707,-16.431742218218687,-16.089238649267912,0.008579999999999999,0.19291223448601968,0.34250356895077516,0.0,-26.244026489893738,-9.61937203718903,-9.81228427167505,0.0017203960497020887,-0.04945980991691101,0.0529344698380072,0.0034746599210961904,S2
2024-12-31,-16.568611995342692,-16.374060671623845,-16.036909607297122,0.00852,0.19455132371884787,0.33715106432672215,0.059409982451224155,-26.24714000702614,-9.619118029232222,-9.81366935295107,0.00025400795680852184,-0.0013850812760196618,0.005352504624053012,0.00396742334803335,S2
2025-01-02,-16.45212945324264,-16.24695240485684,-15.915957962819812,0.0087,0.2051770483857993,0.33099444203702966,0.16193511670408287,-26.25336814947138,-9.639303579524658,-9.844480627910457,-0.020185550292435295,-0.030811274959386736,0.006156622289692493,-0.024654652669694244,S2
2025-01-03,-16.96639756391533,-16.80174083881608,-16.423652578302985,0.00864,0.164656725099249,0.3780882605130955,-0.3622331856186178,-26.256482774871873,-9.652318396575161,-9.81697512167441,-0.01301481705050378,0.02750550623604653,-0.04709381847606586,-0.019588312240019334,S2
2025-01-06,-17.214048809905552,-17.069298569681816,-16.667816776944623,0.00864,0.14475024022373617,0.40148179273719364,0.0,-26.883431126965096,-9.669382317059544,-9.81413255728328,-0.017063920484382322,0.0028425643911305087,-0.023393532224098124,-0.020550967832967615,S2
2025-01-07,-16.950387688021817,-16.7913126435668,-16.40137998963194,0.00882,0.1590750444550153,0.38993265393486,0.23666643005241872,-26.886620501256566,-9.69956638318233,-9.858641427637345,-0.03018406612278568,-0.04450887035406481,0.011549138802333658,-0.03295973155173115,S2
2025-01-08,-17.012248269195922,-16.85758661195018,-16.459615416952953,0.00888,0.1546616572457431,0.39797119499722555,0.18176966491805133,-26.889810253926388,-9.695792319812416,-9.850453977058159,0.003774063369913705,0.008187450579185906,-0.008038541062365567,0.00014890951682033915,S2
2025-01-10,-16.690610715686994,-16.52004776673379,-16.160303463430207,0.00852,0.17056294895320434,0.3597443033035823,0.41566611338779813,-26.89619089458065,-9.789914065505858,-9.960477014459062,-0.09412174569344245,-0.11002303740090369,0.03822689169364324,-0.07179614570726045,S2
2025-01-13,-16.795801781946633,-16.633485018970212,-16.259349248568178,0.00864,0.1623167629764204,0.3741357704020345,0.0,-26.603885289455466,-9.808083507508833,-9.970400270485253,-0.01816944200297499,-0.00992325602619104,-0.014391467098452182,-0.024314723124643223,S2
2025-01-14,-16.814504813442998,-16.65185609910344,-16.277913295548025,0.00864,0.1626487143395572,0.37394280355541554,-0.008842490723467478,-26.60704149921882,-9.801379176499289,-9.964027890838846,0.006704331009544262,0.006372379646407467,0.00019296684661895824,0.006565346493026425,S2
2025-01-15,-17.15718212611449,-17.007396044633968,-16.61443711775473,0.00864,0.14978608148052075,0.3929589268792384,-0.26787369786260234,-26.61019808342598,-9.720889655174094,-9.870675736654615,0.0804895213251946,0.09335215418423104,-0.019016123323822853,0.07433603086040819,S2
2025-01-16,-16.953505150745872,-16.78293239031363,-16.409304664254442,0.00876,0.17057276043224334,0.3736277260591869,-0.04778901328675056,-26.61335504212137,-9.707638904662247,-9.87821166509449,0.013250750511847542,-0.00753592843987505,0.019331200820051464,0.011795272380176414,S2
2025-01-17,-17.273715407316317,-17.12643030676555,-16.72379842581879,0.00876,0.14728510055076782,0.4026318809467604,-0.3924422723181955,-26.616512375349416,-9.735239240351294,-9.882524340902062,-0.02760033568904774,-0.004312675807572219,-0.029004154887573463,-0.03331683069514568,S2
2025-01-21,-17.455321557040556,-17.314653358228416,-16.90302130654728,0.00876,0.14066819881213988,0.4116320516811349,0.0,-27.21013397842442,-9.754812421383864,-9.895480620196004,-0.019573181032569664,-0.01295627929394172,-0.009000170734374535,-0.021956450028316254,S2
2025-01-22,-17.747542572242022,-17.632427057641728,-17.19931673574634,0.008579999999999999,0.11511551460029423,0.4331103218953878,-0.2994739615082297,-27.213362111818864,-9.765293501085072,-9.880409015685366,-0.010481079701207818,0.015071604510637826,-0.02147827021425286,-0.006406665703615033,S2
2025-01-23,-18.073641408132406,-17.988976789295815,-17.520568435479532,0.008579999999999999,0.08466461883659093,0.4684083538162831,-0.6274154727643837,-27.21659062818993,-9.770364692821907,-9.855029311658498,-0.005071191736835345,0.025379704026867955,-0.03529803192089531,-0.009918327894027357,S2
2025-01-24,-17.92297214641087,-17.823731574984052,-17.37254872532153,0.008579999999999999,0.09924057142681875,0.45118284966252276,-0.4707928797787776,-27.219819527583056,-9.767640260950962,-9.866880832377781,0.0027244318709449544,-0.01185152071928286,0.01722550415376034,0.005373983434477481,S2
2025-01-27,-17.13103636828275,-16.961756793900552,-16.589132748196363,0.0087,0.1692795743821982,0.37262404570418894,0.0,-26.904282345847292,-9.773245977564542,-9.94252555194674,-0.005605716613580114,-0.07564471956895957,0.07855880395833381,0.0029140843893742385,S2
2025-01-28,-17.52396984617462,-17.38531780657988,-16.975335582004597,0.0087,0.1386520395947386,0.409982224575284,-0.3775369132733927,-26.907474193868442,-9.761041260967215,-9.899693300561953,0.012204716597327803,0.04283225138478741,-0.03735817887109505,0.005474072513692363,S2
2025-01-29,-17.343857005437457,-17.190547973540234,-16.798671431412608,0.0087,0.15330903189722278,0.39187654212762624,-0.218742686659752,-26.91066642056142,-9.785552101783715,-9.938861133680938,-0.024510840816500234,-0.03916783311898442,0.018105682447657756,-0.021062150671326663,S2
2025-01-30,-17.457419230124557,-17.308545148797585,-16.91036594411173,0.0087,0.14887408132697288,0.398179204685853,-0.31555191380588155,-26.91385902597115,-9.771991709652472,-9.920865790979445,0.013560392131243049,0.017995342701492945,-0.006302662558226757,0.011692680143266188,S2
2025-01-31,-17.43129404290689,-17.28683519058759,-16.885210298068085,0.0087,0.14445885231930333,0.4016248925195036,-0.31479716878296615,-26.917052010142562,-9.800555136018637,-9.94501398833794,-0.0285634263661656,-0.02414819735849605,-0.0034456878336506236,-0.027593885192146672,S2
2025-02-03,-17.01279474664244,-16.832146448148855,-16.472528899424177,0.00876,0.18064829849358688,0.3596175487246782,0.0,-26.869698098858926,-9.856903352216484,-10.037551650710071,-0.05634821619784702,-0.09253766237213057,0.0420073437948254,-0.05053031857730517,S2
2025-02-04,-17.23356864295348,-17.066120937262244,-16.68939292747345,0.00876,0.16744770569123446,0.3767280097887955,-0.18905082069117163,-26.872885843902754,-9.828368021640447,-9.995815727331681,0.02853533057603741,0.04173592337838983,-0.01711046106411729,0.02462546231427254,S2
2025-02-05,-17.142736092315747,-16.956474681043485,-16.602533445631572,0.0087,0.18626141127226248,0.3539412354119129,-0.0633944575848821,-26.876073967131646,-9.79673233240078,-9.982993743673042,0.03163568923966764,0.012821983658639624,0.02278677437688259,0.035608758035522214,S2
2025-02-06,-17.306314513562693,-17.133645875523754,-16.766138394789674,0.00864,0.17266863803893884,0.3675074807340799,-0.2507901932798251,-26.879262468590465,-9.823738148307598,-9.996406786346537,-0.027005815906818498,-0.013413042673494857,-0.013566245322166992,-0.02697928799566185,S2
2025-02-07,-17.044935968699235,-16.85647606404543,-16.50724870060727,0.0087,0.18845990465380424,0.3492273634381604,-0.044869371411459774,-26.882451348324086,-9.882384751036309,-10.070844655690113,-0.05864660272871092,-0.07443786934357632,0.018280117295919496,-0.05615775204765683,S2
2025-02-10,-17.34404748187163,-17.178768962899127,-16.802025681289393,0.0087,0.165278518972503,0.376743281609734,0.0,-27.22879235284554,-9.884744870973911,-10.050023389946414,-0.002360119937602434,0.020821265743698802,-0.027515918171573617,-0.006694652427874814,S2
2025-02-11,-17.42904050539046,-17.273302781148665,-16.883280457997508,0.00876,0.15573772424179566,0.3900223231511575,-0.09917165913076638,-27.232022699816795,-9.902153853557103,-10.057891577798898,-0.017408982583191346,-0.007868187852483999,-0.013279041541423453,-0.021147229393907452,S2
2025-02-12,-17.508648877304942,-17.366024433346414,-16.964640988669156,0.0087,0.14262444395852825,0.40138344467725773,-0.2367664485193921,-27.235253430027285,-9.963371001241736,-10.105995445200264,-0.06121714768463349,-0.048103867401366074,-0.011361121526100249,-0.05946498892746632,S2
2025-02-13,-17.61445123626345,-17.46818658080444,-17.071344335071466,0.00864,0.14626465545901013,0.396842245732973,-0.31128380688140556,-27.23848454352248,-9.935317114140435,-10.081581769599445,0.028053887101300745,0.024413675600818863,0.00454119894428473,0.028954874545103593,S2
2025-02-14,-17.49201684824268,-17.33016868545127,-16.945719527611878,0.00876,0.16184816279141145,0.3844491578393914,-0.16453086051634494,-27.241716040347843,-9.914230052621505,-10.076078215412917,0.021087061518930028,0.005503554186528703,0.012393087893581622,0.017896642080110325,S2
2025-02-18,-17.766261706400936,-17.63285287503052,-17.222247040329002,0.00864,0.13340883137041715,0.4106058347015171,0.0,-27.7380361165411,-9.971774410140164,-10.10518324151058,-0.05754435751865827,-0.029105026097663966,-0.02615667686212575,-0.055261702959789716,S2
2025-02-19,-17.80034741570816,-17.666949473904037,-17.250287157089254,0.00876,0.13339794180412312,0.41666231681478294,-0.025375444649086913,-27.741326878753263,-9.966354907694189,-10.099752849498312,0.0054195024459744445,0.00543039201226847,-0.006056482113265815,-0.0006260901009973452,S2
2025-02-20,-17.568350570475957,-17.413756862014445,-17.01997217295424,0.00882,0.15459370846151188,0.3937846890602046,0.2088261823880488,-27.744618031372156,-9.96744127850815,-10.122034986969663,-0.001086370813961679,-0.02228213747135044,0.022877627754578356,0.0005954902832279174,S2
2025-02-21,-16.745876289926983,-16.522166229058328,-16.20876732175645,0.00894,0.22371006086865464,0.31339890730187747,1.023962664654647,-27.747909574444094,-9.978070619862464,-10.201780680731119,-0.010629341354313482,-0.07974569376145624,0.08038578175832711,0.000640087996870875,S2
2025-02-24,-16.516382164233622,-16.27258840344387,-15.986655579336386,0.00888,0.24379376078975312,0.28593282410748344,0.0,-26.513280277921634,-9.996898113688012,-10.240691874477765,-0.018827493825547492,-0.03891119374664598,0.02746608319439403,-0.011445110552251947,S2
2025-02-25,-16.098693680324516,-15.812816143856217,-15.573848359275697,0.009,0.2858775364682984,0.23896778458052026,0.4496975651724256,-26.516425738562486,-9.968034493065545,-10.253912029533844,0.028863620622466613,-0.013220155056078653,0.04696503952696318,0.03374488447088453,S2
2025-02-26,-15.977885522673814,-15.676672879480245,-15.454203460624484,0.009059999999999999,0.3012126431935691,0.222469418855761,0.589581420304534,-26.5195715723719,-9.952104629393551,-10.25331727258712,0.015929863671994227,0.000594756946723507,0.016498365724759267,0.017093122671482774,S2
2025-02-27,-15.521085272906772,-15.191591205999242,-15.00621695941666,0.00912,0.3294940669075306,0.1853742465825814,1.0070566247289958,-26.522717779394142,-9.994575881758374,-10.324069948665905,-0.04247125236482319,-0.07075267607878466,0.0370951722731796,-0.03365750380560506,S2
2025-02-28,-15.946778252979321,-15.642183320669337,-15.415741174313506,0.00942,0.3045949323099837,0.22644214635583104,0.628522308906944,-26.5258643596735,-9.950563797787233,-10.255158730097216,0.044012083971141536,0.06891121856868843,-0.04106789977324965,0.027843318795438776,S2
2025-03-03,-15.075357381419856,-14.699016255812836,-14.563906605922629,0.00966,0.37634112560701993,0.13510964989020735,0.0,-25.079653542627533,-10.004296161207677,-10.380637286814697,-0.053732363420444074,-0.12547855671748032,0.09133249646562369,-0.034146060251856625,S2
2025-03-04,-14.824601753658808,-14.436251080415708,-14.319890737047176,0.00966,0.38835067324309946,0.11636034336853207,0.2355981043601759,-25.082628921844197,-10.022429063825214,-10.410779737068314,-0.01813290261753764,-0.03014245025361717,0.01874930652167528,-0.01139314373194189,S2
2025-03-05,-15.367035357106099,-15.023042278507077,-14.851816384820301,0.00942,0.34399307859902173,0.17122589368677588,-0.3163521470398343,-25.085604654051444,-10.034921443985178,-10.3789145225842,-0.0124923801599639,0.031865214484113835,-0.054865550318243805,-0.02300033583412997,S2
2025-03-06,-14.770188949297271,-14.385668057212815,-14.268698430605088,0.00954,0.3845208920844563,0.1169696266077267,0.2569263536026447,-25.08858073929115,-10.061465436391234,-10.44598632847569,-0.026543992406056205,-0.06707180589149075,0.05425626707904918,-0.012815538812441574,S2
2025-03-07,-15.051511065184142,-14.688721034092662,-14.540894273989633,0.00966,0.36279003109148,0.14782676010302964,-0.017735085188946564,-25.091557177605196,-10.05778119761,-10.42057122870148,0.0036842387812345834,0.02541509977421086,-0.030857133495302946,-0.005442033721092088,S2
2025-03-10,-13.820607116885029,-13.360035956848519,-13.345011020758825,0.009839999999999998,0.4605711600365101,0.015024936089693242,0.0,-23.923963914087405,-10.103356797202377,-10.563927957238887,-0.045575599592377,-0.1433567285374071,0.1328018240133364,-0.010554904524070707,S2
2025-03-11,-13.75655949710379,-13.295037556238746,-13.282142220103264,0.01008,0.46152194086504394,0.012895336135482438,0.05969456273635987,-23.926802185552727,-10.110548125712576,-10.57207006657762,-0.007191328510199213,-0.00814210933873305,0.0021295999542108035,-0.006012509384522247,S2
2025-03-12,-14.054099549481078,-13.614352735347268,-13.570833445926507,0.009899999999999999,0.43974681413381056,0.043519289420761,-0.22387545157850497,-23.929640793742557,-10.099416695839983,-10.539163509973793,0.011131429872593301,0.03290655660382669,-0.03062395328527856,0.0022826033185481265,S2
2025-03-13,-13.464937328268036,-12.976405027491207,-13.00048959697961,0.0102,0.4885323007768285,-0.024084569488403318,0.3813026364037441,-23.932479738696838,-10.086239774025056,-10.574772074801885,0.013176921814926246,-0.035608564828091716,0.06760385890916432,0.0319952940810726,S2
2025-03-14,-14.280521366483566,-13.852516484978743,-13.79116999160509,0.009899999999999999,0.4280048815048225,0.06134649337365339,-0.42846219756146064,-23.935319020455523,-10.08325985153342,-10.511264733038242,0.0029799224916366995,0.0635073417636427,-0.0854310628620567,-0.021923721098414006,S2
2025-03-17,-14.487790318064912,-14.072062876081539,-13.994246098441627,0.009779999999999999,0.41572744198337297,0.0778167776399119,0.0,-24.588323079798986,-10.100532761734074,-10.516260203717447,-0.01727291020065458,-0.004995470679205027,-0.016470284266258517,-0.021465754945463544,S2
2025-03-18,-14.078219461874017,-13.630867313386819,-13.59665085871362,0.009779999999999999,0.44735214848719806,0.03421645467319934,0.40425735515060446,-24.59124016895813,-10.108763351933508,-10.556115500420706,-0.008230590199433507,-0.0398552967032586,0.04360032296671257,0.0037450262634539655,S2
2025-03-19,-14.347109387857607,-13.913493757392445,-13.85820309292733,0.009839999999999998,0.4336156304651624,0.055290664465115213,0.1766785148857523,-24.59415760419249,-10.070369701449131,-10.503985331914294,0.03839365048437671,0.05213016850641239,-0.021074209791915877,0.031055958714496512,S2
2025-03-20,-14.258378171666305,-13.81668977494174,-13.77237319508884,0.009839999999999998,0.4416883967245653,0.04431657985290016,0.27989547824571825,-24.597075385543118,-10.058801735631096,-10.500490132355662,0.011567965818034764,0.0034951995586318674,0.010974084612215051,0.014469284170846919,S2
2025-03-21,-14.331185220975037,-13.895024419836403,-13.842027586192701,0.01008,0.43616080113863376,0.05299683364370189,0.22337003207664471,-24.59999351305108,-10.045438259999397,-10.48159906113803,0.013363475631699373,0.018891071217630895,-0.008680253790801729,0.010210817426829166,S2
2025-03-24,-15.157911054868054,-14.789052944296548,-14.646678374198727,0.009839999999999998,0.3688581105715052,0.14237457009782162,0.0,-25.23904037031447,-10.081129315446416,-10.449987426017922,-0.03569105544701934,0.03161163512010923,-0.08937773645411973,-0.0577661013340105,S2
2025-03-25,-15.13183804314318,-14.757173369449397,-14.620305643958723,0.009959999999999998,0.37466467369378265,0.13686772549067427,0.03669699389082143,-25.242034658733917,-10.073499621699916,-10.448164295393699,0.00762969374649991,0.0018231306242224576,0.005506844607147343,0.007329975231369801,S2
2025-03-26,-14.867659547686765,-14.478004169211687,-14.36382916238044,0.009959999999999998,0.38965537847507825,0.11417500683124615,0.28296309478256143,-25.24502930238728,-10.094406659917952,-10.48406203839303,-0.020907038218036078,-0.03589774299933168,0.022692718659428124,-0.01320502433990356,S2
2025-03-27,-14.851946987968354,-14.464240100995202,-14.347161566811128,0.01008,0.38770688697315236,0.1170785341840741,0.30105420580236814,-25.2480243013167,-10.095023107545977,-10.48272999451913,-0.0006164476280243747,0.0013320438739015117,-0.0029035273528279504,-0.0015714834789264387,S2
2025-03-28,-13.873846633852246,-13.405261531828657,-13.400740862785183,0.01038,0.4685851020235887,0.004520669043474257,1.264834909779772,-25.25101965556433,-10.112338111932313,-10.580923213955902,-0.017315004386336597,-0.09819321943677295,0.11255786514059984,0.014364645703826895,S2
2025-03-31,-13.911097912630705,-13.440602297794427,-13.438359700238792,0.01056,0.47049561483627755,0.002242597555635939,0.0,-24.05566209260209,-10.144564179971386,-10.615059794807664,-0.032226068039072686,-0.03413658085176152,0.002278071487838318,-0.031858509363923204,S2
2025-04-01,-13.872887898818892,-13.392523740424199,-13.402687673498853,0.01038,0.4803641583946927,-0.010163933074654352,0.058725281564093776,-24.05851598836711,-10.126902807984123,-10.607266966378816,0.017661371987262697,0.0077928284288475425,0.012406530630290291,0.020199359059137834,S2
2025-04-02,-14.16489583910668,-13.70829397521764,-13.68480299238698,0.01038,0.4566018638890412,0.0234909828306602,-0.2534009656610964,-24.061370222710256,-10.149875349264672,-10.606477213153713,-0.022972541280548597,0.0007897532251028849,-0.03365491590531455,-0.03286516268021167,S2
2025-04-03,-12.09081147908315,-11.479430296148415,-11.702037725148223,0.01134,0.6113811829347355,-0.22260742899980812,1.7578944671563121,-24.0642247956717,-10.215518849432236,-10.826900032366972,-0.06564350016756393,-0.22042281921325824,0.24609841183046832,0.025675592617210086,S2
2025-04-04,-9.663113866323677,-8.896446121696162,-9.395132284092552,0.01164,0.7666677446275152,-0.49868616239639074,3.767896287608585,-24.06707970729161,-10.636069553359349,-11.402737297986864,-0.4205507039271126,-0.5758372656198922,0.2760787333965826,-0.2997585322233096,S2
2025-04-07,-9.982670219162369,-9.25344676733987,-9.715625002653402,0.012119999999999999,0.7292234518224987,-0.46217823531353197,0.0,-20.66971395055285,-10.687043731390482,-11.41626718321298,-0.05097417803113302,-0.013529885226116534,-0.03650792708285877,-0.050037812308975305,S2
2025-04-08,-9.721475905860457,-8.99357539150257,-9.460183666109831,0.012,0.727900514357886,-0.4666082746072604,0.1344494576456784,-20.672166146999597,-10.81624078349346,-11.544141297851347,-0.12919705210297927,-0.12787411463836662,0.004430039293728427,-0.1234440753446382,S2
2025-04-09,-13.15166031050008,-12.646989519943153,-12.716767196037628,0.012119999999999999,0.5046707905569274,-0.06977767609447483,-3.0482973894455103,-20.674618634368002,-10.57125571331343,-11.075926503870358,0.24498507018003046,0.4682147939809891,-0.39683059851278557,0.07138419546820352,S2
2025-04-10,-12.132450854651301,-11.569251596991528,-11.743467370358484,0.011819999999999999,0.5631992576597735,-0.17421577336695648,-2.076406355184946,-20.677071412692577,-10.621026913226222,-11.184226170885996,-0.049771199912791886,-0.10829966701563798,0.10443809727248166,-0.0038615697431563234,S2
2025-04-11,-12.948368336753202,-12.446415715433014,-12.515448976482055,0.011399999999999999,0.5019526213201875,-0.06903326104904117,-2.919724866056952,-20.67952448200784,-10.65088101131159,-11.152833632631777,-0.029854098085367653,0.031392538254218394,-0.10518251231791531,-0.07378997406369692,S2
2025-04-14,-13.07154231590031,-12.558352074369058,-12.636931368333585,0.011399999999999999,0.5131902415312517,-0.0785792939645269,0.0,-23.554139569576776,-10.482597253676467,-10.995787495207718,0.16828375763512327,0.15704613742405904,0.009546032915485725,0.16659217033954477,S2
2025-04-15,-12.959991557301283,-12.434332944182454,-12.53144733010359,0.011399999999999999,0.5256586131188286,-0.0971143859211363,0.1436402567882988,-23.55693396612706,-10.453302152037477,-10.978960765156305,0.029295101638989962,0.016826730051413108,0.018535091956609406,0.035361822008022514,S2
2025-04-16,-12.047261366311101,-11.45212057758054,-11.662881289294583,0.011519999999999999,0.5951407887305606,-0.21076071171404287,1.0238295951561829,-23.559728694196647,-10.488637732729362,-11.083778521459923,-0.03533558069188558,-0.10481775630361767,0.11364632579290657,0.008828569489288896,S2
2025-04-17,-12.289920491726038,-11.711915039926337,-11.893855915287425,0.011519999999999999,0.5780054517997009,-0.1819408753610876,0.8273480803245951,-23.562523753824877,-10.445255181774245,-11.023260633573946,0.04338255095511734,0.06051788788597712,-0.028819836352955264,0.031698051533021854,S2
2025-04-21,-11.734326331942908,-11.127135774215732,-11.367453487302832,0.01176,0.6071905577271757,-0.2403177130870997,0.0,-22.27487761525613,-10.540551283313222,-11.147741841040398,-0.0952961015389775,-0.1244812074664523,0.0583768377260121,-0.0661043697404402,S2
2025-04-22,-12.517601092832045,-11.961902842671773,-12.111964446479593,0.01158,0.5556982501602725,-0.15006160380782063,-0.7412655736871384,-22.277520243783577,-10.50118472463867,-11.056882974798942,0.039366558674553076,0.09085886624145623,-0.09025610927927907,0.0006027569621771534,S2
2025-04-23,-13.015597495573331,-12.492183408027945,-12.58461956870415,0.011160000000000002,0.5234140875453868,-0.09243616067620586,-1.2366945800155758,-22.280163185825003,-10.501260270267249,-11.024674357812636,-7.554562857947644e-05,0.03220861698630628,-0.05762544313161477,-0.02541682614530849,S2
2025-04-24,-13.46468558151511,-12.964792063362683,-13.017386829103923,0.011160000000000002,0.499893518152426,-0.052594765741240224,-1.631817666285194,-22.282806441417602,-10.449938526187687,-10.949832044340113,0.05132174407956214,0.0748423134725229,-0.039841394934965635,0.03500091853755727,S2
2025-04-25,-13.653442101328025,-13.162376684764354,-13.199089714633539,0.011040000000000001,0.4910654165636714,-0.03671302986918512,-1.7773829280411029,-22.285450010598574,-10.409390837311651,-10.900456253875323,0.04054768887603544,0.049375790464790015,-0.015881735872055103,0.03349405459273491,S2
2025-04-28,-13.500688222740184,-12.991764702323913,-13.055918731694625,0.01122,0.5089235204162712,-0.06415402937071235,0.0,-23.90460423864693,-10.403916015906745,-10.912839536323016,0.005474821404906294,-0.012383282447693489,0.02744099950152723,0.015057717053833741,S2
2025-04-29,-13.595661399515041,-13.088274257167047,-13.148666063689415,0.011279999999999998,0.5073871423479943,-0.060391806522368086,-0.061694025210096856,-23.90744021333507,-10.373472839030129,-10.880859981378123,0.030443176876616462,0.03197955494489335,-0.0037622228483442655,0.028217332096549086,S2
2025-04-30,-13.594303587713396,-13.085607636348923,-13.150799159177142,0.01176,0.5086959513644729,-0.0651915228282185,-0.04653573692717233,-23.910276524475236,-10.362508673689012,-10.871204625053485,0.010964165341116328,0.009655356324637765,0.00479971630585041,0.014455072630488175,S2
2025-05-01,-13.997075838224369,-13.525176273980332,-13.532761364094704,0.011699999999999999,0.4718995642440369,-0.007585090114371695,-0.4922888151134913,-23.913113172107337,-10.408326148996458,-10.880225713240495,-0.04581747530744629,-0.009021088187010307,-0.0576064327138468,-0.0666275209008571,S2
2025-05-02,-14.687375833597354,-14.271356807909147,-14.191565302247952,0.011399999999999999,0.4160190256882075,0.07979150566119486,-1.2066743918928018,-23.915950156271297,-10.435248714566743,-10.85126774025495,-0.026922565570284718,0.0289579729855447,-0.08737659577556656,-0.05841862279002186,S2
2025-05-05,-14.543904741866438,-14.119800584829061,-14.05441386255052,0.01146,0.4241041570373767,0.06538672227854114,0.0,-25.019018819030038,-10.4751140771636,-10.899218234200976,-0.03986536259685636,-0.047950493946025574,0.014404783382653719,-0.033545710563371856,S2
2025-05-06,-14.10608657534911,-13.644317872363306,-13.637724292232136,0.011699999999999999,0.46176870298580397,0.006593580131170285,0.4173879460947161,-25.02198700471446,-10.498512483270634,-10.960281186256438,-0.023398406107034475,-0.06106295205546175,0.05879314214737086,-0.0022698099080908918,S2
2025-05-07,-14.15245834078151,-13.688070272292535,-13.683806530956254,0.011699999999999999,0.46438806848897585,0.004263741336281157,0.3966949727677719,-25.024955542536045,-10.475802228986762,-10.940190297475738,0.02271025428387219,0.02009088878070031,0.0023298387948891275,0.02242072757558944,S2
2025-05-08,-14.630347979254111,-14.209875832621018,-14.139265732386463,0.01134,0.4204721466330934,0.07061010023455516,-0.11029419928925811,-25.027924432536565,-10.507870652571711,-10.928342799204804,-0.0320684235849491,0.011847498270933343,-0.066346358898274,-0.05449886062734066,S2
2025-05-09,-14.617944747184065,-14.195186935992057,-14.127906273089405,0.01134,0.4227578111920085,0.06728066290265211,-0.08926230815431704,-25.030893674757806,-10.502211235728058,-10.924969046920067,0.005659416843652565,0.0033737522847374635,0.0033294373319030512,0.006703189616640515,S2
2025-05-12,-15.884015448207379,-15.558586157634306,-15.348087719853064,0.010920000000000001,0.3254292905730729,0.21049843778124178,0.0,-26.389734502557364,-10.505719054349985,-10.831148344923058,-0.003507818621926617,0.09382070199700898,-0.14321777487858967,-0.049397072881580684,S2
2025-05-13,-16.22194126532849,-15.925688576190607,-15.672678482629662,0.010920000000000001,0.29625268913788183,0.2530100935609454,-0.34236984455279773,-26.39286530607659,-10.5132938853009,-10.809546574438782,-0.007574830950915157,0.021601770484275917,-0.04251165577970362,-0.0209098852954277,S2
2025-05-14,-16.334694688928412,-16.050775361465238,-15.783652403376138,0.0108,0.28391932746317394,0.26712295808910014,-0.49034150370515683,-26.3959964810255,-10.551643295802243,-10.835562623265417,-0.03834941050134333,-0.02601604882663544,-0.014112864528154745,-0.040128913354790186,S2
2025-05-15,-16.29620192187938,-16.000498778589336,-15.744638668313067,0.01098,0.2957031432900443,0.2558601102762683,-0.3960856641360008,-26.399128027448153,-10.499011769704776,-10.79471491299482,0.052631526097467685,0.040847710270597304,0.011262847812831822,0.052110558083429126,S2
2025-05-16,-16.467501425541407,-16.181467602379545,-15.911936620103674,0.010920000000000001,0.286033823161862,0.2695309822758709,-0.5674267155308307,-26.402259945388625,-10.50218523537805,-10.788219058539912,-0.003173465673274478,0.006495854454907857,-0.013670871999602596,-0.0071750175446947395,S2
2025-05-19,-16.555758987021584,-16.27949374445025,-15.994383930675127,0.011040000000000001,0.2762652425713341,0.28510981377512223,0.0,-27.0949009476319,-10.539141960610316,-10.81540720318165,-0.03695672523226534,-0.027188144641737466,-0.015578831499251322,-0.04276697614098879,S2
2025-05-20,-16.492739793864896,-16.21315157823418,-15.93679181120818,0.010920000000000001,0.27958821563071723,0.2763597670259994,0.06677758772358151,-27.09811541010524,-10.538598028516763,-10.81818624414748,0.0005439320935529679,-0.0027790409658301485,0.00875004674912283,0.005971005783292682,S2
2025-05-21,-16.182189388512704,-15.891604186065747,-15.631533162333175,0.0111,0.29058520244695707,0.2600710237325714,0.3008857567385867,-27.101330253933327,-10.618255108682035,-10.908840311128992,-0.07965708016527273,-0.09065406698151257,0.016288743293428,-0.07436532368808457,S2
2025-05-22,-16.07998855082764,-15.776448201363536,-15.532377850405934,0.01122,0.3035403494641038,0.24407035095760143,0.4227375561569146,-27.1045454791614,-10.601819372176845,-10.905359721640949,0.01643573650519059,0.0034805894880438615,0.01600067277496997,0.019481262263013832,S2
2025-05-23,-15.748936144210166,-15.419622935911615,-15.214901930418106,0.011279999999999998,0.3293132082985508,0.2047210054935089,0.7108089982990886,-27.107761085834703,-10.648015943325447,-10.977329151623998,-0.04619657114860232,-0.07196942998304934,0.03934934546409252,-0.032620084518956816,S2
2025-05-27,-16.221673492956462,-15.913947356965895,-15.677995737546388,0.011040000000000001,0.307726135990567,0.2359516194195077,0.0,-26.825894117262134,-10.604220624305672,-10.911946760296239,0.04379531901977529,0.06538239132775914,-0.031230613925998796,0.03415177740176034,S2
2025-05-28,-16.141248340077226,-15.831160807927922,-15.601363854444639,0.01098,0.3100875321493035,0.22979695348328377,0.06200125083811846,-26.82907666552538,-10.625827074610037,-10.93591460675934,-0.0216064503043647,-0.02396784646310124,0.006154665936223935,-0.017813180526877304,S2
2025-05-29,-16.184325957898672,-15.873444175100133,-15.646723468365398,0.010860000000000002,0.31088178279853906,0.226720706734735,0.04796699963952246,-26.83225959135716,-10.599966633818966,-10.910848416617505,0.02586044079107097,0.02506619014183542,0.003076246748548783,0.028142436890384204,S2
2025-05-30,-16.15027865550539,-15.833589330328897,-15.611245339333127,0.011040000000000001,0.3166893251764922,0.2223439909957694,0.10619504836033751,-26.835442894802267,-10.57896919093654,-10.895658516113032,0.020997442882425332,0.01518990050447222,0.004376715738965586,0.019566616243437807,S2
2025-06-02,-16.403498546707826,-16.10928844439642,-15.854951689163881,0.011040000000000001,0.294210102311407,0.2543367552325382,0.0,-27.010712756182137,-10.60721420947431,-10.901424311785718,-0.028245018537770505,-0.005765795672685314,-0.03199276423676878,-0.03775855990945409,S2
2025-06-03,-16.581102220475387,-16.298772936348893,-16.03083225248921,0.010860000000000002,0.2823292841264937,0.2679406838596847,-0.18282638038224025,-27.013917230806378,-10.615641390713233,-10.897970674839726,-0.008427181238921833,0.003453636945991434,-0.013603928627146544,-0.01015029168115511,S2
2025-06-04,-16.36765740705225,-16.059719639905644,-15.82906196149085,0.0108,0.3079377671466048,0.23065767841479357,0.066170787837293,-27.01712208560043,-10.583293890710888,-10.891231657857492,0.03234750000234499,0.006739016982233892,0.03728300544489116,0.04402202242712505,S2
2025-06-05,-16.2363192134063,-15.92167551785011,-15.70591336829496,0.010620000000000001,0.31464369555619065,0.21576214955515027,0.14647852763135416,-27.020327320609397,-10.63752957957174,-10.952173275127931,-0.05423568886085306,-0.0609416172704389,0.014895528859643292,-0.046046088410795605,S2
2025-06-06,-16.84280093304806,-16.581881354682288,-16.296704348056913,0.01038,0.2609195783657725,0.28517700662537493,-0.4830852133901999,-27.023532935878386,-10.663817216220526,-10.924736794586298,-0.026287636648785195,0.027436480541632946,-0.06941485707022466,-0.04197837652859171,S2
2025-06-09,-16.816277181139718,-16.550667991820067,-16.27435882677907,0.010320000000000001,0.26560918931965105,0.27630916504099545,0.0,-27.493944501970937,-10.677667320831219,-10.94327651015087,-0.013850104610693137,-0.01853971556457168,0.008867841584379477,-0.009671873980192203,S2
2025-06-10,-16.934042968408132,-16.674689588333163,-16.391038889571902,0.01026,0.25935338007496966,0.28365069876126014,-0.11803493126225614,-27.497206305843797,-10.68119826869792,-10.940551648772889,-0.0035309478667002736,0.0027248613779811137,-0.007341533720264692,-0.004616672342283579,S2
2025-06-11,-16.692327919785072,-16.408502284416254,-16.153672239813968,0.01044,0.28382563536881733,0.2548300446022864,0.13330390739018963,-27.500468496687848,-10.674836669512587,-10.958662304881404,0.006361599185332523,-0.018110656108515144,0.028820654158973724,0.01070999805045858,S2
2025-06-12,-16.67398220147033,-16.384601452417943,-16.138774552527906,0.01038,0.28938074905238764,0.24582689989003725,0.15025287895037048,-27.503731074549002,-10.679495994128299,-10.968876743180687,-0.004659324615712279,-0.010214438299282591,0.009003144712249167,-0.001211293587033424,S2
2025-06-13,-16.36807969712183,-16.063992372074352,-15.839450128990181,0.0105,0.30408732504747604,0.22454224308417103,0.36601582065336224,-27.506994039473174,-10.772898521697982,-11.076985846745458,-0.09340252756968326,-0.10810910356477166,0.02128465680586622,-0.08682444675890544,S2
2025-06-16,-16.833244833164365,-16.565955945281626,-16.291476725627195,0.01044,0.26728888788273863,0.274479219654431,0.0,-27.58413528950643,-10.750890456342066,-11.018179344224805,0.022008065355915818,0.058806502520653225,-0.04993697657025997,0.008869525950393253,S2
2025-06-17,-16.32287666291756,-16.012753764856605,-15.799233709294532,0.01044,0.31012289806095694,0.2135200555620731,0.448611375376876,-27.58740779335943,-10.81591975506499,-11.126042653125946,-0.06502929872292285,-0.10786330890114115,0.06095916409235791,-0.046904144808783244,S2
2025-06-18,-16.316843951181845,-16.00226462257055,-15.790392000119125,0.010620000000000001,0.3145793286112948,0.21187262245142513,0.4839827909293259,-27.590680685453034,-10.789853943341864,-11.104433271953159,0.026065811723125165,0.021609381172787323,0.0016474331106479667,0.02325681428343529,S2
2025-06-20,-16.243837429622847,-15.923714339407496,-15.721863999636327,0.01056,0.32012309021535046,0.20185033977116973,0.5512940941381526,-27.59722763454631,-10.80209611078531,-11.12221920100066,-0.012242167443446306,-0.01778592904750198,0.010022282680255401,-0.007763646367246579,S2
2025-06-23,-16.468077387760054,-16.1588220783755,-15.93975202606338,0.010620000000000001,0.3092553093845538,0.21907005231212118,0.0,-27.242132534602742,-10.774055146842688,-11.083310456227242,0.028040963942622454,0.0389087447734191,-0.01721971254095145,0.021689032232467653,S2
2025-06-24,-16.77968989045418,-16.486100144320147,-16.24098682269468,0.01068,0.29358974613403177,0.2451133216254675,-0.2398454435189713,-27.24536446421546,-10.70552001728025,-10.999109763414282,0.0685351295624379,0.08420069281295994,-0.02604326931334633,0.058157423499613614,S2
2025-06-25,-16.776203697381135,-16.479747471357026,-16.23696696108932,0.010740000000000001,0.2964562260241088,0.24278051026770697,-0.21380828978850963,-27.24859677725517,-10.686201369662545,-10.982657595686653,0.01931864761770541,0.016452167727628364,0.0023328113577605336,0.018784979085388898,S2
2025-06-26,-16.97280988795572,-16.687835942179106,-16.426549424871784,0.0108,0.2849739457766134,0.26128651730732244,-0.38452988857640624,-27.251829473767366,-10.663549474388052,-10.948523420164666,0.022651895274492517,0.03413417552198794,-0.01850600703961547,0.015628168482372473,S2
2025-06-27,-17.210279304974094,-16.945531317826784,-16.657235131413024,0.010740000000000001,0.2647479871473095,0.28829618641375987,-0.63489801586972,-27.25506255379754,-10.679681264693166,-10.944429251840475,-0.01613179030511347,0.004094168324190406,-0.02700966910643743,-0.022915500782247022,S2
2025-06-30,-17.229715988708044,-16.960234480238775,-16.685083653520312,0.0105,0.2694815084692692,0.2751508267184626,0.0,-27.931932644133926,-10.702216655425882,-10.971698163895152,-0.02253539073271682,-0.02726891205467652,0.013145359695297287,-0.014123552359379232,S2
2025-07-01,-17.208650176850995,-16.938717149298427,-16.669598642818084,0.010320000000000001,0.2699330275525682,0.26911850648034275,-0.019936713888568353,-27.935246409682136,-10.74653294671971,-11.016465974272279,-0.044316291293828414,-0.044767810377127404,0.006032320238119837,-0.03873549013900757,S2
2025-07-02,-17.464895248718594,-17.21814565647369,-16.921478541979447,0.0102,0.24674959224490323,0.29666711449424454,-0.27982876711686355,-27.938560568366128,-10.753494086764398,-11.000243679009301,-0.006961140044687397,0.016222295262977582,-0.0275486080139018,-0.011326312750924217,S2
2025-07-03,-17.837361756028272,-17.623145287357687,-17.2890832189456,0.01002,0.2142164686705854,0.33406206841208785,-0.687471097253056,-27.941875120232538,-10.791984461457321,-11.006200930127907,-0.03849037469292327,-0.0059572511186054555,-0.03739495391784331,-0.043352205036448765,S2
2025-07-07,-17.663375708869577,-17.441635532514354,-17.113266818848665,0.01026,0.22174017635522247,0.3283687136656894,0.0,-28.524330508114478,-10.860954799244901,-11.082694975600123,-0.06897033778757944,-0.0764940454722165,0.005693354746398427,-0.07080069072581807,S2
2025-07-08,-17.70721662578238,-17.488661603186184,-17.155897820941043,0.01026,0.21855502259619541,0.33276378224514147,-0.03307102445791833,-28.52771455407105,-10.853568952746588,-11.072123975342784,0.007385846498312532,0.010571000257339591,-0.004395068579452044,0.006175931677887547,S2
2025-07-09,-17.723471856770438,-17.495720601062256,-17.169884955760665,0.01038,0.22775125570818133,0.32583564530159137,-0.013839603130424316,-28.531099001501268,-10.821466747861255,-11.049218003569436,0.03210220488533366,0.022905971773347744,0.006928136943550101,0.029834108716897845,S2
2025-07-10,-17.83402893754651,-17.61500564991571,-17.283315320211155,0.0102,0.21902328763080092,0.3316903297045535,-0.12855275390119317,-28.534483850452766,-10.829007666807449,-11.04803095443825,-0.007540918946194353,0.0011870491311860576,-0.005854684402962107,-0.004667635271776049,S2
2025-07-11,-17.905853927918837,-17.70150328035475,-17.34808792461746,0.010320000000000001,0.2043506475640875,0.3534153557372903,-0.23502005027513856,-28.537869100973175,-10.867035223329477,-11.071385870893565,-0.03802755652202805,-0.023354916455314623,-0.02172502603273685,-0.04507994248805147,S2
2025-07-14,-17.91794685424652,-17.71442302082962,-17.35940329988039,0.01038,0.20352383341689873,0.3550197209492296,0.0,-28.83089655877899,-10.912949704532469,-11.116473537949368,-0.04591448120299191,-0.04508766705580314,-0.001604365211939296,-0.046692032267742434,S2
2025-07-15,-17.945139229357522,-17.75054856637275,-17.39121470667949,0.0102,0.19459066298477268,0.35933385969325826,-0.059528222916177834,-28.8343169748654,-10.948705968424054,-11.143296631408827,-0.03575626389158515,-0.026823093459459102,-0.004314138744028639,-0.03113723220348774,S2
2025-07-16,-17.967925867433408,-17.770520338264156,-17.40827482826197,0.01038,0.19740552916925225,0.36224551000218597,-0.055414506624731755,-28.837737796740306,-10.92522643593163,-11.122631965100883,0.023479532492423516,0.020664666307943946,-0.0029116503089277046,0.01775301599901624,S2
2025-07-17,-18.16822845556799,-17.98560455727538,-17.607380823585935,0.01026,0.1826238982926114,0.3782237336894454,-0.25315665792874276,-28.841159024451855,-10.926087226812605,-11.108711125105216,-0.0008607908809743492,0.013920839995666512,-0.01597822368725943,-0.002057383691592918,S2
2025-07-18,-18.107337658144825,-17.916471884727102,-17.54497327083135,0.01038,0.19086577341772326,0.3714986138957528,-0.1728869255342858,-28.84458065804819,-10.910129925437651,-11.100995698855375,0.01595730137495366,0.007715426249841784,0.006725119793692613,0.014440546043534397,S2
2025-07-21,-17.984284125927193,-17.776342007913257,-17.42847224934127,0.01038,0.20794211801393558,0.34786975857198854,0.0,-28.91938706146104,-10.935102935533848,-11.143045053547784,-0.0249730100961969,-0.042049354692409224,0.023628855323764242,-0.018420499368644982,S2
2025-07-22,-17.940394428819978,-17.7252748771872,-17.386985281702046,0.01038,0.21511955163277818,0.33828959548515414,0.05636327489662921,-28.9228179758106,-10.926060272093991,-11.14117982372677,0.009042663439856824,0.0018652298210142249,0.009580163086834403,0.011445392907848628,S2
2025-07-23,-18.32133447365739,-18.138052865703546,-17.760642009161153,0.01026,0.18328160795384463,0.3774108565423937,-0.3227740943953718,-28.92624929719414,-10.92768891793212,-11.110970525885964,-0.001628645838128051,0.030209297840805505,-0.039121261057239565,-0.00891196321643406,S2
2025-07-24,-18.402727448654957,-18.22832091734779,-17.846542233539104,0.01008,0.17440653130716655,0.38177868380868674,-0.4245644778431157,-28.929681025659953,-10.951518054848112,-11.125924586155278,-0.02382913691599242,-0.01495406026931434,-0.004367827266293034,-0.019321887535607374,S2
2025-07-25,-18.46884646887787,-18.294960701338486,-17.909647366004446,0.01014,0.17388576753938523,0.38531333533403966,-0.47530462636962917,-28.933113161256333,-10.93957131874809,-11.113457086287475,0.011946736100021838,0.012467499867803156,-0.0035346515253529276,0.008932848342450228,S2
2025-07-28,-18.50163534348217,-18.33098747504214,-17.94281842216964,0.01014,0.17064786844003166,0.3881690528724988,0.0,-29.47948135469652,-10.97784601121435,-11.148493879654382,-0.03827469246625981,-0.03503679336690624,-0.002855717538459146,-0.037892510905365384,S2
2025-07-29,-18.18599618155019,-17.983581362657592,-17.635644108436146,0.0102,0.20241481889259916,0.3479372542214456,0.2964588588195532,-29.482978717050102,-11.00052367668036,-11.202938495572958,-0.022677665466009245,-0.054444615918576744,0.0402317986510532,-0.014212817267523548,S2
2025-07-30,-18.233839033274645,-18.03756168639572,-17.684072066898903,0.01014,0.19627734687892584,0.35348961949681623,0.22947246481600617,-29.48647649432087,-11.023164996230218,-11.219442343109144,-0.022641319549858707,-0.01650384753618539,-0.005552365275370619,-0.02205621281155601,S2
2025-07-31,-18.048563933511765,-17.838626812978745,-17.50855334996242,0.01002,0.20993712053302005,0.33007346301632623,0.37182986304743204,-29.489974686558046,-11.06958088999885,-11.27951801053187,-0.04641589376863209,-0.0600756674227263,0.023416156480490002,-0.036659510942236295,S2
2025-08-01,-17.14318047465905,-16.856292859167908,-16.618381564565176,0.0105,0.2868876154911426,0.23791129460273197,1.24906772980051,-29.49347329381086,-11.1012250893513,-11.388112704842442,-0.03164419935244922,-0.10859469431057178,0.09216216841359426,-0.016432525896977523,S2
2025-08-04,-17.662859918389433,-17.408000356315664,-17.125571288238906,0.01044,0.2548595620737686,0.28242906807675894,0.0,-28.685782607160697,-11.022922688771263,-11.277782250845032,0.07830240058003568,0.1103304539974097,-0.04451777347402697,0.06581268052338274,S2
2025-08-05,-17.479235299196347,-17.210170935139267,-16.95097575260915,0.010320000000000001,0.2690643640570798,0.2591951825301173,0.1450565469057808,-28.689185807338006,-11.064893961235878,-11.333958325292958,-0.04197127246461463,-0.05617607444792583,0.02323388554664163,-0.0329421889012842,S2
2025-08-06,-17.73845791010759,-17.48671374570548,-17.198362461008195,0.0105,0.2517441644021119,0.2883512846972849,-0.0846243068643037,-28.692589411261366,-11.038755808018077,-11.29049997242019,0.026138153217800664,0.04345835287276856,-0.029156102167167575,0.014302250705600983,S2
2025-08-07,-17.728659267398545,-17.476146256516326,-17.19085855029161,0.01044,0.2525130108822182,0.2852877062247181,-0.08776070727605112,-28.695993418978677,-11.055094858856183,-11.307607869738401,-0.016339050838105607,-0.01710789731821194,0.0030635784725667747,-0.014044318845645165,S2
2025-08-08,-18.103030987794437,-17.880222185858358,-17.553884336011876,0.01044,0.222808801936079,0.32633784984648173,-0.4400499168968275,-28.699397830537844,-11.036416759640236,-11.259225561576315,0.018678099215946986,0.04838230816208622,-0.041050143621763624,0.007332164540322594,S2
2025-08-11,-17.977138450312435,-17.74520471479225,-17.43703953686759,0.010320000000000001,0.23193373552018315,0.3081651779246606,0.0,-29.073416265214277,-11.096277814901843,-11.328211550422026,-0.059861055261606566,-0.06898598884571072,0.01817267192182115,-0.05081331692388957,S2
2025-08-12,-18.442660530252034,-18.245609980245177,-17.887419274669625,0.01038,0.1970505500068569,0.3581907055755522,-0.4086549134871258,-29.076865453153253,-11.042859836388345,-11.239910386395202,0.05341797851349739,0.08830116402682364,-0.05002552765089163,0.03827563637593201,S2
2025-08-13,-18.440759090685034,-18.237160702602754,-17.891167053524025,0.01026,0.20359838808228048,0.34599364907872854,-0.3832106067482249,-29.08031505029414,-11.02276656635733,-11.22636495443961,0.020093270031015464,0.01354543195559188,0.012197056496823677,0.025742488452415557,S2
2025-08-14,-18.544180698106434,-18.354036156453056,-17.99146311389614,0.01026,0.19014454165337824,0.36257304255691736,-0.5251690835315765,-29.083765056685483,-11.064753442110625,-11.254897983764003,-0.041986875753295294,-0.028533029324393056,-0.01657939347818882,-0.045112422802581875,S2
2025-08-15,-18.53079593536441,-18.344044506732384,-17.982531265148943,0.01014,0.1867514286320251,0.36151324158344167,-0.536176488054442,-29.08721547237583,-11.092596025065863,-11.279347453697888,-0.02784258295523756,-0.024449469933884416,0.0010598009734756886,-0.023389668960408727,S2
2025-08-18,-18.542540433935173,-18.356122714150537,-17.99327560915356,0.0102,0.18641771978463595,0.3628471049969768,0.0,-29.659763036300244,-11.117222602365072,-11.303640322149707,-0.024626577299208918,-0.02429286845181977,-0.0013338634135351413,-0.025626731865354913,S2
2025-08-19,-18.23914119917421,-18.0256056161758,-17.697356823974822,0.01026,0.2135355829984107,0.32824879220097714,0.2851724543329737,-29.663281786763022,-11.13896813325584,-11.352503716254251,-0.021745530890768805,-0.048863394104543545,0.034598312795999675,-0.01426508130854387,S2
2025-08-20,-18.13570400723608,-17.912989651134012,-17.593751867089303,0.01038,0.2227143561020668,0.31923778404470937,0.38610758235679965,-29.66680095468041,-11.144989365087532,-11.3677037211896,-0.00602123183169212,-0.015200004935348232,0.009011008156267764,-0.006188996779080469,S2
2025-08-21,-18.05602657998271,-17.832397220099455,-17.518042910035067,0.010320000000000001,0.2236293598832546,0.3143543100643882,0.4069010289841799,-29.670320540101937,-11.207392931135047,-11.431022291018301,-0.0624035660475144,-0.06331856982870221,0.004883473980321185,-0.058435095848381025,S2
2025-08-22,-18.470307575091432,-18.26637477987587,-17.920486669779724,0.01038,0.20393279521556096,0.3458881100961477,0.11204314697742568,-29.673840543077127,-11.091489821008267,-11.295422616223828,0.11590311012678,0.13559967479447366,-0.03153380003175954,0.10406587476271412,S2
2025-08-25,-18.333042263455955,-18.120046428567417,-17.794248008769976,0.0102,0.21299583488853813,0.3257984197974402,0.0,-29.49183200032409,-11.158789736868137,-11.371785571756675,-0.06729991585986994,-0.07636295553284711,0.020089690298707552,-0.05627326523413956,S2
2025-08-26,-18.436832777512546,-18.229180604572115,-17.886370882952793,0.0105,0.20765217294043126,0.34280972161932155,-0.07953858395169199,-29.495330827923365,-11.13803663436251,-11.345688807302942,0.02075310250562623,0.0260967644537331,-0.017011301821881375,0.009085462631851726,S2
2025-08-27,-18.47283540573164,-18.266017920792862,-17.91840140314672,0.010620000000000001,0.20681748493877805,0.34761651764614143,-0.10498036224762074,-29.498830070613657,-11.130975027129637,-11.337792512068415,0.007061607232873968,0.007896295234527173,-0.004806796026819882,0.0030894992077072914,S2
2025-08-28,-18.53413667735297,-18.32829356042234,-17.982869765976776,0.0105,0.2058431169306303,0.34542379444556204,-0.15803276648764453,-29.50232972844421,-11.126225817578884,-11.332068934509515,0.004749209550752198,0.0057235775588999616,0.002192723200579394,0.007916300759479356,S2
2025-08-29,-18.327845244581194,-18.109007463886446,-17.773652591790384,0.0108,0.21883778069474857,0.33535487209606174,0.021161842563219402,-29.505829801464277,-11.156822714319862,-11.37566049501461,-0.03059689674097754,-0.04359156050509583,0.010068922349500298,-0.03352263815559553,S2
2025-09-02,-18.130873787721207,-17.90365571656101,-17.582569009429573,0.010860000000000002,0.22721807116019832,0.3210867071314354,0.0,-29.40898146600824,-11.278107678287032,-11.50532574944723,-0.12128496396717026,-0.12966525443262,0.01426816496462635,-0.11539708946799365,S2
2025-09-03,-18.17673219970147,-17.94437896348515,-17.634346957927974,0.01068,0.2323532362163192,0.3100320055571757,-0.006764543754129798,-29.41247046445427,-11.24250280850693,-11.47485604472325,0.03560486978010147,0.030469704723980584,0.011054701574259695,0.04152440629824028,S2
2025-09-04,-18.355974876877617,-18.129037560301512,-17.806283754948993,0.0108,0.22693731657610527,0.3227538053525194,-0.1433815061164701,-29.415959876825216,-11.203366506064068,-11.430303822640173,0.039136302442862814,0.04455222208307674,-0.012721799795343713,0.03183042228773303,S2
2025-09-05,-18.097233965320484,-17.84212152069726,-17.56122648670647,0.01068,0.2551124446232258,0.2808950339907881,0.14013988899729152,-29.419449703170184,-11.182075848852406,-11.437188293475632,0.021290657211661568,-0.006884470835458956,0.04185877136173133,0.03497430052627237,S2
2025-09-08,-18.02069394125614,-17.75197851668531,-17.493022404102597,0.01056,0.2687154245708321,0.25895611258271245,0.0,-29.23295803702043,-11.21226409576429,-11.480979520335122,-0.03018824691188371,-0.043791226859489996,0.02193892140807563,-0.021852305451414367,S2
2025-09-09,-18.16356491912144,-17.908229910115,-17.633296378815377,0.0105,0.25533500900644057,0.2749335312996237,-0.16533409192706106,-29.236426152544322,-11.238195325349942,-11.493530334356382,-0.02593122958565175,-0.012550814021260237,-0.015977418716911274,-0.02852823273817151,S2
2025-09-10,-18.142277668476318,-17.88051222663836,-17.614166282311857,0.0105,0.2617654418379587,0.2663459443265026,-0.16092855603790385,-29.239894679515636,-11.25854556707722,-11.52031100891518,-0.02035024172727873,-0.026780674558796846,0.00858758697312112,-0.018193087585675727,S2
2025-09-11,-18.352494126259046,-18.100876748970936,-17.821234776746746,0.01044,0.2516173772881096,0.27964197222419074,-0.3578587663410209,-29.24336361798319,-11.248728258065164,-11.500345635353273,0.009817309012056796,0.019965373561905864,-0.013296027897688134,0.0066693456642177296,S2
2025-09-12,-18.441922934643006,-18.202509030457968,-17.914568712645508,0.0102,0.23941390418503872,0.28794031781245977,-0.47092204516076686,-29.246832967995797,-11.275832078513556,-11.515245982698595,-0.027103820448392213,-0.014900347345321308,-0.00829834558826903,-0.023198692933590337,S2
2025-09-15,-18.528692228027257,-18.295093993299325,-18.004741645059617,0.01008,0.23359823472793195,0.2903523482397077,0.0,-29.85832721500113,-11.329634986973872,-11.563233221701804,-0.05380290846031599,-0.047987239003209226,-0.002412030427247913,-0.05039926943045714,S2
2025-09-16,-18.439421985098576,-18.198887760884226,-17.9168287989913,0.01014,0.24053422421435044,0.28205896189292545,0.06632777941349065,-29.86186952255689,-11.356119758044823,-11.596653982259173,-0.02648477107095104,-0.03342076055736953,0.008293386346782228,-0.025127374210587305,S2
2025-09-17,-18.461985657847585,-18.223549059591175,-17.937254612905484,0.0102,0.23843659825640984,0.28629444668569093,0.048853983087268626,-29.86541225036201,-11.354572609427155,-11.593009207683565,0.001547148617667915,0.0036447745756085226,-0.004235484792765476,-0.0005907102171569534,S2
2025-09-18,-18.718999028953068,-18.505195651513034,-18.191304743727272,0.01008,0.21380337744003342,0.3138909077857619,-0.22951278729226876,-29.868750817280667,-11.379264575619867,-11.5930679530599,-0.0246919661927123,-5.8745376335878063e-05,-0.027596461100070968,-0.027655206476406846,S2
2025-09-19,-18.9548615111657,-18.761636865105654,-18.421563599752954,0.01008,0.1932246460600453,0.3400732653527001,-0.4611594428553409,-29.87208975740794,-11.378387689097583,-11.571612335157628,0.0008768865222847921,0.021455617902272905,-0.026182357566938208,-0.004726739664665303,S2
2025-09-22,-19.063152635364737,-18.87875665440858,-18.531242855927747,0.01002,0.1843959809561575,0.34751379848083275,0.0,-30.51568499785217,-11.452532362487432,-11.63692834344359,-0.0741446733898492,-0.0653160082859614,-0.0074405331281326426,-0.07275654141409404,S2
2025-09-23,-18.79651046032257,-18.589071723058026,-18.268139090071468,0.01014,0.20743873726454254,0.3209326329865583,0.24725567448474983,-30.51910461825311,-11.475338483445793,-11.682777220710335,-0.022806120958360765,-0.0458488772667458,0.026581165494274472,-0.01926771177247133,S2
2025-09-24,-15.085032581421736,-14.932964429543269,-14.564782133839648,0.01008,0.152068151878467,0.3681822957036207,0.23944596560358092,-26.987335536069548,-11.662856989044233,-11.8149251409227,-0.1875185055984403,-0.13214792021236477,-0.047249662717062435,-0.1793975829294272,S2
2025-09-25,-14.947360363145966,-14.785802614848548,-14.432719694028718,0.01002,0.16155774829741887,0.35308292081982984,0.34602653396131394,-26.990359765844257,-11.696972868736976,-11.858530617034395,-0.034115879692743434,-0.043605476111695296,0.015099374883790873,-0.028506101227904423,S2
2025-09-26,-15.235103361427429,-15.095680465370549,-14.717829738179162,0.009899999999999999,0.13942289605687996,0.3778507271913867,0.1107801993589864,-26.9933843345174,-11.647500773730984,-11.786923669787864,0.049472095005992145,0.07160694724653105,-0.024767806371556844,0.046839140874974206,S2
2025-09-29,-15.19517874843822,-15.0461085515818,-14.682450170108957,0.009839999999999998,0.14907019685642098,0.3636583814728418,0.0,-26.858835660413664,-11.663656911975444,-11.812727108831865,-0.01615613824445994,-0.025803439044000953,0.014192345718544885,-0.011611093325456068,S2
2025-09-30,-15.346111830633667,-15.210730063946189,-14.823318929770688,0.01002,0.1353817666874786,0.3874111341755011,-0.14954997393643163,-26.86184549035444,-11.665283633657204,-11.800665400344682,-0.0016267216817595909,0.012061708487182798,-0.023752752702659308,-0.01169104421547651,S2
2025-10-01,-15.388578473865826,-15.251789067609403,-14.860826798190802,0.01014,0.13678940625642255,0.39096226941860124,-0.15797220264929732,-26.86485565757999,-11.634249386363463,-11.771038792619885,0.031034247293741046,0.029626607724797083,-0.003551135243100134,0.02607547248169695,S2
2025-10-02,-15.359657520840447,-15.218042986328442,-14.835488323364828,0.01008,0.141614534512005,0.3825546629636136,-0.1322580113776527,-26.86786616212811,-11.640466652665314,-11.782081187177319,-0.006217266301851154,-0.01104239455743361,0.008407606454987615,-0.002634788102445995,S2
2025-10-03,-15.420936371045617,-15.286827076115316,-14.89984231265626,0.009959999999999998,0.1341092949303011,0.38698476345905597,-0.2056082143947026,-26.870877004036597,-11.655548847385681,-11.789658142315982,-0.015082194720367426,-0.0075769551386635214,-0.004430100495442346,-0.012007055634105868,S2
2025-10-06,-15.67717297490583,-15.567200690099076,-15.152767148705058,0.009899999999999999,0.10997228480675325,0.41443354139401833,0.0,-27.315499278758683,-11.638326303852853,-11.748298588659607,0.017222543532827927,0.04135955365637578,-0.027448777934962365,0.013910775721413415,S2
2025-10-07,-15.46316410925399,-15.331972618188551,-14.939642337660917,0.01002,0.13119149106543837,0.3923302805276343,0.20544342071563076,-27.318560282914483,-11.649952752944861,-11.7811442440103,-0.011626449092007718,-0.03284565535069284,0.022103260866384034,-0.010742394484308804,S2
2025-10-08,-15.65062897401907,-15.530549699867434,-15.120410371753156,0.01008,0.12007927415163522,0.410139328114278,0.049571716721227524,-27.32162911546651,-11.621428424726213,-11.741507698877848,0.02852432821864781,0.03963654513245096,-0.0178090475866437,0.021827497545807262,S2
2025-10-09,-15.588055101058988,-15.463108960014775,-15.057083263249044,0.01014,0.12494614104421231,0.40602569676573097,0.10963339737368413,-27.324698292756075,-11.627009794323403,-11.751955935367615,-0.005581369597189578,-0.010448236489766671,0.004113631348547031,-0.00633460514121964,S2
2025-10-10,-14.391851591500439,-14.167648373970348,-13.888055248280425,0.010320000000000001,0.22420321753009098,0.2795931256899227,1.139861570407902,-27.327767814821904,-11.796054652913563,-12.020257870443654,-0.16904485859016027,-0.26830193507603894,0.1264325710758083,-0.14186936400023065,S2
2025-10-14,-14.859868696976847,-14.667797905421413,-14.346539795312774,0.01026,0.19207079155543383,0.3212581101086389,0.0,-26.571655512088945,-11.711786815112099,-11.903857606667533,0.0842678378014643,0.11640026377612145,-0.041664984418716244,0.0747352793574052,S2
2025-10-15,-15.031607934633875,-14.854780272727192,-14.519775294332684,0.01008,0.17682766190668353,0.33500497839450816,-0.17169076031894104,-26.5746404410366,-11.714723266721666,-11.89155092862835,-0.0029364516095675697,0.012306678039182728,-0.01374686828586924,-0.0014401902466865124,S2
2025-10-16,-14.566002815350279,-14.354770607149183,-14.06220129106836,0.01026,0.21123220820109623,0.29256931608082226,0.16294670473496592,-26.577632986838765,-11.848683466753519,-12.059915674954615,-0.1339602000318525,-0.1683647463262652,0.042435662313685896,-0.1259290840125793,S2
2025-10-17,-14.961590847854374,-14.774159334608267,-14.448371038253095,0.0102,0.18743151324610707,0.3257882963551726,-0.06877066651729834,-26.58062586962875,-11.687805688291675,-11.875237201537782,0.1608777784618436,0.18467847341683274,-0.03321898027435033,0.15145949314248242,S2
2025-10-20,-15.360350708330278,-15.194981707511769,-14.841703139458756,0.01008,0.1653690008185098,0.35327856805301217,0.0,-26.938931692402313,-11.578580984072035,-11.743949984890545,0.10922470421964015,0.13128721664723741,-0.027490271697839574,0.10379694494939784,S2
2025-10-21,-15.346333610164752,-15.175728384769954,-14.830425511183408,0.01002,0.17060522539479805,0.34530287358654554,0.04310652582791082,-26.941965260707015,-11.552525124714354,-11.723130350109152,0.0260558593576814,0.020819634781393148,0.00797569446646662,0.02879532924785977,S2
2025-10-22,-15.138681897275806,-14.950187208493771,-14.624229681001404,0.01014,0.18849468878203446,0.32595752749236695,0.23027215278468793,-26.94499917061905,-11.576045120558554,-11.764539809340588,-0.02351999584420028,-0.041409459231436685,0.019345346094178595,-0.02206411313725809,S2
2025-10-23,-15.447544733071977,-15.285367423939352,-14.931428493761665,0.009959999999999998,0.16217730913262507,0.3539389301776872,-0.04501093993961619,-26.94803342217689,-11.54549962904453,-11.707676938177155,0.030545491514024192,0.05686287116343358,-0.027981402685320234,0.028881468478113348,S2
2025-10-24,-15.760957273950257,-15.62339225077799,-15.239964152333831,0.009899999999999999,0.13756502317226804,0.38342809844415804,-0.31236895807409254,-26.951068015419004,-11.502479699542839,-11.640044722715107,0.04301992950169087,0.0676322154620479,-0.029489168266470855,0.03814304719557704,S2
2025-10-27,-16.16417043861443,-16.055115986993723,-15.640019284437892,0.009779999999999999,0.10905445162070748,0.41509670255583053,0.0,-27.636421857830857,-11.472251419216427,-11.581305870837134,0.030228280326412005,0.058738851877972564,-0.031668604111672494,0.02707024776630007,S2
2025-10-28,-16.180546509546737,-16.071048701666328,-15.651497512528351,0.009899999999999999,0.10949780788040897,0.4195511891379766,-0.028037013833862638,-27.639541542337252,-11.487032046624378,-11.596529854504787,-0.014780627407951386,-0.015223983667652874,-0.004454486582146089,-0.019678470249798963,S2
2025-10-29,-16.341247244400627,-16.256079070346814,-15.819159613427772,0.00966,0.0851681740538126,0.43691945691904266,-0.23955910022877175,-27.642661579003253,-11.540973434831397,-11.62614160888521,-0.05394138820701855,-0.029611754380422184,-0.017368267781066038,-0.04698002216148822,S2
2025-10-30,-16.104476212083632,-16.0018062795164,-15.57920089873741,0.009839999999999998,0.10266993256723111,0.42260538077899135,0.004470817126645765,-27.64559261384607,-11.536645584635792,-11.639315517203023,0.0043278501956045545,-0.013173908317813954,0.014314076140051313,0.001140167822237359,S2
2025-10-31,-16.184885999804116,-16.089654369551422,-15.64509975766693,0.01014,0.09523163025269454,0.44455461188449164,-0.07871011002825332,-27.64851638453833,-11.542340494762467,-11.637572125015161,-0.005694910126674557,0.001743392187862014,-0.02194923110550029,-0.020205838917638275,S2
2025-11-03,-16.32389812993027,-16.23956991730991,-15.775698786789066,0.01026,0.08432821262035972,0.46387113052084494,0.0,-27.838706674568794,-11.514808544638523,-11.599136757258883,0.027531950123943716,0.03843536775627854,-0.019316518636353308,0.01911884911992523,S2
2025-11-04,-15.84514976657246,-15.720032069411733,-15.307814299188816,0.010320000000000001,0.12511769716072685,0.4122177702229166,0.43312187487121145,-27.84165849666483,-11.56338685522116,-11.688504552381886,-0.048578310582636064,-0.08936779512300319,0.05165336029792833,-0.03771443482507486,S2
2025-11-05,-16.140443068799236,-16.04507665501875,-15.599687479124723,0.0102,0.09536641378048571,0.44538917589402693,0.1593180855024347,-27.84461063175148,-11.544849477449809,-11.640215891230294,0.01853737777135045,0.04828866115159158,-0.03317140567111032,0.015117255480481262,S2
2025-11-06,-15.649496974610178,-15.50847481935265,-15.117695153959655,0.010320000000000001,0.14102215525752904,0.39077966539299425,0.6418188832809701,-27.847563079861914,-11.556247221970766,-11.697269377228295,-0.011397744520957431,-0.05705348599800075,0.05460951050103269,-0.002443975496968065,S2
2025-11-07,-15.718221474293358,-15.581259699488283,-15.177857787064827,0.0105,0.13696177480507465,0.40340191242345647,0.6036347447277389,-27.850515841029342,-11.528659622008245,-11.66562139681332,0.027587599962521026,0.03164798041497541,-0.01262224703046222,0.019025733384513188,S2
2025-11-10,-16.295378022469745,-16.203340322659468,-15.744419995345819,0.01038,0.09203769981027676,0.45892032731364907,0.0,-27.77667349618944,-11.481295473719694,-11.57333317352997,0.04736414828855118,0.09228822328334907,-0.0555184148901926,0.03676980839315647,S2
2025-11-12,-16.29351339664851,-16.193228234449403,-15.738683080350762,0.0105,0.10028516219910699,0.45454515409864094,0.027686417791683807,-27.782564297544397,-11.461364483104202,-11.561649645303309,0.019930990615492306,0.011683528226662077,0.004375173215008132,0.01605870144167021,S2
2025-11-13,-15.771525473164848,-15.63524375917963,-15.226842657580557,0.010620000000000001,0.13628171398521793,0.4084011015990736,0.47087668396373294,-27.78551777916432,-11.543115622035737,-11.679397336020955,-0.0817511389315353,-0.11774769071764624,0.04614405249956732,-0.07160363821807891,S2
2025-11-14,-15.832070911882498,-15.702879853485408,-15.285360691791993,0.010620000000000001,0.12919105839709033,0.41751916169341463,0.4155566064423869,-27.788471574760074,-11.540844056435189,-11.67003511483228,0.0022715656005480866,0.00936222118867569,-0.009118060094341018,0.0002441610943346717,S2
2025-11-17,-15.49187790333875,-15.335933659305821,-14.956406098456691,0.010620000000000001,0.15594424403292884,0.3795275608491302,0.0,-27.082097513517944,-11.590219610179194,-11.746163854212123,-0.04937555374400482,-0.07612873937984332,0.037991600844284434,-0.03813713853555889,S2
2025-11-18,-15.163274972217042,-14.982908469302537,-14.63423458290893,0.010740000000000001,0.18036650291450584,0.3486738863936072,0.273503862594423,-27.084976530601413,-11.648197695789946,-11.828564198704452,-0.05797808561075257,-0.08240034449232958,0.030853674455523006,-0.051546670036806574,S2
2025-11-19,-15.340551115381261,-15.172929129806842,-14.80609233666594,0.010740000000000001,0.16762198557441899,0.36683679314090334,0.13552523770882924,-27.087855853744607,-11.611779500654515,-11.779401486228934,0.036418195135430764,0.04916271247551762,-0.018162906747296148,0.030999805728221475,S2
2025-11-20,-14.732803273816788,-14.515820440701093,-14.216346288600095,0.0108,0.21698283311569533,0.2994741521009985,0.6756362363742928,-27.090735482980065,-11.682295972788985,-11.89927880590468,-0.07051647213446977,-0.11987731967574611,0.06736264103990486,-0.05251467863584125,S2
2025-11-21,-15.056481459332625,-14.854863821378354,-14.527066627247658,0.010920000000000001,0.20161763795427134,0.32779719413069586,0.4787800431848283,-27.093615418340324,-11.558353915822872,-11.759971553777143,0.12394205696611316,0.13930725212753714,-0.028323042029697376,0.11098421009783976,S2
2025-11-24,-15.598144369854204,-15.430653186571206,-15.056507323666402,0.0108,0.16749118328299772,0.374145862904804,0.0,-27.04300561491376,-11.444861245059556,-11.612352428342554,0.11349267076331593,0.14761912543458955,-0.04634866877410815,0.1012704566604814,S2
2025-11-25,-15.889593087987027,-15.738140338873972,-15.341815969852686,0.010740000000000001,0.15145274911305506,0.3963243690212863,-0.20851592005914452,-27.045880476253977,-11.364803308326096,-11.51625605743915,0.08005793673346062,0.09609637090340328,-0.02217850611648231,0.07391786478692097,S2
2025-11-26,-16.1291718887963,-15.992692556497797,-15.576836478501953,0.01068,0.13647933229850295,0.41585607799584423,-0.40122419108937246,-27.04875564321214,-11.320807945505212,-11.457287277803715,0.043995362820883344,0.05896877963543545,-0.019531708974557915,0.03943707066087754,S2
2025-11-28,-16.373491568095726,-16.256088539390966,-15.81408578112456,0.01068,0.11740302870476071,0.44200275826640656,-0.6180747802812063,-27.054521718503658,-11.299104930689136,-11.416507959393897,0.02170301481607595,0.04077931840981819,-0.026146680270562328,0.01463263813925586,S2
2025-12-01,-16.347116201981787,-16.234660138681544,-15.788246401479261,0.01068,0.11245606330024316,0.44641373720228295,0.0,-27.682630371003118,-11.33551416902133,-11.447970232321573,-0.036409238332193894,-0.03146227292767634,-0.004410978935876386,-0.035873251863552724,S2
2025-12-02,-16.458562747383827,-16.35342299355184,-15.901730778722884,0.01056,0.10513975383198826,0.45169221482895416,-0.0755694829940298,-27.685580814034704,-11.302587549644908,-11.407727303476896,0.03292661937642194,0.04024292884467684,-0.0052784776266712186,0.03496445121800562,S2
2025-12-03,-16.517214209439025,-16.411629895795198,-15.956846638636225,0.010620000000000001,0.1055843136438277,0.4547832571589723,-0.0991873202859613,-27.688531571527523,-11.270504682374458,-11.376088996018286,0.032082867270450066,0.031638307458610626,-0.0030910423300181122,0.028547265128592514,S2
2025-12-04,-16.66666328270484,-16.577887081348475,-16.104093362576187,0.01056,0.08877620135636377,0.4737937187722885,-0.251914178152412,-27.69148264351509,-11.276733538962663,-11.365509740319027,-0.006228856588204934,0.010579255699258994,-0.01901046161331621,-0.008431205914057216,S2
2025-12-05,-16.80305080972696,-16.727485359175784,-16.241976700635995,0.01044,0.0755654505511778,0.4855086585397892,-0.38361846958772106,-27.694434030030926,-11.275001689891685,-11.350567140442863,0.0017318490709783418,0.014942599876164309,-0.01171493976750071,0.003227660108663599,S2
2025-12-08,-16.749400856840445,-16.672673403348355,-16.19306240428322,0.01038,0.07672745349209009,0.4796109990651338,0.0,-28.05015902134801,-11.300758164507563,-11.377485617999653,-0.02575647461587849,-0.026918477556790776,0.00589765947465537,-0.021020818082135406,S2
2025-12-09,-16.734160866196667,-16.656627093380102,-16.17841947601438,0.01038,0.07753377281656526,0.47820761736572237,0.001737184571728105,-28.053148635958696,-11.317250585190301,-11.394784358006866,-0.01649242068273793,-0.017298740007213098,0.0014033816994114545,-0.015895358307801644,S2
2025-12-10,-16.88256184804119,-16.808560651489874,-16.315319310408245,0.01056,0.07400119655131476,0.4932413410816281,-0.09179618871428562,-28.056138569205565,-11.265372909878664,-11.339374106429979,0.051877675311637006,0.055410251576887504,-0.015033723715905722,0.04037652786098178,S2
2025-12-11,-17.01208819782579,-16.947682752795725,-16.449830797499356,0.01038,0.06440544503006507,0.49785195529636894,-0.17949932088291903,-28.0589366359669,-11.22634775902403,-11.290753204054095,0.039025150854634205,0.0486209023758839,-0.004610614214740849,0.04401028816114305,S2
2025-12-12,-16.77674008950851,-16.699292756833568,-16.21201859312733,0.01056,0.07744733267494297,0.487274163706239,0.041596046635382286,-28.061734981782237,-11.243398845638342,-11.320846178313285,-0.01705108661431254,-0.03009297425919044,0.010577791590129948,-0.019515182669060493,S2
2025-12-15,-16.721715373790172,-16.63739972381986,-16.156898344844986,0.010620000000000001,0.0843156499703106,0.4805013789748749,0.0,-27.95849298712395,-11.236777613333778,-11.321093263304089,0.006621232304564018,-0.00024708499080361435,0.006772784731364112,0.006525699740560498,S2
2025-12-16,-16.60431234625206,-16.505842664301674,-16.04104206125852,0.01068,0.09846968195038386,0.4648006030431553,0.142345268729715,-27.961281315593723,-11.214623700611948,-11.313093382562332,0.022153912721829983,0.007999880741756726,0.01570077593171959,0.023700656673476317,S2
2025-12-17,-16.248858333295395,-16.122641832075725,-15.696268072301885,0.01068,0.12621650121966965,0.4263737597738402,0.47722696150338423,-27.964069922146283,-11.237984627347505,-11.364201128567174,-0.02336092673555612,-0.051107746004841914,0.038426843269315114,-0.0126809027355268,S2
2025-12-18,-16.436866020956757,-16.319745987570155,-15.879663694951809,0.01068,0.11712003338660182,0.44008229261834586,0.3265124632798947,-27.966858806809363,-11.203480322572712,-11.320600355959314,0.03450430477479216,0.043600772607859994,-0.013708532844505683,0.02989223976335431,S2
2025-12-19,-16.84576492607916,-16.76295338532708,-16.28150595920893,0.01056,0.08281154075207908,0.4814474261181516,-0.04043717778404643,-27.969647969610698,-11.164320221315585,-11.247131762067664,0.03916010125712788,0.07346859389165061,-0.04136513349980575,0.03210346039184486,S2
2025-12-22,-17.108805336358763,-17.04495390817714,-16.537821609702604,0.01056,0.06385142818162493,0.5071322984745343,0.0,-28.24723489468465,-11.138429558325885,-11.20228098650751,0.02589066298969911,0.044850775560153266,-0.025684872356382726,0.01916590320377054,S2
2025-12-23,-17.2819458505165,-17.23286418189718,-16.712206657385966,0.01044,0.049081668619319174,0.5206575245112148,-0.16629248518817136,-28.25005201967366,-11.134398654345333,-11.183480322964652,0.004030903980552836,0.018800663542858587,-0.013525226036680493,0.005275437506178093,S2
2025-12-24,-17.34090264256597,-17.291261257013762,-16.773263557110127,0.01038,0.04964138555220643,0.5179976999036349,-0.1994259070837887,-28.252869425617366,-11.111392690135187,-11.161034075687393,0.02300596421014589,0.022446247277258635,0.0026598246075799636,0.0251060718848386,S2
2025-12-26,-17.334193830433133,-17.28149040641909,-16.761458281740225,0.0105,0.052703424014044487,0.5200321246788633,-0.1687712684504592,-28.258505080480933,-11.09308251849826,-11.145785942512305,0.018310171636926498,0.01524813317508844,-0.002034424775228416,0.013213708399860025,S2
2025-12-29,-17.192014289893045,-17.12334465689542,-16.62152295155209,0.01056,0.06866963299762574,0.5018217053433283,0.0,-28.282587075265948,-11.090572785372903,-11.159242418370528,0.002509733125357627,-0.013456475858223627,0.018210419335535022,0.004753943477311395,S2
2025-12-30,-17.204010303050907,-17.13828622438112,-16.636008701968045,0.0105,0.06572407866978836,0.502277522413074,-0.002694869178010352,-28.28540772596329,-11.084092292090393,-11.149816370760181,0.006480493282509769,0.009426047610347155,-0.0004558170697457342,0.00897023054060142,S2
2025-12-31,-17.042962275283674,-16.968261375670682,-16.487508597430423,0.010320000000000001,0.07470089961299209,0.48075277824025875,0.1368513568502716,-28.288228657966947,-11.108415025833,-11.183115925445993,-0.02432273374260774,-0.03329955468581147,0.021524744172815247,-0.011774810512996225,S2
2026-01-02,-17.15026839991846,-17.083182066097763,-16.58674061279513,0.01044,0.06708633382069706,0.49644145330263356,0.05274709169662489,-28.293871366005426,-11.090855874390343,-11.15794220821104,0.01755915144265785,0.025173717234952875,-0.015688675062374813,0.009485042172578062,S2
2026-01-05,-17.337044523697934,-17.281792546316836,-16.766690916555127,0.0105,0.055251977381097106,0.515101629761709,0.0,-28.408000952667848,-11.070956428969914,-11.126208406351012,0.019899445420428208,0.031733801860028166,-0.018660176459075473,0.013073625400952693,S2
2026-01-06,-17.564751481613076,-17.52882761951735,-16.99139505332767,0.01044,0.03592386209572496,0.5374325661896826,-0.22050174710739465,-28.410834111016623,-11.066584376510942,-11.102508238606667,0.00437205245897232,0.02370016774434447,-0.02233093642797357,0.0013692313163709002,S2
2026-01-07,-17.385396633689048,-17.33084091212252,-16.820525668548886,0.01038,0.054555721566526216,0.5103152435736362,-0.04401706972017839,-28.41366755191911,-11.072287987950244,-11.12684370951677,-0.005703611439301426,-0.024335470910102686,0.02711732261604638,0.0027818517059436942,S2
2026-01-08,-17.47729669823068,-17.434423392133965,-16.90978350369029,0.01038,0.042873306096716135,0.5246398884436765,-0.1390611044451955,-28.416501275403498,-11.078265681618014,-11.12113898771473,-0.005977693667770012,0.005704721802040069,-0.01432464487004026,-0.00861992306800019,S2
2026-01-09,-17.675679809693502,-17.64536376590028,-17.112804708438635,0.0102,0.030316043793220615,0.532559057461647,-0.3256830047670207,-28.41933528149796,-11.069338476571481,-11.099654520364702,0.00892720504653255,0.02148446735002807,-0.007919169017970518,0.013565298332057552,S2
2026-01-12,-17.757075297256268,-17.733215246200544,-17.192960728103905,0.0102,0.023860051055724085,0.5402545180966385,0.0,-28.831295791296796,-11.074220494040528,-11.098080545096252,-0.004882017469046929,0.0015739752684496011,-0.007695460634991491,-0.00612148536654189,S2
2026-01-13,-17.678138230884397,-17.647331865594115,-17.119458243480434,0.01014,0.03080636529028169,0.527873622113681,0.08464978475687995,-28.834171165263207,-11.07138314962193,-11.102189514912212,0.0028373444185980645,-0.00410896981595954,0.01238089598295744,0.0082719261669979,S2
2026-01-14,-17.444155133021667,-17.390473241775478,-16.894518244382873,0.01008,0.05368189124618894,0.4959549973926052,0.32168850924313064,-28.83704682599354,-11.071203183728741,-11.12488507497493,0.00017996589318869383,-0.022695560062718556,0.03191862472107587,0.009223064658357316,S2
2026-01-15,-17.571980186765224,-17.528292279621738,-17.028522268839495,0.009899999999999999,0.043687907143485916,0.4997700107822425,0.19027138590154763,-28.839922773516392,-11.077671200849622,-11.121359107993108,-0.006468017120880631,0.0035259669818223927,-0.0038150133896373006,-0.000289046407814908,S2
2026-01-16,-17.71228069122658,-17.68797557616167,-17.171947701945218,0.009779999999999999,0.024305115064912286,0.5160278742164515,0.05031794958560466,-28.842799007860368,-11.080200367048182,-11.104505482113094,-0.002529166198559807,0.016853625880013823,-0.016257863434208986,0.0005957624458048372,S2
2026-01-20,-17.16585861147408,-17.105802454980786,-16.63153750817858,0.009899999999999999,0.060056156493292434,0.47426494680220443,0.0,-28.28922684043042,-11.123368228956341,-11.183424385449634,-0.043167861908159466,-0.07891890333653961,0.04176292741424703,-0.03715597592229258,S2
2026-01-21,-17.498585926369618,-17.455661253916404,-16.966479943007048,0.00972,0.042924672453214185,0.48918131090935546,-0.26591743496592596,-28.29204815331818,-11.059379661914488,-11.102304334367702,0.06398856704185363,0.08112005108193188,-0.014916364107151026,0.06620368697478085,S2
2026-01-22,-17.687827214951405,-17.657592505753605,-17.161542933215056,0.00954,0.030234709197799248,0.4960495725385492,-0.43828311979763934,-28.2948697475783,-11.045325652424534,-11.075560361622333,0.0140540094899535,0.02674397274536844,-0.006868261629193739,0.0198757111161747,S2
2026-01-23,-17.657953715509816,-17.622727010123608,-17.1263210948951,0.00966,0.03522670538620787,0.4964059152285074,-0.4035368653600784,-28.297691623238837,-11.043274773089099,-11.078501478475307,0.0020508793354352406,-0.00294111685297338,-0.00035634268995821117,-0.003297459542931591,S2
2026-01-26,-17.80039983576575,-17.772305275693114,-17.26685104091291,0.00966,0.028094560072634778,0.5054542347802027,0.0,-28.82342655369114,-11.02302671792539,-11.051121277998025,0.020248055163708756,0.027380200477281846,-0.009048319551695272,0.018331880925586574,S2
2026-01-27,-17.991841649935743,-17.982228929730596,-17.454961427203123,0.00966,0.009612720205147696,0.5272675025274722,-0.17483004685419087,-28.826301142850614,-11.00928953976906,-11.018902259974208,0.013737178156329577,0.03221901802381666,-0.02181326774726955,0.01040575027654711,S2
2026-01-28,-18.039066935060323,-18.0348519709563,-17.49813237997549,0.00972,0.004214964104022556,0.5367195909808089,-0.22064945042920914,-28.82917601869574,-11.010758534064628,-11.01497349816865,-0.0014689942955676827,0.003928761805557457,-0.009452088453336671,-0.005523326647779214,S2
2026-01-29,-17.972978660146858,-17.961158975434316,-17.43038142414582,0.009779999999999999,0.0118196847125418,0.5307775512884945,-0.133708296484522,-28.83205118125511,-10.992780817592774,-11.004600502305316,0.01797771647185442,0.010372995863335177,0.005942039692314438,0.016315035555649615,S2
2026-01-30,-17.89890035717285,-17.883616081872034,-17.361104089757504,0.00972,0.015284275300814443,0.5225119921145307,-0.04229519302770319,-28.834926630557316,-10.978321466412169,-10.993605741712983,0.01445935118060504,0.010994760592332398,0.008265559173963766,0.019260319766296163,S2
2026-02-02,-18.16542774270325,-18.171404296536025,-17.6263495864682,0.00966,-0.0059765538327738454,0.5450547100678236,0.0,-29.129485410423843,-10.964057667720592,-10.958081113887818,0.014263798691576568,0.035524627825164856,-0.02254271795329288,0.012981909871871977,S2
2026-02-03,-17.86550503026448,-17.846516406316873,-17.325916029367974,0.009779999999999999,0.018988623947606698,0.5206003769488987,0.28748140637479136,-29.13239052313922,-10.979404086499951,-10.998392710447558,-0.015346418779358828,-0.04031159655973937,0.024454333118924865,-0.015857263440814506,S2
2026-02-04,-17.73208348578997,-17.703013365341363,-17.192176511512073,0.009839999999999998,0.02907012044860835,0.5108368538292893,0.42295771741423266,-29.135295925584394,-10.980254722380192,-11.0093248428288,-0.0008506358802407021,-0.010932132381242354,0.009763523119609374,-0.0011686092616329802,S2
2026-02-05,-17.157406167264895,-17.075129487373623,-16.621963998596467,0.01002,0.08227667989127241,0.4531654887771559,0.9895751019803443,-29.13820161778826,-10.99122034854302,-11.073497028434293,-0.010965626162828812,-0.06417218560549287,0.05767136505213344,-0.006500820553359432,S2
2026-02-06,-17.850023950299363,-17.819821469263616,-17.30538484242184,0.009899999999999999,0.030202481035747297,0.5144366268417748,0.3567930365502556,-29.141107599779712,-10.934290612930095,-10.964493093965842,0.05692973561292547,0.10900393446845058,-0.061271138064618924,0.04773279640383166,S2
2026-02-09,-18.04183747505035,-18.0247170933935,-17.49707229064751,0.009839999999999998,0.017120381656848593,0.5276448027459928,0.0,-28.94300352555375,-10.901166050503399,-10.918286432160247,0.03312456242669626,0.04620666180559496,-0.013208175904217967,0.032998485901376995,S2
2026-02-10,-17.812821463085868,-17.768964381451973,-17.26714754284827,0.009959999999999998,0.043857081633895234,0.5018168386037019,0.2439333585409954,-28.94589004024423,-10.889135218617366,-10.93299230025126,0.012030831886033155,-0.014705868091013485,0.025827964142290938,0.011122096051277452,S2
2026-02-11,-17.84425700367745,-17.80365230161495,-17.29497350487001,0.01002,0.04060470206249889,0.5086787967449382,0.19263500511369686,-28.948776842809707,-10.911884834018561,-10.95248953608106,-0.02274961540119591,-0.019497235829799564,-0.006861958141236357,-0.02635919397103592,S2
2026-02-12,-17.127001041905782,-17.01976489404959,-16.591970356408122,0.01008,0.10723614785619162,0.4277945376414678,0.8971297473942065,-28.95166393327889,-10.927533143978902,-11.034769291835094,-0.01564830996034061,-0.08227975575403335,0.08088425910347041,-0.001395496650562933,S2
2026-02-13,-17.058103885284794,-16.938307300127825,-16.515325932837662,0.010320000000000001,0.11979658515696912,0.4229813672901628,0.9987620467642382,-28.954551311680493,-10.897685379631461,-11.01748196478843,0.02984776434744063,0.017287327046663137,0.004813170351305018,0.022100497397968155,S2
2026-02-17,-17.15272705810454,-17.037565162673587,-16.61343895541446,0.0102,0.11516189543095123,0.4241262072591283,0.0,-28.032745777833778,-10.88001871972924,-10.99518061516019,0.017666659902221937,0.02230134962823982,-0.0011448399689655275,0.021156509659274292,S2
2026-02-18,-17.434807103611632,-17.345975531572044,-16.896762382246003,0.01002,0.08883157203958802,0.4492131493260416,-0.2747651059393932,-28.035541511608635,-10.875499513936397,-10.964331085975985,0.0045192057928424845,0.030849529184205693,-0.02508694206691331,0.005762587117292384,S2
2026-02-19,-17.32729027770643,-17.228292488294205,-16.789302959105655,0.01008,0.09899778941222692,0.43898952918855016,-0.1627774815459463,-28.038337524204817,-10.87382472804433,-10.972822517456557,0.0016747858920673764,-0.00849143148057152,0.010223620137491451,0.0017321886569199307,S2
2026-02-20,-17.56971652892173,-17.488325135775412,-17.023698942488636,0.01014,0.08139139314631905,0.4646261932867759,-0.38592065233440526,-28.04113381565013,-10.857337939062806,-10.938729332209125,0.016486788981524114,0.03409318524743199,-0.025636664098225737,0.008456521149206253,S2
2026-02-23,-17.150557031958527,-17.02869963070701,-16.6055516982036,0.01038,0.12185740125151767,0.423147932503408,0.0,-27.98544160247238,-10.834884570513854,-10.956741971765371,0.022453368548951858,-0.018012639556246768,0.041478260783367915,0.023465621227121147,S2
2026-02-24,-17.432665042515204,-17.33214850665447,-16.880589969018082,0.01038,0.10051653586073428,0.4515585376363873,-0.2704812292380261,-27.988232618554516,-10.826048805277338,-10.926565341138073,0.008835765236515414,0.030176630627298806,-0.028410605132979327,0.0017660254943194786,S2
2026-02-25,-17.740970549700428,-17.664008187792632,-17.181184010147394,0.01038,0.07696236190779615,0.482824177645238,-0.55759436872525,-27.991023912987476,-10.807647732012299,-10.884610093920095,0.01840107326503926,0.04195524721797739,-0.03126564000885068,0.010689607209126706,S2
2026-02-26,-17.516021091169527,-17.417030390998264,-16.957247713634157,0.0105,0.09899070017126377,0.4597826773641067,-0.3121985237450815,-27.993815485799022,-10.789992918374576,-10.88898361854584,0.01765481363772281,-0.004373524625744807,0.023041500281131277,0.01866797565538647,S2
2026-02-27,-17.277169868945386,-17.15365130544709,-16.71335200807511,0.0108,0.12351856349829404,0.4402992973719826,-0.04949318414879186,-27.996607337016915,-10.76893065222032,-10.892449215718614,0.021062266154256548,-0.0034655971727737267,0.019483379992124128,0.0160177828193504,S2
2026-03-02,-17.46042690190938,-17.36079263935042,-16.896067700278028,0.01068,0.09963426255895769,0.46472493907239354,0.0,-28.269756362237242,-10.809329460327863,-10.90896372288682,-0.04039880810754326,-0.016514507168206904,-0.02442564170041095,-0.040940148868617854,S2
2026-03-03,-17.170534108413047,-17.050171183041243,-16.614609350371758,0.01068,0.12036292537180415,0.4355618326694852,0.27582871401263365,-28.27257573331474,-10.826212910889058,-10.946575836260863,-0.016883450561195446,-0.03761211337404191,0.029163106402908312,-0.008449006971133599,S2
2026-03-04,-17.505103942986175,-17.411129247075674,-16.95010332187407,0.01044,0.09397469591050012,0.46102592520160357,-0.045595459354908864,-28.275395385570935,-10.81588690193967,-10.90986159785017,0.010326008949387955,0.03671423841069199,-0.025464092532118343,0.011250145878573647,S2
2026-03-05,-17.392042821607433,-17.296177138277415,-16.834671238075423,0.01056,0.09586568333001821,0.4615059002019919,0.03685953274857948,-28.27821531903387,-10.849312964677857,-10.945178648007875,-0.0334260627381866,-0.0353170501577047,-0.00047997500038832186,-0.03579702515809302,S2
2026-03-06,-16.979345847777278,-16.860232621018536,-16.436065743337533,0.0105,0.11911322675874203,0.42416687768100303,0.41229357121638366,-28.28103553373159,-10.889396114737927,-11.00850934149667,-0.04008315006007024,-0.06333069348879405,0.03733902252098886,-0.02599167096780519,S2
2026-03-09,-17.244727186884575,-17.134481010001707,-16.68760602000083,0.01068,0.11024617688286753,0.4468749900008788,0.0,-28.07027188065711,-10.825544693772535,-10.935790870655403,0.06385142096539198,0.07271847084126648,-0.022708112319875795,0.050010358521390685,S2
2026-03-10,-17.263596139105317,-17.156370556354265,-16.708276386107496,0.010620000000000001,0.10722558275105243,0.4480941702467689,-0.007006042493459125,-28.073071356947736,-10.816481260335877,-10.92370684308693,0.009063433436658386,0.012084027568473488,-0.0012191802458900725,0.010864847322583415,S2
2026-03-11,-17.387000732908763,-17.294612436811832,-16.809194556537165,0.011040000000000001,0.09238829609693155,0.48541788027466737,-0.13033457833857542,-28.07587111243293,-10.819204957862745,-10.911593253959676,-0.002723697526867852,0.012113589127253022,-0.03732371002789847,-0.02521012090064545,S2
2026-03-12,-17.00633503906302,-16.891323062988963,-16.440071973989514,0.011040000000000001,0.115011976074058,0.45125108899944877,0.19782904116358552,-28.078671147140543,-10.874507066913935,-10.989519042987993,-0.055302109051190484,-0.07792578902831693,0.0341667912752186,-0.04375899775309833,S2
2026-03-13,-16.862593004374315,-16.735229948595546,-16.303426316688732,0.01098,0.12736305577876905,0.4318036319068135,0.3598304274520089,-28.081471461098417,-10.859048029272092,-10.986411085050861,0.01545903764184331,0.003107957937132255,0.01944745709263529,0.022555415029767545,S2
2026-03-16,-17.140882604346807,-17.023415564349975,-16.569831742692525,0.0111,0.11746703999683206,0.4535838216574497,0.0,-27.92377109479463,-10.782888490447824,-10.900355530444656,0.07615953882426751,0.08605555460620451,-0.021780189750636225,0.06427536485556828,S2
2026-03-17,-17.159925553438036,-17.03792660629491,-16.58925991208364,0.0111,0.1219989471431262,0.44866669421126915,-0.00477915423387773,-27.926555960415353,-10.771409561211193,-10.89340850835432,0.011478929236631075,0.0069470220903369295,0.004917127446180558,0.011864149536517488,S2
2026-03-18,-16.851165773389706,-16.712012613845463,-16.29887046582496,0.010860000000000002,0.139153159544243,0.4131421480205013,0.26669829820707314,-27.929341103773506,-10.811477032176729,-10.950630191720972,-0.040067470965535534,-0.05722168336665234,0.035524546190767836,-0.021697137175884507,S2
2026-03-19,-16.745700278016997,-16.59345181322543,-16.197124524751107,0.010860000000000002,0.15224846479156895,0.3963272884743212,0.3700432364198129,-27.932126524896795,-10.816383010459983,-10.968631475251552,-0.004905978283254342,-0.01800128353058028,0.016814859546180116,-0.0011864239844001645,S2
2026-03-20,-16.59027303149821,-16.441801764985946,-16.0487773527489,0.010740000000000001,0.1484712665122636,0.39302441223704676,0.48916641007441924,-27.934912223812915,-10.855472782240287,-11.003944048752551,-0.03908977178030426,-0.03531257350099892,0.0033028762372744325,-0.03200969726372449,S2
2026-03-23,-16.86712161920247,-16.733749834976663,-16.31918174092276,0.010740000000000001,0.1333717842258082,0.4145680940539016,0.0,-27.679588167767413,-10.812466548564942,-10.94583833279075,0.04300623367534584,0.05810571596180125,-0.021543681816854843,0.03656203414494641,S2
2026-03-24,-16.85477865798921,-16.72512326143518,-16.316136480693203,0.0105,0.1296553965540319,0.4089867807419765,-0.013456346921845205,-27.68234868078059,-10.841026369713223,-10.970681766267255,-0.028559821148281372,-0.024843433476505083,0.005581313311925129,-0.019262120164579954,S2
2026-03-25,-16.91111787167682,-16.77693740701833,-16.36959169844271,0.01056,0.13418046465848832,0.4073457085756189,-0.028962917505927818,-27.68510946910249,-10.8029545149316,-10.937134979590088,0.03807185478162367,0.03354678667716726,0.00164107216635756,0.03518785884352482,S2
2026-03-26,-16.565357585253754,-16.411950442506694,-16.03885379511265,0.01038,0.15340714274706002,0.3730966473940427,0.27455069676025423,-27.68787053276057,-10.847962250746562,-11.001369393493622,-0.04500773581496276,-0.06423441390353446,0.034249061181576224,-0.029985352721958236,S2
2026-03-27,-16.128641021292143,-15.944955314123543,-15.603855340600136,0.01068,0.18368570716859978,0.3410999735234075,0.7276259372814916,-27.69063187178229,-10.834364913208656,-11.018050620377256,0.01359733753790593,-0.016681226883633826,0.031996673870635206,0.01531544698700138,S2
2026-03-30,-15.850772145428813,-15.63117764752435,-15.334232701254106,0.010740000000000001,0.21959449790446328,0.29694494627024426,0.0,-26.636021842677714,-10.7852496972489,-11.004844195153364,0.04911521595975543,0.013206425223891927,0.044155027253163226,0.05736145247705515,S2
2026-03-31,-16.635944420383908,-16.469409045016157,-16.097491567414774,0.010740000000000001,0.16653537536775076,0.3719174776013823,-0.7320177012225433,-26.63867827977751,-10.734751560616143,-10.901286935983894,0.050498136632757706,0.10355725916947023,-0.07497253133113801,0.028584727838332213,S2
2026-04-01,-16.922622730723873,-16.78136621745099,-16.38482962579641,0.0105,0.14125651327288224,0.39653659165458066,-1.0273329718276996,-26.641334981806434,-10.746045222910261,-10.887301736183144,-0.011293662294118434,0.013985199800750081,-0.024619114053198388,-0.010633914252448307,S2
2026-04-02,-16.933291923540526,-16.789156537618673,-16.397930480883513,0.01044,0.14413538592185304,0.3912260567351602,-1.012064121439314,-26.64399194879091,-10.722764146689695,-10.866899532611548,0.023281076220566632,0.020402203571595834,0.005310534919420462,0.025712738491016296,S2
2026-04-06,-17.169317157266555,-17.044629967437977,-16.638158899961542,0.0102,0.12468718982857752,0.4064710674764349,0.0,-27.886612711726432,-10.717295554459877,-10.841982744288455,0.005468592229817659,0.024916788323093186,-0.015245010741274712,0.009671777581818475,S2
2026-04-07,-17.196707761962184,-17.075196632310476,-16.653247496119214,0.0105,0.12151112965170796,0.4219491361912624,0.003057140452570207,-27.889393871504442,-10.68962896908969,-10.811140098741397,0.027666585370187846,0.0308426455470574,-0.015478068714827486,0.015364576832229915,S2
2026-04-08,-17.886683288966456,-17.81238089952996,-17.33147985861591,0.01038,0.0743023894364967,0.4809010409140484,-0.667032342203163,-27.892175308650298,-10.672524361887007,-10.746826751323503,0.017104607202682587,0.06431334741789385,-0.058951904722786,0.005361442695107854,S2
2026-04-09,-18.093011106884013,-18.033440660731983,-17.532978418413727,0.01038,0.05957044615202989,0.5004622423182568,-0.8607567537898763,-27.894957023191665,-10.662702670097527,-10.722273116249557,0.009821691789479559,0.024553635073946367,-0.01956120140420836,0.004992433669738006,S2
2026-04-10,-18.10570145172787,-18.04795355647575,-17.54832699197121,0.010320000000000001,0.05774789525212043,0.4996265645045419,-0.8768692017442004,-27.897739015156205,-10.668906765172533,-10.726654660424654,-0.0062040950750059665,-0.004381544175096508,0.0008356778137148524,-0.0035458663613816555,S2
2026-04-13,-18.443665616779292,-18.410911774721225,-17.878968314529445,0.010320000000000001,0.032753842058067306,0.5319434601917798,0.0,-29.08254924103398,-10.638883624254689,-10.671637466312756,0.030023140917844415,0.05501719411189754,-0.032316895687237945,0.022700298424659593,S2
2026-04-14,-18.745334197410603,-18.73204201413303,-18.180536544895535,0.0102,0.01329218327757431,0.5515054692374939,-0.2811441803031142,-29.085449672758237,-10.62125965565075,-10.634551838928324,0.017623968603938778,0.037085627384431774,-0.019562009045714035,0.01752361833871774,S2
2026-04-15,-19.07796733775352,-19.09534649626264,-18.509032470915844,0.01014,-0.017379158509118753,0.5863140253467947,-0.6089715201754026,-29.08835039374545,-10.619354576167332,-10.601975417658213,0.001905079483417893,0.032576421270110956,-0.03480855610930078,-0.0022321348391898255,S2
2026-04-16,-19.24419788353661,-19.278204773130305,-18.66439685872659,0.01026,-0.03400688959369447,0.613807914403715,-0.7650179877493364,-29.091251404024472,-10.612071508237197,-10.578064618643502,0.007283067930135445,0.02391079901471116,-0.027493889056920295,-0.003583090042209136,S2
2026-04-17,-19.525353505261442,-19.575135806092938,-18.9360739198738,0.010320000000000001,-0.04978230083149526,0.6390618862191388,-1.010758115968298,-29.09415270362415,-10.579557314331005,-10.52977501349951,0.03251419390619148,0.048289605143992276,-0.02525397181542388,0.023035633328568395,S2
2026-04-20,-19.478460924625082,-19.52292835807632,-18.891004831348035,0.010320000000000001,-0.04446743345123849,0.6319235267282863,0.0,-30.04052699555369,-10.562066070928608,-10.51759863747737,0.017491243402396606,0.012176376022139834,0.007138359490852508,0.019314735512992343,S2
2026-04-21,-19.3566669614169,-19.394844677750598,-18.77924037208813,0.0102,-0.03817771633369915,0.6156043056624689,0.11048499854622706,-30.04352296735758,-10.576371007394453,-10.538193291060754,-0.01430493646584452,-0.02059465358338386,0.016319221065817402,-0.004275432517566458,S2
2026-04-22,-19.699897683537447,-19.765577405494803,-19.11877703372141,0.01014,-0.0656797219573555,0.6468003717733914,-0.23102605786548983,-30.04651923795273,-10.57764761228077,-10.511967890323415,-0.001276604886317756,0.02622540073733859,-0.031196066110922516,-0.004970665373583927,S2
2026-04-23,-19.65951518434261,-19.72590126477583,-19.08302698781086,0.01008,-0.06638608043321881,0.6428742769649674,-0.18973338769184034,-30.049515807368945,-10.579734010718177,-10.513347930284958,-0.0020863984374059896,-0.0013800399615426784,0.0039260948084240965,0.002546054846881418,S2
2026-04-24,-19.87097106042746,-19.950434900493384,-19.282560890325144,0.0102,-0.07946384006592311,0.6678740101682408,-0.38041493211198085,-30.052512675636027,-10.561956547320548,-10.482492707254625,0.017777463397628424,0.030855223030332724,-0.024999733203273422,0.005855489827059301,S2
2026-04-27,-20.026368800110042,-20.120241218528403,-19.434919591676035,0.0102,-0.09387241841836058,0.6853216268523674,0.0,-30.580646729274292,-10.55427792916425,-10.46040551074589,0.0076786181562980005,0.022087196508735474,-0.017447616684126643,0.0046395798246088304,S2
2026-04-28,-19.883009033681226,-19.964235062963937,-19.29503670341598,0.0102,-0.0812260292827105,0.6691983595479556,0.13494008877839175,-30.583696567759453,-10.565747445299834,-10.484521416017124,-0.011469516135584001,-0.024115905271234084,0.016123267304411826,-0.007992637966822258,S2
2026-04-29,-19.995243971061807,-20.092755386254527,-19.408439771970183,0.01014,-0.09751141519272011,0.6843156142843441,0.007473216727752308,-30.586746710408057,-10.584029522618497,-10.486518107425777,-0.018282077318662715,-0.0019966914086531062,-0.015117254736388475,-0.01711394614504158,S2
2026-04-30,-20.293423542516386,-20.411436850622557,-19.696448816257018,0.0102,-0.11801330810617117,0.7149880343655397,-0.28059542844936225,-30.589797157250437,-10.576969043183414,-10.458955735077243,0.0070604794350828115,0.02756237234853387,-0.03067242008119564,-0.0031100477326617693,S2
2026-05-01,-20.37367105931294,-20.496349510805796,-19.779476499673972,0.01014,-0.12267845149285606,0.716873011131824,-0.35667902341197466,-30.592847908316934,-10.575855872415968,-10.453177420923112,0.0011131707674465474,0.0057783141541314365,-0.0018849767662842964,0.00389333738784714,S2
2026-05-04,-20.399530676809494,-20.529795633717033,-19.804918587189935,0.01014,-0.13026495690753848,0.724877046527098,0.0,-30.96796353333811,-10.568432856528617,-10.438167899621078,0.00742301588735117,0.01500952130203359,-0.008004035395273945,0.007005485906759645,S2
2026-05-05,-20.618866262781758,-20.763528234096462,-20.037583462112472,0.009899999999999999,-0.14466197131470437,0.7259447719839898,-0.2215836105081373,-30.971051999315538,-10.573769347041917,-10.429107375727213,-0.005336490513300873,0.009060523893865025,-0.0010677254568918215,0.007992798436973203,S2
2026-05-06,-20.987714763116944,-21.155034422978986,-20.39524945528848,0.009959999999999998,-0.16731965986204145,0.7597849676905071,-0.5434170573858801,-30.974140773308765,-10.529843067577701,-10.36252340771566,0.04392627946421612,0.0665839680115532,-0.033840195706517306,0.03274377230503589,S2
2026-05-07,-20.96395531300808,-21.1339356906101,-20.376571463027762,0.009899999999999999,-0.16998037760202322,0.7573642275823396,-0.5327627233002235,-30.977221368437384,-10.546028778729529,-10.376048401127505,-0.01618571115182732,-0.013524993411845543,0.0024207401081675073,-0.011104253303678036,S2
2026-05-08,-21.196244340252605,-21.381600122461542,-20.60472572664191,0.009899999999999999,-0.18535578220893711,0.7768743958196325,-0.7468680151849789,-30.980302269952755,-10.53092594488513,-10.345570162676193,0.015102833844398589,0.030478238451312478,-0.019510168237292902,0.010968070214019576,S2
2026-05-11,-21.373083397689832,-21.57659104249962,-20.778556614943408,0.009899999999999999,-0.20350764480978611,0.7980344275562103,0.0,-31.8973805757842,-10.524297178094368,-10.320789533284582,0.006628766790761631,0.02478062939161063,-0.021160031736577878,0.0036205976550327534,S2
2026-05-12,-21.394302191007018,-21.602850197293478,-20.794593750926996,0.009959999999999998,-0.20854800628645975,0.8082564463664816,-0.03633219680384364,-31.900552993574145,-10.542582999370971,-10.334034993084511,-0.01828582127660283,-0.013245459799929193,-0.010222018810271294,-0.023467478610200487,S2
2026-05-13,-21.60532650295482,-21.831133992844368,-21.00166260026234,0.009959999999999998,-0.22580748988954724,0.829471392582029,-0.2335772462168916,-31.90372572688325,-10.53197647014532,-10.306168980255773,0.010606529225650974,0.027866012828738462,-0.021214946215547315,0.006651066613191148,S2
2026-05-14,-21.884702864079223,-22.134124202235256,-21.296434416202622,0.00972,-0.24942133815603285,0.8376897860326338,-0.5158431386711704,-31.90689877574289,-10.538039050334838,-10.288617712178805,-0.0060625801895177744,0.01755126807696783,-0.008218393450604822,0.009332874626363008,S2
2026-05-15,-21.703818790075438,-21.951986221939453,-21.11843298521764,0.00972,-0.24816743186401524,0.8335532367218121,-0.36032258958045194,-31.91007214018445,-10.566575939689464,-10.318408507825449,-0.028536889354626283,-0.029790795646643886,0.004136549310821636,-0.02565424633582225,S2
2026-05-18,-21.75551736751823,-22.007365769614445,-21.18540674057505,0.00954,-0.25184840209621484,0.8219590290393946,0.0,-32.3021296197232,-10.546612252204973,-10.294763850108758,0.019963687484491288,0.023644657716690887,0.01159420768241759,0.03523886539910848,S2
2026-05-19,-21.65723386251338,-21.906647956739928,-21.099005315550638,0.00942,-0.24941409422654814,0.8076426411892896,0.09097845270152738,-32.30533344186144,-10.557121126646535,-10.307707032419987,-0.010508874441562455,-0.012943182311229151,0.014316387850104917,0.0013732055388757658,S2
2026-05-20,-21.8361086210362,-22.087918590304067,-21.265257233550905,0.00954,-0.2518099692678675,0.8226613567531622,-0.04967126877101599,-32.30853758176437,-10.522100229499184,-10.270290260231317,0.03502089714735135,0.03741677218867068,-0.015018715563872576,0.0223980566247981,S2
2026-05-21,-21.875497800713653,-22.128579619847194,-21.304339327030196,0.00954,-0.25308181913354133,0.8242402928169987,-0.11168061950739923,-32.31174203946351,-10.547924858257254,-10.294843039123712,-0.02582462875806968,-0.02455277889239582,-0.0015789360638365224,-0.026131714956232344,S2
2026-05-22,-21.975231060309213,-22.23416014765904,-21.413227078583258,0.00942,-0.2589290873498271,0.8209330690757817,-0.21881548992138455,-32.31494681499038,-10.558531244602548,-10.299602157252721,-0.010606386345294538,-0.004759118129008755,0.003307223741217058,-0.0014518943877916968,S2
2026-05-26,-22.135535562578433,-22.39790009962864,-21.57720508603993,0.00936,-0.2623645370502068,0.8206950135887112,0.0,-32.62450804451573,-10.488972481937296,-10.226607944887089,0.06955876266525252,0.0729942123656322,0.00023805548707045432,0.07323226785270265,S2
2026-05-27,-22.09880411709514,-22.353810319820603,-21.53599094330408,0.00942,-0.2550062027254647,0.8178193765165247,0.037909854192740094,-32.627743841113436,-10.491029869825557,-10.236023667100092,-0.00205738788826082,-0.009415722213002908,0.002875637072186521,-0.006540085140816387,S2
2026-05-28,-22.236983399459685,-22.498625031076127,-21.672457190543376,0.00942,-0.2616416316164418,0.8261678405327508,-0.09415402104616212,-32.63097995864715,-10.488150580233633,-10.226508948617191,0.0028792895919238504,0.009514718482900975,-0.008348464016226131,0.0011662544666748431,S2
2026-05-29,-22.32990051002844,-22.598635569627582,-21.764352233564967,0.00942,-0.2687350595991411,0.8342833360626152,-0.16895630184035287,-32.63421639714872,-10.473272188960632,-10.20453712936149,0.014878391273001057,0.021971819255700353,-0.008115495529864347,0.013856323725836006,S2
2026-06-01,-22.47863660534559,-22.759686042686525,-21.927701640957707,0.00924,-0.28104943734093624,0.8319844017288176,0.0,-32.95393693922516,-10.47530033387957,-10.194250896538634,-0.002028144918938324,0.010286232822856789,0.0022989343337975754,0.012585167156654364,S2
2026-06-02,-22.509855767914516,-22.79111254579362,-21.95872004470565,0.00924,-0.2812567778791042,0.8323925010879698,-0.023475467086268836,-32.95720540956909,-10.470825108740847,-10.189568330861743,0.004475225138723005,0.00468256567689096,-0.0004080993591522031,0.0042744663177387565,S2
2026-06-03,-22.323324528015544,-22.59139423102785,-21.774691730341136,0.00924,-0.2680697030123049,0.8167025006867128,0.16285118847326108,-32.96047420408972,-10.474298487600915,-10.20622878458861,-0.003473378860068266,-0.01666045372686753,0.01569000040125701,-0.0009704533256105208,S2
2026-06-04,-22.427407757144916,-22.70063555779259,-21.87773389668024,0.00924,-0.2732278006476747,0.8229016611123505,0.06746990977492798,-32.9637433228192,-10.468865655899354,-10.195637855251679,0.0054328317015617245,0.01059092933693151,-0.006199160425637729,0.004391768911293781,S2
2026-06-05,-21.767287809425042,-21.996819362890854,-21.240389998865247,0.009059999999999999,-0.22953155346581156,0.7564293640256068,0.7978000847133212,-32.96701276578968,-10.401924871651318,-10.172393318185506,0.06694078424803607,0.02324453706617291,0.06647229708674374,0.08971683415291665,S2
2026-06-08,-21.884410142860492,-22.120143930736855,-21.35186002894287,0.00912,-0.235733787876363,0.7682839017939855,0.0,-32.30171366698507,-10.41730352412458,-10.181569736248218,-0.015378652473263088,-0.009176418062711633,-0.011854537768378748,-0.02103095583109038,S2
2026-06-09,-21.768758071993776,-21.990758554615834,-21.232408169446888,0.009179999999999999,-0.2220004826220574,0.7583503851689457,0.14691841584000986,-32.304917447867865,-10.389240960034076,-10.167240477412019,0.02806256409050434,0.014329258836198733,0.009933516625039829,0.02426277546123856,S2
2026-06-10,-21.321379848766732,-21.508244307996335,-20.790217928328644,0.009179999999999999,-0.1868644592296036,0.7180263796676911,0.6438119814468802,-32.30812154651126,-10.342929716297647,-10.156065257068043,0.046311243736429475,0.011175220343975667,0.04032400550125459,0.051499225845230256,S2
2026-06-11,-21.666438715358424,-21.86784587986569,-21.121583139214113,0.0093,-0.20140716450726615,0.7462627406515772,0.29039522543458535,-32.311325962946775,-10.354492022153764,-10.153084857646498,-0.01156230585611695,0.0029803994215455987,-0.028236360983886044,-0.025255961562340445,S2
2026-06-12,-21.873090471757234,-22.093459038378995,-21.336015543607495,0.009179999999999999,-0.22036856662176163,0.7574434947715005,0.05334924823071674,-32.314530697205925,-10.388090977217974,-10.167722410596213,-0.0335989550642104,-0.014637552949714916,-0.011180754119923364,-0.02581830706963828,S2
2026-06-15,-22.427688169763677,-22.690847005195458,-21.88503098986315,0.009179999999999999,-0.2631588354317813,0.805816015332308,0.0,-32.80777172788792,-10.380083558124241,-10.11692472269246,0.008007419093733148,0.05079768790375283,-0.04837252056080743,0.0024251673429454,S2
2026-06-16,-22.16477668611968,-22.399438451796968,-21.614856029128827,0.0093,-0.2346617656772878,0.7845824226681408,0.2812991762648429,-32.81103469045097,-10.364958828066442,-10.130297062389154,0.01512473005779924,-0.013372339696694269,0.021233592664167134,0.007861252967472865,S2
2026-06-17,-21.881128808641225,-22.098019656306384,-21.359399210309462,0.009,-0.21689084766515876,0.7386204459969221,0.5520945898254412,-32.81429797753848,-10.38107457907181,-10.164183731406652,-0.016115751005369106,-0.03388666901749815,0.04596197667121871,0.012075307653720557,S2
2026-06-18,-22.16291802342009,-22.398097517773433,-21.633707748918415,0.009059999999999999,-0.23517949435334273,0.7643897688550183,0.2483846494015292,-32.81756158918274,-10.406258916361118,-10.171079422007775,-0.025184337289307024,-0.00689569060112305,-0.02576932285809619,-0.03266501345921924,S2
2026-06-22,-22.190047223194984,-22.430143483678542,-21.661311953099116,0.009059999999999999,-0.2400962604835577,0.7688315305794262,0.0,-32.5736102799429,-10.383563056747914,-10.143466796264356,0.022695859613204306,0.027612625743419272,-0.004441761724407911,0.02317086401901136,S2
2026-06-23,-21.745131461521076,-21.94645962506899,-21.220576953676392,0.009059999999999999,-0.20132816354791316,0.725882671392597,0.5117113353304641,-32.57684995351074,-10.320007156659194,-10.118678993111281,0.06355590008871914,0.024787803153074606,0.042948859186829225,0.06773666233990383,S2
2026-06-24,-21.53551927325979,-21.70684229504542,-21.008103399337575,0.00912,-0.17132302178562853,0.6987388957078444,0.7448606424897861,-32.580089949286794,-10.299710033537217,-10.128387011751588,0.020297123121977734,-0.009708018640306904,0.02714377568475257,0.017435757044445666,S2
2026-06-25,-21.537057287075235,-21.706760269872696,-21.000501949081848,0.00924,-0.16970298279746032,0.7062583207908482,0.7716726787127817,-32.58333026730311,-10.274600301515093,-10.104897318717633,0.02510973202212341,0.023489693033955206,-0.007519425083003739,0.015970267950951467,S2
2026-06-26,-21.490788784270556,-21.653126377923584,-20.94585097489699,0.00936,-0.16233759365302802,0.7072754030265926,0.8325520831035558,-32.58657090759174,-10.263230040217628,-10.1008924465646,0.011370261297464879,0.004004872153032579,-0.001017082235744482,0.0029877899172880973,S2
2026-06-29,-21.89358462444264,-22.086562870806304,-21.348762460142936,0.0093,-0.19297824636366556,0.7378004106633682,0.0,-32.16384499911964,-10.270260374677001,-10.077282128313335,-0.0070303344593725114,0.023610318251265028,-0.03052500763677557,-0.006914689385510542,S2
2026-06-30,-22.266817708518616,-22.497375613357093,-21.728122902263518,0.009179999999999999,-0.23055790483847716,0.769252711093575,-0.4096801816919073,-32.16704391866182,-10.309906391835106,-10.07934848699663,-0.03964601715810545,-0.0020663586832938563,-0.03145230043020675,-0.033518659113500604,S2
2026-07-01,-22.27650091457826,-22.511657224209152,-21.732988309309782,0.00924,-0.2351563096308915,0.7786689148993702,-0.4290309182459062,-32.17024315635894,-10.322773160026589,-10.087616850395698,-0.012866768191482691,-0.008268363399068335,-0.00941620380579522,-0.017684567204863555,S2
2026-07-02,-22.308189221352222,-22.54650312029912,-21.764651521446893,0.00924,-0.23831389894689892,0.7818515988522279,-0.4498357584788755,-32.17344271224265,-10.3150892493693,-10.076775350422402,0.007683910657288351,0.010841499973295754,-0.003182683952857701,0.007658816020438053,S2
2026-07-06,-22.57150491323439,-22.827294030491885,-22.01527806688339,0.00936,-0.2557891172574962,0.8120159636084949,0.0,-32.867708725312504,-10.296203812078115,-10.040414694820619,0.018885437291185525,0.03636065560178281,-0.030164364756267048,0.006196290845515762,S2
2026-07-07,-22.580180088169385,-22.84455609211979,-22.029347226639892,0.0093,-0.2643760039504066,0.8152088654798995,-0.01132842268072548,-32.87097764902952,-10.302125983540861,-10.037749979590455,-0.005922171462746206,0.002664715230164205,-0.00319290187140453,-0.0005281866412403247,S2
2026-07-08,-22.515953587430065,-22.774856523329696,-21.960666266152653,0.00936,-0.25890293589963065,0.8141902571770423,0.06198197206431083,-32.87423789122213,-10.296302331727755,-10.037399395828125,0.005823651813106068,0.00035058376233010335,0.0010186083028571602,0.0013691920651872636,S2
2026-07-09,-22.74883269316483,-23.024308865901418,-22.19099234283061,0.00936,-0.27547617273658886,0.8333165230708062,-0.17045349191750608,-32.87749845677534,-10.29911925552802,-10.02364308279143,-0.002816923800263993,0.013756313036694223,-0.019126265893763872,-0.005369952857069649,S2
2026-07-10,-22.912568689448946,-23.203138232217597,-22.342252750619444,0.009479999999999999,-0.290569542768651,0.860885481598153,-0.363966648884847,-32.88075934572123,-10.332157305157132,-10.041587762388481,-0.03303804962911272,-0.017944679597050595,-0.027568958527346865,-0.04551363812439746,S2
2026-07-13,-22.84215991750837,-23.131581793540732,-22.28368434095269,0.00936,-0.2894218760323639,0.8478974525880432,0.0,-33.1205374483267,-10.278377530818332,-9.988955654785968,0.05377977433879977,0.05263210760251269,0.01298802901010987,0.06562013661262256,S2
2026-07-14,-22.89683313298586,-23.185272559613434,-22.31621251219621,0.0096,-0.2884394266275727,0.869060047417225,-0.03409177607130599,-33.1238315176301,-10.261090160715547,-9.972650734087974,0.01728737010278536,0.016304920697994163,-0.021162594829181813,-0.00485767413118765,S2
2026-07-15,-22.974270551889898,-23.26496299549505,-22.39296980747317,0.0096,-0.29069244360515256,0.8719931880218823,-0.09633004030635686,-33.127125914551755,-10.249185402968212,-9.95849295936306,0.011904757747334571,0.014157774724914418,-0.002933140604657325,0.011224634120257093,S2
2026-07-16,-22.87836213983824,-23.16257278239739,-22.303780926816522,0.00954,-0.28421064255914885,0.8587918555808685,0.032043019152852084,-33.130420639124246,-10.220015480133153,-9.935804837574004,0.02916992283505948,0.02268812178905577,0.013201332441013847,0.03588945423006962,S2
2026-07-17,-22.55039115956412,-22.80339198392009,-21.98021872024507,0.00954,-0.2530008243559685,0.8231732636750202,0.41770747704551714,-33.13371569138016,-10.165617054770522,-9.912616230414553,0.054398425362631286,0.023188607159450925,0.03561859190584826,0.05880719906529919,S2
2026-07-20,-22.611768000346782,-22.87293457214386,-22.030892606627074,0.00966,-0.2611665717970766,0.8420419655167848,0.0,-32.775489229755046,-10.163721229408264,-9.902554657611187,0.0018958253622578525,0.010061572803365948,-0.01886870184176459,-0.008807129038398642,S2
2026-07-21,-22.918845612208372,-23.208108347305235,-22.339209802936082,0.0096,-0.2892627350968624,0.8688985443691521,-0.37244022942951904,-32.778748981597666,-10.232343598818815,-9.943080863721953,-0.06862236941055144,-0.04052620611076563,-0.026856578852367363,-0.06738278496313299,S2
2026-07-22,-22.949300928768288,-23.244944357338547,-22.38049437216282,0.009479999999999999,-0.2956434285702585,0.8644499851757281,-0.4177685844335948,-32.782009057645425,-10.250476713310732,-9.954833284740474,-0.018133114491917013,-0.01175242101852092,0.004448559193424018,-0.007303861825096902,S2
2026-07-23,-22.678481091116737,-22.954562930140114,-22.11301802217114,0.009479999999999999,-0.2760818390233766,0.8415449079689736,-0.09665682772562403,-32.78526945793057,-10.203445194539455,-9.927363355516079,0.04703151877127709,0.027469929224395173,0.0229050772067545,0.05037500643114967,S2
2026-07-24,-22.674347919427483,-22.946991106131467,-22.103857430068494,0.00954,-0.27264318670398424,0.8431336760629726,-0.07025644039134119,-32.788530182485346,-10.184438703449203,-9.911795516745219,0.019006491090252098,0.015567838770859765,-0.0015887680939989934,0.013979070676860772,S2
2026-07-27,-22.632503418403918,-22.89363854046652,-22.052741995952857,0.00966,-0.26113512206260125,0.8408965445136616,0.0,-32.790243406863866,-10.157739988459948,-9.896604866397347,0.026698714989255024,0.015190650347872037,0.0022371315493110444,0.01742778189718308,S2
2026-07-28,-22.632886407709748,-22.888499929670303,-22.048329325328222,0.00972,-0.2556135219605551,0.8401706043420809,0.020258114900061006,-32.79350462611268,-10.140360103502871,-9.884746581542316,0.01737988495707654,0.011858284855030377,0.0007259401715806746,0.012584225026611051,S2
2026-07-29,-22.346107809812768,-22.584400070208183,-21.775757225176676,0.0096,-0.23829226039541496,0.8086428450315069,0.4033495046328934,-32.796766169712576,-10.047308855266916,-9.809016594871501,0.09305124823595534,0.07572998667081521,0.031527759310574055,0.10725774598138926,S2
2026-07-30,-22.81991632297805,-23.0984359664549,-22.222318072093234,0.009839999999999998,-0.27851964347685154,0.8761178943616663,-0.17359563612609052,-32.80002803769582,-10.153707350843856,-9.875187707367004,-0.10639849557693992,-0.06617111249550334,-0.06747504933015946,-0.1336461618256628,S2
2026-07-31,-23.15997919296368,-23.475174287864775,-22.562425666780634,0.009779999999999999,-0.315195094901096,0.9127486210841411,-0.5696955365433729,-32.80329023009467,-10.21300657367436,-9.897811478773264,-0.059299222830503595,-0.022623771406259152,-0.036630726722474805,-0.05925449812873396,S2
2026-08-03,-23.597233716749333,-23.941482927669274,-23.004802894435155,0.00966,-0.34424921091994065,0.9366800332341185,0.0,-33.781127106030524,-10.183893389281192,-9.839644178361251,0.029113184393168012,0.05816730041201268,-0.023931412149977405,0.034235888262035274,S2
2026-08-04,-24.121020406928892,-24.50118167259052,-23.502046574106167,0.009839999999999998,-0.3801612656616271,0.9991350984843521,-0.4648964299349626,-33.78448687559972,-10.128362898605786,-9.74820163294416,0.055530490675405275,0.09144254541709174,-0.06245506525023359,0.02898748016685815,S2
2026-08-05,-24.04904859637111,-24.42196618283348,-23.443997037818356,0.00972,-0.3729175864623677,0.9779691450151233,-0.4067933769213433,-33.787846979321515,-10.145591759871746,-9.772674173409378,-0.01722886126595924,-0.02447254046521863,0.021165953469228782,-0.0033065869959898464,S2
2026-08-06,-24.077538360020103,-24.459212450179635,-23.478616318626965,0.00966,-0.3816740901595317,0.9805961315526694,-0.47734289078832065,-33.79120741722915,-10.19101194799737,-9.80933785783784,-0.045420188125625316,-0.03666368442846135,-0.0026269865375461166,-0.03929067096600747,S2
2026-08-07,-24.22724616708902,-24.616112801543576,-23.607915111374346,0.009839999999999998,-0.3888666344545548,1.0081976901692293,-0.6049137910048419,-33.794568189355864,-10.172235813271683,-9.783369178817129,0.0187761347256874,0.02596867902071054,-0.027601558616559885,-0.0016328795958493458,S2
2026-08-10,-24.389937450258497,-24.798803107481625,-23.78062159168742,0.00972,-0.40886565722312795,1.018181515794204,0.0,-34.54502397645044,-10.15508652619194,-9.746220868968813,0.017149287079742948,0.037148309848316075,-0.009983825624974685,0.02716448422334139,S2
2026-08-11,-24.246956414992997,-24.640001245483315,-23.62799994520871,0.009839999999999998,-0.393044830490318,1.0120013002746049,0.15346053228720907,-34.54845972091091,-10.148042773630703,-9.754997943140385,0.007043752561237682,-0.008777074171572252,0.00618021551959913,-0.002596858651973122,S2
2026-08-12,-24.28109840591131,-24.67361747849517,-23.64993761251182,0.009959999999999998,-0.392519072583859,1.0236798659833504,0.10485658037178686,-34.55189580708023,-10.165940820797129,-9.77342174821327,-0.017898047166426068,-0.018423805072885102,-0.01167856570874548,-0.030102370781630583,S2
2026-08-13,-24.43771906647735,-24.836610015310566,-23.797820883903995,0.01002,-0.3988909488332162,1.0387891314065705,-0.016793630085859268,-34.55533223499236,-10.134406798600871,-9.735515849767655,0.031534022196257894,0.037905898445615094,-0.015109265423220108,0.022796633022394985,S2
2026-08-14,-24.469773337819582,-24.877063282459837,-23.816984642743247,0.01014,-0.4072899446402545,1.0600786397165898,-0.06426884110773248,-34.55876900468132,-10.153264507969467,-9.745974563329213,-0.01885770936859643,-0.010458713561558142,-0.0212895083100193,-0.03174822187157744,S2
2026-08-17,-24.441872261401002,-24.849060733475984,-23.789734520308492,0.01014,-0.40718847207498143,1.0593262131674912,0.0,-34.539410665664626,-10.097538404263624,-9.690349932188642,0.055726103705843855,0.05562463114057081,0.0007524265490985727,0.056377057689669385,S2
2026-08-18,-24.220598820799303,-24.606206531426555,-23.57915310891988,0.01008,-0.3856077106272515,1.0270534225066754,0.2609746002038201,-34.54284585184205,-10.061272430838926,-9.675664720211675,0.036265973424697506,0.014685211976967594,0.03227279066081579,0.04695800263778338,S2
2026-08-19,-24.13694234091827,-24.50637404816372,-23.52236866554611,0.009839999999999998,-0.36943170724545027,0.9840053826176103,0.31105301596243173,-34.54628137967279,-10.098286022792092,-9.728854315546641,-0.03701359195316556,-0.05318959533496681,0.04304803988906514,-0.010141555445901673,S2
2026-08-20,-23.962042153324973,-24.320176074649506,-23.350064037386318,0.009839999999999998,-0.3581339213245336,0.9701120372631884,0.5283953839038772,-34.54971724919082,-10.05927971196197,-9.701145790637437,0.039006310830121294,0.027708524909204613,0.013893345354421882,0.041601870263626495,S2
2026-08-21,-24.1838951323601,-24.566640126808966,-23.574742151395245,0.009779999999999999,-0.382744994448867,0.9918979754137212,0.2692538922011685,-34.553153460430124,-10.100004435868854,-9.717259441419987,-0.04072472390688375,-0.016113650782550337,-0.021785938150532758,-0.037899588933083095,S2
2026-08-24,-24.061098680108046,-24.42469234655494,-23.454444415059957,0.009779999999999999,-0.3635936664468957,0.9702479314949848,0.0,-34.118773811393645,-10.057675131285599,-9.694081464838703,0.04232930458325512,0.023177976581283843,0.021650043918736372,0.044828020500020216,S2
2026-08-25,-24.06106183070578,-24.41654893335511,-23.460871532175368,0.00972,-0.3554871026493309,0.9556774011797415,0.01880097047766141,-34.12216716229132,-10.042304361107877,-9.686817258458547,0.015370770177721482,0.007264206380156679,0.014570530315243246,0.021834736695399926,S2
2026-08-26,-24.0856822026333,-24.44460815298601,-23.491387418789767,0.00966,-0.3589259503527096,0.9532207341962433,-0.019255451800447534,-34.125560850681495,-10.059134099848642,-9.700208149495932,-0.0168297387407641,-0.013390891037385444,0.0024566669834982235,-0.01093422405388722,S2
2026-08-27,-24.334211219507093,-24.715002665541093,-23.742813314283616,0.0096,-0.3807914460339994,0.9721893512574766,-0.2948244383690378,-34.12895487659774,-10.089568095459686,-9.708776649425687,-0.03043399561104465,-0.008568499929754836,-0.018968617061233317,-0.027537116990988153,S2
2026-08-28,-24.340829300888046,-24.727916792593994,-23.78634957135339,0.00924,-0.38708749170594814,0.9415672212406037,-0.346459789571597,-34.13234924007362,-10.137979728757173,-9.750892237051225,-0.0484116332974871,-0.04211558762553835,0.030622130016872973,-0.01149345760866538,S2
2026-08-31,-24.316335820675874,-24.700705634826853,-23.73202990414364,0.00954,-0.38436981415097904,0.9686757306832128,0.0,-34.42033373232387,-10.103997911647994,-9.719628097497015,0.033981817109179246,0.031264139554210146,-0.02710850944260912,0.0041556301116010275,S2
2026-09-01,-24.209142348823693,-24.58745686358425,-23.6318230679702,0.009479999999999999,-0.37831451476055733,0.9556337956140517,0.16023323310129867,-34.423757075466696,-10.054381493541701,-9.676066978781144,0.049616418106293025,0.043561118715871316,0.01304193506916107,0.05660305378503239,S2
2026-09-02,-24.33086311437105,-24.71916977247482,-23.752789431544944,0.009479999999999999,-0.3883066581037724,0.9663803409298772,0.0014583005627103185,-34.42718075908496,-10.094859344151203,-9.70655268604743,-0.04047785060950204,-0.030485707266286965,-0.010746545315825529,-0.041232252582112494,S2
2026-09-03,-24.636704817541556,-25.048764835343817,-24.061562523742587,0.00942,-0.4120600178022613,0.9872023116012301,-0.32085978553426947,-34.43060478321253,-10.114759751205241,-9.70269973340298,-0.019900407054038283,0.0038529526444506246,-0.02082197067135283,-0.016969018026902205,S2
2026-09-04,-24.534946554189496,-24.937987600542115,-23.967424316895112,0.00936,-0.4030410463526195,0.9705632836470031,-0.21324131307355618,-34.43402914788327,-10.11232390676733,-9.70928286041471,0.0024358444379117827,-0.006583127011730028,0.016639027954227004,0.010055900942496976,S2
2026-09-08,-24.462009785843122,-24.856639906085995,-23.889329749738607,0.00942,-0.3946301202428728,0.9673101563473878,0.0,-34.506277116072454,-10.044267330229331,-9.649637209986459,0.06805657653799813,0.05964565042825143,0.003253127299615244,0.06289877772786667,S2
2026-09-09,-24.389436874394896,-24.779940823949012,-23.82977532656672,0.0093,-0.39050394955411605,0.9501654973822937,0.1020677735733023,-34.509709006886425,-10.018204358918226,-9.62770040936411,0.026062971311105798,0.02193680062234904,0.017144658965094095,0.039081459587443135,S2
2026-09-10,-24.46321074303051,-24.87245610006219,-23.92753763183201,0.009059999999999999,-0.40924535703168274,0.9449184682301812,0.043462214093874296,-34.51314123902596,-10.006468281901583,-9.5972229248699,0.01173607701664281,0.030477484494209506,0.005247029152112503,0.03572451364632201,S2
2026-09-11,-24.672377709454413,-25.100186814252112,-24.14257874518406,0.009,-0.4278091047976993,0.9576080690680513,-0.27989923068923883,-34.51657381252501,-10.124095333759836,-9.696286228962137,-0.1176270518582534,-0.09906330409223685,-0.012689600837870074,-0.11175290493010692,S2
2026-09-14,-24.614759264194312,-25.034932063490853,-24.104185892310745,0.00882,-0.42017279929654094,0.9307461711801075,0.0,-34.665764961898965,-10.051005697704653,-9.630832898408112,0.07308963605518315,0.0654533305540248,0.026861897887943798,0.0923152284419686,S2
2026-09-15,-24.529233254827005,-24.944274562719336,-24.013231833805424,0.00888,-0.41504130789233074,0.931042728913912,0.08940391869751402,-34.66921271489567,-10.050575541371153,-9.635534233478822,0.00043015633350051985,-0.004701335070709689,-0.00029655773380454775,-0.004997892804514237,S2
2026-09-16,-24.411683197427163,-24.815633927374137,-23.92742191333142,0.008579999999999999,-0.403950729946974,0.8882120140427183,0.21525790495684724,-34.67266081079555,-10.045719708411536,-9.641768978464562,0.00485583295961689,-0.006234744985739837,0.04283071487119372,0.03659596988545388,S2
2026-09-17,-24.583876578990655,-24.995043243106654,-24.093404538571654,0.00864,-0.4111666641159992,0.9016387045349994,-0.024968279184970528,-34.67634675804368,-10.117438458237991,-9.706271794121992,-0.07171874982645576,-0.06450281565743055,-0.013426690492281068,-0.07792950614971161,S2
2026-09-18,-24.73505323523529,-25.166916312093175,-24.270870066414993,0.0084,-0.4318630768578835,0.8960462456781819,-0.2310847402479261,-34.68003309713388,-10.17606460214651,-9.744201525288627,-0.05862614390851917,-0.037929731166634895,0.005592458856817473,-0.03233727230981742,S2
2026-09-21,-25.18665477603711,-25.648816529520072,-24.707890848802418,0.00852,-0.4621617534829632,0.9409256807176547,0.0,-35.338847045077394,-10.152192269040285,-9.690030515557321,0.02387233310622605,0.05417100973130573,-0.04487943503947278,0.009291574691832949,S2
2026-09-22,-25.161814054585523,-25.62130936600866,-24.683745910773133,0.00852,-0.4594953114231366,0.9375634552355265,0.0005417718066557467,-35.34260381259889,-10.180247986206712,-9.720752674783576,-0.02805571716642774,-0.03072215922625432,0.003362225482128167,-0.027359933744126153,S2
