### Long daily history of the 3-month and 10-year constant-maturity Treasury yields,
### FRED series DGS3MO and DGS10, retrieved 28 September 2026 from
### https://fred.stlouisfed.org/graph/fredgraph.csv?id=DGS3MO and ...id=DGS10.
### Percent per year. Blank where the series does not publish (holidays, and DGS3MO
### before 1982). Held separately from the modelling panel because it exists only to
### identify Hull-White mean reversion, which a ten-year window cannot do.
date,DGS3MO,DGS10
1962-01-02,,4.06
1962-01-03,,4.03
1962-01-04,,3.99
1962-01-05,,4.02
1962-01-08,,4.03
1962-01-09,,4.05
1962-01-10,,4.07
1962-01-11,,4.08
1962-01-12,,4.08
1962-01-15,,4.10
1962-01-16,,4.13
1962-01-17,,4.12
1962-01-18,,4.11
1962-01-19,,4.11
1962-01-22,,4.09
1962-01-23,,4.11
1962-01-24,,4.10
1962-01-25,,4.11
1962-01-26,,4.11
1962-01-29,,4.12
1962-01-30,,4.11
1962-01-31,,4.10
1962-02-01,,4.09
1962-02-02,,4.08
1962-02-05,,4.07
1962-02-06,,4.06
1962-02-07,,4.07
1962-02-08,,4.07
1962-02-09,,4.05
1962-02-12,,
1962-02-13,,4.03
1962-02-14,,4.03
1962-02-15,,4.02
1962-02-16,,4.02
1962-02-19,,4.01
1962-02-20,,4.05
1962-02-21,,4.03
1962-02-22,,
1962-02-23,,4.02
1962-02-26,,4.00
1962-02-27,,4.01
1962-02-28,,4.00
1962-03-01,,3.98
1962-03-02,,3.98
1962-03-05,,4.00
1962-03-06,,4.01
1962-03-07,,4.00
1962-03-08,,3.98
1962-03-09,,3.96
1962-03-12,,3.94
1962-03-13,,3.92
1962-03-14,,3.93
1962-03-15,,3.96
1962-03-16,,3.96
1962-03-19,,3.93
1962-03-20,,3.91
1962-03-21,,3.86
1962-03-22,,3.83
1962-03-23,,3.87
1962-03-26,,3.89
1962-03-27,,3.90
1962-03-28,,3.90
1962-03-29,,3.90
1962-03-30,,3.86
1962-04-02,,3.86
1962-04-03,,3.83
1962-04-04,,3.78
1962-04-05,,3.84
1962-04-06,,3.81
1962-04-09,,3.83
1962-04-10,,3.83
1962-04-11,,3.87
1962-04-12,,3.86
1962-04-13,,3.85
1962-04-16,,3.83
1962-04-17,,3.82
1962-04-18,,3.81
1962-04-19,,3.82
1962-04-20,,
1962-04-23,,3.86
1962-04-24,,3.87
1962-04-25,,3.88
1962-04-26,,3.89
1962-04-27,,3.86
1962-04-30,,3.86
1962-05-01,,3.85
1962-05-02,,3.86
1962-05-03,,3.86
1962-05-04,,3.87
1962-05-07,,3.86
1962-05-08,,3.85
1962-05-09,,3.82
1962-05-10,,3.83
1962-05-11,,3.82
1962-05-14,,3.85
1962-05-15,,3.87
1962-05-16,,3.86
1962-05-17,,3.87
1962-05-18,,3.93
1962-05-21,,3.94
1962-05-22,,3.93
1962-05-23,,3.91
1962-05-24,,3.90
1962-05-25,,3.88
1962-05-28,,3.87
1962-05-29,,3.89
1962-05-30,,
1962-05-31,,3.90
1962-06-01,,3.89
1962-06-04,,3.88
1962-06-05,,3.89
1962-06-06,,3.89
1962-06-07,,3.87
1962-06-08,,3.86
1962-06-11,,3.87
1962-06-12,,3.86
1962-06-13,,3.87
1962-06-14,,3.90
1962-06-15,,3.89
1962-06-18,,3.91
1962-06-19,,3.93
1962-06-20,,3.92
1962-06-21,,3.90
1962-06-22,,3.90
1962-06-25,,3.95
1962-06-26,,3.97
1962-06-27,,3.96
1962-06-28,,3.98
1962-06-29,,4.00
1962-07-02,,4.00
1962-07-03,,4.00
1962-07-04,,
1962-07-05,,4.00
1962-07-06,,4.02
1962-07-09,,4.05
1962-07-10,,4.02
1962-07-11,,3.99
1962-07-12,,4.00
1962-07-13,,4.00
1962-07-16,,4.01
1962-07-17,,4.03
1962-07-18,,4.02
1962-07-19,,4.02
1962-07-20,,4.01
1962-07-23,,4.00
1962-07-24,,4.01
1962-07-25,,4.02
1962-07-26,,4.01
1962-07-27,,4.02
1962-07-30,,4.03
1962-07-31,,4.04
1962-08-01,,4.03
1962-08-02,,4.00
1962-08-03,,4.01
1962-08-06,,4.01
1962-08-07,,4.02
1962-08-08,,4.01
1962-08-09,,3.99
1962-08-10,,3.99
1962-08-13,,3.99
1962-08-14,,3.98
1962-08-15,,3.98
1962-08-16,,3.96
1962-08-17,,3.96
1962-08-20,,3.94
1962-08-21,,3.94
1962-08-22,,3.95
1962-08-23,,3.95
1962-08-24,,3.95
1962-08-27,,3.95
1962-08-28,,3.96
1962-08-29,,3.96
1962-08-30,,3.95
1962-08-31,,3.96
1962-09-03,,
1962-09-04,,3.96
1962-09-05,,3.97
1962-09-06,,3.99
1962-09-07,,4.01
1962-09-10,,4.00
1962-09-11,,4.00
1962-09-12,,4.00
1962-09-13,,3.99
1962-09-14,,3.99
1962-09-17,,3.99
1962-09-18,,3.98
1962-09-19,,3.99
1962-09-20,,3.98
1962-09-21,,3.98
1962-09-24,,3.97
1962-09-25,,3.96
1962-09-26,,3.95
1962-09-27,,3.95
1962-09-28,,3.94
1962-10-01,,3.93
1962-10-02,,3.92
1962-10-03,,3.90
1962-10-04,,3.90
1962-10-05,,3.92
1962-10-08,,3.93
1962-10-09,,3.95
1962-10-10,,3.93
1962-10-11,,3.94
1962-10-12,,
1962-10-15,,3.94
1962-10-16,,3.94
1962-10-17,,3.94
1962-10-18,,3.92
1962-10-19,,3.88
1962-10-22,,3.91
1962-10-23,,3.94
1962-10-24,,3.94
1962-10-25,,3.94
1962-10-26,,3.93
1962-10-29,,3.92
1962-10-30,,3.92
1962-10-31,,3.92
1962-11-01,,3.92
1962-11-02,,3.91
1962-11-05,,3.91
1962-11-06,,
1962-11-07,,3.91
1962-11-08,,3.90
1962-11-09,,3.89
1962-11-12,,
1962-11-13,,3.90
1962-11-14,,3.91
1962-11-15,,3.91
1962-11-16,,3.93
1962-11-19,,3.93
1962-11-20,,3.93
1962-11-21,,3.92
1962-11-22,,
1962-11-23,,3.92
1962-11-26,,3.93
1962-11-27,,3.92
1962-11-28,,3.92
1962-11-29,,3.92
1962-11-30,,3.92
1962-12-03,,3.93
1962-12-04,,3.94
1962-12-05,,3.93
1962-12-06,,3.92
1962-12-07,,3.91
1962-12-10,,3.90
1962-12-11,,3.89
1962-12-12,,3.88
1962-12-13,,3.88
1962-12-14,,3.87
1962-12-17,,3.85
1962-12-18,,3.83
1962-12-19,,3.84
1962-12-20,,3.83
1962-12-21,,3.81
1962-12-24,,3.79
1962-12-25,,
1962-12-26,,3.79
1962-12-27,,3.81
1962-12-28,,3.84
1962-12-31,,3.85
1963-01-01,,
1963-01-02,,3.82
1963-01-03,,3.81
1963-01-04,,3.84
1963-01-07,,3.83
1963-01-08,,3.81
1963-01-09,,3.82
1963-01-10,,3.81
1963-01-11,,3.80
1963-01-14,,3.81
1963-01-15,,3.80
1963-01-16,,3.80
1963-01-17,,3.82
1963-01-18,,3.84
1963-01-21,,3.85
1963-01-22,,3.86
1963-01-23,,3.86
1963-01-24,,3.86
1963-01-25,,3.85
1963-01-28,,3.86
1963-01-29,,3.86
1963-01-30,,3.86
1963-01-31,,3.87
1963-02-01,,3.88
1963-02-04,,3.89
1963-02-05,,3.90
1963-02-06,,3.91
1963-02-07,,3.91
1963-02-08,,3.91
1963-02-11,,3.92
1963-02-12,,
1963-02-13,,3.92
1963-02-14,,3.91
1963-02-15,,3.91
1963-02-18,,3.91
1963-02-19,,3.93
1963-02-20,,3.94
1963-02-21,,3.95
1963-02-22,,
1963-02-25,,3.95
1963-02-26,,3.95
1963-02-27,,3.95
1963-02-28,,3.94
1963-03-01,,3.93
1963-03-04,,3.92
1963-03-05,,3.92
1963-03-06,,3.91
1963-03-07,,3.92
1963-03-08,,3.92
1963-03-11,,3.92
1963-03-12,,3.92
1963-03-13,,3.92
1963-03-14,,3.92
1963-03-15,,3.92
1963-03-18,,3.92
1963-03-19,,3.92
1963-03-20,,3.92
1963-03-21,,3.92
1963-03-22,,3.93
1963-03-25,,3.94
1963-03-26,,3.96
1963-03-27,,3.96
1963-03-28,,3.96
1963-03-29,,3.95
1963-04-01,,3.95
1963-04-02,,3.96
1963-04-03,,3.96
1963-04-04,,3.95
1963-04-05,,3.95
1963-04-08,,3.97
1963-04-09,,3.98
1963-04-10,,4.00
1963-04-11,,4.00
1963-04-12,,
1963-04-15,,4.01
1963-04-16,,4.00
1963-04-17,,4.00
1963-04-18,,3.99
1963-04-19,,3.97
1963-04-22,,3.97
1963-04-23,,3.97
1963-04-24,,3.96
1963-04-25,,3.95
1963-04-26,,3.95
1963-04-29,,3.95
1963-04-30,,3.95
1963-05-01,,3.94
1963-05-02,,3.94
1963-05-03,,3.93
1963-05-06,,3.92
1963-05-07,,3.91
1963-05-08,,3.92
1963-05-09,,3.93
1963-05-10,,3.93
1963-05-13,,3.92
1963-05-14,,3.91
1963-05-15,,3.91
1963-05-16,,3.90
1963-05-17,,3.92
1963-05-20,,3.93
1963-05-21,,3.92
1963-05-22,,3.92
1963-05-23,,3.93
1963-05-24,,3.95
1963-05-27,,3.95
1963-05-28,,3.96
1963-05-29,,3.96
1963-05-30,,
1963-05-31,,3.96
1963-06-03,,3.98
1963-06-04,,3.98
1963-06-05,,3.98
1963-06-06,,3.99
1963-06-07,,3.99
1963-06-10,,3.99
1963-06-11,,3.98
1963-06-12,,3.99
1963-06-13,,3.99
1963-06-14,,3.99
1963-06-17,,4.00
1963-06-18,,4.00
1963-06-19,,4.00
1963-06-20,,4.00
1963-06-21,,4.00
1963-06-24,,4.00
1963-06-25,,4.00
1963-06-26,,4.00
1963-06-27,,4.00
1963-06-28,,4.00
1963-07-01,,4.01
1963-07-02,,4.03
1963-07-03,,4.03
1963-07-04,,
1963-07-05,,4.04
1963-07-08,,4.05
1963-07-09,,4.04
1963-07-10,,4.03
1963-07-11,,4.04
1963-07-12,,4.03
1963-07-15,,4.02
1963-07-16,,4.02
1963-07-17,,4.03
1963-07-18,,4.02
1963-07-19,,4.02
1963-07-22,,4.02
1963-07-23,,4.02
1963-07-24,,4.01
1963-07-25,,4.01
1963-07-26,,3.99
1963-07-29,,3.99
1963-07-30,,4.00
1963-07-31,,4.00
1963-08-01,,3.99
1963-08-02,,3.99
1963-08-05,,3.99
1963-08-06,,4.00
1963-08-07,,4.01
1963-08-08,,4.00
1963-08-09,,4.00
1963-08-12,,4.01
1963-08-13,,4.02
1963-08-14,,4.02
1963-08-15,,4.01
1963-08-16,,4.00
1963-08-19,,3.99
1963-08-20,,3.99
1963-08-21,,4.00
1963-08-22,,4.00
1963-08-23,,4.00
1963-08-26,,4.00
1963-08-27,,4.00
1963-08-28,,4.00
1963-08-29,,4.01
1963-08-30,,4.02
1963-09-02,,
1963-09-03,,4.03
1963-09-04,,4.04
1963-09-05,,4.08
1963-09-06,,4.09
1963-09-09,,4.09
1963-09-10,,4.09
1963-09-11,,4.09
1963-09-12,,4.09
1963-09-13,,4.09
1963-09-16,,4.09
1963-09-17,,4.09
1963-09-18,,4.08
1963-09-19,,4.08
1963-09-20,,4.07
1963-09-23,,4.07
1963-09-24,,4.08
1963-09-25,,4.08
1963-09-26,,4.08
1963-09-27,,4.07
1963-09-30,,4.07
1963-10-01,,4.07
1963-10-02,,4.07
1963-10-03,,4.07
1963-10-04,,4.08
1963-10-07,,4.08
1963-10-08,,4.09
1963-10-09,,4.10
1963-10-10,,4.10
1963-10-11,,4.10
1963-10-14,,4.10
1963-10-15,,4.11
1963-10-16,,4.11
1963-10-17,,4.12
1963-10-18,,4.12
1963-10-21,,4.12
1963-10-22,,4.11
1963-10-23,,4.12
1963-10-24,,4.11
1963-10-25,,4.12
1963-10-28,,4.12
1963-10-29,,4.13
1963-10-30,,4.14
1963-10-31,,4.15
1963-11-01,,4.15
1963-11-04,,4.15
1963-11-05,,
1963-11-06,,4.17
1963-11-07,,4.17
1963-11-08,,4.16
1963-11-11,,
1963-11-12,,4.16
1963-11-13,,4.15
1963-11-14,,4.12
1963-11-15,,4.11
1963-11-18,,4.11
1963-11-19,,4.10
1963-11-20,,4.09
1963-11-21,,4.10
1963-11-22,,4.09
1963-11-25,,
1963-11-26,,4.08
1963-11-27,,4.08
1963-11-28,,
1963-11-29,,4.08
1963-12-02,,4.09
1963-12-03,,4.10
1963-12-04,,4.10
1963-12-05,,4.11
1963-12-06,,4.11
1963-12-09,,4.10
1963-12-10,,4.10
1963-12-11,,4.12
1963-12-12,,4.12
1963-12-13,,4.13
1963-12-16,,4.15
1963-12-17,,4.15
1963-12-18,,4.15
1963-12-19,,4.14
1963-12-20,,4.15
1963-12-23,,4.15
1963-12-24,,4.15
1963-12-25,,
1963-12-26,,4.15
1963-12-27,,4.15
1963-12-30,,4.14
1963-12-31,,4.14
1964-01-01,,
1964-01-02,,4.14
1964-01-03,,4.15
1964-01-06,,4.16
1964-01-07,,4.15
1964-01-08,,4.18
1964-01-09,,4.18
1964-01-10,,4.18
1964-01-13,,4.18
1964-01-14,,4.18
1964-01-15,,4.18
1964-01-16,,4.17
1964-01-17,,4.17
1964-01-20,,4.16
1964-01-21,,4.16
1964-01-22,,4.16
1964-01-23,,4.16
1964-01-24,,4.18
1964-01-27,,4.18
1964-01-28,,4.17
1964-01-29,,4.17
1964-01-30,,4.16
1964-01-31,,4.15
1964-02-03,,4.15
1964-02-04,,4.15
1964-02-05,,4.15
1964-02-06,,4.14
1964-02-07,,4.14
1964-02-10,,4.14
1964-02-11,,4.14
1964-02-12,,
1964-02-13,,4.13
1964-02-14,,4.13
1964-02-17,,4.13
1964-02-18,,4.14
1964-02-19,,4.14
1964-02-20,,4.14
1964-02-21,,
1964-02-24,,4.15
1964-02-25,,4.15
1964-02-26,,4.15
1964-02-27,,4.17
1964-02-28,,4.18
1964-03-02,,4.17
1964-03-03,,4.18
1964-03-04,,4.19
1964-03-05,,4.19
1964-03-06,,4.19
1964-03-09,,4.20
1964-03-10,,4.20
1964-03-11,,4.21
1964-03-12,,4.21
1964-03-13,,4.22
1964-03-16,,4.21
1964-03-17,,4.22
1964-03-18,,4.23
1964-03-19,,4.24
1964-03-20,,4.25
1964-03-23,,4.25
1964-03-24,,4.26
1964-03-25,,4.26
1964-03-26,,4.25
1964-03-27,,
1964-03-30,,4.25
1964-03-31,,4.23
1964-04-01,,4.23
1964-04-02,,4.24
1964-04-03,,4.25
1964-04-06,,4.25
1964-04-07,,4.25
1964-04-08,,4.22
1964-04-09,,4.22
1964-04-10,,4.22
1964-04-13,,4.23
1964-04-14,,4.24
1964-04-15,,4.23
1964-04-16,,4.23
1964-04-17,,4.24
1964-04-20,,4.24
1964-04-21,,4.23
1964-04-22,,4.23
1964-04-23,,4.23
1964-04-24,,4.23
1964-04-27,,4.23
1964-04-28,,4.23
1964-04-29,,4.22
1964-04-30,,4.22
1964-05-01,,4.22
1964-05-04,,4.22
1964-05-05,,4.22
1964-05-06,,4.22
1964-05-07,,4.22
1964-05-08,,4.20
1964-05-11,,4.19
1964-05-12,,4.19
1964-05-13,,4.19
1964-05-14,,4.19
1964-05-15,,4.19
1964-05-18,,4.19
1964-05-19,,4.19
1964-05-20,,4.20
1964-05-21,,4.20
1964-05-22,,4.20
1964-05-25,,4.19
1964-05-26,,4.19
1964-05-27,,4.20
1964-05-28,,4.19
1964-05-29,,
1964-06-01,,4.19
1964-06-02,,4.19
1964-06-03,,4.19
1964-06-04,,4.19
1964-06-05,,4.18
1964-06-08,,4.18
1964-06-09,,4.17
1964-06-10,,4.17
1964-06-11,,4.18
1964-06-12,,4.18
1964-06-15,,4.18
1964-06-16,,4.18
1964-06-17,,4.18
1964-06-18,,4.17
1964-06-19,,4.16
1964-06-22,,4.15
1964-06-23,,4.15
1964-06-24,,4.15
1964-06-25,,4.15
1964-06-26,,4.15
1964-06-29,,4.15
1964-06-30,,4.15
1964-07-01,,4.15
1964-07-02,,4.15
1964-07-03,,
1964-07-06,,4.16
1964-07-07,,4.15
1964-07-08,,4.15
1964-07-09,,4.18
1964-07-10,,4.19
1964-07-13,,4.19
1964-07-14,,4.19
1964-07-15,,4.19
1964-07-16,,4.19
1964-07-17,,4.20
1964-07-20,,4.21
1964-07-21,,4.20
1964-07-22,,4.21
1964-07-23,,4.20
1964-07-24,,4.20
1964-07-27,,4.20
1964-07-28,,4.20
1964-07-29,,4.20
1964-07-30,,4.19
1964-07-31,,4.19
1964-08-03,,4.19
1964-08-04,,4.19
1964-08-05,,4.19
1964-08-06,,4.18
1964-08-07,,4.19
1964-08-10,,4.19
1964-08-11,,4.20
1964-08-12,,4.20
1964-08-13,,4.19
1964-08-14,,4.19
1964-08-17,,4.19
1964-08-18,,4.19
1964-08-19,,4.19
1964-08-20,,4.19
1964-08-21,,4.19
1964-08-24,,4.19
1964-08-25,,4.20
1964-08-26,,4.20
1964-08-27,,4.20
1964-08-28,,4.21
1964-08-31,,4.21
1964-09-01,,4.21
1964-09-02,,4.22
1964-09-03,,4.22
1964-09-04,,4.22
1964-09-07,,
1964-09-08,,4.22
1964-09-09,,4.22
1964-09-10,,4.22
1964-09-11,,4.22
1964-09-14,,4.22
1964-09-15,,4.22
1964-09-16,,4.21
1964-09-17,,4.20
1964-09-18,,4.20
1964-09-21,,4.19
1964-09-22,,4.19
1964-09-23,,4.19
1964-09-24,,4.19
1964-09-25,,4.19
1964-09-28,,4.17
1964-09-29,,4.18
1964-09-30,,4.18
1964-10-01,,4.18
1964-10-02,,4.18
1964-10-05,,4.20
1964-10-06,,4.19
1964-10-07,,4.19
1964-10-08,,4.19
1964-10-09,,4.19
1964-10-12,,
1964-10-13,,4.19
1964-10-14,,4.19
1964-10-15,,4.20
1964-10-16,,4.21
1964-10-19,,4.21
1964-10-20,,4.20
1964-10-21,,4.19
1964-10-22,,4.19
1964-10-23,,4.19
1964-10-26,,4.19
1964-10-27,,4.18
1964-10-28,,4.17
1964-10-29,,4.16
1964-10-30,,4.16
1964-11-02,,4.15
1964-11-03,,
1964-11-04,,4.15
1964-11-05,,4.15
1964-11-06,,4.15
1964-11-09,,4.15
1964-11-10,,4.14
1964-11-11,,
1964-11-12,,4.12
1964-11-13,,4.13
1964-11-16,,4.13
1964-11-17,,4.14
1964-11-18,,4.14
1964-11-19,,4.13
1964-11-20,,4.13
1964-11-23,,4.18
1964-11-24,,4.18
1964-11-25,,4.19
1964-11-26,,
1964-11-27,,4.19
1964-11-30,,4.20
1964-12-01,,4.20
1964-12-02,,4.19
1964-12-03,,4.18
1964-12-04,,4.18
1964-12-07,,4.17
1964-12-08,,4.16
1964-12-09,,4.16
1964-12-10,,4.15
1964-12-11,,4.15
1964-12-14,,4.16
1964-12-15,,4.17
1964-12-16,,4.18
1964-12-17,,4.18
1964-12-18,,4.19
1964-12-21,,4.18
1964-12-22,,4.18
1964-12-23,,4.19
1964-12-24,,4.19
1964-12-25,,
1964-12-28,,4.19
1964-12-29,,4.19
1964-12-30,,4.20
1964-12-31,,4.21
1965-01-01,,
1965-01-04,,4.20
1965-01-05,,4.20
1965-01-06,,4.20
1965-01-07,,4.20
1965-01-08,,4.20
1965-01-11,,4.20
1965-01-12,,4.19
1965-01-13,,4.19
1965-01-14,,4.19
1965-01-15,,4.19
1965-01-18,,4.19
1965-01-19,,4.18
1965-01-20,,4.18
1965-01-21,,4.17
1965-01-22,,4.17
1965-01-25,,4.18
1965-01-26,,4.19
1965-01-27,,4.19
1965-01-28,,4.19
1965-01-29,,4.19
1965-02-01,,4.20
1965-02-02,,4.20
1965-02-03,,4.20
1965-02-04,,4.21
1965-02-05,,4.22
1965-02-08,,4.21
1965-02-09,,4.21
1965-02-10,,4.21
1965-02-11,,4.21
1965-02-12,,
1965-02-15,,4.22
1965-02-16,,4.21
1965-02-17,,4.21
1965-02-18,,4.21
1965-02-19,,4.22
1965-02-22,,
1965-02-23,,4.21
1965-02-24,,4.22
1965-02-25,,4.21
1965-02-26,,4.22
1965-03-01,,4.22
1965-03-02,,4.24
1965-03-03,,4.23
1965-03-04,,4.22
1965-03-05,,4.23
1965-03-08,,4.23
1965-03-09,,4.23
1965-03-10,,4.23
1965-03-11,,4.22
1965-03-12,,4.22
1965-03-15,,4.21
1965-03-16,,4.21
1965-03-17,,4.20
1965-03-18,,4.20
1965-03-19,,4.20
1965-03-22,,4.19
1965-03-23,,4.19
1965-03-24,,4.18
1965-03-25,,4.19
1965-03-26,,4.20
1965-03-29,,4.20
1965-03-30,,4.20
1965-03-31,,4.20
1965-04-01,,4.20
1965-04-02,,4.20
1965-04-05,,4.20
1965-04-06,,4.20
1965-04-07,,4.20
1965-04-08,,4.19
1965-04-09,,4.20
1965-04-12,,4.20
1965-04-13,,4.20
1965-04-14,,4.19
1965-04-15,,4.20
1965-04-16,,
1965-04-19,,4.21
1965-04-20,,4.21
1965-04-21,,4.21
1965-04-22,,4.21
1965-04-23,,4.21
1965-04-26,,4.21
1965-04-27,,4.21
1965-04-28,,4.21
1965-04-29,,4.21
1965-04-30,,4.21
1965-05-03,,4.21
1965-05-04,,4.20
1965-05-05,,4.20
1965-05-06,,4.20
1965-05-07,,4.20
1965-05-10,,4.20
1965-05-11,,4.20
1965-05-12,,4.20
1965-05-13,,4.21
1965-05-14,,4.21
1965-05-17,,4.21
1965-05-18,,4.22
1965-05-19,,4.22
1965-05-20,,4.22
1965-05-21,,4.22
1965-05-24,,4.22
1965-05-25,,4.22
1965-05-26,,4.22
1965-05-27,,4.22
1965-05-28,,4.23
1965-05-31,,
1965-06-01,,4.23
1965-06-02,,4.23
1965-06-03,,4.23
1965-06-04,,4.23
1965-06-07,,4.23
1965-06-08,,4.23
1965-06-09,,4.23
1965-06-10,,4.23
1965-06-11,,4.23
1965-06-14,,4.21
1965-06-15,,4.21
1965-06-16,,4.21
1965-06-17,,4.21
1965-06-18,,4.21
1965-06-21,,4.20
1965-06-22,,4.20
1965-06-23,,4.20
1965-06-24,,4.19
1965-06-25,,4.19
1965-06-28,,4.19
1965-06-29,,4.20
1965-06-30,,4.20
1965-07-01,,4.20
1965-07-02,,4.21
1965-07-05,,
1965-07-06,,4.21
1965-07-07,,4.21
1965-07-08,,4.20
1965-07-09,,4.21
1965-07-12,,4.21
1965-07-13,,4.21
1965-07-14,,4.21
1965-07-15,,4.20
1965-07-16,,4.20
1965-07-19,,4.20
1965-07-20,,4.20
1965-07-21,,4.20
1965-07-22,,4.20
1965-07-23,,4.20
1965-07-26,,4.20
1965-07-27,,4.20
1965-07-28,,4.20
1965-07-29,,4.21
1965-07-30,,4.22
1965-08-02,,4.22
1965-08-03,,4.22
1965-08-04,,4.23
1965-08-05,,4.23
1965-08-06,,4.24
1965-08-09,,4.24
1965-08-10,,4.24
1965-08-11,,4.25
1965-08-12,,4.25
1965-08-13,,4.25
1965-08-16,,4.26
1965-08-17,,4.27
1965-08-18,,4.26
1965-08-19,,4.26
1965-08-20,,4.26
1965-08-23,,4.26
1965-08-24,,4.27
1965-08-25,,4.26
1965-08-26,,4.27
1965-08-27,,4.27
1965-08-30,,4.27
1965-08-31,,4.27
1965-09-01,,4.28
1965-09-02,,4.28
1965-09-03,,4.27
1965-09-06,,
1965-09-07,,4.27
1965-09-08,,4.27
1965-09-09,,4.27
1965-09-10,,4.28
1965-09-13,,4.28
1965-09-14,,4.28
1965-09-15,,4.28
1965-09-16,,4.27
1965-09-17,,4.27
1965-09-20,,4.27
1965-09-21,,4.28
1965-09-22,,4.29
1965-09-23,,4.30
1965-09-24,,4.31
1965-09-27,,4.31
1965-09-28,,4.33
1965-09-29,,4.36
1965-09-30,,4.35
1965-10-01,,4.36
1965-10-04,,4.35
1965-10-05,,4.33
1965-10-06,,4.32
1965-10-07,,4.31
1965-10-08,,4.32
1965-10-11,,4.31
1965-10-12,,
1965-10-13,,4.30
1965-10-14,,4.31
1965-10-15,,4.34
1965-10-18,,4.34
1965-10-19,,4.35
1965-10-20,,4.36
1965-10-21,,4.37
1965-10-22,,4.36
1965-10-25,,4.38
1965-10-26,,4.38
1965-10-27,,4.39
1965-10-28,,4.40
1965-10-29,,4.41
1965-11-01,,4.43
1965-11-02,,
1965-11-03,,4.43
1965-11-04,,4.43
1965-11-05,,4.43
1965-11-08,,4.45
1965-11-09,,4.47
1965-11-10,,4.46
1965-11-11,,
1965-11-12,,4.44
1965-11-15,,4.45
1965-11-16,,4.44
1965-11-17,,4.45
1965-11-18,,4.45
1965-11-19,,4.46
1965-11-22,,4.45
1965-11-23,,4.45
1965-11-24,,4.45
1965-11-25,,
1965-11-26,,4.45
1965-11-29,,4.46
1965-11-30,,4.48
1965-12-01,,4.52
1965-12-02,,4.52
1965-12-03,,4.52
1965-12-06,,4.61
1965-12-07,,4.59
1965-12-08,,4.60
1965-12-09,,4.60
1965-12-10,,4.60
1965-12-13,,4.65
1965-12-14,,4.67
1965-12-15,,4.67
1965-12-16,,4.66
1965-12-17,,4.65
1965-12-20,,4.61
1965-12-21,,4.64
1965-12-22,,4.65
1965-12-23,,4.65
1965-12-24,,
1965-12-27,,4.62
1965-12-28,,4.61
1965-12-29,,4.62
1965-12-30,,4.63
1965-12-31,,4.65
1966-01-03,,4.63
1966-01-04,,4.65
1966-01-05,,4.63
1966-01-06,,4.60
1966-01-07,,4.60
1966-01-10,,4.61
1966-01-11,,4.60
1966-01-12,,4.56
1966-01-13,,4.58
1966-01-14,,4.59
1966-01-17,,4.61
1966-01-18,,4.61
1966-01-19,,4.61
1966-01-20,,4.60
1966-01-21,,4.59
1966-01-24,,4.60
1966-01-25,,4.61
1966-01-26,,4.61
1966-01-27,,4.63
1966-01-28,,4.65
1966-01-31,,4.69
1966-02-01,,4.69
1966-02-02,,4.70
1966-02-03,,4.70
1966-02-04,,4.71
1966-02-07,,4.73
1966-02-08,,4.72
1966-02-09,,4.74
1966-02-10,,4.78
1966-02-11,,4.86
1966-02-14,,4.87
1966-02-15,,4.88
1966-02-16,,4.89
1966-02-17,,4.88
1966-02-18,,4.90
1966-02-21,,4.92
1966-02-22,,
1966-02-23,,4.92
1966-02-24,,4.93
1966-02-25,,4.97
1966-02-28,,5.02
1966-03-01,,5.01
1966-03-02,,5.00
1966-03-03,,5.00
1966-03-04,,4.98
1966-03-07,,4.96
1966-03-08,,4.93
1966-03-09,,4.93
1966-03-10,,4.95
1966-03-11,,4.96
1966-03-14,,4.94
1966-03-15,,4.91
1966-03-16,,4.90
1966-03-17,,4.86
1966-03-18,,4.84
1966-03-21,,4.81
1966-03-22,,4.78
1966-03-23,,4.73
1966-03-24,,4.76
1966-03-25,,4.82
1966-03-28,,4.81
1966-03-29,,4.80
1966-03-30,,4.70
1966-03-31,,4.71
1966-04-01,,4.70
1966-04-04,,4.69
1966-04-05,,4.66
1966-04-06,,4.71
1966-04-07,,4.73
1966-04-08,,
1966-04-11,,4.73
1966-04-12,,4.73
1966-04-13,,4.74
1966-04-14,,4.76
1966-04-15,,4.77
1966-04-18,,4.76
1966-04-19,,4.76
1966-04-20,,4.80
1966-04-21,,4.77
1966-04-22,,4.77
1966-04-25,,4.78
1966-04-26,,4.79
1966-04-27,,4.78
1966-04-28,,4.78
1966-04-29,,4.79
1966-05-02,,4.80
1966-05-03,,4.81
1966-05-04,,4.81
1966-05-05,,4.81
1966-05-06,,4.79
1966-05-09,,4.75
1966-05-10,,4.75
1966-05-11,,4.77
1966-05-12,,4.77
1966-05-13,,4.77
1966-05-16,,4.77
1966-05-17,,4.75
1966-05-18,,4.75
1966-05-19,,4.75
1966-05-20,,4.75
1966-05-23,,4.77
1966-05-24,,4.79
1966-05-25,,4.78
1966-05-26,,4.80
1966-05-27,,4.81
1966-05-30,,
1966-05-31,,4.80
1966-06-01,,4.79
1966-06-02,,4.77
1966-06-03,,4.78
1966-06-06,,4.79
1966-06-07,,4.81
1966-06-08,,4.83
1966-06-09,,4.83
1966-06-10,,4.83
1966-06-13,,4.83
1966-06-14,,4.83
1966-06-15,,4.79
1966-06-16,,4.81
1966-06-17,,4.80
1966-06-20,,4.76
1966-06-21,,4.75
1966-06-22,,4.76
1966-06-23,,4.77
1966-06-24,,4.80
1966-06-27,,4.83
1966-06-28,,4.89
1966-06-29,,4.90
1966-06-30,,4.97
1966-07-01,,4.99
1966-07-04,,
1966-07-05,,4.96
1966-07-06,,4.95
1966-07-07,,4.95
1966-07-08,,4.97
1966-07-11,,5.03
1966-07-12,,5.05
1966-07-13,,5.07
1966-07-14,,5.10
1966-07-15,,5.09
1966-07-18,,5.04
1966-07-19,,5.03
1966-07-20,,5.02
1966-07-21,,5.04
1966-07-22,,5.02
1966-07-25,,4.99
1966-07-26,,4.99
1966-07-27,,4.99
1966-07-28,,5.03
1966-07-29,,5.05
1966-08-01,,5.05
1966-08-02,,5.04
1966-08-03,,5.06
1966-08-04,,5.07
1966-08-05,,5.07
1966-08-08,,5.08
1966-08-09,,5.10
1966-08-10,,5.10
1966-08-11,,5.11
1966-08-12,,5.11
1966-08-15,,5.15
1966-08-16,,5.18
1966-08-17,,5.24
1966-08-18,,5.29
1966-08-19,,5.31
1966-08-22,,5.29
1966-08-23,,5.33
1966-08-24,,5.36
1966-08-25,,5.39
1966-08-26,,5.48
1966-08-29,,5.51
1966-08-30,,5.48
1966-08-31,,5.36
1966-09-01,,5.30
1966-09-02,,5.23
1966-09-05,,
1966-09-06,,5.19
1966-09-07,,5.20
1966-09-08,,5.18
1966-09-09,,5.17
1966-09-12,,5.18
1966-09-13,,5.16
1966-09-14,,5.21
1966-09-15,,5.25
1966-09-16,,5.24
1966-09-19,,5.32
1966-09-20,,5.27
1966-09-21,,5.21
1966-09-22,,5.15
1966-09-23,,5.17
1966-09-26,,5.17
1966-09-27,,5.13
1966-09-28,,5.09
1966-09-29,,4.99
1966-09-30,,5.02
1966-10-03,,5.08
1966-10-04,,5.06
1966-10-05,,5.05
1966-10-06,,5.03
1966-10-07,,5.02
1966-10-10,,5.05
1966-10-11,,5.05
1966-10-12,,
1966-10-13,,5.07
1966-10-14,,5.06
1966-10-17,,5.04
1966-10-18,,4.99
1966-10-19,,5.00
1966-10-20,,5.02
1966-10-21,,4.94
1966-10-24,,4.94
1966-10-25,,4.94
1966-10-26,,4.96
1966-10-27,,4.99
1966-10-28,,4.97
1966-10-31,,4.97
1966-11-01,,4.99
1966-11-02,,5.04
1966-11-03,,5.06
1966-11-04,,5.11
1966-11-07,,5.11
1966-11-08,,
1966-11-09,,5.12
1966-11-10,,5.17
1966-11-11,,
1966-11-14,,5.19
1966-11-15,,5.21
1966-11-16,,5.22
1966-11-17,,5.23
1966-11-18,,5.22
1966-11-21,,5.17
1966-11-22,,5.20
1966-11-23,,5.22
1966-11-24,,
1966-11-25,,5.23
1966-11-28,,5.19
1966-11-29,,5.15
1966-11-30,,5.12
1966-12-01,,5.09
1966-12-02,,5.03
1966-12-05,,5.06
1966-12-06,,5.07
1966-12-07,,5.07
1966-12-08,,5.10
1966-12-09,,5.05
1966-12-12,,4.93
1966-12-13,,4.86
1966-12-14,,4.83
1966-12-15,,4.76
1966-12-16,,4.78
1966-12-19,,4.72
1966-12-20,,4.69
1966-12-21,,4.66
1966-12-22,,4.68
1966-12-23,,4.67
1966-12-26,,
1966-12-27,,4.71
1966-12-28,,4.64
1966-12-29,,4.66
1966-12-30,,4.64
1967-01-02,,
1967-01-03,,4.69
1967-01-04,,4.65
1967-01-05,,4.63
1967-01-06,,4.64
1967-01-09,,4.71
1967-01-10,,4.69
1967-01-11,,4.54
1967-01-12,,4.55
1967-01-13,,4.51
1967-01-16,,4.49
1967-01-17,,4.51
1967-01-18,,4.53
1967-01-19,,4.58
1967-01-20,,4.60
1967-01-23,,4.60
1967-01-24,,4.65
1967-01-25,,4.62
1967-01-26,,4.50
1967-01-27,,4.47
1967-01-30,,4.48
1967-01-31,,4.52
1967-02-01,,4.52
1967-02-02,,4.51
1967-02-03,,4.52
1967-02-06,,4.53
1967-02-07,,4.54
1967-02-08,,4.54
1967-02-09,,4.53
1967-02-10,,4.59
1967-02-13,,
1967-02-14,,4.64
1967-02-15,,4.69
1967-02-16,,4.67
1967-02-17,,4.68
1967-02-20,,4.70
1967-02-21,,4.71
1967-02-22,,
1967-02-23,,4.74
1967-02-24,,4.73
1967-02-27,,4.72
1967-02-28,,4.72
1967-03-01,,4.66
1967-03-02,,4.63
1967-03-03,,4.62
1967-03-06,,4.61
1967-03-07,,4.60
1967-03-08,,4.61
1967-03-09,,4.57
1967-03-10,,4.58
1967-03-13,,4.56
1967-03-14,,4.53
1967-03-15,,4.49
1967-03-16,,4.45
1967-03-17,,4.47
1967-03-20,,4.45
1967-03-21,,4.51
1967-03-22,,4.52
1967-03-23,,4.50
1967-03-24,,
1967-03-27,,4.52
1967-03-28,,4.52
1967-03-29,,4.52
1967-03-30,,4.50
1967-03-31,,4.50
1967-04-03,,4.50
1967-04-04,,4.49
1967-04-05,,4.50
1967-04-06,,4.49
1967-04-07,,4.48
1967-04-10,,4.50
1967-04-11,,4.51
1967-04-12,,4.51
1967-04-13,,4.54
1967-04-14,,4.56
1967-04-17,,4.61
1967-04-18,,4.63
1967-04-19,,4.63
1967-04-20,,4.63
1967-04-21,,4.66
1967-04-24,,4.68
1967-04-25,,4.71
1967-04-26,,4.73
1967-04-27,,4.73
1967-04-28,,4.78
1967-05-01,,4.77
1967-05-02,,4.75
1967-05-03,,4.75
1967-05-04,,4.76
1967-05-05,,4.77
1967-05-08,,4.83
1967-05-09,,4.87
1967-05-10,,4.87
1967-05-11,,4.84
1967-05-12,,4.82
1967-05-15,,4.86
1967-05-16,,4.87
1967-05-17,,4.88
1967-05-18,,4.88
1967-05-19,,4.89
1967-05-22,,4.94
1967-05-23,,4.94
1967-05-24,,4.93
1967-05-25,,4.92
1967-05-26,,4.86
1967-05-29,,4.84
1967-05-30,,
1967-05-31,,4.81
1967-06-01,,4.81
1967-06-02,,4.82
1967-06-05,,4.85
1967-06-06,,4.84
1967-06-07,,4.84
1967-06-08,,4.86
1967-06-09,,4.89
1967-06-12,,4.94
1967-06-13,,4.95
1967-06-14,,5.02
1967-06-15,,5.02
1967-06-16,,5.07
1967-06-19,,5.07
1967-06-20,,5.14
1967-06-21,,5.14
1967-06-22,,5.13
1967-06-23,,5.14
1967-06-26,,5.16
1967-06-27,,5.21
1967-06-28,,5.18
1967-06-29,,5.20
1967-06-30,,5.22
1967-07-03,,5.22
1967-07-04,,
1967-07-05,,5.17
1967-07-06,,5.11
1967-07-07,,5.15
1967-07-10,,5.16
1967-07-11,,5.09
1967-07-12,,5.06
1967-07-13,,5.08
1967-07-14,,5.08
1967-07-17,,5.09
1967-07-18,,5.16
1967-07-19,,5.18
1967-07-20,,5.20
1967-07-21,,5.20
1967-07-24,,5.23
1967-07-25,,5.23
1967-07-26,,5.23
1967-07-27,,5.20
1967-07-28,,5.18
1967-07-31,,5.16
1967-08-01,,5.18
1967-08-02,,5.21
1967-08-03,,5.20
1967-08-04,,5.26
1967-08-07,,5.30
1967-08-08,,5.28
1967-08-09,,5.27
1967-08-10,,5.28
1967-08-11,,5.29
1967-08-14,,5.29
1967-08-15,,5.29
1967-08-16,,5.28
1967-08-17,,5.28
1967-08-18,,5.28
1967-08-21,,5.30
1967-08-22,,5.30
1967-08-23,,5.31
1967-08-24,,5.31
1967-08-25,,5.32
1967-08-28,,5.29
1967-08-29,,5.27
1967-08-30,,5.28
1967-08-31,,5.27
1967-09-01,,5.25
1967-09-04,,
1967-09-05,,5.22
1967-09-06,,5.20
1967-09-07,,5.20
1967-09-08,,5.26
1967-09-11,,5.28
1967-09-12,,5.29
1967-09-13,,5.27
1967-09-14,,5.28
1967-09-15,,5.29
1967-09-18,,5.30
1967-09-19,,5.35
1967-09-20,,5.34
1967-09-21,,5.36
1967-09-22,,5.36
1967-09-25,,5.38
1967-09-26,,5.37
1967-09-27,,5.37
1967-09-28,,5.36
1967-09-29,,5.31
1967-10-02,,5.35
1967-10-03,,5.35
1967-10-04,,5.37
1967-10-05,,5.37
1967-10-06,,5.37
1967-10-09,,5.39
1967-10-10,,5.42
1967-10-11,,5.42
1967-10-12,,
1967-10-13,,5.45
1967-10-16,,5.47
1967-10-17,,5.49
1967-10-18,,5.52
1967-10-19,,5.53
1967-10-20,,5.52
1967-10-23,,5.56
1967-10-24,,5.56
1967-10-25,,5.57
1967-10-26,,5.58
1967-10-27,,5.57
1967-10-30,,5.60
1967-10-31,,5.64
1967-11-01,,5.70
1967-11-02,,5.71
1967-11-03,,5.75
1967-11-06,,5.77
1967-11-07,,
1967-11-08,,5.74
1967-11-09,,5.78
1967-11-10,,5.83
1967-11-13,,5.87
1967-11-14,,5.81
1967-11-15,,5.78
1967-11-16,,5.72
1967-11-17,,5.75
1967-11-20,,5.85
1967-11-21,,5.71
1967-11-22,,5.70
1967-11-23,,
1967-11-24,,5.78
1967-11-27,,5.76
1967-11-28,,5.65
1967-11-29,,5.67
1967-11-30,,5.74
1967-12-01,,5.78
1967-12-04,,5.76
1967-12-05,,5.74
1967-12-06,,5.69
1967-12-07,,5.71
1967-12-08,,5.72
1967-12-11,,5.74
1967-12-12,,5.75
1967-12-13,,5.71
1967-12-14,,5.70
1967-12-15,,5.71
1967-12-18,,5.68
1967-12-19,,5.66
1967-12-20,,5.62
1967-12-21,,5.64
1967-12-22,,5.69
1967-12-25,,
1967-12-26,,5.64
1967-12-27,,5.64
1967-12-28,,5.70
1967-12-29,,5.70
1968-01-01,,
1968-01-02,,5.63
1968-01-03,,5.63
1968-01-04,,5.51
1968-01-05,,5.48
1968-01-08,,5.50
1968-01-09,,5.52
1968-01-10,,5.46
1968-01-11,,5.46
1968-01-12,,5.43
1968-01-15,,5.49
1968-01-16,,5.52
1968-01-17,,5.48
1968-01-18,,5.55
1968-01-19,,5.59
1968-01-22,,5.61
1968-01-23,,5.56
1968-01-24,,5.56
1968-01-25,,5.52
1968-01-26,,5.53
1968-01-29,,5.53
1968-01-30,,5.53
1968-01-31,,5.54
1968-02-01,,5.58
1968-02-02,,5.58
1968-02-05,,5.60
1968-02-06,,5.61
1968-02-07,,5.59
1968-02-08,,5.60
1968-02-09,,5.59
1968-02-12,,
1968-02-13,,5.55
1968-02-14,,5.54
1968-02-15,,5.51
1968-02-16,,5.50
1968-02-19,,5.53
1968-02-20,,5.54
1968-02-21,,5.54
1968-02-22,,
1968-02-23,,5.56
1968-02-26,,5.58
1968-02-27,,5.58
1968-02-28,,5.57
1968-02-29,,5.56
1968-03-01,,5.56
1968-03-04,,5.57
1968-03-05,,5.59
1968-03-06,,5.61
1968-03-07,,5.67
1968-03-08,,5.75
1968-03-11,,5.75
1968-03-12,,5.79
1968-03-13,,5.86
1968-03-14,,5.95
1968-03-15,,5.84
1968-03-18,,5.76
1968-03-19,,5.77
1968-03-20,,5.73
1968-03-21,,5.76
1968-03-22,,5.74
1968-03-25,,5.74
1968-03-26,,5.78
1968-03-27,,5.78
1968-03-28,,5.78
1968-03-29,,5.76
1968-04-01,,5.64
1968-04-02,,5.62
1968-04-03,,5.49
1968-04-04,,5.52
1968-04-05,,5.52
1968-04-08,,5.54
1968-04-09,,
1968-04-10,,5.53
1968-04-11,,5.54
1968-04-12,,
1968-04-15,,5.60
1968-04-16,,5.62
1968-04-17,,5.62
1968-04-18,,5.64
1968-04-19,,5.76
1968-04-22,,5.78
1968-04-23,,5.73
1968-04-24,,5.72
1968-04-25,,5.72
1968-04-26,,5.71
1968-04-29,,5.73
1968-04-30,,5.74
1968-05-01,,5.73
1968-05-02,,5.76
1968-05-03,,5.80
1968-05-06,,5.78
1968-05-07,,5.79
1968-05-08,,5.80
1968-05-09,,5.79
1968-05-10,,5.79
1968-05-13,,5.79
1968-05-14,,5.82
1968-05-15,,5.85
1968-05-16,,5.90
1968-05-17,,5.92
1968-05-20,,5.96
1968-05-21,,6.02
1968-05-22,,6.02
1968-05-23,,5.98
1968-05-24,,5.96
1968-05-27,,5.92
1968-05-28,,5.94
1968-05-29,,5.95
1968-05-30,,
1968-05-31,,5.86
1968-06-03,,5.79
1968-06-04,,5.78
1968-06-05,,5.81
1968-06-06,,5.83
1968-06-07,,5.82
1968-06-10,,5.80
1968-06-11,,5.79
1968-06-12,,5.77
1968-06-13,,5.76
1968-06-14,,5.72
1968-06-17,,5.71
1968-06-18,,5.71
1968-06-19,,5.67
1968-06-20,,5.62
1968-06-21,,5.60
1968-06-24,,5.61
1968-06-25,,5.64
1968-06-26,,5.64
1968-06-27,,5.65
1968-06-28,,5.64
1968-07-01,,5.62
1968-07-02,,5.58
1968-07-03,,5.57
1968-07-04,,
1968-07-05,,5.56
1968-07-08,,5.53
1968-07-09,,5.51
1968-07-10,,5.52
1968-07-11,,5.52
1968-07-12,,5.53
1968-07-15,,5.56
1968-07-16,,5.57
1968-07-17,,5.55
1968-07-18,,5.56
1968-07-19,,5.53
1968-07-22,,5.45
1968-07-23,,5.38
1968-07-24,,5.39
1968-07-25,,5.37
1968-07-26,,5.39
1968-07-29,,5.41
1968-07-30,,5.41
1968-07-31,,5.39
1968-08-01,,5.38
1968-08-02,,5.34
1968-08-05,,5.37
1968-08-06,,5.38
1968-08-07,,5.36
1968-08-08,,5.37
1968-08-09,,5.39
1968-08-12,,5.42
1968-08-13,,5.43
1968-08-14,,5.43
1968-08-15,,5.45
1968-08-16,,5.42
1968-08-19,,5.43
1968-08-20,,5.43
1968-08-21,,5.46
1968-08-22,,5.50
1968-08-23,,5.47
1968-08-26,,5.46
1968-08-27,,5.46
1968-08-28,,5.45
1968-08-29,,5.43
1968-08-30,,5.42
1968-09-02,,
1968-09-03,,5.41
1968-09-04,,5.43
1968-09-05,,5.46
1968-09-06,,5.48
1968-09-09,,5.49
1968-09-10,,5.51
1968-09-11,,5.50
1968-09-12,,5.49
1968-09-13,,5.48
1968-09-16,,5.46
1968-09-17,,5.46
1968-09-18,,5.42
1968-09-19,,5.43
1968-09-20,,5.45
1968-09-23,,5.45
1968-09-24,,5.44
1968-09-25,,5.44
1968-09-26,,5.45
1968-09-27,,5.46
1968-09-30,,5.49
1968-10-01,,5.49
1968-10-02,,5.49
1968-10-03,,5.50
1968-10-04,,5.52
1968-10-07,,5.55
1968-10-08,,5.57
1968-10-09,,5.60
1968-10-10,,5.61
1968-10-11,,5.61
1968-10-14,,5.62
1968-10-15,,5.65
1968-10-16,,5.62
1968-10-17,,5.58
1968-10-18,,5.57
1968-10-21,,5.58
1968-10-22,,5.58
1968-10-23,,5.58
1968-10-24,,5.61
1968-10-25,,5.60
1968-10-28,,5.61
1968-10-29,,5.62
1968-10-30,,5.63
1968-10-31,,5.61
1968-11-01,,5.61
1968-11-04,,5.63
1968-11-05,,
1968-11-06,,5.62
1968-11-07,,5.63
1968-11-08,,5.65
1968-11-11,,
1968-11-12,,5.68
1968-11-13,,5.66
1968-11-14,,5.66
1968-11-15,,5.68
1968-11-18,,5.71
1968-11-19,,5.74
1968-11-20,,5.74
1968-11-21,,5.73
1968-11-22,,5.74
1968-11-25,,5.75
1968-11-26,,5.76
1968-11-27,,5.76
1968-11-28,,
1968-11-29,,5.78
1968-12-02,,5.89
1968-12-03,,5.96
1968-12-04,,5.95
1968-12-05,,5.93
1968-12-06,,5.91
1968-12-09,,5.92
1968-12-10,,5.93
1968-12-11,,5.93
1968-12-12,,5.94
1968-12-13,,5.93
1968-12-16,,5.96
1968-12-17,,5.97
1968-12-18,,6.00
1968-12-19,,6.07
1968-12-20,,6.14
1968-12-23,,6.23
1968-12-24,,6.27
1968-12-25,,
1968-12-26,,6.17
1968-12-27,,6.20
1968-12-30,,6.21
1968-12-31,,6.16
1969-01-01,,
1969-01-02,,6.04
1969-01-03,,6.01
1969-01-06,,6.04
1969-01-07,,6.14
1969-01-08,,6.09
1969-01-09,,6.04
1969-01-10,,6.03
1969-01-13,,6.04
1969-01-14,,6.04
1969-01-15,,6.02
1969-01-16,,5.98
1969-01-17,,5.97
1969-01-20,,5.95
1969-01-21,,5.97
1969-01-22,,6.03
1969-01-23,,6.02
1969-01-24,,6.01
1969-01-27,,6.03
1969-01-28,,6.05
1969-01-29,,6.09
1969-01-30,,6.14
1969-01-31,,6.19
1969-02-03,,6.22
1969-02-04,,6.20
1969-02-05,,6.19
1969-02-06,,6.20
1969-02-07,,6.14
1969-02-10,,6.14
1969-02-11,,6.10
1969-02-12,,
1969-02-13,,6.09
1969-02-14,,6.11
1969-02-17,,6.14
1969-02-18,,6.16
1969-02-19,,6.20
1969-02-20,,6.23
1969-02-21,,6.24
1969-02-24,,6.22
1969-02-25,,6.24
1969-02-26,,6.24
1969-02-27,,6.27
1969-02-28,,6.26
1969-03-03,,6.25
1969-03-04,,6.24
1969-03-05,,6.24
1969-03-06,,6.26
1969-03-07,,6.27
1969-03-10,,6.27
1969-03-11,,6.30
1969-03-12,,6.31
1969-03-13,,6.32
1969-03-14,,6.31
1969-03-17,,6.35
1969-03-18,,6.35
1969-03-19,,6.32
1969-03-20,,6.31
1969-03-21,,6.29
1969-03-24,,6.28
1969-03-25,,6.30
1969-03-26,,6.32
1969-03-27,,6.33
1969-03-28,,6.30
1969-03-31,,
1969-04-01,,6.25
1969-04-02,,6.25
1969-04-03,,6.26
1969-04-04,,
1969-04-07,,6.28
1969-04-08,,6.25
1969-04-09,,6.19
1969-04-10,,6.18
1969-04-11,,6.15
1969-04-14,,6.06
1969-04-15,,6.11
1969-04-16,,6.10
1969-04-17,,6.13
1969-04-18,,6.16
1969-04-21,,6.14
1969-04-22,,6.12
1969-04-23,,6.12
1969-04-24,,6.14
1969-04-25,,6.15
1969-04-28,,6.19
1969-04-29,,6.21
1969-04-30,,6.20
1969-05-01,,6.25
1969-05-02,,6.23
1969-05-05,,6.19
1969-05-06,,6.22
1969-05-07,,6.22
1969-05-08,,6.20
1969-05-09,,6.23
1969-05-12,,6.27
1969-05-13,,6.25
1969-05-14,,6.24
1969-05-15,,6.26
1969-05-16,,6.31
1969-05-19,,6.36
1969-05-20,,6.36
1969-05-21,,6.36
1969-05-22,,6.36
1969-05-23,,6.38
1969-05-26,,6.44
1969-05-27,,6.54
1969-05-28,,6.56
1969-05-29,,6.56
1969-05-30,,
1969-06-02,,6.56
1969-06-03,,6.55
1969-06-04,,6.56
1969-06-05,,6.54
1969-06-06,,6.52
1969-06-09,,6.59
1969-06-10,,6.56
1969-06-11,,6.56
1969-06-12,,6.54
1969-06-13,,6.51
1969-06-16,,6.49
1969-06-17,,6.52
1969-06-18,,6.53
1969-06-19,,6.57
1969-06-20,,6.59
1969-06-23,,6.60
1969-06-24,,6.63
1969-06-25,,6.63
1969-06-26,,6.62
1969-06-27,,6.66
1969-06-30,,6.73
1969-07-01,,6.75
1969-07-02,,6.77
1969-07-03,,6.75
1969-07-04,,
1969-07-07,,6.76
1969-07-08,,6.79
1969-07-09,,6.82
1969-07-10,,6.78
1969-07-11,,6.64
1969-07-14,,6.69
1969-07-15,,6.72
1969-07-16,,6.67
1969-07-17,,6.69
1969-07-18,,6.70
1969-07-21,,
1969-07-22,,6.66
1969-07-23,,6.68
1969-07-24,,6.70
1969-07-25,,6.71
1969-07-28,,6.73
1969-07-29,,6.72
1969-07-30,,6.72
1969-07-31,,6.66
1969-08-01,,6.66
1969-08-04,,6.63
1969-08-05,,6.60
1969-08-06,,6.62
1969-08-07,,6.63
1969-08-08,,6.64
1969-08-11,,6.69
1969-08-12,,6.70
1969-08-13,,6.70
1969-08-14,,6.68
1969-08-15,,6.68
1969-08-18,,6.66
1969-08-19,,6.65
1969-08-20,,6.66
1969-08-21,,6.68
1969-08-22,,6.71
1969-08-25,,6.72
1969-08-26,,6.76
1969-08-27,,6.79
1969-08-28,,6.83
1969-08-29,,6.83
1969-09-01,,
1969-09-02,,6.87
1969-09-03,,6.94
1969-09-04,,6.96
1969-09-05,,6.99
1969-09-08,,7.03
1969-09-09,,7.04
1969-09-10,,7.02
1969-09-11,,7.05
1969-09-12,,7.08
1969-09-15,,7.09
1969-09-16,,7.14
1969-09-17,,7.14
1969-09-18,,7.27
1969-09-19,,7.28
1969-09-22,,7.26
1969-09-23,,7.26
1969-09-24,,7.27
1969-09-25,,7.30
1969-09-26,,7.40
1969-09-29,,7.45
1969-09-30,,7.51
1969-10-01,,7.52
1969-10-02,,7.45
1969-10-03,,7.38
1969-10-06,,7.35
1969-10-07,,7.31
1969-10-08,,7.29
1969-10-09,,7.30
1969-10-10,,7.22
1969-10-13,,
1969-10-14,,7.10
1969-10-15,,7.12
1969-10-16,,7.04
1969-10-17,,6.99
1969-10-20,,6.83
1969-10-21,,6.77
1969-10-22,,6.80
1969-10-23,,6.90
1969-10-24,,6.90
1969-10-27,,6.93
1969-10-28,,7.00
1969-10-29,,7.00
1969-10-30,,6.96
1969-10-31,,6.94
1969-11-03,,6.90
1969-11-04,,
1969-11-05,,6.97
1969-11-06,,7.01
1969-11-07,,6.99
1969-11-10,,6.99
1969-11-11,,
1969-11-12,,7.06
1969-11-13,,7.12
1969-11-14,,7.08
1969-11-17,,7.13
1969-11-18,,7.22
1969-11-19,,7.25
1969-11-20,,7.31
1969-11-21,,7.28
1969-11-24,,7.27
1969-11-25,,7.28
1969-11-26,,7.30
1969-11-27,,
1969-11-28,,7.29
1969-12-01,,7.29
1969-12-02,,7.35
1969-12-03,,7.39
1969-12-04,,7.35
1969-12-05,,7.35
1969-12-08,,7.40
1969-12-09,,7.50
1969-12-10,,7.59
1969-12-11,,7.62
1969-12-12,,7.60
1969-12-15,,7.63
1969-12-16,,7.72
1969-12-17,,7.76
1969-12-18,,7.81
1969-12-19,,7.79
1969-12-22,,7.76
1969-12-23,,7.82
1969-12-24,,7.89
1969-12-25,,
1969-12-26,,7.87
1969-12-29,,8.05
1969-12-30,,7.97
1969-12-31,,7.88
1970-01-01,,
1970-01-02,,7.86
1970-01-05,,7.88
1970-01-06,,7.96
1970-01-07,,7.99
1970-01-08,,7.96
1970-01-09,,7.86
1970-01-12,,7.82
1970-01-13,,7.81
1970-01-14,,7.86
1970-01-15,,7.85
1970-01-16,,7.75
1970-01-19,,7.69
1970-01-20,,7.72
1970-01-21,,7.69
1970-01-22,,7.67
1970-01-23,,7.69
1970-01-26,,7.71
1970-01-27,,7.70
1970-01-28,,7.70
1970-01-29,,7.77
1970-01-30,,7.75
1970-02-02,,7.65
1970-02-03,,7.58
1970-02-04,,7.50
1970-02-05,,7.45
1970-02-06,,7.36
1970-02-09,,7.28
1970-02-10,,7.32
1970-02-11,,7.33
1970-02-12,,
1970-02-13,,7.15
1970-02-16,,7.17
1970-02-17,,7.15
1970-02-18,,7.12
1970-02-19,,7.09
1970-02-20,,7.12
1970-02-23,,
1970-02-24,,7.14
1970-02-25,,7.04
1970-02-26,,6.94
1970-02-27,,6.90
1970-03-02,,6.95
1970-03-03,,6.99
1970-03-04,,6.97
1970-03-05,,6.98
1970-03-06,,6.96
1970-03-09,,6.99
1970-03-10,,7.04
1970-03-11,,7.11
1970-03-12,,7.16
1970-03-13,,7.23
1970-03-16,,7.24
1970-03-17,,7.36
1970-03-18,,7.28
1970-03-19,,7.07
1970-03-20,,7.06
1970-03-23,,7.05
1970-03-24,,7.02
1970-03-25,,6.96
1970-03-26,,6.98
1970-03-27,,
1970-03-30,,7.05
1970-03-31,,7.08
1970-04-01,,7.04
1970-04-02,,7.08
1970-04-03,,7.14
1970-04-06,,7.17
1970-04-07,,7.18
1970-04-08,,7.17
1970-04-09,,7.18
1970-04-10,,7.17
1970-04-13,,7.20
1970-04-14,,7.22
1970-04-15,,7.27
1970-04-16,,7.34
1970-04-17,,7.40
1970-04-20,,7.44
1970-04-21,,7.50
1970-04-22,,7.61
1970-04-23,,7.64
1970-04-24,,7.72
1970-04-27,,7.74
1970-04-28,,7.79
1970-04-29,,7.78
1970-04-30,,7.82
1970-05-01,,7.85
1970-05-04,,7.94
1970-05-05,,7.92
1970-05-06,,7.86
1970-05-07,,7.82
1970-05-08,,7.78
1970-05-11,,7.82
1970-05-12,,7.84
1970-05-13,,7.85
1970-05-14,,7.86
1970-05-15,,7.83
1970-05-18,,7.80
1970-05-19,,7.80
1970-05-20,,7.85
1970-05-21,,7.90
1970-05-22,,7.99
1970-05-25,,8.15
1970-05-26,,8.22
1970-05-27,,8.02
1970-05-28,,7.98
1970-05-29,,7.95
1970-06-01,,7.84
1970-06-02,,7.78
1970-06-03,,7.76
1970-06-04,,7.80
1970-06-05,,7.88
1970-06-08,,7.89
1970-06-09,,7.88
1970-06-10,,7.87
1970-06-11,,7.92
1970-06-12,,7.98
1970-06-15,,7.98
1970-06-16,,7.87
1970-06-17,,7.90
1970-06-18,,7.90
1970-06-19,,7.90
1970-06-22,,7.86
1970-06-23,,7.79
1970-06-24,,7.74
1970-06-25,,7.76
1970-06-26,,7.78
1970-06-29,,7.76
1970-06-30,,7.68
1970-07-01,,7.64
1970-07-02,,7.55
1970-07-03,,
1970-07-06,,7.49
1970-07-07,,7.46
1970-07-08,,7.49
1970-07-09,,7.49
1970-07-10,,7.54
1970-07-13,,7.55
1970-07-14,,7.53
1970-07-15,,7.49
1970-07-16,,7.46
1970-07-17,,7.45
1970-07-20,,7.46
1970-07-21,,7.45
1970-07-22,,7.43
1970-07-23,,7.32
1970-07-24,,7.34
1970-07-27,,7.36
1970-07-28,,7.41
1970-07-29,,7.39
1970-07-30,,7.38
1970-07-31,,7.38
1970-08-03,,7.39
1970-08-04,,7.40
1970-08-05,,7.42
1970-08-06,,7.43
1970-08-07,,7.45
1970-08-10,,7.50
1970-08-11,,7.54
1970-08-12,,7.56
1970-08-13,,7.58
1970-08-14,,7.67
1970-08-17,,7.71
1970-08-18,,7.68
1970-08-19,,7.65
1970-08-20,,7.64
1970-08-21,,7.60
1970-08-24,,7.48
1970-08-25,,7.46
1970-08-26,,7.45
1970-08-27,,7.48
1970-08-28,,7.49
1970-08-31,,7.49
1970-09-01,,7.47
1970-09-02,,7.48
1970-09-03,,7.48
1970-09-04,,7.47
1970-09-07,,
1970-09-08,,7.50
1970-09-09,,7.54
1970-09-10,,7.52
1970-09-11,,7.50
1970-09-14,,7.48
1970-09-15,,7.46
1970-09-16,,7.40
1970-09-17,,7.32
1970-09-18,,7.31
1970-09-21,,7.29
1970-09-22,,7.28
1970-09-23,,7.24
1970-09-24,,7.26
1970-09-25,,7.28
1970-09-28,,7.31
1970-09-29,,7.30
1970-09-30,,7.29
1970-10-01,,7.29
1970-10-02,,7.26
1970-10-05,,7.26
1970-10-06,,7.24
1970-10-07,,7.23
1970-10-08,,7.25
1970-10-09,,7.25
1970-10-12,,
1970-10-13,,7.25
1970-10-14,,7.30
1970-10-15,,7.30
1970-10-16,,7.31
1970-10-19,,7.35
1970-10-20,,7.37
1970-10-21,,7.42
1970-10-22,,7.46
1970-10-23,,7.44
1970-10-26,,7.44
1970-10-27,,7.42
1970-10-28,,7.38
1970-10-29,,7.31
1970-10-30,,7.33
1970-11-02,,7.24
1970-11-03,,
1970-11-04,,7.23
1970-11-05,,7.20
1970-11-06,,7.15
1970-11-09,,7.06
1970-11-10,,7.06
1970-11-11,,
1970-11-12,,7.03
1970-11-13,,7.00
1970-11-16,,6.96
1970-11-17,,6.93
1970-11-18,,6.86
1970-11-19,,6.72
1970-11-20,,6.48
1970-11-23,,6.32
1970-11-24,,6.45
1970-11-25,,6.48
1970-11-26,,
1970-11-27,,6.48
1970-11-30,,6.49
1970-12-01,,6.48
1970-12-02,,6.41
1970-12-03,,6.31
1970-12-04,,6.21
1970-12-07,,6.27
1970-12-08,,6.29
1970-12-09,,6.34
1970-12-10,,6.34
1970-12-11,,6.31
1970-12-14,,6.26
1970-12-15,,6.29
1970-12-16,,6.29
1970-12-17,,6.30
1970-12-18,,6.33
1970-12-21,,6.45
1970-12-22,,6.52
1970-12-23,,6.57
1970-12-24,,6.53
1970-12-25,,
1970-12-28,,6.54
1970-12-29,,6.56
1970-12-30,,6.51
1970-12-31,,6.50
1971-01-01,,
1971-01-04,,6.46
1971-01-05,,6.47
1971-01-06,,6.47
1971-01-07,,6.45
1971-01-08,,6.44
1971-01-11,,6.39
1971-01-12,,6.35
1971-01-13,,6.29
1971-01-14,,6.22
1971-01-15,,6.22
1971-01-18,,6.16
1971-01-19,,6.17
1971-01-20,,6.15
1971-01-21,,6.09
1971-01-22,,6.06
1971-01-25,,6.05
1971-01-26,,6.07
1971-01-27,,6.09
1971-01-28,,6.08
1971-01-29,,6.09
1971-02-01,,6.09
1971-02-02,,6.11
1971-02-03,,6.11
1971-02-04,,6.10
1971-02-05,,6.10
1971-02-08,,6.09
1971-02-09,,6.07
1971-02-10,,6.08
1971-02-11,,6.08
1971-02-12,,
1971-02-15,,
1971-02-16,,6.11
1971-02-17,,6.11
1971-02-18,,6.11
1971-02-19,,6.12
1971-02-22,,6.15
1971-02-23,,6.18
1971-02-24,,6.16
1971-02-25,,6.11
1971-02-26,,6.14
1971-03-01,,6.12
1971-03-02,,6.09
1971-03-03,,6.05
1971-03-04,,6.05
1971-03-05,,6.03
1971-03-08,,5.99
1971-03-09,,5.90
1971-03-10,,5.80
1971-03-11,,5.69
1971-03-12,,5.72
1971-03-15,,5.70
1971-03-16,,5.68
1971-03-17,,5.61
1971-03-18,,5.55
1971-03-19,,5.51
1971-03-22,,5.42
1971-03-23,,5.38
1971-03-24,,5.41
1971-03-25,,5.43
1971-03-26,,5.48
1971-03-29,,5.54
1971-03-30,,5.50
1971-03-31,,5.53
1971-04-01,,5.58
1971-04-02,,5.60
1971-04-05,,5.63
1971-04-06,,5.60
1971-04-07,,5.58
1971-04-08,,5.62
1971-04-09,,
1971-04-12,,5.73
1971-04-13,,5.72
1971-04-14,,5.77
1971-04-15,,5.80
1971-04-16,,5.82
1971-04-19,,5.88
1971-04-20,,5.97
1971-04-21,,6.04
1971-04-22,,6.02
1971-04-23,,6.01
1971-04-26,,6.00
1971-04-27,,6.00
1971-04-28,,5.99
1971-04-29,,6.07
1971-04-30,,6.08
1971-05-03,,6.15
1971-05-04,,6.25
1971-05-05,,6.26
1971-05-06,,6.28
1971-05-07,,6.25
1971-05-10,,6.22
1971-05-11,,6.26
1971-05-12,,6.35
1971-05-13,,6.47
1971-05-14,,6.49
1971-05-17,,6.57
1971-05-18,,6.65
1971-05-19,,6.60
1971-05-20,,6.49
1971-05-21,,6.53
1971-05-24,,6.49
1971-05-25,,6.44
1971-05-26,,6.37
1971-05-27,,6.35
1971-05-28,,6.38
1971-05-31,,
1971-06-01,,6.36
1971-06-02,,6.24
1971-06-03,,6.19
1971-06-04,,6.26
1971-06-07,,6.34
1971-06-08,,6.38
1971-06-09,,6.44
1971-06-10,,6.48
1971-06-11,,6.50
1971-06-14,,6.63
1971-06-15,,6.73
1971-06-16,,6.68
1971-06-17,,6.68
1971-06-18,,6.58
1971-06-21,,6.53
1971-06-22,,6.62
1971-06-23,,6.61
1971-06-24,,6.61
1971-06-25,,6.62
1971-06-28,,6.64
1971-06-29,,6.67
1971-06-30,,6.70
1971-07-01,,6.69
1971-07-02,,6.69
1971-07-05,,
1971-07-06,,6.68
1971-07-07,,6.66
1971-07-08,,6.67
1971-07-09,,6.68
1971-07-12,,6.60
1971-07-13,,6.61
1971-07-14,,6.60
1971-07-15,,6.59
1971-07-16,,6.66
1971-07-19,,6.71
1971-07-20,,6.70
1971-07-21,,6.70
1971-07-22,,6.79
1971-07-23,,6.84
1971-07-26,,6.86
1971-07-27,,6.91
1971-07-28,,6.95
1971-07-29,,6.88
1971-07-30,,6.85
1971-08-02,,6.86
1971-08-03,,6.91
1971-08-04,,6.89
1971-08-05,,6.86
1971-08-06,,6.86
1971-08-09,,6.88
1971-08-10,,6.89
1971-08-11,,6.86
1971-08-12,,6.80
1971-08-13,,6.68
1971-08-16,,6.41
1971-08-17,,6.30
1971-08-18,,6.35
1971-08-19,,6.34
1971-08-20,,6.37
1971-08-23,,6.48
1971-08-24,,6.38
1971-08-25,,6.40
1971-08-26,,6.37
1971-08-27,,6.33
1971-08-30,,6.32
1971-08-31,,6.28
1971-09-01,,6.22
1971-09-02,,6.17
1971-09-03,,6.12
1971-09-06,,
1971-09-07,,6.07
1971-09-08,,6.08
1971-09-09,,6.13
1971-09-10,,6.12
1971-09-13,,6.20
1971-09-14,,6.18
1971-09-15,,6.17
1971-09-16,,6.14
1971-09-17,,6.13
1971-09-20,,6.15
1971-09-21,,6.17
1971-09-22,,6.19
1971-09-23,,6.20
1971-09-24,,6.16
1971-09-27,,6.13
1971-09-28,,6.12
1971-09-29,,6.08
1971-09-30,,6.00
1971-10-01,,6.00
1971-10-04,,5.98
1971-10-05,,6.01
1971-10-06,,5.98
1971-10-07,,5.97
1971-10-08,,5.94
1971-10-11,,
1971-10-12,,5.88
1971-10-13,,5.86
1971-10-14,,5.88
1971-10-15,,5.90
1971-10-18,,5.95
1971-10-19,,5.96
1971-10-20,,5.92
1971-10-21,,5.88
1971-10-22,,5.90
1971-10-25,,
1971-10-26,,5.89
1971-10-27,,5.92
1971-10-28,,5.90
1971-10-29,,5.87
1971-11-01,,5.80
1971-11-02,,
1971-11-03,,5.72
1971-11-04,,5.72
1971-11-05,,5.72
1971-11-08,,5.77
1971-11-09,,5.77
1971-11-10,,5.82
1971-11-11,,5.79
1971-11-12,,5.77
1971-11-15,,5.77
1971-11-16,,5.76
1971-11-17,,5.75
1971-11-18,,5.77
1971-11-19,,5.79
1971-11-22,,5.82
1971-11-23,,5.89
1971-11-24,,5.95
1971-11-25,,
1971-11-26,,5.94
1971-11-29,,5.95
1971-11-30,,5.93
1971-12-01,,5.92
1971-12-02,,5.90
1971-12-03,,5.88
1971-12-06,,5.88
1971-12-07,,5.92
1971-12-08,,5.92
1971-12-09,,5.94
1971-12-10,,5.93
1971-12-13,,5.90
1971-12-14,,5.94
1971-12-15,,5.96
1971-12-16,,5.95
1971-12-17,,5.93
1971-12-20,,5.97
1971-12-21,,6.00
1971-12-22,,6.01
1971-12-23,,5.97
1971-12-24,,
1971-12-27,,5.91
1971-12-28,,5.86
1971-12-29,,5.90
1971-12-30,,5.90
1971-12-31,,5.89
1972-01-03,,5.94
1972-01-04,,5.93
1972-01-05,,5.91
1972-01-06,,5.90
1972-01-07,,5.88
1972-01-10,,5.86
1972-01-11,,5.88
1972-01-12,,5.88
1972-01-13,,5.86
1972-01-14,,5.85
1972-01-17,,5.89
1972-01-18,,5.92
1972-01-19,,5.96
1972-01-20,,5.98
1972-01-21,,5.99
1972-01-24,,6.02
1972-01-25,,6.02
1972-01-26,,6.01
1972-01-27,,6.05
1972-01-28,,6.08
1972-01-31,,6.09
1972-02-01,,6.09
1972-02-02,,6.08
1972-02-03,,6.08
1972-02-04,,6.08
1972-02-07,,6.09
1972-02-08,,6.11
1972-02-09,,6.12
1972-02-10,,6.11
1972-02-11,,6.12
1972-02-14,,6.10
1972-02-15,,6.10
1972-02-16,,6.08
1972-02-17,,6.06
1972-02-18,,6.06
1972-02-21,,
1972-02-22,,6.06
1972-02-23,,6.07
1972-02-24,,6.07
1972-02-25,,6.06
1972-02-28,,6.04
1972-02-29,,6.04
1972-03-01,,6.04
1972-03-02,,6.03
1972-03-03,,6.02
1972-03-06,,6.01
1972-03-07,,6.02
1972-03-08,,6.02
1972-03-09,,6.02
1972-03-10,,6.03
1972-03-13,,6.07
1972-03-14,,6.06
1972-03-15,,6.11
1972-03-16,,6.08
1972-03-17,,6.08
1972-03-20,,6.09
1972-03-21,,6.08
1972-03-22,,6.08
1972-03-23,,6.10
1972-03-24,,6.12
1972-03-27,,6.10
1972-03-28,,6.11
1972-03-29,,6.12
1972-03-30,,6.12
1972-03-31,,
1972-04-03,,6.14
1972-04-04,,6.18
1972-04-05,,6.18
1972-04-06,,6.18
1972-04-07,,6.18
1972-04-10,,6.17
1972-04-11,,6.18
1972-04-12,,6.21
1972-04-13,,6.25
1972-04-14,,6.25
1972-04-17,,6.24
1972-04-18,,6.24
1972-04-19,,6.22
1972-04-20,,6.21
1972-04-21,,6.20
1972-04-24,,6.21
1972-04-25,,6.21
1972-04-26,,6.19
1972-04-27,,6.11
1972-04-28,,6.14
1972-05-01,,6.14
1972-05-02,,6.16
1972-05-03,,6.17
1972-05-04,,6.17
1972-05-05,,6.17
1972-05-08,,6.17
1972-05-09,,6.20
1972-05-10,,6.19
1972-05-11,,6.19
1972-05-12,,6.16
1972-05-15,,6.16
1972-05-16,,6.16
1972-05-17,,6.15
1972-05-18,,6.13
1972-05-19,,6.10
1972-05-22,,6.07
1972-05-23,,6.05
1972-05-24,,6.06
1972-05-25,,6.04
1972-05-26,,6.04
1972-05-29,,
1972-05-30,,6.05
1972-05-31,,6.05
1972-06-01,,6.07
1972-06-02,,6.09
1972-06-05,,6.10
1972-06-06,,6.13
1972-06-07,,6.12
1972-06-08,,6.12
1972-06-09,,6.11
1972-06-12,,6.10
1972-06-13,,6.10
1972-06-14,,6.10
1972-06-15,,6.10
1972-06-16,,6.10
1972-06-19,,6.08
1972-06-20,,6.08
1972-06-21,,6.09
1972-06-22,,6.11
1972-06-23,,6.10
1972-06-26,,6.12
1972-06-27,,6.12
1972-06-28,,6.12
1972-06-29,,6.14
1972-06-30,,6.15
1972-07-03,,6.14
1972-07-04,,
1972-07-05,,6.13
1972-07-06,,6.13
1972-07-07,,6.13
1972-07-10,,6.13
1972-07-11,,6.13
1972-07-12,,6.12
1972-07-13,,6.11
1972-07-14,,6.10
1972-07-17,,6.11
1972-07-18,,6.11
1972-07-19,,6.09
1972-07-20,,6.09
1972-07-21,,6.10
1972-07-24,,6.10
1972-07-25,,6.09
1972-07-26,,6.08
1972-07-27,,6.13
1972-07-28,,6.12
1972-07-31,,6.12
1972-08-01,,6.14
1972-08-02,,6.14
1972-08-03,,6.15
1972-08-04,,6.16
1972-08-07,,6.16
1972-08-08,,6.15
1972-08-09,,6.14
1972-08-10,,6.14
1972-08-11,,6.14
1972-08-14,,6.16
1972-08-15,,6.17
1972-08-16,,6.18
1972-08-17,,6.20
1972-08-18,,6.21
1972-08-21,,6.21
1972-08-22,,6.20
1972-08-23,,6.22
1972-08-24,,6.23
1972-08-25,,6.26
1972-08-28,,6.30
1972-08-29,,6.34
1972-08-30,,6.42
1972-08-31,,6.42
1972-09-01,,6.43
1972-09-04,,
1972-09-05,,6.46
1972-09-06,,6.49
1972-09-07,,6.52
1972-09-08,,6.56
1972-09-11,,6.54
1972-09-12,,6.54
1972-09-13,,6.54
1972-09-14,,6.57
1972-09-15,,6.56
1972-09-18,,6.55
1972-09-19,,6.55
1972-09-20,,6.56
1972-09-21,,6.59
1972-09-22,,6.62
1972-09-25,,6.62
1972-09-26,,6.60
1972-09-27,,6.59
1972-09-28,,6.56
1972-09-29,,6.54
1972-10-02,,6.54
1972-10-03,,6.54
1972-10-04,,6.53
1972-10-05,,6.53
1972-10-06,,6.52
1972-10-09,,
1972-10-10,,6.48
1972-10-11,,6.47
1972-10-12,,6.50
1972-10-13,,6.50
1972-10-16,,6.49
1972-10-17,,6.49
1972-10-18,,6.49
1972-10-19,,6.48
1972-10-20,,6.47
1972-10-23,,
1972-10-24,,6.45
1972-10-25,,6.44
1972-10-26,,6.42
1972-10-27,,6.42
1972-10-30,,6.42
1972-10-31,,6.41
1972-11-01,,6.39
1972-11-02,,6.34
1972-11-03,,6.30
1972-11-06,,6.27
1972-11-07,,
1972-11-08,,6.30
1972-11-09,,6.30
1972-11-10,,6.30
1972-11-13,,6.27
1972-11-14,,6.26
1972-11-15,,6.23
1972-11-16,,6.24
1972-11-17,,6.24
1972-11-20,,6.23
1972-11-21,,6.26
1972-11-22,,6.27
1972-11-23,,
1972-11-24,,6.27
1972-11-27,,6.30
1972-11-28,,6.29
1972-11-29,,6.27
1972-11-30,,6.28
1972-12-01,,6.29
1972-12-04,,6.30
1972-12-05,,6.31
1972-12-06,,6.31
1972-12-07,,6.31
1972-12-08,,6.32
1972-12-11,,6.34
1972-12-12,,6.35
1972-12-13,,6.35
1972-12-14,,6.35
1972-12-15,,6.35
1972-12-18,,6.38
1972-12-19,,6.40
1972-12-20,,6.40
1972-12-21,,6.40
1972-12-22,,6.40
1972-12-25,,
1972-12-26,,6.39
1972-12-27,,6.40
1972-12-28,,6.41
1972-12-29,,6.41
1973-01-01,,
1973-01-02,,6.43
1973-01-03,,6.42
1973-01-04,,6.40
1973-01-05,,6.42
1973-01-08,,6.43
1973-01-09,,6.42
1973-01-10,,6.43
1973-01-11,,6.43
1973-01-12,,6.44
1973-01-15,,6.44
1973-01-16,,6.44
1973-01-17,,6.45
1973-01-18,,6.46
1973-01-19,,6.49
1973-01-22,,6.50
1973-01-23,,6.48
1973-01-24,,6.49
1973-01-25,,6.51
1973-01-26,,6.53
1973-01-29,,6.55
1973-01-30,,6.52
1973-01-31,,6.54
1973-02-01,,6.60
1973-02-02,,6.64
1973-02-05,,6.64
1973-02-06,,6.64
1973-02-07,,6.64
1973-02-08,,6.66
1973-02-09,,6.63
1973-02-12,,
1973-02-13,,6.61
1973-02-14,,6.62
1973-02-15,,6.62
1973-02-16,,6.63
1973-02-19,,
1973-02-20,,6.66
1973-02-21,,6.66
1973-02-22,,6.65
1973-02-23,,6.61
1973-02-26,,6.65
1973-02-27,,6.64
1973-02-28,,6.64
1973-03-01,,6.65
1973-03-02,,6.67
1973-03-05,,6.68
1973-03-06,,6.68
1973-03-07,,6.66
1973-03-08,,6.67
1973-03-09,,6.68
1973-03-12,,6.68
1973-03-13,,6.70
1973-03-14,,6.71
1973-03-15,,6.73
1973-03-16,,6.77
1973-03-19,,6.75
1973-03-20,,6.76
1973-03-21,,6.76
1973-03-22,,6.76
1973-03-23,,6.76
1973-03-26,,6.73
1973-03-27,,6.72
1973-03-28,,6.67
1973-03-29,,6.68
1973-03-30,,6.73
1973-04-02,,6.74
1973-04-03,,6.73
1973-04-04,,6.70
1973-04-05,,6.68
1973-04-06,,6.64
1973-04-09,,6.62
1973-04-10,,6.64
1973-04-11,,6.65
1973-04-12,,6.66
1973-04-13,,6.63
1973-04-16,,6.62
1973-04-17,,6.64
1973-04-18,,6.64
1973-04-19,,6.66
1973-04-20,,
1973-04-23,,6.73
1973-04-24,,6.66
1973-04-25,,6.66
1973-04-26,,6.68
1973-04-27,,6.69
1973-04-30,,6.70
1973-05-01,,6.72
1973-05-02,,6.76
1973-05-03,,6.77
1973-05-04,,6.79
1973-05-07,,6.81
1973-05-08,,6.80
1973-05-09,,6.80
1973-05-10,,6.81
1973-05-11,,6.82
1973-05-14,,6.83
1973-05-15,,6.86
1973-05-16,,6.84
1973-05-17,,6.85
1973-05-18,,6.86
1973-05-21,,6.89
1973-05-22,,6.90
1973-05-23,,6.92
1973-05-24,,6.91
1973-05-25,,6.91
1973-05-28,,
1973-05-29,,6.93
1973-05-30,,6.93
1973-05-31,,6.93
1973-06-01,,6.96
1973-06-04,,6.98
1973-06-05,,6.95
1973-06-06,,6.89
1973-06-07,,6.89
1973-06-08,,6.87
1973-06-11,,6.87
1973-06-12,,6.86
1973-06-13,,6.85
1973-06-14,,6.85
1973-06-15,,6.86
1973-06-18,,6.87
1973-06-19,,6.87
1973-06-20,,6.89
1973-06-21,,6.89
1973-06-22,,6.91
1973-06-25,,6.93
1973-06-26,,6.93
1973-06-27,,6.92
1973-06-28,,6.92
1973-06-29,,6.94
1973-07-02,,7.01
1973-07-03,,7.01
1973-07-04,,
1973-07-05,,7.01
1973-07-06,,7.03
1973-07-09,,7.05
1973-07-10,,7.05
1973-07-11,,7.05
1973-07-12,,7.04
1973-07-13,,7.05
1973-07-16,,7.06
1973-07-17,,7.06
1973-07-18,,7.07
1973-07-19,,7.11
1973-07-20,,7.17
1973-07-23,,7.17
1973-07-24,,7.19
1973-07-25,,7.19
1973-07-26,,7.28
1973-07-27,,7.35
1973-07-30,,7.37
1973-07-31,,7.43
1973-08-01,,7.55
1973-08-02,,7.52
1973-08-03,,7.53
1973-08-06,,7.54
1973-08-07,,7.58
1973-08-08,,7.52
1973-08-09,,7.54
1973-08-10,,7.52
1973-08-13,,7.47
1973-08-14,,7.46
1973-08-15,,7.45
1973-08-16,,7.37
1973-08-17,,7.28
1973-08-20,,7.38
1973-08-21,,7.36
1973-08-22,,7.39
1973-08-23,,7.31
1973-08-24,,7.23
1973-08-27,,7.26
1973-08-28,,7.29
1973-08-29,,7.26
1973-08-30,,7.25
1973-08-31,,7.25
1973-09-03,,
1973-09-04,,7.21
1973-09-05,,7.11
1973-09-06,,7.10
1973-09-07,,7.11
1973-09-10,,7.16
1973-09-11,,7.19
1973-09-12,,7.20
1973-09-13,,7.21
1973-09-14,,7.21
1973-09-17,,7.16
1973-09-18,,7.08
1973-09-19,,7.10
1973-09-20,,7.09
1973-09-21,,7.02
1973-09-24,,7.00
1973-09-25,,6.96
1973-09-26,,6.97
1973-09-27,,6.94
1973-09-28,,6.90
1973-10-01,,6.91
1973-10-02,,6.89
1973-10-03,,6.90
1973-10-04,,6.88
1973-10-05,,6.86
1973-10-08,,
1973-10-09,,6.78
1973-10-10,,6.77
1973-10-11,,6.78
1973-10-12,,6.75
1973-10-15,,6.77
1973-10-16,,6.81
1973-10-17,,6.82
1973-10-18,,6.81
1973-10-19,,6.80
1973-10-22,,
1973-10-23,,6.80
1973-10-24,,6.75
1973-10-25,,6.73
1973-10-26,,6.72
1973-10-29,,6.72
1973-10-30,,6.72
1973-10-31,,6.71
1973-11-01,,6.71
1973-11-02,,6.72
1973-11-05,,6.74
1973-11-06,,
1973-11-07,,6.76
1973-11-08,,6.77
1973-11-09,,6.76
1973-11-12,,6.76
1973-11-13,,6.76
1973-11-14,,6.79
1973-11-15,,6.76
1973-11-16,,6.72
1973-11-19,,6.71
1973-11-20,,6.72
1973-11-21,,6.71
1973-11-22,,
1973-11-23,,6.70
1973-11-26,,6.69
1973-11-27,,6.70
1973-11-28,,6.70
1973-11-29,,6.70
1973-11-30,,6.69
1973-12-03,,6.69
1973-12-04,,6.69
1973-12-05,,6.72
1973-12-06,,6.75
1973-12-07,,6.74
1973-12-10,,6.71
1973-12-11,,6.69
1973-12-12,,6.69
1973-12-13,,6.68
1973-12-14,,6.68
1973-12-17,,6.67
1973-12-18,,6.68
1973-12-19,,6.71
1973-12-20,,6.73
1973-12-21,,6.78
1973-12-24,,
1973-12-25,,
1973-12-26,,6.83
1973-12-27,,6.88
1973-12-28,,6.91
1973-12-31,,6.90
1974-01-01,,
1974-01-02,,6.94
1974-01-03,,6.96
1974-01-04,,6.94
1974-01-07,,6.96
1974-01-08,,6.96
1974-01-09,,6.96
1974-01-10,,7.00
1974-01-11,,7.01
1974-01-14,,7.01
1974-01-15,,6.99
1974-01-16,,6.99
1974-01-17,,6.97
1974-01-18,,6.98
1974-01-21,,6.99
1974-01-22,,7.00
1974-01-23,,7.01
1974-01-24,,7.02
1974-01-25,,7.02
1974-01-28,,7.01
1974-01-29,,7.02
1974-01-30,,7.01
1974-01-31,,7.00
1974-02-01,,7.00
1974-02-04,,6.98
1974-02-05,,6.95
1974-02-06,,6.93
1974-02-07,,6.93
1974-02-08,,6.93
1974-02-11,,6.93
1974-02-12,,
1974-02-13,,6.93
1974-02-14,,6.93
1974-02-15,,6.93
1974-02-18,,
1974-02-19,,6.93
1974-02-20,,6.96
1974-02-21,,6.98
1974-02-22,,6.97
1974-02-25,,6.96
1974-02-26,,6.98
1974-02-27,,7.00
1974-02-28,,7.01
1974-03-01,,7.08
1974-03-04,,7.09
1974-03-05,,7.10
1974-03-06,,7.09
1974-03-07,,7.06
1974-03-08,,7.06
1974-03-11,,7.08
1974-03-12,,7.09
1974-03-13,,7.13
1974-03-14,,7.13
1974-03-15,,7.18
1974-03-18,,7.23
1974-03-19,,7.24
1974-03-20,,7.27
1974-03-21,,7.30
1974-03-22,,7.35
1974-03-25,,7.39
1974-03-26,,7.38
1974-03-27,,7.35
1974-03-28,,7.38
1974-03-29,,7.41
1974-04-01,,7.42
1974-04-02,,7.43
1974-04-03,,7.43
1974-04-04,,7.51
1974-04-05,,7.54
1974-04-08,,7.50
1974-04-09,,7.49
1974-04-10,,7.46
1974-04-11,,7.45
1974-04-12,,
1974-04-15,,7.42
1974-04-16,,7.43
1974-04-17,,7.45
1974-04-18,,7.50
1974-04-19,,7.51
1974-04-22,,7.52
1974-04-23,,7.54
1974-04-24,,7.58
1974-04-25,,7.63
1974-04-26,,7.64
1974-04-29,,7.65
1974-04-30,,7.66
1974-05-01,,7.62
1974-05-02,,7.58
1974-05-03,,7.65
1974-05-06,,7.65
1974-05-07,,7.65
1974-05-08,,7.65
1974-05-09,,7.70
1974-05-10,,7.63
1974-05-13,,7.54
1974-05-14,,7.57
1974-05-15,,7.55
1974-05-16,,7.54
1974-05-17,,7.57
1974-05-20,,7.58
1974-05-21,,7.57
1974-05-22,,7.56
1974-05-23,,7.52
1974-05-24,,7.49
1974-05-27,,
1974-05-28,,7.50
1974-05-29,,7.52
1974-05-30,,7.51
1974-05-31,,7.52
1974-06-03,,7.53
1974-06-04,,7.52
1974-06-05,,7.52
1974-06-06,,7.50
1974-06-07,,7.46
1974-06-10,,7.47
1974-06-11,,7.48
1974-06-12,,7.50
1974-06-13,,7.50
1974-06-14,,7.50
1974-06-17,,7.49
1974-06-18,,7.52
1974-06-19,,7.52
1974-06-20,,7.55
1974-06-21,,7.55
1974-06-24,,7.58
1974-06-25,,7.62
1974-06-26,,7.62
1974-06-27,,7.64
1974-06-28,,7.64
1974-07-01,,7.65
1974-07-02,,7.65
1974-07-03,,7.70
1974-07-04,,
1974-07-05,,7.71
1974-07-08,,7.77
1974-07-09,,7.81
1974-07-10,,7.82
1974-07-11,,7.84
1974-07-12,,7.85
1974-07-15,,7.86
1974-07-16,,7.88
1974-07-17,,7.91
1974-07-18,,7.90
1974-07-19,,7.87
1974-07-22,,7.77
1974-07-23,,7.79
1974-07-24,,7.76
1974-07-25,,7.75
1974-07-26,,7.79
1974-07-29,,7.85
1974-07-30,,7.89
1974-07-31,,7.89
1974-08-01,,7.92
1974-08-02,,7.96
1974-08-05,,7.99
1974-08-06,,7.97
1974-08-07,,7.97
1974-08-08,,7.97
1974-08-09,,8.03
1974-08-12,,8.05
1974-08-13,,8.06
1974-08-14,,8.05
1974-08-15,,8.02
1974-08-16,,8.00
1974-08-19,,7.98
1974-08-20,,7.99
1974-08-21,,8.05
1974-08-22,,8.09
1974-08-23,,8.15
1974-08-26,,8.16
1974-08-27,,8.15
1974-08-28,,8.15
1974-08-29,,8.15
1974-08-30,,8.11
1974-09-02,,
1974-09-03,,8.11
1974-09-04,,8.12
1974-09-05,,8.10
1974-09-06,,8.09
1974-09-09,,8.02
1974-09-10,,8.04
1974-09-11,,8.05
1974-09-12,,8.13
1974-09-13,,8.13
1974-09-16,,8.10
1974-09-17,,8.09
1974-09-18,,8.08
1974-09-19,,8.04
1974-09-20,,8.02
1974-09-23,,7.91
1974-09-24,,7.94
1974-09-25,,7.94
1974-09-26,,7.96
1974-09-27,,7.94
1974-09-30,,7.94
1974-10-01,,7.97
1974-10-02,,7.98
1974-10-03,,8.04
1974-10-04,,8.02
1974-10-07,,8.01
1974-10-08,,7.95
1974-10-09,,7.95
1974-10-10,,7.93
1974-10-11,,7.88
1974-10-14,,
1974-10-15,,7.87
1974-10-16,,7.87
1974-10-17,,7.88
1974-10-18,,7.86
1974-10-21,,7.81
1974-10-22,,7.81
1974-10-23,,7.85
1974-10-24,,7.87
1974-10-25,,7.86
1974-10-28,,7.88
1974-10-29,,7.84
1974-10-30,,7.81
1974-10-31,,7.79
1974-11-01,,7.80
1974-11-04,,7.80
1974-11-05,,
1974-11-06,,7.76
1974-11-07,,7.74
1974-11-08,,7.72
1974-11-11,,
1974-11-12,,7.78
1974-11-13,,7.75
1974-11-14,,7.72
1974-11-15,,7.61
1974-11-18,,7.63
1974-11-19,,7.63
1974-11-20,,7.59
1974-11-21,,7.60
1974-11-22,,7.60
1974-11-25,,7.62
1974-11-26,,7.63
1974-11-27,,7.64
1974-11-28,,
1974-11-29,,7.64
1974-12-02,,7.71
1974-12-03,,7.74
1974-12-04,,7.68
1974-12-05,,7.64
1974-12-06,,7.59
1974-12-09,,7.40
1974-12-10,,7.42
1974-12-11,,7.38
1974-12-12,,7.39
1974-12-13,,7.38
1974-12-16,,7.34
1974-12-17,,7.28
1974-12-18,,7.25
1974-12-19,,7.25
1974-12-20,,7.27
1974-12-23,,7.41
1974-12-24,,7.43
1974-12-25,,
1974-12-26,,7.37
1974-12-27,,7.39
1974-12-30,,7.39
1974-12-31,,7.40
1975-01-01,,
1975-01-02,,7.42
1975-01-03,,7.43
1975-01-06,,7.39
1975-01-07,,7.38
1975-01-08,,7.39
1975-01-09,,7.35
1975-01-10,,7.37
1975-01-13,,7.46
1975-01-14,,7.49
1975-01-15,,7.54
1975-01-16,,7.54
1975-01-17,,7.53
1975-01-20,,7.59
1975-01-21,,7.55
1975-01-22,,7.51
1975-01-23,,7.57
1975-01-24,,7.64
1975-01-27,,7.61
1975-01-28,,7.61
1975-01-29,,7.59
1975-01-30,,7.54
1975-01-31,,7.53
1975-02-03,,7.49
1975-02-04,,7.47
1975-02-05,,7.35
1975-02-06,,7.43
1975-02-07,,7.38
1975-02-10,,7.45
1975-02-11,,7.42
1975-02-12,,
1975-02-13,,7.44
1975-02-14,,7.35
1975-02-17,,
1975-02-18,,7.28
1975-02-19,,7.26
1975-02-20,,7.30
1975-02-21,,7.22
1975-02-24,,7.36
1975-02-25,,7.43
1975-02-26,,7.50
1975-02-27,,7.47
1975-02-28,,7.46
1975-03-03,,7.50
1975-03-04,,7.53
1975-03-05,,7.48
1975-03-06,,7.49
1975-03-07,,7.52
1975-03-10,,7.56
1975-03-11,,7.58
1975-03-12,,7.58
1975-03-13,,7.56
1975-03-14,,7.58
1975-03-17,,7.70
1975-03-18,,7.70
1975-03-19,,7.80
1975-03-20,,7.95
1975-03-21,,7.84
1975-03-24,,8.05
1975-03-25,,8.03
1975-03-26,,8.02
1975-03-27,,8.08
1975-03-28,,
1975-03-31,,8.01
1975-04-01,,8.08
1975-04-02,,8.22
1975-04-03,,8.13
1975-04-04,,8.15
1975-04-07,,8.26
1975-04-08,,8.21
1975-04-09,,8.17
1975-04-10,,8.19
1975-04-11,,8.22
1975-04-14,,8.16
1975-04-15,,8.16
1975-04-16,,8.15
1975-04-17,,8.21
1975-04-18,,8.27
1975-04-21,,8.32
1975-04-22,,8.32
1975-04-23,,8.27
1975-04-24,,8.25
1975-04-25,,8.25
1975-04-28,,8.35
1975-04-29,,8.34
1975-04-30,,8.31
1975-05-01,,8.31
1975-05-02,,8.11
1975-05-05,,8.08
1975-05-06,,8.11
1975-05-07,,8.07
1975-05-08,,8.09
1975-05-09,,8.08
1975-05-12,,8.07
1975-05-13,,8.06
1975-05-14,,8.02
1975-05-15,,8.02
1975-05-16,,8.01
1975-05-19,,8.00
1975-05-20,,7.98
1975-05-21,,7.98
1975-05-22,,8.02
1975-05-23,,8.02
1975-05-26,,
1975-05-27,,7.98
1975-05-28,,8.02
1975-05-29,,8.18
1975-05-30,,8.04
1975-06-02,,8.02
1975-06-03,,8.00
1975-06-04,,7.99
1975-06-05,,7.97
1975-06-06,,7.88
1975-06-09,,7.78
1975-06-10,,7.77
1975-06-11,,7.65
1975-06-12,,7.67
1975-06-13,,7.69
1975-06-16,,7.66
1975-06-17,,7.72
1975-06-18,,7.83
1975-06-19,,7.80
1975-06-20,,7.94
1975-06-23,,7.90
1975-06-24,,7.90
1975-06-25,,8.02
1975-06-26,,7.98
1975-06-27,,7.95
1975-06-30,,7.96
1975-07-01,,7.97
1975-07-02,,8.05
1975-07-03,,8.05
1975-07-04,,
1975-07-07,,8.06
1975-07-08,,8.01
1975-07-09,,8.02
1975-07-10,,8.02
1975-07-11,,7.99
1975-07-14,,7.99
1975-07-15,,7.98
1975-07-16,,8.03
1975-07-17,,8.04
1975-07-18,,8.06
1975-07-21,,8.07
1975-07-22,,8.10
1975-07-23,,8.09
1975-07-24,,8.09
1975-07-25,,8.12
1975-07-28,,8.12
1975-07-29,,8.13
1975-07-30,,8.16
1975-07-31,,8.20
1975-08-01,,8.26
1975-08-04,,8.37
1975-08-05,,8.37
1975-08-06,,8.40
1975-08-07,,8.48
1975-08-08,,8.40
1975-08-11,,8.38
1975-08-12,,8.40
1975-08-13,,8.39
1975-08-14,,8.45
1975-08-15,,8.48
1975-08-18,,8.46
1975-08-19,,8.42
1975-08-20,,8.42
1975-08-21,,8.48
1975-08-22,,8.46
1975-08-25,,8.46
1975-08-26,,8.40
1975-08-27,,8.37
1975-08-28,,8.28
1975-08-29,,8.22
1975-09-01,,
1975-09-02,,8.26
1975-09-03,,8.29
1975-09-04,,8.29
1975-09-05,,8.35
1975-09-08,,8.36
1975-09-09,,8.40
1975-09-10,,8.46
1975-09-11,,8.55
1975-09-12,,8.57
1975-09-15,,8.58
1975-09-16,,8.59
1975-09-17,,8.53
1975-09-18,,8.50
1975-09-19,,8.42
1975-09-22,,8.38
1975-09-23,,8.35
1975-09-24,,8.31
1975-09-25,,8.38
1975-09-26,,8.45
1975-09-29,,8.46
1975-09-30,,8.48
1975-10-01,,8.47
1975-10-02,,8.44
1975-10-03,,8.33
1975-10-06,,8.30
1975-10-07,,8.33
1975-10-08,,8.30
1975-10-09,,8.23
1975-10-10,,8.15
1975-10-13,,
1975-10-14,,8.19
1975-10-15,,8.19
1975-10-16,,8.07
1975-10-17,,8.07
1975-10-20,,8.07
1975-10-21,,8.05
1975-10-22,,8.05
1975-10-23,,7.99
1975-10-24,,8.00
1975-10-27,,8.00
1975-10-28,,7.99
1975-10-29,,7.98
1975-10-30,,7.92
1975-10-31,,7.91
1975-11-03,,7.97
1975-11-04,,
1975-11-05,,7.91
1975-11-06,,7.94
1975-11-07,,7.91
1975-11-10,,7.90
1975-11-11,,
1975-11-12,,7.95
1975-11-13,,7.97
1975-11-14,,8.06
1975-11-17,,8.08
1975-11-18,,8.13
1975-11-19,,8.14
1975-11-20,,8.12
1975-11-21,,8.21
1975-11-24,,8.16
1975-11-25,,8.16
1975-11-26,,8.15
1975-11-27,,
1975-11-28,,8.14
1975-12-01,,8.12
1975-12-02,,8.10
1975-12-03,,8.10
1975-12-04,,8.15
1975-12-05,,8.13
1975-12-08,,8.19
1975-12-09,,8.23
1975-12-10,,8.23
1975-12-11,,8.16
1975-12-12,,8.12
1975-12-15,,8.06
1975-12-16,,8.00
1975-12-17,,7.95
1975-12-18,,7.96
1975-12-19,,7.88
1975-12-22,,7.87
1975-12-23,,7.87
1975-12-24,,7.82
1975-12-25,,
1975-12-26,,7.75
1975-12-29,,7.75
1975-12-30,,7.73
1975-12-31,,7.76
1976-01-01,,
1976-01-02,,7.77
1976-01-05,,7.74
1976-01-06,,7.64
1976-01-07,,7.69
1976-01-08,,7.74
1976-01-09,,7.64
1976-01-12,,7.63
1976-01-13,,7.64
1976-01-14,,7.71
1976-01-15,,7.73
1976-01-16,,7.79
1976-01-19,,7.76
1976-01-20,,7.71
1976-01-21,,7.78
1976-01-22,,7.80
1976-01-23,,7.78
1976-01-26,,7.79
1976-01-27,,7.80
1976-01-28,,7.83
1976-01-29,,7.82
1976-01-30,,7.80
1976-02-02,,7.80
1976-02-03,,7.82
1976-02-04,,7.85
1976-02-05,,7.83
1976-02-06,,7.88
1976-02-09,,7.86
1976-02-10,,7.88
1976-02-11,,7.85
1976-02-12,,
1976-02-13,,7.82
1976-02-16,,
1976-02-17,,7.78
1976-02-18,,7.79
1976-02-19,,7.80
1976-02-20,,7.77
1976-02-23,,7.72
1976-02-24,,7.69
1976-02-25,,7.68
1976-02-26,,7.68
1976-02-27,,7.77
1976-03-01,,7.86
1976-03-02,,7.82
1976-03-03,,7.82
1976-03-04,,7.85
1976-03-05,,7.80
1976-03-08,,7.76
1976-03-09,,7.78
1976-03-10,,7.76
1976-03-11,,7.77
1976-03-12,,7.71
1976-03-15,,7.74
1976-03-16,,7.76
1976-03-17,,7.76
1976-03-18,,7.73
1976-03-19,,7.74
1976-03-22,,7.68
1976-03-23,,7.67
1976-03-24,,7.65
1976-03-25,,7.64
1976-03-26,,7.64
1976-03-29,,7.64
1976-03-30,,7.65
1976-03-31,,7.66
1976-04-01,,7.68
1976-04-02,,7.67
1976-04-05,,7.62
1976-04-06,,7.59
1976-04-07,,7.56
1976-04-08,,7.55
1976-04-09,,7.52
1976-04-12,,7.52
1976-04-13,,7.50
1976-04-14,,7.47
1976-04-15,,7.47
1976-04-16,,
1976-04-19,,7.51
1976-04-20,,7.50
1976-04-21,,7.47
1976-04-22,,7.52
1976-04-23,,7.59
1976-04-26,,7.61
1976-04-27,,7.62
1976-04-28,,7.60
1976-04-29,,7.61
1976-04-30,,7.67
1976-05-03,,7.69
1976-05-04,,7.66
1976-05-05,,7.68
1976-05-06,,7.78
1976-05-07,,7.87
1976-05-10,,7.92
1976-05-11,,7.92
1976-05-12,,7.94
1976-05-13,,7.92
1976-05-14,,7.93
1976-05-17,,7.94
1976-05-18,,7.94
1976-05-19,,7.94
1976-05-20,,7.95
1976-05-21,,8.00
1976-05-24,,7.98
1976-05-25,,7.94
1976-05-26,,7.95
1976-05-27,,7.99
1976-05-28,,7.96
1976-05-31,,
1976-06-01,,7.94
1976-06-02,,7.94
1976-06-03,,7.92
1976-06-04,,7.89
1976-06-07,,7.88
1976-06-08,,7.90
1976-06-09,,7.90
1976-06-10,,7.86
1976-06-11,,7.86
1976-06-14,,7.84
1976-06-15,,7.85
1976-06-16,,7.87
1976-06-17,,7.85
1976-06-18,,7.81
1976-06-21,,7.80
1976-06-22,,7.81
1976-06-23,,7.81
1976-06-24,,7.81
1976-06-25,,7.83
1976-06-28,,7.86
1976-06-29,,7.86
1976-06-30,,7.86
1976-07-01,,7.88
1976-07-02,,7.84
1976-07-05,,
1976-07-06,,7.82
1976-07-07,,7.84
1976-07-08,,7.82
1976-07-09,,7.78
1976-07-12,,7.76
1976-07-13,,7.77
1976-07-14,,7.79
1976-07-15,,7.77
1976-07-16,,7.83
1976-07-19,,7.86
1976-07-20,,7.87
1976-07-21,,7.86
1976-07-22,,7.86
1976-07-23,,7.84
1976-07-26,,7.87
1976-07-27,,7.85
1976-07-28,,7.85
1976-07-29,,7.85
1976-07-30,,7.86
1976-08-02,,7.85
1976-08-03,,7.82
1976-08-04,,7.81
1976-08-05,,7.82
1976-08-06,,7.84
1976-08-09,,7.84
1976-08-10,,7.84
1976-08-11,,7.82
1976-08-12,,7.81
1976-08-13,,7.78
1976-08-16,,7.74
1976-08-17,,7.75
1976-08-18,,7.76
1976-08-19,,7.76
1976-08-20,,7.76
1976-08-23,,7.73
1976-08-24,,7.72
1976-08-25,,7.69
1976-08-26,,7.68
1976-08-27,,7.72
1976-08-30,,7.71
1976-08-31,,7.66
1976-09-01,,7.64
1976-09-02,,7.67
1976-09-03,,7.65
1976-09-06,,
1976-09-07,,7.64
1976-09-08,,7.64
1976-09-09,,7.66
1976-09-10,,7.64
1976-09-13,,7.64
1976-09-14,,7.64
1976-09-15,,7.62
1976-09-16,,7.60
1976-09-17,,7.49
1976-09-20,,7.52
1976-09-21,,7.51
1976-09-22,,7.53
1976-09-23,,7.54
1976-09-24,,7.58
1976-09-27,,7.60
1976-09-28,,7.56
1976-09-29,,7.56
1976-09-30,,7.55
1976-10-01,,7.49
1976-10-04,,7.46
1976-10-05,,7.47
1976-10-06,,7.44
1976-10-07,,7.43
1976-10-08,,7.38
1976-10-11,,
1976-10-12,,7.35
1976-10-13,,7.35
1976-10-14,,7.34
1976-10-15,,7.31
1976-10-18,,7.31
1976-10-19,,7.35
1976-10-20,,7.38
1976-10-21,,7.39
1976-10-22,,7.48
1976-10-25,,7.53
1976-10-26,,7.48
1976-10-27,,7.45
1976-10-28,,7.41
1976-10-29,,7.42
1976-11-01,,7.38
1976-11-02,,
1976-11-03,,7.44
1976-11-04,,7.38
1976-11-05,,7.41
1976-11-08,,7.46
1976-11-09,,7.46
1976-11-10,,7.45
1976-11-11,,
1976-11-12,,7.43
1976-11-15,,7.41
1976-11-16,,7.33
1976-11-17,,7.32
1976-11-18,,7.33
1976-11-19,,7.24
1976-11-22,,7.17
1976-11-23,,7.16
1976-11-24,,7.14
1976-11-25,,
1976-11-26,,6.99
1976-11-29,,7.02
1976-11-30,,7.01
1976-12-01,,6.97
1976-12-02,,6.92
1976-12-03,,6.86
1976-12-06,,6.87
1976-12-07,,6.88
1976-12-08,,6.91
1976-12-09,,6.92
1976-12-10,,6.82
1976-12-13,,6.90
1976-12-14,,6.89
1976-12-15,,6.88
1976-12-16,,6.88
1976-12-17,,6.88
1976-12-20,,6.84
1976-12-21,,6.85
1976-12-22,,6.86
1976-12-23,,6.84
1976-12-24,,
1976-12-27,,6.84
1976-12-28,,6.86
1976-12-29,,6.84
1976-12-30,,6.80
1976-12-31,,6.81
1977-01-03,,6.84
1977-01-04,,6.90
1977-01-05,,6.88
1977-01-06,,6.93
1977-01-07,,7.07
1977-01-10,,7.20
1977-01-11,,7.28
1977-01-12,,7.26
1977-01-13,,7.18
1977-01-14,,7.28
1977-01-17,,7.28
1977-01-18,,7.34
1977-01-19,,7.28
1977-01-20,,7.26
1977-01-21,,7.28
1977-01-24,,7.34
1977-01-25,,7.32
1977-01-26,,7.33
1977-01-27,,7.43
1977-01-28,,7.40
1977-01-31,,7.40
1977-02-01,,7.41
1977-02-02,,7.47
1977-02-03,,7.46
1977-02-04,,7.28
1977-02-07,,7.34
1977-02-08,,7.35
1977-02-09,,7.34
1977-02-10,,7.34
1977-02-11,,7.36
1977-02-14,,7.38
1977-02-15,,7.36
1977-02-16,,7.34
1977-02-17,,7.26
1977-02-18,,7.41
1977-02-21,,
1977-02-22,,7.42
1977-02-23,,7.48
1977-02-24,,7.50
1977-02-25,,7.48
1977-02-28,,7.45
1977-03-01,,7.49
1977-03-02,,7.45
1977-03-03,,7.43
1977-03-04,,7.48
1977-03-07,,7.50
1977-03-08,,7.52
1977-03-09,,7.50
1977-03-10,,7.49
1977-03-11,,7.44
1977-03-14,,7.45
1977-03-15,,7.44
1977-03-16,,7.44
1977-03-17,,7.47
1977-03-18,,7.44
1977-03-21,,7.43
1977-03-22,,7.43
1977-03-23,,7.44
1977-03-24,,7.46
1977-03-25,,7.48
1977-03-28,,7.47
1977-03-29,,7.47
1977-03-30,,7.44
1977-03-31,,7.42
1977-04-01,,7.43
1977-04-04,,7.44
1977-04-05,,7.47
1977-04-06,,7.46
1977-04-07,,7.43
1977-04-08,,
1977-04-11,,7.39
1977-04-12,,7.39
1977-04-13,,7.36
1977-04-14,,7.22
1977-04-15,,7.25
1977-04-18,,7.25
1977-04-19,,7.30
1977-04-20,,7.32
1977-04-21,,7.33
1977-04-22,,7.36
1977-04-25,,7.40
1977-04-26,,7.38
1977-04-27,,7.38
1977-04-28,,7.40
1977-04-29,,7.45
1977-05-02,,7.45
1977-05-03,,7.44
1977-05-04,,7.45
1977-05-05,,7.47
1977-05-06,,7.50
1977-05-09,,7.50
1977-05-10,,7.52
1977-05-11,,7.52
1977-05-12,,7.50
1977-05-13,,7.48
1977-05-16,,7.46
1977-05-17,,7.45
1977-05-18,,7.43
1977-05-19,,7.49
1977-05-20,,7.49
1977-05-23,,7.46
1977-05-24,,7.41
1977-05-25,,7.39
1977-05-26,,7.42
1977-05-27,,7.38
1977-05-30,,
1977-05-31,,7.38
1977-06-01,,7.38
1977-06-02,,7.39
1977-06-03,,7.36
1977-06-06,,7.37
1977-06-07,,7.36
1977-06-08,,7.36
1977-06-09,,7.35
1977-06-10,,7.30
1977-06-13,,7.27
1977-06-14,,7.22
1977-06-15,,7.23
1977-06-16,,7.24
1977-06-17,,7.24
1977-06-20,,7.27
1977-06-21,,7.26
1977-06-22,,7.25
1977-06-23,,7.26
1977-06-24,,7.20
1977-06-27,,7.20
1977-06-28,,7.16
1977-06-29,,7.19
1977-06-30,,7.20
1977-07-01,,7.34
1977-07-04,,
1977-07-05,,7.35
1977-07-06,,7.37
1977-07-07,,7.29
1977-07-08,,7.31
1977-07-11,,7.33
1977-07-12,,7.32
1977-07-13,,7.28
1977-07-14,,
1977-07-15,,7.31
1977-07-18,,7.34
1977-07-19,,7.33
1977-07-20,,7.32
1977-07-21,,7.32
1977-07-22,,7.31
1977-07-25,,7.28
1977-07-26,,7.28
1977-07-27,,7.36
1977-07-28,,7.41
1977-07-29,,7.42
1977-08-01,,7.43
1977-08-02,,7.44
1977-08-03,,7.42
1977-08-04,,7.43
1977-08-05,,7.42
1977-08-08,,7.41
1977-08-09,,7.45
1977-08-10,,7.46
1977-08-11,,7.47
1977-08-12,,7.48
1977-08-15,,7.48
1977-08-16,,7.48
1977-08-17,,7.44
1977-08-18,,7.42
1977-08-19,,7.40
1977-08-22,,7.39
1977-08-23,,7.36
1977-08-24,,7.35
1977-08-25,,7.32
1977-08-26,,7.27
1977-08-29,,7.25
1977-08-30,,7.27
1977-08-31,,7.28
1977-09-01,,7.30
1977-09-02,,7.24
1977-09-05,,
1977-09-06,,7.24
1977-09-07,,7.26
1977-09-08,,7.28
1977-09-09,,7.36
1977-09-12,,7.38
1977-09-13,,7.37
1977-09-14,,7.34
1977-09-15,,7.33
1977-09-16,,7.32
1977-09-19,,7.32
1977-09-20,,7.36
1977-09-21,,7.36
1977-09-22,,7.39
1977-09-23,,7.39
1977-09-26,,7.42
1977-09-27,,7.38
1977-09-28,,7.38
1977-09-29,,7.39
1977-09-30,,7.41
1977-10-03,,7.41
1977-10-04,,7.40
1977-10-05,,7.40
1977-10-06,,7.44
1977-10-07,,7.48
1977-10-10,,
1977-10-11,,7.54
1977-10-12,,7.54
1977-10-13,,7.54
1977-10-14,,7.54
1977-10-17,,7.55
1977-10-18,,7.55
1977-10-19,,7.54
1977-10-20,,7.54
1977-10-21,,7.55
1977-10-24,,7.56
1977-10-25,,7.58
1977-10-26,,7.57
1977-10-27,,7.56
1977-10-28,,7.56
1977-10-31,,7.62
1977-11-01,,7.63
1977-11-02,,7.69
1977-11-03,,7.68
1977-11-04,,7.64
1977-11-07,,7.62
1977-11-08,,
1977-11-09,,7.60
1977-11-10,,7.59
1977-11-11,,
1977-11-14,,7.56
1977-11-15,,7.56
1977-11-16,,7.55
1977-11-17,,7.54
1977-11-18,,7.54
1977-11-21,,7.56
1977-11-22,,7.54
1977-11-23,,7.52
1977-11-24,,
1977-11-25,,7.52
1977-11-28,,7.53
1977-11-29,,7.55
1977-11-30,,7.55
1977-12-01,,7.58
1977-12-02,,7.59
1977-12-05,,7.60
1977-12-06,,7.63
1977-12-07,,7.63
1977-12-08,,7.64
1977-12-09,,7.63
1977-12-12,,7.64
1977-12-13,,7.65
1977-12-14,,7.66
1977-12-15,,7.67
1977-12-16,,7.67
1977-12-19,,7.69
1977-12-20,,7.74
1977-12-21,,7.72
1977-12-22,,7.75
1977-12-23,,7.75
1977-12-26,,
1977-12-27,,7.77
1977-12-28,,7.78
1977-12-29,,7.82
1977-12-30,,7.78
1978-01-02,,
1978-01-03,,7.83
1978-01-04,,7.82
1978-01-05,,7.83
1978-01-06,,7.85
1978-01-09,,8.01
1978-01-10,,8.02
1978-01-11,,8.03
1978-01-12,,8.02
1978-01-13,,7.98
1978-01-16,,7.98
1978-01-17,,7.98
1978-01-18,,7.98
1978-01-19,,7.97
1978-01-20,,7.97
1978-01-23,,7.97
1978-01-24,,7.99
1978-01-25,,8.00
1978-01-26,,7.98
1978-01-27,,7.97
1978-01-30,,7.96
1978-01-31,,7.94
1978-02-01,,7.96
1978-02-02,,7.96
1978-02-03,,7.97
1978-02-06,,7.99
1978-02-07,,7.99
1978-02-08,,8.00
1978-02-09,,8.01
1978-02-10,,8.02
1978-02-13,,
1978-02-14,,8.05
1978-02-15,,8.08
1978-02-16,,8.10
1978-02-17,,8.09
1978-02-20,,
1978-02-21,,8.10
1978-02-22,,8.10
1978-02-23,,8.08
1978-02-24,,8.04
1978-02-27,,8.02
1978-02-28,,8.04
1978-03-01,,8.05
1978-03-02,,8.04
1978-03-03,,8.04
1978-03-06,,8.05
1978-03-07,,8.03
1978-03-08,,8.03
1978-03-09,,8.02
1978-03-10,,8.00
1978-03-13,,7.99
1978-03-14,,7.99
1978-03-15,,8.00
1978-03-16,,8.00
1978-03-17,,8.00
1978-03-20,,7.97
1978-03-21,,7.97
1978-03-22,,7.98
1978-03-23,,8.01
1978-03-24,,
1978-03-27,,8.12
1978-03-28,,8.12
1978-03-29,,8.11
1978-03-30,,8.12
1978-03-31,,8.15
1978-04-03,,8.13
1978-04-04,,8.12
1978-04-05,,8.14
1978-04-06,,8.16
1978-04-07,,8.14
1978-04-10,,8.15
1978-04-11,,8.16
1978-04-12,,8.16
1978-04-13,,8.15
1978-04-14,,8.12
1978-04-17,,8.08
1978-04-18,,8.08
1978-04-19,,8.13
1978-04-20,,8.14
1978-04-21,,8.16
1978-04-24,,8.18
1978-04-25,,8.18
1978-04-26,,8.22
1978-04-27,,8.24
1978-04-28,,8.24
1978-05-01,,8.24
1978-05-02,,8.25
1978-05-03,,8.28
1978-05-04,,8.27
1978-05-05,,8.34
1978-05-08,,8.35
1978-05-09,,8.34
1978-05-10,,8.34
1978-05-11,,8.34
1978-05-12,,8.36
1978-05-15,,8.35
1978-05-16,,8.34
1978-05-17,,8.33
1978-05-18,,8.37
1978-05-19,,8.38
1978-05-22,,8.38
1978-05-23,,8.37
1978-05-24,,8.39
1978-05-25,,8.40
1978-05-26,,8.42
1978-05-29,,
1978-05-30,,
1978-05-31,,8.42
1978-06-01,,8.41
1978-06-02,,8.39
1978-06-05,,8.38
1978-06-06,,8.37
1978-06-07,,8.37
1978-06-08,,8.38
1978-06-09,,8.41
1978-06-12,,8.40
1978-06-13,,8.41
1978-06-14,,8.41
1978-06-15,,8.41
1978-06-16,,8.43
1978-06-19,,8.45
1978-06-20,,8.47
1978-06-21,,8.50
1978-06-22,,8.50
1978-06-23,,8.55
1978-06-26,,8.59
1978-06-27,,8.58
1978-06-28,,8.57
1978-06-29,,8.57
1978-06-30,,8.62
1978-07-03,,8.59
1978-07-04,,
1978-07-05,,8.62
1978-07-06,,8.62
1978-07-07,,8.66
1978-07-10,,8.68
1978-07-11,,8.68
1978-07-12,,8.67
1978-07-13,,8.68
1978-07-14,,8.68
1978-07-17,,8.65
1978-07-18,,8.63
1978-07-19,,8.62
1978-07-20,,8.66
1978-07-21,,8.67
1978-07-24,,8.67
1978-07-25,,8.67
1978-07-26,,8.66
1978-07-27,,8.58
1978-07-28,,8.55
1978-07-31,,8.56
1978-08-01,,8.54
1978-08-02,,8.44
1978-08-03,,8.39
1978-08-04,,8.38
1978-08-07,,8.36
1978-08-08,,8.35
1978-08-09,,8.34
1978-08-10,,8.45
1978-08-11,,8.44
1978-08-14,,8.45
1978-08-15,,8.46
1978-08-16,,8.55
1978-08-17,,8.48
1978-08-18,,8.46
1978-08-21,,8.41
1978-08-22,,8.41
1978-08-23,,8.32
1978-08-24,,8.35
1978-08-25,,8.34
1978-08-28,,8.35
1978-08-29,,8.37
1978-08-30,,8.42
1978-08-31,,8.39
1978-09-01,,8.38
1978-09-04,,
1978-09-05,,8.34
1978-09-06,,8.35
1978-09-07,,8.34
1978-09-08,,8.34
1978-09-11,,8.31
1978-09-12,,8.29
1978-09-13,,8.30
1978-09-14,,8.32
1978-09-15,,8.35
1978-09-18,,8.37
1978-09-19,,8.38
1978-09-20,,8.46
1978-09-21,,8.51
1978-09-22,,8.56
1978-09-25,,8.56
1978-09-26,,8.53
1978-09-27,,8.54
1978-09-28,,8.54
1978-09-29,,8.56
1978-10-02,,8.58
1978-10-03,,8.57
1978-10-04,,8.59
1978-10-05,,8.60
1978-10-06,,8.58
1978-10-09,,
1978-10-10,,8.58
1978-10-11,,8.56
1978-10-12,,8.51
1978-10-13,,8.52
1978-10-16,,8.59
1978-10-17,,8.60
1978-10-18,,8.62
1978-10-19,,8.64
1978-10-20,,8.66
1978-10-23,,8.66
1978-10-24,,8.64
1978-10-25,,8.65
1978-10-26,,8.72
1978-10-27,,8.78
1978-10-30,,8.88
1978-10-31,,8.96
1978-11-01,,8.66
1978-11-02,,8.73
1978-11-03,,8.86
1978-11-06,,8.85
1978-11-07,,
1978-11-08,,8.86
1978-11-09,,8.87
1978-11-10,,8.86
1978-11-13,,8.83
1978-11-14,,8.82
1978-11-15,,8.76
1978-11-16,,8.72
1978-11-17,,8.72
1978-11-20,,8.72
1978-11-21,,8.77
1978-11-22,,8.77
1978-11-23,,
1978-11-24,,8.86
1978-11-27,,8.86
1978-11-28,,8.86
1978-11-29,,8.86
1978-11-30,,8.86
1978-12-01,,8.80
1978-12-04,,8.82
1978-12-05,,8.85
1978-12-06,,8.85
1978-12-07,,8.89
1978-12-08,,8.90
1978-12-11,,8.90
1978-12-12,,8.92
1978-12-13,,8.98
1978-12-14,,8.96
1978-12-15,,9.00
1978-12-18,,9.13
1978-12-19,,9.14
1978-12-20,,9.16
1978-12-21,,9.16
1978-12-22,,9.11
1978-12-25,,
1978-12-26,,9.13
1978-12-27,,9.12
1978-12-28,,9.16
1978-12-29,,9.15
1979-01-01,,
1979-01-02,,9.18
1979-01-03,,9.16
1979-01-04,,9.11
1979-01-05,,9.10
1979-01-08,,9.14
1979-01-09,,9.16
1979-01-10,,9.16
1979-01-11,,9.15
1979-01-12,,9.14
1979-01-15,,9.15
1979-01-16,,9.16
1979-01-17,,9.18
1979-01-18,,9.18
1979-01-19,,9.15
1979-01-22,,9.12
1979-01-23,,9.10
1979-01-24,,9.08
1979-01-25,,8.98
1979-01-26,,8.93
1979-01-29,,8.96
1979-01-30,,8.95
1979-01-31,,8.95
1979-02-01,,8.94
1979-02-02,,8.89
1979-02-05,,8.95
1979-02-06,,9.00
1979-02-07,,9.09
1979-02-08,,9.09
1979-02-09,,9.11
1979-02-12,,
1979-02-13,,9.11
1979-02-14,,9.12
1979-02-15,,9.12
1979-02-16,,9.11
1979-02-19,,
1979-02-20,,9.12
1979-02-21,,9.15
1979-02-22,,9.20
1979-02-23,,9.21
1979-02-26,,9.20
1979-02-27,,9.19
1979-02-28,,9.17
1979-03-01,,9.17
1979-03-02,,9.16
1979-03-05,,9.11
1979-03-06,,9.14
1979-03-07,,9.10
1979-03-08,,9.10
1979-03-09,,9.11
1979-03-12,,9.11
1979-03-13,,9.11
1979-03-14,,9.12
1979-03-15,,9.14
1979-03-16,,9.12
1979-03-19,,9.12
1979-03-20,,9.13
1979-03-21,,9.13
1979-03-22,,9.12
1979-03-23,,9.12
1979-03-26,,9.12
1979-03-27,,9.11
1979-03-28,,9.07
1979-03-29,,9.06
1979-03-30,,9.11
1979-04-02,,9.11
1979-04-03,,9.10
1979-04-04,,9.09
1979-04-05,,9.07
1979-04-06,,9.10
1979-04-09,,9.14
1979-04-10,,9.17
1979-04-11,,9.20
1979-04-12,,9.20
1979-04-13,,
1979-04-16,,9.19
1979-04-17,,9.16
1979-04-18,,9.15
1979-04-19,,9.15
1979-04-20,,9.19
1979-04-23,,9.21
1979-04-24,,9.24
1979-04-25,,9.23
1979-04-26,,9.27
1979-04-27,,9.32
1979-04-30,,9.35
1979-05-01,,9.36
1979-05-02,,9.34
1979-05-03,,9.38
1979-05-04,,9.39
1979-05-07,,9.39
1979-05-08,,9.38
1979-05-09,,9.36
1979-05-10,,9.36
1979-05-11,,9.34
1979-05-14,,9.30
1979-05-15,,9.32
1979-05-16,,9.31
1979-05-17,,9.24
1979-05-18,,9.23
1979-05-21,,9.24
1979-05-22,,9.15
1979-05-23,,9.07
1979-05-24,,9.06
1979-05-25,,9.01
1979-05-28,,
1979-05-29,,9.01
1979-05-30,,
1979-05-31,,9.06
1979-06-01,,9.05
1979-06-04,,9.06
1979-06-05,,9.02
1979-06-06,,8.97
1979-06-07,,8.89
1979-06-08,,8.90
1979-06-11,,8.94
1979-06-12,,8.79
1979-06-13,,8.83
1979-06-14,,8.87
1979-06-15,,8.96
1979-06-18,,8.95
1979-06-19,,8.95
1979-06-20,,8.94
1979-06-21,,8.93
1979-06-22,,8.98
1979-06-25,,8.93
1979-06-26,,8.82
1979-06-27,,8.80
1979-06-28,,8.80
1979-06-29,,8.81
1979-07-02,,8.76
1979-07-03,,8.77
1979-07-04,,
1979-07-05,,8.80
1979-07-06,,8.82
1979-07-09,,8.86
1979-07-10,,8.92
1979-07-11,,8.97
1979-07-12,,8.95
1979-07-13,,8.94
1979-07-16,,8.99
1979-07-17,,9.01
1979-07-18,,9.03
1979-07-19,,9.04
1979-07-20,,8.98
1979-07-23,,9.03
1979-07-24,,9.06
1979-07-25,,8.99
1979-07-26,,8.97
1979-07-27,,9.02
1979-07-30,,9.03
1979-07-31,,9.01
1979-08-01,,8.99
1979-08-02,,8.91
1979-08-03,,8.92
1979-08-06,,8.91
1979-08-07,,8.91
1979-08-08,,8.93
1979-08-09,,8.97
1979-08-10,,9.00
1979-08-13,,9.00
1979-08-14,,8.98
1979-08-15,,9.00
1979-08-16,,9.00
1979-08-17,,9.01
1979-08-20,,9.02
1979-08-21,,9.04
1979-08-22,,9.04
1979-08-23,,9.05
1979-08-24,,9.14
1979-08-27,,9.12
1979-08-28,,9.15
1979-08-29,,9.14
1979-08-30,,9.21
1979-08-31,,9.24
1979-09-03,,
1979-09-04,,9.32
1979-09-05,,9.32
1979-09-06,,9.35
1979-09-07,,9.34
1979-09-10,,9.36
1979-09-11,,9.25
1979-09-12,,9.30
1979-09-13,,9.34
1979-09-14,,9.29
1979-09-17,,9.37
1979-09-18,,9.36
1979-09-19,,9.31
1979-09-20,,9.29
1979-09-21,,9.26
1979-09-24,,9.34
1979-09-25,,9.32
1979-09-26,,9.36
1979-09-27,,9.44
1979-09-28,,9.44
1979-10-01,,9.51
1979-10-02,,9.47
1979-10-03,,9.50
1979-10-04,,9.58
1979-10-05,,9.60
1979-10-08,,
1979-10-09,,9.93
1979-10-10,,10.09
1979-10-11,,10.17
1979-10-12,,10.15
1979-10-15,,10.31
1979-10-16,,10.27
1979-10-17,,10.20
1979-10-18,,10.41
1979-10-19,,10.68
1979-10-22,,10.96
1979-10-23,,11.02
1979-10-24,,10.83
1979-10-25,,10.98
1979-10-26,,10.67
1979-10-29,,10.78
1979-10-30,,10.75
1979-10-31,,10.72
1979-11-01,,10.79
1979-11-02,,10.84
1979-11-05,,10.85
1979-11-06,,
1979-11-07,,11.00
1979-11-08,,10.96
1979-11-09,,10.68
1979-11-12,,
1979-11-13,,10.63
1979-11-14,,10.75
1979-11-15,,10.62
1979-11-16,,10.77
1979-11-19,,10.80
1979-11-20,,10.78
1979-11-21,,10.73
1979-11-22,,
1979-11-23,,10.51
1979-11-26,,10.37
1979-11-27,,10.24
1979-11-28,,10.37
1979-11-29,,10.34
1979-11-30,,10.38
1979-12-03,,10.44
1979-12-04,,10.32
1979-12-05,,10.27
1979-12-06,,10.13
1979-12-07,,10.30
1979-12-10,,10.27
1979-12-11,,10.46
1979-12-12,,10.58
1979-12-13,,10.51
1979-12-14,,10.45
1979-12-17,,10.42
1979-12-18,,10.34
1979-12-19,,10.33
1979-12-20,,10.38
1979-12-21,,10.39
1979-12-24,,10.45
1979-12-25,,
1979-12-26,,10.48
1979-12-27,,10.46
1979-12-28,,10.41
1979-12-31,,10.33
1980-01-01,,
1980-01-02,,10.50
1980-01-03,,10.60
1980-01-04,,10.66
1980-01-07,,10.63
1980-01-08,,10.57
1980-01-09,,10.58
1980-01-10,,10.51
1980-01-11,,10.68
1980-01-14,,10.70
1980-01-15,,10.65
1980-01-16,,10.65
1980-01-17,,10.71
1980-01-18,,10.82
1980-01-21,,10.96
1980-01-22,,10.85
1980-01-23,,10.82
1980-01-24,,11.01
1980-01-25,,11.10
1980-01-28,,11.15
1980-01-29,,11.21
1980-01-30,,11.16
1980-01-31,,11.13
1980-02-01,,11.29
1980-02-04,,11.40
1980-02-05,,11.73
1980-02-06,,11.92
1980-02-07,,11.71
1980-02-08,,11.80
1980-02-11,,12.01
1980-02-12,,
1980-02-13,,11.86
1980-02-14,,11.97
1980-02-15,,12.20
1980-02-18,,
1980-02-19,,12.85
1980-02-20,,12.84
1980-02-21,,13.22
1980-02-22,,13.06
1980-02-25,,13.27
1980-02-26,,13.65
1980-02-27,,13.46
1980-02-28,,12.92
1980-02-29,,12.72
1980-03-03,,12.79
1980-03-04,,12.91
1980-03-05,,13.03
1980-03-06,,13.13
1980-03-07,,12.86
1980-03-10,,12.63
1980-03-11,,12.41
1980-03-12,,12.62
1980-03-13,,12.50
1980-03-14,,12.52
1980-03-17,,12.58
1980-03-18,,12.40
1980-03-19,,12.35
1980-03-20,,12.62
1980-03-21,,12.75
1980-03-24,,13.17
1980-03-25,,13.10
1980-03-26,,13.03
1980-03-27,,12.97
1980-03-28,,12.72
1980-03-31,,12.64
1980-04-01,,12.69
1980-04-02,,12.63
1980-04-03,,12.52
1980-04-04,,
1980-04-07,,12.13
1980-04-08,,12.21
1980-04-09,,12.06
1980-04-10,,12.06
1980-04-11,,11.79
1980-04-14,,11.62
1980-04-15,,11.57
1980-04-16,,10.90
1980-04-17,,11.13
1980-04-18,,11.05
1980-04-21,,10.90
1980-04-22,,10.82
1980-04-23,,10.89
1980-04-24,,10.96
1980-04-25,,10.95
1980-04-28,,10.63
1980-04-29,,10.67
1980-04-30,,10.76
1980-05-01,,10.57
1980-05-02,,10.24
1980-05-05,,10.18
1980-05-06,,9.80
1980-05-07,,9.96
1980-05-08,,10.18
1980-05-09,,10.30
1980-05-12,,10.30
1980-05-13,,10.13
1980-05-14,,10.14
1980-05-15,,10.31
1980-05-16,,10.37
1980-05-19,,10.53
1980-05-20,,10.22
1980-05-21,,10.08
1980-05-22,,10.10
1980-05-23,,9.85
1980-05-26,,
1980-05-27,,9.96
1980-05-28,,10.10
1980-05-29,,10.24
1980-05-30,,10.25
1980-06-02,,10.31
1980-06-03,,10.16
1980-06-04,,10.07
1980-06-05,,10.02
1980-06-06,,9.81
1980-06-09,,9.73
1980-06-10,,9.83
1980-06-11,,9.70
1980-06-12,,9.53
1980-06-13,,9.51
1980-06-16,,9.47
1980-06-17,,9.49
1980-06-18,,9.56
1980-06-19,,9.56
1980-06-20,,9.49
1980-06-23,,9.63
1980-06-24,,9.68
1980-06-25,,9.79
1980-06-26,,9.87
1980-06-27,,10.04
1980-06-30,,10.09
1980-07-01,,10.13
1980-07-02,,10.19
1980-07-03,,10.01
1980-07-04,,
1980-07-07,,10.20
1980-07-08,,10.09
1980-07-09,,10.14
1980-07-10,,10.21
1980-07-11,,10.28
1980-07-14,,10.33
1980-07-15,,10.17
1980-07-16,,10.07
1980-07-17,,10.21
1980-07-18,,10.20
1980-07-21,,10.13
1980-07-22,,10.18
1980-07-23,,10.12
1980-07-24,,10.24
1980-07-25,,10.35
1980-07-28,,10.46
1980-07-29,,10.45
1980-07-30,,10.53
1980-07-31,,10.76
1980-08-01,,10.76
1980-08-04,,10.69
1980-08-05,,10.70
1980-08-06,,10.80
1980-08-07,,10.71
1980-08-08,,10.87
1980-08-11,,11.03
1980-08-12,,10.98
1980-08-13,,10.89
1980-08-14,,10.90
1980-08-15,,10.86
1980-08-18,,11.13
1980-08-19,,11.24
1980-08-20,,11.22
1980-08-21,,11.30
1980-08-22,,11.13
1980-08-25,,11.40
1980-08-26,,11.42
1980-08-27,,11.67
1980-08-28,,11.89
1980-08-29,,11.55
1980-09-01,,
1980-09-02,,11.32
1980-09-03,,11.08
1980-09-04,,11.16
1980-09-05,,11.21
1980-09-08,,11.29
1980-09-09,,11.19
1980-09-10,,11.14
1980-09-11,,11.32
1980-09-12,,11.37
1980-09-15,,11.62
1980-09-16,,11.52
1980-09-17,,11.57
1980-09-18,,11.53
1980-09-19,,11.33
1980-09-22,,11.69
1980-09-23,,11.76
1980-09-24,,11.75
1980-09-25,,11.91
1980-09-26,,11.99
1980-09-29,,12.07
1980-09-30,,11.86
1980-10-01,,11.78
1980-10-02,,11.83
1980-10-03,,11.40
1980-10-06,,11.35
1980-10-07,,11.43
1980-10-08,,11.51
1980-10-09,,11.39
1980-10-10,,11.44
1980-10-13,,
1980-10-14,,11.37
1980-10-15,,11.29
1980-10-16,,11.47
1980-10-17,,11.62
1980-10-20,,11.64
1980-10-21,,11.70
1980-10-22,,11.88
1980-10-23,,11.82
1980-10-24,,11.74
1980-10-27,,12.13
1980-10-28,,12.32
1980-10-29,,12.48
1980-10-30,,12.48
1980-10-31,,12.46
1980-11-03,,12.46
1980-11-04,,
1980-11-05,,12.61
1980-11-06,,13.04
1980-11-07,,12.66
1980-11-10,,12.78
1980-11-11,,
1980-11-12,,12.47
1980-11-13,,12.49
1980-11-14,,12.79
1980-11-17,,12.95
1980-11-18,,12.62
1980-11-19,,12.51
1980-11-20,,12.59
1980-11-21,,12.80
1980-11-24,,12.76
1980-11-25,,12.74
1980-11-26,,12.65
1980-11-27,,
1980-11-28,,12.72
1980-12-01,,12.92
1980-12-02,,12.95
1980-12-03,,12.92
1980-12-04,,12.91
1980-12-05,,12.85
1980-12-08,,12.91
1980-12-09,,13.10
1980-12-10,,13.15
1980-12-11,,13.57
1980-12-12,,13.21
1980-12-15,,13.25
1980-12-16,,13.51
1980-12-17,,13.28
1980-12-18,,13.22
1980-12-19,,12.64
1980-12-22,,12.14
1980-12-23,,12.35
1980-12-24,,12.42
1980-12-25,,
1980-12-26,,12.25
1980-12-29,,12.20
1980-12-30,,12.39
1980-12-31,,12.43
1981-01-01,,
1981-01-02,,12.42
1981-01-05,,12.15
1981-01-06,,12.11
1981-01-07,,12.38
1981-01-08,,12.35
1981-01-09,,12.57
1981-01-12,,12.45
1981-01-13,,12.53
1981-01-14,,12.53
1981-01-15,,12.62
1981-01-16,,12.53
1981-01-19,,12.64
1981-01-20,,12.50
1981-01-21,,12.77
1981-01-22,,12.87
1981-01-23,,12.84
1981-01-26,,12.70
1981-01-27,,12.73
1981-01-28,,12.77
1981-01-29,,12.80
1981-01-30,,12.68
1981-02-02,,12.86
1981-02-03,,12.98
1981-02-04,,12.86
1981-02-05,,12.95
1981-02-06,,13.09
1981-02-09,,13.21
1981-02-10,,13.27
1981-02-11,,13.42
1981-02-12,,
1981-02-13,,13.65
1981-02-16,,
1981-02-17,,13.33
1981-02-18,,13.30
1981-02-19,,13.09
1981-02-20,,12.90
1981-02-23,,13.19
1981-02-24,,13.21
1981-02-25,,13.29
1981-02-26,,13.47
1981-02-27,,13.43
1981-03-02,,13.62
1981-03-03,,13.43
1981-03-04,,13.45
1981-03-05,,13.43
1981-03-06,,13.20
1981-03-09,,13.09
1981-03-10,,13.08
1981-03-11,,13.12
1981-03-12,,13.03
1981-03-13,,12.86
1981-03-16,,12.85
1981-03-17,,12.68
1981-03-18,,12.58
1981-03-19,,12.67
1981-03-20,,12.77
1981-03-23,,13.13
1981-03-24,,13.30
1981-03-25,,13.21
1981-03-26,,13.34
1981-03-27,,13.36
1981-03-30,,13.22
1981-03-31,,13.13
1981-04-01,,13.14
1981-04-02,,13.25
1981-04-03,,13.40
1981-04-06,,13.74
1981-04-07,,13.41
1981-04-08,,13.61
1981-04-09,,13.45
1981-04-10,,13.59
1981-04-13,,13.68
1981-04-14,,13.58
1981-04-15,,13.74
1981-04-16,,13.79
1981-04-17,,
1981-04-20,,13.69
1981-04-21,,13.73
1981-04-22,,13.78
1981-04-23,,13.80
1981-04-24,,13.88
1981-04-27,,13.92
1981-04-28,,13.93
1981-04-29,,14.05
1981-04-30,,14.11
1981-05-01,,14.05
1981-05-04,,14.47
1981-05-05,,14.69
1981-05-06,,14.56
1981-05-07,,14.33
1981-05-08,,14.23
1981-05-11,,14.34
1981-05-12,,14.46
1981-05-13,,14.49
1981-05-14,,14.24
1981-05-15,,14.07
1981-05-18,,13.80
1981-05-19,,13.95
1981-05-20,,14.00
1981-05-21,,14.05
1981-05-22,,13.82
1981-05-25,,
1981-05-26,,13.67
1981-05-27,,13.71
1981-05-28,,13.56
1981-05-29,,13.50
1981-06-01,,13.46
1981-06-02,,13.58
1981-06-03,,13.55
1981-06-04,,13.51
1981-06-05,,13.56
1981-06-08,,13.36
1981-06-09,,13.37
1981-06-10,,13.31
1981-06-11,,13.32
1981-06-12,,13.35
1981-06-15,,13.09
1981-06-16,,13.08
1981-06-17,,13.23
1981-06-18,,13.57
1981-06-19,,13.46
1981-06-22,,13.44
1981-06-23,,13.56
1981-06-24,,13.66
1981-06-25,,13.70
1981-06-26,,13.69
1981-06-29,,13.68
1981-06-30,,13.86
1981-07-01,,14.04
1981-07-02,,13.95
1981-07-03,,
1981-07-06,,13.81
1981-07-07,,14.04
1981-07-08,,14.11
1981-07-09,,14.12
1981-07-10,,13.94
1981-07-13,,13.99
1981-07-14,,14.15
1981-07-15,,14.07
1981-07-16,,14.11
1981-07-17,,14.09
1981-07-20,,14.59
1981-07-21,,14.61
1981-07-22,,14.63
1981-07-23,,14.57
1981-07-24,,14.41
1981-07-27,,14.43
1981-07-28,,14.53
1981-07-29,,14.61
1981-07-30,,14.71
1981-07-31,,14.67
1981-08-03,,14.95
1981-08-04,,14.95
1981-08-05,,14.91
1981-08-06,,14.86
1981-08-07,,14.83
1981-08-10,,14.65
1981-08-11,,14.40
1981-08-12,,14.61
1981-08-13,,14.65
1981-08-14,,14.74
1981-08-17,,14.71
1981-08-18,,14.79
1981-08-19,,14.77
1981-08-20,,14.89
1981-08-21,,14.97
1981-08-24,,15.32
1981-08-25,,15.35
1981-08-26,,15.31
1981-08-27,,15.36
1981-08-28,,15.25
1981-08-31,,15.41
1981-09-01,17.01,15.41
1981-09-02,16.65,15.40
1981-09-03,16.96,15.48
1981-09-04,16.64,15.51
1981-09-07,,
1981-09-08,16.54,15.59
1981-09-09,16.39,15.53
1981-09-10,15.90,15.30
1981-09-11,15.76,15.05
1981-09-14,15.27,15.20
1981-09-15,15.16,15.08
1981-09-16,15.10,15.11
1981-09-17,15.18,14.95
1981-09-18,15.07,14.91
1981-09-21,14.98,14.78
1981-09-22,15.51,15.03
1981-09-23,14.94,15.23
1981-09-24,14.94,15.31
1981-09-25,15.02,15.68
1981-09-28,14.82,15.65
1981-09-29,14.86,15.76
1981-09-30,15.05,15.84
1981-10-01,15.33,15.75
1981-10-02,15.40,15.41
1981-10-05,14.98,15.19
1981-10-06,14.61,15.14
1981-10-07,14.54,15.04
1981-10-08,14.38,15.00
1981-10-09,13.96,14.73
1981-10-12,,
1981-10-13,14.17,14.83
1981-10-14,13.97,14.87
1981-10-15,14.00,14.88
1981-10-16,14.18,14.94
1981-10-19,14.20,14.95
1981-10-20,14.13,15.09
1981-10-21,14.17,15.34
1981-10-22,13.98,15.38
1981-10-23,13.87,15.30
1981-10-26,13.96,15.60
1981-10-27,14.02,15.54
1981-10-28,13.93,15.44
1981-10-29,13.74,15.06
1981-10-30,13.33,14.63
1981-11-02,13.34,14.57
1981-11-03,,
1981-11-04,12.87,14.18
1981-11-05,12.73,14.19
1981-11-06,12.21,13.94
1981-11-09,11.72,13.39
1981-11-10,11.74,13.40
1981-11-11,,
1981-11-12,11.07,13.19
1981-11-13,11.32,13.18
1981-11-16,11.11,13.07
1981-11-17,11.08,13.18
1981-11-18,10.46,13.00
1981-11-19,10.63,13.04
1981-11-20,10.51,13.14
1981-11-23,10.91,13.44
1981-11-24,10.60,13.13
1981-11-25,10.56,12.98
1981-11-26,,
1981-11-27,10.58,12.92
1981-11-30,10.78,13.13
1981-12-01,10.81,13.37
1981-12-02,10.82,13.49
1981-12-03,10.95,13.45
1981-12-04,10.29,13.15
1981-12-07,10.66,13.50
1981-12-08,10.68,13.50
1981-12-09,,13.64
1981-12-10,11.13,13.80
1981-12-11,11.33,13.84
1981-12-14,11.40,13.62
1981-12-15,11.35,13.55
1981-12-16,11.38,13.53
1981-12-17,11.62,13.71
1981-12-18,11.33,13.51
1981-12-21,11.56,13.83
1981-12-22,11.51,14.02
1981-12-23,11.94,14.14
1981-12-24,11.57,14.01
1981-12-25,,
1981-12-28,11.75,14.01
1981-12-29,12.22,14.12
1981-12-30,11.86,14.17
1981-12-31,11.54,13.98
1982-01-01,,
1982-01-04,11.87,14.19
1982-01-05,12.20,14.44
1982-01-06,12.16,14.59
1982-01-07,12.17,14.63
1982-01-08,11.98,14.48
1982-01-11,12.49,14.81
1982-01-12,12.52,14.62
1982-01-13,12.70,14.83
1982-01-14,13.17,14.70
1982-01-15,12.74,14.82
1982-01-18,13.41,14.75
1982-01-19,13.13,14.80
1982-01-20,13.51,14.81
1982-01-21,13.65,14.62
1982-01-22,13.63,14.69
1982-01-25,14.06,14.62
1982-01-26,13.65,14.54
1982-01-27,13.40,14.51
1982-01-28,12.84,14.29
1982-01-29,13.08,14.14
1982-02-01,14.77,14.58
1982-02-02,14.49,14.47
1982-02-03,14.64,14.69
1982-02-04,14.38,14.76
1982-02-05,14.63,14.65
1982-02-08,15.04,14.88
1982-02-09,14.91,14.95
1982-02-10,14.88,14.81
1982-02-11,15.06,14.71
1982-02-12,,
1982-02-15,,
1982-02-16,15.49,14.53
1982-02-17,15.31,14.50
1982-02-18,14.58,14.28
1982-02-19,14.17,14.24
1982-02-22,13.13,13.87
1982-02-23,12.93,13.93
1982-02-24,12.83,13.87
1982-02-25,12.79,13.91
1982-02-26,13.00,14.03
1982-03-01,12.81,13.85
1982-03-02,13.22,13.74
1982-03-03,12.85,13.69
1982-03-04,12.85,13.61
1982-03-05,12.86,13.59
1982-03-08,12.68,13.67
1982-03-09,12.93,13.69
1982-03-10,13.00,13.73
1982-03-11,13.24,13.95
1982-03-12,13.40,13.97
1982-03-15,13.47,13.96
1982-03-16,13.33,13.91
1982-03-17,13.36,13.88
1982-03-18,13.45,13.87
1982-03-19,13.69,13.89
1982-03-22,13.26,13.74
1982-03-23,13.11,13.72
1982-03-24,13.39,13.91
1982-03-25,13.35,13.90
1982-03-26,13.69,14.01
1982-03-29,14.16,14.16
1982-03-30,14.15,14.19
1982-03-31,13.99,14.18
1982-04-01,13.87,14.10
1982-04-02,13.95,14.10
1982-04-05,13.76,14.16
1982-04-06,13.77,14.18
1982-04-07,13.80,14.18
1982-04-08,13.74,13.98
1982-04-09,,
1982-04-12,13.43,13.83
1982-04-13,13.33,13.83
1982-04-14,13.44,13.95
1982-04-15,13.47,13.91
1982-04-16,13.21,13.71
1982-04-19,13.04,13.66
1982-04-20,13.07,13.72
1982-04-21,12.73,13.69
1982-04-22,12.99,13.71
1982-04-23,12.99,13.69
1982-04-26,13.17,13.70
1982-04-27,13.04,13.70
1982-04-28,13.09,13.77
1982-04-29,13.20,13.87
1982-04-30,13.15,13.87
1982-05-03,13.46,13.95
1982-05-04,13.60,13.87
1982-05-05,13.39,13.80
1982-05-06,13.08,13.54
1982-05-07,13.02,13.48
1982-05-10,13.21,13.49
1982-05-11,12.97,13.46
1982-05-12,13.05,13.59
1982-05-13,13.09,13.62
1982-05-14,12.92,13.48
1982-05-17,13.02,13.57
1982-05-18,12.88,13.60
1982-05-19,12.47,13.64
1982-05-20,12.00,13.53
1982-05-21,11.99,13.52
1982-05-24,11.99,13.58
1982-05-25,12.07,13.62
1982-05-26,12.04,13.68
1982-05-27,12.06,13.72
1982-05-28,11.97,13.71
1982-05-31,,
1982-06-01,12.55,13.93
1982-06-02,12.69,13.86
1982-06-03,12.63,13.90
1982-06-04,12.78,13.98
1982-06-07,12.71,13.94
1982-06-08,12.79,13.98
1982-06-09,12.62,13.99
1982-06-10,12.52,14.02
1982-06-11,12.55,13.93
1982-06-14,12.88,14.21
1982-06-15,12.93,14.21
1982-06-16,13.03,14.26
1982-06-17,13.15,14.48
1982-06-18,13.31,14.62
1982-06-21,13.11,14.63
1982-06-22,13.37,14.66
1982-06-23,13.67,14.74
1982-06-24,13.60,14.71
1982-06-25,13.87,14.76
1982-06-28,13.81,14.73
1982-06-29,13.80,14.61
1982-06-30,13.36,14.44
1982-07-01,13.14,14.40
1982-07-02,13.36,14.50
1982-07-05,,
1982-07-06,13.18,14.48
1982-07-07,13.31,14.49
1982-07-08,12.48,14.19
1982-07-09,12.29,14.03
1982-07-12,12.22,13.87
1982-07-13,12.48,14.02
1982-07-14,12.53,14.10
1982-07-15,12.14,13.96
1982-07-16,11.68,13.70
1982-07-19,11.52,13.68
1982-07-20,11.11,13.53
1982-07-21,11.19,13.60
1982-07-22,10.83,13.51
1982-07-23,10.73,13.56
1982-07-26,10.87,13.91
1982-07-27,11.12,13.86
1982-07-28,11.41,13.97
1982-07-29,10.97,13.83
1982-07-30,10.57,13.68
1982-08-02,9.72,13.41
1982-08-03,10.18,13.51
1982-08-04,10.12,13.68
1982-08-05,10.19,13.70
1982-08-06,10.71,13.85
1982-08-09,10.25,13.70
1982-08-10,10.42,13.69
1982-08-11,10.37,13.71
1982-08-12,9.74,13.55
1982-08-13,9.60,13.20
1982-08-16,8.98,13.09
1982-08-17,8.33,12.65
1982-08-18,8.35,12.57
1982-08-19,7.76,12.47
1982-08-20,7.31,12.24
1982-08-23,7.75,12.47
1982-08-24,7.86,12.35
1982-08-25,7.67,12.43
1982-08-26,7.37,12.55
1982-08-27,8.10,12.77
1982-08-30,8.44,12.81
1982-08-31,8.72,12.81
1982-09-01,8.73,12.76
1982-09-02,8.66,12.60
1982-09-03,8.46,12.47
1982-09-06,,
1982-09-07,8.68,12.53
1982-09-08,8.60,12.51
1982-09-09,8.57,12.53
1982-09-10,8.66,12.73
1982-09-13,8.41,12.63
1982-09-14,8.16,12.56
1982-09-15,8.44,12.60
1982-09-16,8.31,12.60
1982-09-17,8.23,12.51
1982-09-20,8.04,12.47
1982-09-21,7.88,12.18
1982-09-22,7.58,12.04
1982-09-23,7.52,11.94
1982-09-24,7.85,12.09
1982-09-27,7.83,11.99
1982-09-28,7.72,11.85
1982-09-29,7.84,11.80
1982-09-30,7.88,11.73
1982-10-01,7.60,11.51
1982-10-04,8.21,11.72
1982-10-05,8.44,11.69
1982-10-06,8.33,11.50
1982-10-07,8.04,10.91
1982-10-08,8.00,10.83
1982-10-11,,
1982-10-12,7.61,10.53
1982-10-13,7.67,10.39
1982-10-14,7.79,10.61
1982-10-15,7.80,10.75
1982-10-18,7.66,10.58
1982-10-19,7.73,10.56
1982-10-20,7.80,10.69
1982-10-21,7.81,10.69
1982-10-22,7.88,10.81
1982-10-25,8.12,11.11
1982-10-26,8.24,10.87
1982-10-27,8.28,10.90
1982-10-28,8.17,10.77
1982-10-29,8.17,10.71
1982-11-01,8.06,10.56
1982-11-02,,
1982-11-03,8.06,10.46
1982-11-04,7.99,10.42
1982-11-05,8.04,10.48
1982-11-08,8.18,10.55
1982-11-09,8.28,10.51
1982-11-10,8.36,10.48
1982-11-11,,
1982-11-12,8.56,10.58
1982-11-15,8.80,10.65
1982-11-16,8.70,10.67
1982-11-17,8.65,10.59
1982-11-18,8.55,10.46
1982-11-19,8.38,10.42
1982-11-22,8.26,10.43
1982-11-23,8.22,10.53
1982-11-24,8.20,10.59
1982-11-25,,
1982-11-26,8.19,10.51
1982-11-29,8.54,10.78
1982-11-30,8.56,10.79
1982-12-01,8.55,10.74
1982-12-02,8.32,10.68
1982-12-03,8.10,10.47
1982-12-06,8.13,10.46
1982-12-07,8.19,10.48
1982-12-08,8.24,10.62
1982-12-09,8.23,10.58
1982-12-10,8.31,10.66
1982-12-13,8.27,10.61
1982-12-14,7.93,10.46
1982-12-15,7.88,10.50
1982-12-16,8.10,10.59
1982-12-17,8.13,10.64
1982-12-20,8.14,10.70
1982-12-21,8.17,10.54
1982-12-22,8.18,10.53
1982-12-23,8.18,10.47
1982-12-24,,
1982-12-27,8.16,10.44
1982-12-28,8.33,10.44
1982-12-29,8.43,10.47
1982-12-30,8.29,10.44
1982-12-31,8.20,10.36
1983-01-03,8.17,10.32
1983-01-04,8.28,10.37
1983-01-05,8.25,10.35
1983-01-06,8.20,10.39
1983-01-07,8.02,10.36
1983-01-10,7.96,10.38
1983-01-11,7.94,10.34
1983-01-12,7.94,10.32
1983-01-13,7.92,10.27
1983-01-14,7.79,10.28
1983-01-17,7.85,10.28
1983-01-18,7.90,10.30
1983-01-19,7.94,10.41
1983-01-20,8.04,10.43
1983-01-21,8.29,10.61
1983-01-24,8.37,10.70
1983-01-25,8.32,10.62
1983-01-26,8.36,10.69
1983-01-27,8.30,10.67
1983-01-28,8.26,10.71
1983-01-31,8.36,10.80
1983-02-01,8.45,10.78
1983-02-02,8.45,10.88
1983-02-03,8.43,10.93
1983-02-04,8.52,10.99
1983-02-07,8.50,10.96
1983-02-08,8.57,10.99
1983-02-09,8.55,11.00
1983-02-10,8.45,10.83
1983-02-11,8.42,10.80
1983-02-14,8.53,10.80
1983-02-15,8.60,10.84
1983-02-16,8.48,10.81
1983-02-17,8.38,10.71
1983-02-18,8.26,10.60
1983-02-21,,
1983-02-22,8.17,10.46
1983-02-23,8.24,10.44
1983-02-24,8.20,10.42
1983-02-25,8.08,10.26
1983-02-28,8.21,10.27
1983-03-01,8.26,10.22
1983-03-02,8.30,10.26
1983-03-03,8.25,10.23
1983-03-04,8.29,10.27
1983-03-07,8.48,10.43
1983-03-08,8.61,10.52
1983-03-09,8.57,10.48
1983-03-10,8.55,10.55
1983-03-11,8.56,10.59
1983-03-14,8.51,10.48
1983-03-15,8.55,10.46
1983-03-16,8.61,10.53
1983-03-17,8.63,10.56
1983-03-18,8.74,10.58
1983-03-21,8.80,10.60
1983-03-22,8.93,10.62
1983-03-23,8.78,10.58
1983-03-24,8.83,10.58
1983-03-25,9.00,10.64
1983-03-28,9.01,10.66
1983-03-29,8.97,10.60
1983-03-30,8.98,10.59
1983-03-31,8.96,10.62
1983-04-01,,
1983-04-04,8.97,10.60
1983-04-05,8.80,10.49
1983-04-06,8.72,10.49
1983-04-07,8.68,10.51
1983-04-08,8.63,10.51
1983-04-11,8.45,10.41
1983-04-12,8.49,10.42
1983-04-13,8.48,10.39
1983-04-14,8.42,10.29
1983-04-15,8.43,10.33
1983-04-18,8.36,10.29
1983-04-19,8.47,10.39
1983-04-20,8.40,10.39
1983-04-21,8.44,10.43
1983-04-22,8.44,10.42
1983-04-25,8.44,10.40
1983-04-26,8.45,10.37
1983-04-27,8.41,10.29
1983-04-28,8.41,10.31
1983-04-29,8.38,10.27
1983-05-02,8.33,10.26
1983-05-03,8.33,10.26
1983-05-04,8.30,10.12
1983-05-05,8.34,10.16
1983-05-06,8.26,10.13
1983-05-09,8.43,10.25
1983-05-10,8.30,10.16
1983-05-11,8.25,10.18
1983-05-12,8.35,10.23
1983-05-13,8.30,10.22
1983-05-16,8.45,10.37
1983-05-17,8.44,10.41
1983-05-18,8.42,10.43
1983-05-19,8.46,10.49
1983-05-20,8.48,10.54
1983-05-23,8.73,10.57
1983-05-24,8.80,10.56
1983-05-25,8.82,10.58
1983-05-26,8.85,10.63
1983-05-27,8.80,10.62
1983-05-30,,
1983-05-31,8.97,10.81
1983-06-01,8.92,10.77
1983-06-02,8.84,10.78
1983-06-03,8.87,10.79
1983-06-06,8.96,10.79
1983-06-07,9.17,10.85
1983-06-08,9.18,10.92
1983-06-09,9.08,10.88
1983-06-10,9.11,10.89
1983-06-13,9.03,10.75
1983-06-14,9.06,10.77
1983-06-15,9.06,10.72
1983-06-16,8.99,10.64
1983-06-17,9.01,10.68
1983-06-20,9.32,10.80
1983-06-21,9.32,10.79
1983-06-22,9.35,10.83
1983-06-23,9.31,10.90
1983-06-24,9.42,11.02
1983-06-27,9.38,11.11
1983-06-28,9.34,11.04
1983-06-29,9.20,10.99
1983-06-30,9.15,10.96
1983-07-01,9.05,10.93
1983-07-04,,
1983-07-05,9.36,11.21
1983-07-06,9.38,11.16
1983-07-07,9.49,11.29
1983-07-08,9.48,11.33
1983-07-11,9.42,11.28
1983-07-12,9.52,11.42
1983-07-13,9.47,11.40
1983-07-14,9.46,11.38
1983-07-15,9.59,11.51
1983-07-18,9.47,11.41
1983-07-19,9.51,11.36
1983-07-20,9.44,11.28
1983-07-21,9.44,11.32
1983-07-22,9.45,11.43
1983-07-25,9.43,11.41
1983-07-26,9.47,11.49
1983-07-27,9.43,11.51
1983-07-28,9.54,11.66
1983-07-29,9.59,11.76
1983-08-01,9.63,11.80
1983-08-02,9.89,11.82
1983-08-03,9.78,11.92
1983-08-04,9.86,12.12
1983-08-05,9.83,12.10
1983-08-08,9.89,12.20
1983-08-09,9.94,12.13
1983-08-10,9.97,12.17
1983-08-11,9.98,12.04
1983-08-12,9.90,11.96
1983-08-15,9.83,11.76
1983-08-16,9.83,11.71
1983-08-17,9.73,11.65
1983-08-18,9.68,11.70
1983-08-19,9.70,11.72
1983-08-22,9.54,11.54
1983-08-23,9.56,11.57
1983-08-24,9.49,11.54
1983-08-25,9.48,11.62
1983-08-26,9.54,11.65
1983-08-29,9.62,11.86
1983-08-30,9.69,11.90
1983-08-31,9.64,11.98
1983-09-01,9.58,11.97
1983-09-02,9.63,12.01
1983-09-05,,
1983-09-06,9.59,11.85
1983-09-07,9.49,11.70
1983-09-08,9.48,11.77
1983-09-09,9.54,11.73
1983-09-12,9.39,11.56
1983-09-13,9.46,11.63
1983-09-14,9.47,11.76
1983-09-15,9.46,11.82
1983-09-16,9.43,11.68
1983-09-19,9.34,11.66
1983-09-20,9.32,11.57
1983-09-21,9.33,11.64
1983-09-22,9.33,11.60
1983-09-23,9.22,11.49
1983-09-26,9.05,11.41
1983-09-27,9.08,11.45
1983-09-28,9.12,11.49
1983-09-29,9.24,11.50
1983-09-30,9.04,11.44
1983-10-03,9.13,11.47
1983-10-04,9.00,11.46
1983-10-05,9.01,11.35
1983-10-06,8.97,11.31
1983-10-07,8.94,11.33
1983-10-10,,
1983-10-11,9.16,11.57
1983-10-12,9.14,11.59
1983-10-13,9.16,11.65
1983-10-14,9.12,11.58
1983-10-17,8.88,11.47
1983-10-18,8.85,11.49
1983-10-19,8.84,11.49
1983-10-20,8.88,11.47
1983-10-21,8.87,11.43
1983-10-24,9.03,11.66
1983-10-25,9.00,11.70
1983-10-26,9.00,11.72
1983-10-27,8.99,11.66
1983-10-28,8.96,11.68
1983-10-31,8.83,11.74
1983-11-01,8.80,11.69
1983-11-02,8.82,11.70
1983-11-03,8.97,11.75
1983-11-04,9.14,11.85
1983-11-07,9.14,11.85
1983-11-08,,
1983-11-09,9.13,11.84
1983-11-10,9.09,11.71
1983-11-11,,
1983-11-14,9.12,11.68
1983-11-15,9.13,11.70
1983-11-16,9.14,11.70
1983-11-17,9.20,11.72
1983-11-18,9.20,11.72
1983-11-21,9.12,11.65
1983-11-22,9.12,11.57
1983-11-23,9.16,11.59
1983-11-24,,
1983-11-25,9.12,11.55
1983-11-28,9.25,11.63
1983-11-29,9.22,11.58
1983-11-30,9.24,11.63
1983-12-01,9.27,11.63
1983-12-02,9.28,11.75
1983-12-05,9.29,11.78
1983-12-06,9.30,11.76
1983-12-07,9.31,11.79
1983-12-08,9.38,11.89
1983-12-09,9.34,11.90
1983-12-12,9.31,11.87
1983-12-13,9.46,11.95
1983-12-14,9.48,11.97
1983-12-15,9.53,11.96
1983-12-16,9.47,11.88
1983-12-19,9.45,11.87
1983-12-20,9.41,11.86
1983-12-21,9.36,11.83
1983-12-22,9.25,11.77
1983-12-23,9.32,11.79
1983-12-26,,
1983-12-27,9.29,11.75
1983-12-28,9.34,11.81
1983-12-29,9.34,11.79
1983-12-30,9.33,11.82
1984-01-02,,
1984-01-03,9.35,11.86
1984-01-04,9.34,11.78
1984-01-05,9.29,11.77
1984-01-06,9.22,11.73
1984-01-09,9.25,11.75
1984-01-10,9.27,11.71
1984-01-11,9.30,11.76
1984-01-12,9.29,11.76
1984-01-13,9.08,11.59
1984-01-16,9.11,11.54
1984-01-17,9.24,11.57
1984-01-18,9.27,11.61
1984-01-19,9.25,11.60
1984-01-20,9.32,11.64
1984-01-23,9.30,11.63
1984-01-24,9.29,11.63
1984-01-25,9.30,11.64
1984-01-26,9.29,11.63
1984-01-27,9.28,11.63
1984-01-30,9.24,11.66
1984-01-31,9.26,11.67
1984-02-01,9.25,11.64
1984-02-02,9.27,11.60
1984-02-03,9.32,11.60
1984-02-06,9.50,11.70
1984-02-07,9.43,11.71
1984-02-08,9.47,11.72
1984-02-09,9.40,11.73
1984-02-10,9.43,11.83
1984-02-13,,
1984-02-14,9.43,11.85
1984-02-15,9.44,11.81
1984-02-16,9.44,11.83
1984-02-17,9.53,11.92
1984-02-20,,
1984-02-21,9.50,11.91
1984-02-22,9.51,11.93
1984-02-23,9.64,12.05
1984-02-24,9.54,11.99
1984-02-27,9.55,12.05
1984-02-28,9.59,12.09
1984-02-29,9.49,12.04
1984-03-01,9.54,12.07
1984-03-02,9.50,11.99
1984-03-05,9.54,12.07
1984-03-06,9.59,12.09
1984-03-07,9.67,12.22
1984-03-08,9.70,12.24
1984-03-09,9.77,12.28
1984-03-12,9.69,12.24
1984-03-13,9.74,12.27
1984-03-14,9.83,12.31
1984-03-15,9.86,12.31
1984-03-16,9.87,12.34
1984-03-19,10.00,12.45
1984-03-20,10.20,12.44
1984-03-21,10.20,12.45
1984-03-22,10.18,12.49
1984-03-23,10.15,12.48
1984-03-26,10.11,12.46
1984-03-27,10.17,12.46
1984-03-28,10.10,12.42
1984-03-29,10.07,12.41
1984-03-30,10.09,12.53
1984-04-02,10.05,12.56
1984-04-03,10.18,12.65
1984-04-04,10.18,12.67
1984-04-05,10.18,12.65
1984-04-06,10.05,12.51
1984-04-09,9.95,12.47
1984-04-10,10.01,12.52
1984-04-11,10.01,12.50
1984-04-12,10.02,12.40
1984-04-13,10.11,12.57
1984-04-16,10.17,12.61
1984-04-17,10.15,12.57
1984-04-18,10.14,12.70
1984-04-19,10.10,12.77
1984-04-20,,
1984-04-23,10.01,12.80
1984-04-24,10.04,12.75
1984-04-25,10.02,12.69
1984-04-26,9.91,12.67
1984-04-27,10.08,12.79
1984-04-30,10.10,12.82
1984-05-01,10.08,12.82
1984-05-02,10.06,12.86
1984-05-03,10.05,12.89
1984-05-04,10.25,13.07
1984-05-07,10.35,13.13
1984-05-08,10.44,13.09
1984-05-09,10.40,13.21
1984-05-10,10.25,13.25
1984-05-11,10.40,13.46
1984-05-14,10.37,13.58
1984-05-15,10.52,13.48
1984-05-16,10.14,13.41
1984-05-17,10.16,13.54
1984-05-18,10.19,13.45
1984-05-21,10.07,13.43
1984-05-22,10.45,13.52
1984-05-23,10.33,13.54
1984-05-24,10.09,13.72
1984-05-25,9.94,13.75
1984-05-28,,
1984-05-29,10.09,13.89
1984-05-30,10.15,13.99
1984-05-31,10.13,13.91
1984-06-01,10.18,13.63
1984-06-04,10.23,13.42
1984-06-05,10.14,13.37
1984-06-06,10.15,13.54
1984-06-07,10.23,13.54
1984-06-08,10.25,13.46
1984-06-11,10.43,13.58
1984-06-12,10.48,13.54
1984-06-13,10.28,13.44
1984-06-14,10.28,13.39
1984-06-15,10.27,13.21
1984-06-18,10.35,13.27
1984-06-19,10.31,13.38
1984-06-20,10.31,13.65
1984-06-21,10.33,13.72
1984-06-22,10.23,13.74
1984-06-25,10.14,13.75
1984-06-26,10.19,13.79
1984-06-27,10.14,13.76
1984-06-28,10.24,13.80
1984-06-29,10.31,13.84
1984-07-02,10.12,13.87
1984-07-03,10.38,13.80
1984-07-04,,
1984-07-05,10.37,13.77
1984-07-06,10.40,13.75
1984-07-09,10.41,13.48
1984-07-10,10.54,13.53
1984-07-11,10.51,13.55
1984-07-12,10.44,13.42
1984-07-13,10.36,13.30
1984-07-16,10.40,13.32
1984-07-17,10.61,13.37
1984-07-18,10.52,13.32
1984-07-19,10.54,13.25
1984-07-20,10.59,13.36
1984-07-23,10.63,13.35
1984-07-24,10.69,13.31
1984-07-25,10.68,13.06
1984-07-26,10.67,12.89
1984-07-27,10.70,12.95
1984-07-30,10.76,13.05
1984-07-31,10.83,12.91
1984-08-01,10.86,12.81
1984-08-02,10.90,12.74
1984-08-03,10.90,12.61
1984-08-06,10.98,12.73
1984-08-07,10.97,12.69
1984-08-08,10.90,12.66
1984-08-09,10.85,12.61
1984-08-10,10.86,12.68
1984-08-13,10.88,12.74
1984-08-14,10.72,12.67
1984-08-15,10.62,12.74
1984-08-16,10.68,12.70
1984-08-17,10.75,12.70
1984-08-20,10.88,12.69
1984-08-21,10.85,12.62
1984-08-22,10.84,12.65
1984-08-23,10.88,12.69
1984-08-24,10.91,12.66
1984-08-27,11.12,12.81
1984-08-28,11.10,12.81
1984-08-29,11.11,12.83
1984-08-30,11.09,12.84
1984-08-31,11.06,12.79
1984-09-03,,
1984-09-04,11.14,12.88
1984-09-05,11.08,12.92
1984-09-06,11.04,12.81
1984-09-07,10.99,12.70
1984-09-10,10.84,12.62
1984-09-11,10.82,12.54
1984-09-12,10.83,12.55
1984-09-13,10.75,12.44
1984-09-14,10.79,12.42
1984-09-17,10.81,12.40
1984-09-18,10.74,12.35
1984-09-19,10.69,12.25
1984-09-20,10.66,12.28
1984-09-21,10.67,12.45
1984-09-24,10.72,12.52
1984-09-25,10.71,12.56
1984-09-26,10.64,12.46
1984-09-27,10.57,12.31
1984-09-28,10.63,12.47
1984-10-01,10.65,12.54
1984-10-02,10.67,12.54
1984-10-03,10.59,12.54
1984-10-04,10.57,12.52
1984-10-05,10.55,12.39
1984-10-08,,
1984-10-09,10.51,12.36
1984-10-10,10.48,12.36
1984-10-11,10.36,12.31
1984-10-12,10.30,12.28
1984-10-15,10.39,12.34
1984-10-16,10.35,12.32
1984-10-17,10.26,12.28
1984-10-18,10.10,12.09
1984-10-19,9.93,11.93
1984-10-22,9.92,11.90
1984-10-23,9.82,11.78
1984-10-24,9.51,11.74
1984-10-25,9.53,11.83
1984-10-26,9.71,11.99
1984-10-29,9.65,11.95
1984-10-30,9.54,11.75
1984-10-31,9.35,11.79
1984-11-01,9.36,11.66
1984-11-02,9.34,11.66
1984-11-05,8.99,11.60
1984-11-06,,
1984-11-07,8.86,11.72
1984-11-08,9.08,11.81
1984-11-09,8.94,11.71
1984-11-12,,
1984-11-13,9.04,11.78
1984-11-14,9.08,11.81
1984-11-15,8.98,11.73
1984-11-16,8.90,11.69
1984-11-19,8.93,11.61
1984-11-20,8.93,11.53
1984-11-21,8.85,11.39
1984-11-22,,
1984-11-23,8.75,11.24
1984-11-26,8.79,11.28
1984-11-27,8.68,11.28
1984-11-28,8.68,11.38
1984-11-29,8.65,11.42
1984-11-30,8.74,11.58
1984-12-03,8.71,11.56
1984-12-04,8.80,11.52
1984-12-05,8.78,11.52
1984-12-06,8.78,11.61
1984-12-07,8.64,11.70
1984-12-10,8.65,11.66
1984-12-11,8.63,11.57
1984-12-12,8.56,11.54
1984-12-13,8.58,11.70
1984-12-14,8.39,11.56
1984-12-17,8.24,11.49
1984-12-18,8.08,11.29
1984-12-19,7.97,11.34
1984-12-20,8.07,11.37
1984-12-21,8.03,11.34
1984-12-24,7.90,11.31
1984-12-25,,
1984-12-26,7.89,11.45
1984-12-27,7.93,11.45
1984-12-28,8.00,11.46
1984-12-31,8.12,11.55
1985-01-01,,
1985-01-02,8.10,11.70
1985-01-03,8.07,11.62
1985-01-04,8.08,11.67
1985-01-07,8.06,11.50
1985-01-08,8.06,11.45
1985-01-09,7.95,11.47
1985-01-10,8.00,11.48
1985-01-11,8.02,11.59
1985-01-14,7.96,11.60
1985-01-15,7.99,11.49
1985-01-16,8.00,11.51
1985-01-17,8.00,11.48
1985-01-18,8.00,11.39
1985-01-21,,
1985-01-22,7.96,11.27
1985-01-23,7.90,11.21
1985-01-24,7.88,11.06
1985-01-25,7.89,11.11
1985-01-28,7.98,11.11
1985-01-29,8.09,11.11
1985-01-30,8.10,11.08
1985-01-31,8.33,11.17
1985-02-01,8.47,11.29
1985-02-04,8.47,11.35
1985-02-05,8.43,11.30
1985-02-06,8.41,11.40
1985-02-07,8.46,11.41
1985-02-08,8.51,11.37
1985-02-11,8.50,11.42
1985-02-12,,
1985-02-13,8.53,11.39
1985-02-14,8.48,11.29
1985-02-15,8.47,11.38
1985-02-18,,
1985-02-19,8.46,11.37
1985-02-20,8.53,11.52
1985-02-21,8.73,11.64
1985-02-22,8.68,11.76
1985-02-25,8.69,11.75
1985-02-26,8.65,11.72
1985-02-27,8.75,11.89
1985-02-28,8.81,11.91
1985-03-01,8.98,11.86
1985-03-04,9.05,11.93
1985-03-05,9.00,11.86
1985-03-06,9.01,11.92
1985-03-07,9.12,11.94
1985-03-08,8.89,11.71
1985-03-11,8.79,11.72
1985-03-12,8.85,11.78
1985-03-13,8.91,11.90
1985-03-14,9.05,11.92
1985-03-15,8.71,11.93
1985-03-18,8.83,12.02
1985-03-19,8.86,11.99
1985-03-20,8.84,11.91
1985-03-21,8.75,11.82
1985-03-22,8.82,11.88
1985-03-25,8.74,11.86
1985-03-26,8.64,11.77
1985-03-27,8.63,11.84
1985-03-28,8.49,11.75
1985-03-29,8.47,11.65
1985-04-01,8.44,11.66
1985-04-02,8.51,11.70
1985-04-03,8.45,11.73
1985-04-04,8.41,11.75
1985-04-05,,
1985-04-08,8.41,11.77
1985-04-09,8.37,11.66
1985-04-10,8.38,11.58
1985-04-11,8.32,11.42
1985-04-12,8.33,11.43
1985-04-15,8.35,11.37
1985-04-16,8.20,11.25
1985-04-17,8.06,11.29
1985-04-18,7.97,11.13
1985-04-19,8.06,11.16
1985-04-22,7.93,11.13
1985-04-23,8.05,11.25
1985-04-24,8.01,11.25
1985-04-25,8.10,11.37
1985-04-26,8.08,11.35
1985-04-29,8.11,11.47
1985-04-30,8.12,11.41
1985-05-01,8.01,11.27
1985-05-02,8.03,11.29
1985-05-03,7.99,11.21
1985-05-06,8.00,11.19
1985-05-07,8.03,11.17
1985-05-08,8.09,11.26
1985-05-09,8.01,11.20
1985-05-10,8.00,11.04
1985-05-13,7.97,11.04
1985-05-14,7.86,10.87
1985-05-15,7.68,10.89
1985-05-16,7.61,10.81
1985-05-17,7.64,10.84
1985-05-20,7.50,10.56
1985-05-21,7.54,10.60
1985-05-22,7.53,10.62
1985-05-23,7.49,10.64
1985-05-24,7.42,10.57
1985-05-27,,
1985-05-28,7.45,10.43
1985-05-29,7.48,10.46
1985-05-30,7.42,10.39
1985-05-31,7.38,10.28
1985-06-03,7.24,10.05
1985-06-04,7.18,10.05
1985-06-05,7.14,9.83
1985-06-06,7.21,9.89
1985-06-07,7.39,10.19
1985-06-10,7.49,10.16
1985-06-11,7.38,10.08
1985-06-12,7.32,10.16
1985-06-13,7.20,10.21
1985-06-14,6.91,9.98
1985-06-17,6.99,9.97
1985-06-18,6.87,9.90
1985-06-19,6.95,10.04
1985-06-20,7.06,10.14
1985-06-21,7.27,10.34
1985-06-24,7.29,10.45
1985-06-25,7.32,10.50
1985-06-26,7.21,10.54
1985-06-27,7.13,10.39
1985-06-28,7.05,10.25
1985-07-01,7.09,10.19
1985-07-02,7.17,10.20
1985-07-03,7.24,10.23
1985-07-04,,
1985-07-05,6.99,9.93
1985-07-08,7.14,10.05
1985-07-09,7.18,10.05
1985-07-10,7.16,10.07
1985-07-11,7.29,10.22
1985-07-12,7.32,10.23
1985-07-15,7.28,10.22
1985-07-16,7.23,10.15
1985-07-17,7.21,10.12
1985-07-18,7.39,10.30
1985-07-19,7.42,10.34
1985-07-22,7.49,10.46
1985-07-23,7.50,10.47
1985-07-24,7.48,10.51
1985-07-25,7.41,10.52
1985-07-26,7.43,10.59
1985-07-29,7.50,10.67
1985-07-30,7.52,10.66
1985-07-31,7.52,10.57
1985-08-01,7.52,10.51
1985-08-02,7.55,10.66
1985-08-05,7.52,10.64
1985-08-06,7.50,10.65
1985-08-07,7.41,10.55
1985-08-08,7.41,10.43
1985-08-09,7.40,10.37
1985-08-12,7.33,10.38
1985-08-13,7.37,10.46
1985-08-14,7.32,10.38
1985-08-15,7.43,10.36
1985-08-16,7.34,10.26
1985-08-19,7.36,10.23
1985-08-20,7.35,10.20
1985-08-21,7.27,10.12
1985-08-22,7.27,10.10
1985-08-23,7.27,10.14
1985-08-26,7.30,10.18
1985-08-27,7.28,10.12
1985-08-28,7.29,10.16
1985-08-29,7.28,10.12
1985-08-30,7.38,10.28
1985-09-02,,
1985-09-03,7.35,10.24
1985-09-04,7.28,10.16
1985-09-05,7.36,10.27
1985-09-06,7.50,10.50
1985-09-09,7.50,10.49
1985-09-10,7.47,10.48
1985-09-11,7.48,10.51
1985-09-12,7.48,10.52
1985-09-13,7.45,10.40
1985-09-16,7.42,10.37
1985-09-17,7.44,10.41
1985-09-18,7.34,10.43
1985-09-19,7.32,10.43
1985-09-20,7.24,10.36
1985-09-23,7.12,10.39
1985-09-24,7.06,10.33
1985-09-25,7.09,10.27
1985-09-26,7.16,10.22
1985-09-27,,
1985-09-30,7.27,10.31
1985-10-01,7.26,10.29
1985-10-02,7.25,10.30
1985-10-03,7.22,10.32
1985-10-04,7.22,10.36
1985-10-07,7.32,10.42
1985-10-08,7.39,10.36
1985-10-09,7.42,10.37
1985-10-10,7.46,10.35
1985-10-11,7.43,10.34
1985-10-14,,
1985-10-15,7.48,10.30
1985-10-16,7.45,10.25
1985-10-17,7.43,10.21
1985-10-18,7.44,10.17
1985-10-21,7.46,10.18
1985-10-22,7.39,10.12
1985-10-23,7.46,10.14
1985-10-24,7.50,10.15
1985-10-25,7.48,10.21
1985-10-28,7.47,10.28
1985-10-29,7.45,10.11
1985-10-30,7.42,9.97
1985-10-31,7.42,10.01
1985-11-01,7.44,9.98
1985-11-04,7.48,9.98
1985-11-05,7.48,9.93
1985-11-06,7.49,9.93
1985-11-07,7.54,9.91
1985-11-08,7.46,9.84
1985-11-11,,
1985-11-12,7.46,9.74
1985-11-13,7.52,9.78
1985-11-14,7.56,9.84
1985-11-15,7.59,9.92
1985-11-18,7.48,9.72
1985-11-19,7.45,9.73
1985-11-20,7.49,9.72
1985-11-21,7.47,9.58
1985-11-22,7.47,9.66
1985-11-25,7.44,9.68
1985-11-26,7.43,9.68
1985-11-27,7.41,9.64
1985-11-28,,
1985-11-29,7.39,9.59
1985-12-02,7.50,9.69
1985-12-03,7.47,9.68
1985-12-04,7.46,9.63
1985-12-05,7.50,9.62
1985-12-06,7.48,9.65
1985-12-09,7.44,9.49
1985-12-10,7.41,9.36
1985-12-11,7.28,9.20
1985-12-12,7.31,9.27
1985-12-13,7.20,9.21
1985-12-16,7.25,9.16
1985-12-17,7.23,9.04
1985-12-18,7.36,9.11
1985-12-19,7.33,9.10
1985-12-20,7.27,9.04
1985-12-23,7.30,9.08
1985-12-24,7.28,9.07
1985-12-25,,
1985-12-26,7.23,9.04
1985-12-27,7.18,8.99
1985-12-30,7.17,9.01
1985-12-31,7.28,9.00
1986-01-01,,
1986-01-02,7.33,9.04
1986-01-03,7.29,9.05
1986-01-06,7.29,9.07
1986-01-07,7.26,8.94
1986-01-08,7.40,9.13
1986-01-09,7.41,9.27
1986-01-10,7.44,9.39
1986-01-13,7.48,9.49
1986-01-14,7.48,9.43
1986-01-15,7.42,9.31
1986-01-16,7.31,9.30
1986-01-17,7.33,9.24
1986-01-20,,
1986-01-21,7.25,9.22
1986-01-22,7.23,9.28
1986-01-23,7.19,9.23
1986-01-24,7.19,9.23
1986-01-27,7.18,9.13
1986-01-28,7.14,9.05
1986-01-29,7.26,9.09
1986-01-30,7.27,9.10
1986-01-31,7.19,9.08
1986-02-03,7.22,9.02
1986-02-04,7.20,8.96
1986-02-05,7.24,8.97
1986-02-06,7.33,9.03
1986-02-07,7.44,9.11
1986-02-10,7.43,9.00
1986-02-11,7.34,8.93
1986-02-12,7.34,8.91
1986-02-13,7.33,8.85
1986-02-14,7.24,8.68
1986-02-17,,
1986-02-18,7.24,8.64
1986-02-19,7.31,8.70
1986-02-20,7.34,8.67
1986-02-21,7.20,8.48
1986-02-24,7.24,8.39
1986-02-25,7.28,8.40
1986-02-26,7.30,8.36
1986-02-27,7.26,8.15
1986-02-28,7.24,8.13
1986-03-03,7.19,7.99
1986-03-04,7.06,7.93
1986-03-05,7.07,8.12
1986-03-06,6.90,8.04
1986-03-07,6.81,7.96
1986-03-10,6.81,7.76
1986-03-11,6.77,7.70
1986-03-12,6.83,7.68
1986-03-13,6.80,7.75
1986-03-14,6.74,7.72
1986-03-17,6.77,7.77
1986-03-18,6.74,7.83
1986-03-19,6.69,7.82
1986-03-20,6.64,7.78
1986-03-21,6.61,7.80
1986-03-24,6.61,7.70
1986-03-25,6.57,7.70
1986-03-26,6.61,7.64
1986-03-27,6.53,7.49
1986-03-28,,
1986-03-31,6.53,7.39
1986-04-01,6.52,7.37
1986-04-02,6.53,7.33
1986-04-03,6.52,7.41
1986-04-04,6.41,7.45
1986-04-07,6.43,7.43
1986-04-08,6.31,7.31
1986-04-09,6.19,7.27
1986-04-10,6.20,7.23
1986-04-11,6.13,7.29
1986-04-14,6.09,7.19
1986-04-15,5.98,7.22
1986-04-16,5.94,6.98
1986-04-17,6.01,7.03
1986-04-18,6.04,7.09
1986-04-21,6.04,7.04
1986-04-22,6.12,7.25
1986-04-23,6.27,7.36
1986-04-24,6.29,7.51
1986-04-25,6.32,7.58
1986-04-28,6.29,7.48
1986-04-29,6.27,7.38
1986-04-30,6.28,7.38
1986-05-01,6.29,7.45
1986-05-02,6.33,7.51
1986-05-05,6.24,7.45
1986-05-06,6.23,7.46
1986-05-07,6.22,7.43
1986-05-08,6.22,7.40
1986-05-09,6.23,7.48
1986-05-12,6.32,7.67
1986-05-13,6.27,7.63
1986-05-14,6.27,7.66
1986-05-15,6.35,7.79
1986-05-16,6.40,7.99
1986-05-19,6.39,7.98
1986-05-20,6.42,7.88
1986-05-21,6.39,7.90
1986-05-22,6.39,7.88
1986-05-23,6.36,7.84
1986-05-26,,
1986-05-27,6.35,7.73
1986-05-28,6.38,7.73
1986-05-29,6.49,7.99
1986-05-30,6.49,8.05
1986-06-02,6.56,8.32
1986-06-03,6.61,8.19
1986-06-04,6.72,8.39
1986-06-05,6.71,8.31
1986-06-06,6.51,7.95
1986-06-09,6.56,8.13
1986-06-10,6.47,8.07
1986-06-11,6.53,8.01
1986-06-12,6.47,7.98
1986-06-13,6.36,7.73
1986-06-16,6.31,7.63
1986-06-17,6.27,7.63
1986-06-18,6.27,7.57
1986-06-19,6.29,7.69
1986-06-20,6.28,7.60
1986-06-23,6.30,7.55
1986-06-24,6.26,7.47
1986-06-25,6.26,7.42
1986-06-26,6.26,7.42
1986-06-27,6.20,7.38
1986-06-30,6.13,7.35
1986-07-01,6.17,7.37
1986-07-02,6.18,7.37
1986-07-03,6.08,7.31
1986-07-04,,
1986-07-07,6.04,7.31
1986-07-08,6.11,7.44
1986-07-09,6.05,7.31
1986-07-10,6.02,7.31
1986-07-11,5.92,7.30
1986-07-14,5.94,7.25
1986-07-15,5.94,7.16
1986-07-16,5.94,7.20
1986-07-17,5.92,7.18
1986-07-18,5.88,7.16
1986-07-21,5.89,7.14
1986-07-22,5.89,7.20
1986-07-23,5.98,7.29
1986-07-24,5.98,7.35
1986-07-25,5.98,7.33
1986-07-28,6.07,7.53
1986-07-29,6.03,7.41
1986-07-30,6.02,7.41
1986-07-31,5.96,7.34
1986-08-01,5.94,7.34
1986-08-04,5.88,7.33
1986-08-05,5.87,7.39
1986-08-06,5.88,7.47
1986-08-07,5.89,7.45
1986-08-08,5.86,7.30
1986-08-11,5.84,7.25
1986-08-12,5.77,7.23
1986-08-13,5.73,7.15
1986-08-14,5.75,7.16
1986-08-15,5.71,7.14
1986-08-18,5.77,7.14
1986-08-19,5.72,7.02
1986-08-20,5.66,7.00
1986-08-21,5.52,6.96
1986-08-22,5.51,7.07
1986-08-25,5.43,7.06
1986-08-26,5.44,6.97
1986-08-27,5.47,7.06
1986-08-28,5.44,7.04
1986-08-29,5.31,6.95
1986-09-01,,
1986-09-02,5.33,7.03
1986-09-03,5.38,7.20
1986-09-04,5.33,7.15
1986-09-05,5.37,7.32
1986-09-08,5.39,7.38
1986-09-09,5.34,7.35
1986-09-10,5.30,7.35
1986-09-11,5.35,7.57
1986-09-12,5.31,7.63
1986-09-15,5.32,7.53
1986-09-16,5.27,7.53
1986-09-17,5.26,7.46
1986-09-18,5.37,7.62
1986-09-19,5.40,7.67
1986-09-22,5.40,7.62
1986-09-23,5.40,7.58
1986-09-24,5.38,7.48
1986-09-25,5.37,7.47
1986-09-26,5.38,7.47
1986-09-29,5.41,7.54
1986-09-30,5.34,7.45
1986-10-01,5.33,7.41
1986-10-02,5.33,7.45
1986-10-03,5.23,7.31
1986-10-06,5.19,7.28
1986-10-07,5.20,7.28
1986-10-08,5.18,7.31
1986-10-09,5.20,7.33
1986-10-10,5.20,7.36
1986-10-13,,
1986-10-14,5.28,7.49
1986-10-15,5.32,7.51
1986-10-16,5.34,7.53
1986-10-17,5.42,7.57
1986-10-20,5.47,7.66
1986-10-21,5.46,7.57
1986-10-22,5.45,7.49
1986-10-23,5.41,7.43
1986-10-24,5.42,7.47
1986-10-27,5.34,7.42
1986-10-28,5.34,7.45
1986-10-29,5.34,7.41
1986-10-30,5.32,7.31
1986-10-31,5.34,7.34
1986-11-03,5.36,7.29
1986-11-04,5.40,7.31
1986-11-05,5.40,7.24
1986-11-06,5.41,7.32
1986-11-07,5.47,7.40
1986-11-10,5.58,7.38
1986-11-11,,
1986-11-12,5.55,7.35
1986-11-13,5.55,7.33
1986-11-14,5.55,7.29
1986-11-17,5.56,7.22
1986-11-18,5.50,7.27
1986-11-19,5.48,7.19
1986-11-20,5.53,7.19
1986-11-21,5.51,7.17
1986-11-24,5.53,7.11
1986-11-25,5.54,7.15
1986-11-26,5.54,7.15
1986-11-27,,
1986-11-28,5.54,7.15
1986-12-01,5.57,7.18
1986-12-02,5.56,7.08
1986-12-03,5.56,7.06
1986-12-04,5.55,7.01
1986-12-05,5.59,7.12
1986-12-08,5.66,7.10
1986-12-09,5.63,7.07
1986-12-10,5.64,7.05
1986-12-11,5.64,7.12
1986-12-12,5.64,7.13
1986-12-15,5.66,7.15
1986-12-16,5.74,7.12
1986-12-17,5.80,7.12
1986-12-18,5.76,7.11
1986-12-19,5.66,7.10
1986-12-22,5.69,7.10
1986-12-23,5.71,7.08
1986-12-24,5.73,7.07
1986-12-25,,
1986-12-26,5.72,7.08
1986-12-29,5.83,7.17
1986-12-30,5.85,7.23
1986-12-31,5.83,7.23
1987-01-01,,
1987-01-02,5.70,7.18
1987-01-05,5.71,7.08
1987-01-06,5.67,7.08
1987-01-07,5.58,7.05
1987-01-08,5.58,7.04
1987-01-09,5.53,7.01
1987-01-12,5.52,7.05
1987-01-13,5.51,7.10
1987-01-14,5.50,7.11
1987-01-15,5.51,7.08
1987-01-16,5.47,7.03
1987-01-19,,
1987-01-20,5.45,7.01
1987-01-21,5.46,7.01
1987-01-22,5.53,7.03
1987-01-23,5.55,7.06
1987-01-26,5.64,7.17
1987-01-27,5.64,7.16
1987-01-28,5.62,7.13
1987-01-29,5.63,7.13
1987-01-30,5.76,7.18
1987-02-02,5.77,7.23
1987-02-03,5.75,7.25
1987-02-04,5.79,7.23
1987-02-05,5.75,7.20
1987-02-06,5.82,7.19
1987-02-09,5.88,7.25
1987-02-10,5.99,7.33
1987-02-11,6.03,7.37
1987-02-12,5.88,7.31
1987-02-13,5.81,7.28
1987-02-16,,
1987-02-17,5.88,7.33
1987-02-18,5.76,7.30
1987-02-19,5.60,7.23
1987-02-20,5.58,7.24
1987-02-23,5.59,7.23
1987-02-24,5.59,7.18
1987-02-25,5.60,7.21
1987-02-26,5.60,7.21
1987-02-27,5.60,7.19
1987-03-02,5.63,7.17
1987-03-03,5.71,7.21
1987-03-04,5.68,7.14
1987-03-05,5.69,7.16
1987-03-06,5.82,7.23
1987-03-09,5.82,7.23
1987-03-10,5.86,7.23
1987-03-11,5.86,7.23
1987-03-12,5.85,7.22
1987-03-13,5.79,7.19
1987-03-16,5.83,7.22
1987-03-17,5.74,7.20
1987-03-18,5.69,7.21
1987-03-19,5.67,7.21
1987-03-20,5.69,7.22
1987-03-23,5.80,7.25
1987-03-24,5.79,7.27
1987-03-25,5.74,7.26
1987-03-26,5.74,7.24
1987-03-27,5.81,7.33
1987-03-30,5.85,7.54
1987-03-31,5.79,7.51
1987-04-01,5.71,7.59
1987-04-02,5.68,7.59
1987-04-03,5.67,7.59
1987-04-06,5.65,7.54
1987-04-07,5.68,7.62
1987-04-08,5.67,7.61
1987-04-09,5.93,7.78
1987-04-10,6.04,7.98
1987-04-13,6.22,8.07
1987-04-14,6.11,8.28
1987-04-15,5.86,8.10
1987-04-16,5.73,8.03
1987-04-17,,
1987-04-20,5.74,8.20
1987-04-21,5.67,8.19
1987-04-22,5.59,8.24
1987-04-23,5.66,8.39
1987-04-24,5.94,8.47
1987-04-27,5.98,8.37
1987-04-28,6.01,8.28
1987-04-29,5.89,8.35
1987-04-30,5.70,8.21
1987-05-01,5.78,8.39
1987-05-04,5.87,8.52
1987-05-05,5.99,8.45
1987-05-06,5.67,8.54
1987-05-07,5.70,8.50
1987-05-08,5.71,8.43
1987-05-11,5.84,8.57
1987-05-12,5.78,8.55
1987-05-13,5.70,8.55
1987-05-14,5.91,8.57
1987-05-15,6.15,8.80
1987-05-18,6.09,8.73
1987-05-19,5.96,8.89
1987-05-20,5.87,8.92
1987-05-21,5.71,8.87
1987-05-22,5.74,8.78
1987-05-25,,
1987-05-26,5.83,8.55
1987-05-27,5.94,8.60
1987-05-28,5.82,8.56
1987-05-29,5.87,8.49
1987-06-01,5.92,8.45
1987-06-02,5.94,8.72
1987-06-03,5.87,8.64
1987-06-04,5.84,8.58
1987-06-05,5.87,8.50
1987-06-08,5.85,8.53
1987-06-09,5.68,8.56
1987-06-10,5.65,8.56
1987-06-11,5.72,8.52
1987-06-12,5.73,8.32
1987-06-15,5.85,8.28
1987-06-16,5.81,8.28
1987-06-17,5.83,8.23
1987-06-18,5.83,8.27
1987-06-19,5.84,8.30
1987-06-22,5.86,8.23
1987-06-23,5.90,8.23
1987-06-24,6.02,8.31
1987-06-25,6.03,8.25
1987-06-26,5.97,8.37
1987-06-29,5.88,8.34
1987-06-30,5.91,8.38
1987-07-01,5.82,8.36
1987-07-02,5.84,8.30
1987-07-03,,
1987-07-06,5.85,8.29
1987-07-07,5.78,8.28
1987-07-08,5.74,8.32
1987-07-09,5.78,8.37
1987-07-10,5.76,8.32
1987-07-13,5.78,8.38
1987-07-14,5.72,8.33
1987-07-15,5.75,8.43
1987-07-16,5.75,8.41
1987-07-17,5.73,8.36
1987-07-20,5.72,8.41
1987-07-21,5.87,8.49
1987-07-22,5.85,8.54
1987-07-23,5.87,8.56
1987-07-24,5.96,8.58
1987-07-27,6.03,8.60
1987-07-28,6.09,8.62
1987-07-29,6.11,8.61
1987-07-30,6.27,8.61
1987-07-31,6.27,8.66
1987-08-03,6.25,8.81
1987-08-04,6.04,8.81
1987-08-05,6.04,8.71
1987-08-06,5.93,8.73
1987-08-07,6.04,8.70
1987-08-10,6.11,8.74
1987-08-11,6.13,8.73
1987-08-12,6.14,8.72
1987-08-13,6.15,8.63
1987-08-14,6.15,8.58
1987-08-17,6.17,8.56
1987-08-18,6.21,8.73
1987-08-19,6.24,8.77
1987-08-20,6.31,8.74
1987-08-21,6.30,8.77
1987-08-24,6.38,8.78
1987-08-25,6.38,8.73
1987-08-26,6.46,8.79
1987-08-27,6.50,8.92
1987-08-28,6.52,9.02
1987-08-31,6.45,9.00
1987-09-01,6.32,9.05
1987-09-02,6.29,9.28
1987-09-03,6.39,9.29
1987-09-04,6.59,9.30
1987-09-07,,
1987-09-08,6.66,9.50
1987-09-09,6.65,9.48
1987-09-10,6.54,9.42
1987-09-11,6.56,9.33
1987-09-14,6.56,9.34
1987-09-15,6.55,9.44
1987-09-16,6.55,9.52
1987-09-17,6.59,9.48
1987-09-18,6.63,9.38
1987-09-21,6.74,9.45
1987-09-22,6.73,9.37
1987-09-23,6.71,9.40
1987-09-24,6.67,9.51
1987-09-25,6.76,9.53
1987-09-28,6.81,9.52
1987-09-29,6.92,9.64
1987-09-30,6.83,9.63
1987-10-01,6.86,9.66
1987-10-02,6.89,9.60
1987-10-05,6.92,9.69
1987-10-06,6.77,9.72
1987-10-07,6.78,9.71
1987-10-08,6.93,9.86
1987-10-09,7.00,9.94
1987-10-12,,
1987-10-13,7.03,9.90
1987-10-14,7.45,10.13
1987-10-15,7.33,10.18
1987-10-16,7.19,10.23
1987-10-19,6.67,10.15
1987-10-20,6.05,9.40
1987-10-21,5.78,9.30
1987-10-22,5.53,8.97
1987-10-23,5.47,8.98
1987-10-26,5.44,8.80
1987-10-27,5.39,8.92
1987-10-28,5.25,9.01
1987-10-29,5.19,8.89
1987-10-30,5.45,8.88
1987-11-02,5.85,8.98
1987-11-03,5.81,8.91
1987-11-04,5.71,8.85
1987-11-05,5.76,8.72
1987-11-06,5.92,8.76
1987-11-09,5.92,8.78
1987-11-10,5.85,8.79
1987-11-11,,
1987-11-12,6.02,8.80
1987-11-13,6.11,8.84
1987-11-16,6.10,8.82
1987-11-17,6.07,8.86
1987-11-18,5.95,8.85
1987-11-19,5.85,8.83
1987-11-20,5.92,8.79
1987-11-23,6.00,8.80
1987-11-24,5.95,8.89
1987-11-25,5.88,8.98
1987-11-26,,
1987-11-27,5.82,9.11
1987-11-30,5.42,8.99
1987-12-01,5.72,9.01
1987-12-02,5.66,9.01
1987-12-03,5.52,8.94
1987-12-04,5.61,8.94
1987-12-07,6.05,9.07
1987-12-08,6.05,9.09
1987-12-09,6.02,9.05
1987-12-10,6.11,9.23
1987-12-11,6.05,9.28
1987-12-14,6.08,9.23
1987-12-15,6.12,9.09
1987-12-16,6.13,9.00
1987-12-17,6.12,9.03
1987-12-18,6.06,8.89
1987-12-21,6.10,8.88
1987-12-22,6.12,8.95
1987-12-23,5.96,8.83
1987-12-24,5.92,8.82
1987-12-25,,
1987-12-28,5.93,8.93
1987-12-29,6.03,8.85
1987-12-30,5.89,8.78
1987-12-31,5.86,8.83
1988-01-01,,
1988-01-04,6.09,8.83
1988-01-05,6.12,8.76
1988-01-06,6.03,8.82
1988-01-07,5.96,8.83
1988-01-08,6.06,8.97
1988-01-11,5.91,8.94
1988-01-12,5.99,8.93
1988-01-13,5.97,8.87
1988-01-14,6.07,8.86
1988-01-15,6.07,8.60
1988-01-18,,
1988-01-19,6.18,8.65
1988-01-20,5.99,8.61
1988-01-21,6.00,8.53
1988-01-22,6.00,8.49
1988-01-25,6.04,8.45
1988-01-26,6.01,8.54
1988-01-27,5.92,8.38
1988-01-28,5.86,8.33
1988-01-29,5.82,8.26
1988-02-01,5.86,8.26
1988-02-02,5.89,8.18
1988-02-03,5.89,8.21
1988-02-04,5.83,8.24
1988-02-05,5.81,8.12
1988-02-08,5.83,8.19
1988-02-09,5.78,8.16
1988-02-10,5.79,8.11
1988-02-11,5.81,8.16
1988-02-12,5.93,8.28
1988-02-15,,
1988-02-16,5.95,8.31
1988-02-17,5.92,8.32
1988-02-18,5.87,8.28
1988-02-19,5.86,8.26
1988-02-22,5.85,8.24
1988-02-23,5.81,8.17
1988-02-24,5.80,8.18
1988-02-25,5.81,8.23
1988-02-26,5.76,8.18
1988-02-29,5.80,8.16
1988-03-01,5.78,8.15
1988-03-02,5.77,8.13
1988-03-03,5.76,8.12
1988-03-04,5.88,8.28
1988-03-07,5.90,8.30
1988-03-08,5.91,8.33
1988-03-09,5.89,8.32
1988-03-10,5.92,8.35
1988-03-11,5.90,8.29
1988-03-14,5.87,8.29
1988-03-15,5.77,8.30
1988-03-16,5.77,8.36
1988-03-17,5.76,8.30
1988-03-18,5.82,8.41
1988-03-21,5.91,8.47
1988-03-22,5.95,8.46
1988-03-23,6.00,8.47
1988-03-24,5.96,8.51
1988-03-25,5.87,8.47
1988-03-28,5.92,8.58
1988-03-29,5.91,8.56
1988-03-30,5.92,8.57
1988-03-31,5.87,8.57
1988-04-01,,
1988-04-04,6.04,8.68
1988-04-05,6.18,8.67
1988-04-06,6.23,8.61
1988-04-07,6.23,8.60
1988-04-08,6.20,8.52
1988-04-11,6.23,8.59
1988-04-12,6.10,8.57
1988-04-13,6.03,8.56
1988-04-14,5.90,8.67
1988-04-15,6.05,8.74
1988-04-18,6.04,8.81
1988-04-19,5.98,8.81
1988-04-20,6.01,8.83
1988-04-21,6.00,8.82
1988-04-22,6.00,8.78
1988-04-25,6.04,8.78
1988-04-26,6.07,8.80
1988-04-27,6.04,8.80
1988-04-28,6.13,8.86
1988-04-29,6.16,8.87
1988-05-02,6.29,8.94
1988-05-03,6.31,8.89
1988-05-04,6.32,8.90
1988-05-05,6.37,8.92
1988-05-06,6.48,9.01
1988-05-09,6.52,9.03
1988-05-10,6.53,9.07
1988-05-11,6.45,9.05
1988-05-12,6.40,9.04
1988-05-13,6.37,9.00
1988-05-16,6.40,9.01
1988-05-17,6.49,9.12
1988-05-18,6.40,9.19
1988-05-19,6.34,9.18
1988-05-20,6.44,9.22
1988-05-23,6.47,9.23
1988-05-24,6.50,9.22
1988-05-25,6.52,9.20
1988-05-26,6.62,9.21
1988-05-27,6.65,9.24
1988-05-30,,
1988-05-31,6.67,9.20
1988-06-01,6.67,9.03
1988-06-02,6.64,9.07
1988-06-03,6.66,8.97
1988-06-06,6.68,8.97
1988-06-07,6.63,9.02
1988-06-08,6.59,8.92
1988-06-09,6.64,8.96
1988-06-10,6.65,8.92
1988-06-13,6.65,8.91
1988-06-14,6.54,8.69
1988-06-15,6.53,8.71
1988-06-16,6.49,8.89
1988-06-17,6.57,9.02
1988-06-20,6.60,9.02
1988-06-21,6.76,9.03
1988-06-22,6.72,8.90
1988-06-23,6.73,8.88
1988-06-24,6.72,8.85
1988-06-27,6.78,8.94
1988-06-28,6.81,8.87
1988-06-29,6.78,8.88
1988-06-30,6.77,8.82
1988-07-01,6.76,8.77
1988-07-04,,
1988-07-05,6.77,8.82
1988-07-06,6.73,8.91
1988-07-07,6.76,8.95
1988-07-08,6.88,9.04
1988-07-11,6.84,9.02
1988-07-12,6.94,9.08
1988-07-13,6.93,9.12
1988-07-14,6.95,9.12
1988-07-15,6.94,9.08
1988-07-18,6.90,9.15
1988-07-19,6.90,9.10
1988-07-20,6.92,9.11
1988-07-21,7.00,9.16
1988-07-22,6.96,9.11
1988-07-25,7.04,9.07
1988-07-26,7.11,9.09
1988-07-27,7.23,9.14
1988-07-28,7.22,9.16
1988-07-29,7.18,9.12
1988-08-01,7.15,9.07
1988-08-02,7.12,9.00
1988-08-03,7.12,9.04
1988-08-04,7.06,8.99
1988-08-05,7.15,9.12
1988-08-08,7.09,9.12
1988-08-09,7.29,9.20
1988-08-10,7.21,9.30
1988-08-11,7.24,9.35
1988-08-12,7.25,9.36
1988-08-15,7.25,9.37
1988-08-16,7.29,9.35
1988-08-17,7.26,9.38
1988-08-18,7.26,9.35
1988-08-19,7.30,9.35
1988-08-22,7.33,9.37
1988-08-23,7.39,9.32
1988-08-24,7.42,9.34
1988-08-25,7.49,9.41
1988-08-26,7.57,9.38
1988-08-29,7.57,9.30
1988-08-30,7.54,9.27
1988-08-31,7.54,9.25
1988-09-01,7.52,9.25
1988-09-02,7.45,9.00
1988-09-05,,
1988-09-06,7.51,8.99
1988-09-07,7.57,8.99
1988-09-08,7.56,8.99
1988-09-09,7.52,8.93
1988-09-12,7.48,8.97
1988-09-13,7.40,8.94
1988-09-14,7.39,8.88
1988-09-15,7.40,8.91
1988-09-16,7.38,8.93
1988-09-19,7.38,8.97
1988-09-20,7.44,8.97
1988-09-21,7.42,8.93
1988-09-22,7.43,8.95
1988-09-23,7.47,8.97
1988-09-26,7.55,9.00
1988-09-27,7.57,9.04
1988-09-28,7.58,9.06
1988-09-29,7.53,8.98
1988-09-30,7.49,8.87
1988-10-03,7.50,8.84
1988-10-04,7.47,8.87
1988-10-05,7.46,8.87
1988-10-06,7.55,8.87
1988-10-07,7.51,8.70
1988-10-10,,
1988-10-11,7.55,8.75
1988-10-12,7.52,8.84
1988-10-13,7.58,8.84
1988-10-14,7.56,8.81
1988-10-17,7.58,8.79
1988-10-18,7.60,8.78
1988-10-19,7.68,8.82
1988-10-20,7.70,8.79
1988-10-21,7.69,8.83
1988-10-24,7.77,8.83
1988-10-25,7.69,8.83
1988-10-26,7.66,8.79
1988-10-27,7.63,8.72
1988-10-28,7.62,8.69
1988-10-31,7.62,8.65
1988-11-01,7.58,8.68
1988-11-02,7.61,8.73
1988-11-03,7.65,8.69
1988-11-04,7.70,8.85
1988-11-07,7.75,8.91
1988-11-08,7.85,8.91
1988-11-09,7.82,8.91
1988-11-10,7.90,8.90
1988-11-11,,
1988-11-14,8.06,8.91
1988-11-15,8.23,8.92
1988-11-16,8.22,9.00
1988-11-17,8.20,9.06
1988-11-18,8.21,9.05
1988-11-21,8.27,9.04
1988-11-22,8.28,9.09
1988-11-23,8.29,9.08
1988-11-24,,
1988-11-25,8.31,9.17
1988-11-28,8.27,9.16
1988-11-29,8.27,9.13
1988-11-30,8.10,9.06
1988-12-01,8.12,9.01
1988-12-02,8.34,9.18
1988-12-05,8.30,9.13
1988-12-06,8.23,8.95
1988-12-07,8.27,9.00
1988-12-08,8.26,9.02
1988-12-09,8.14,9.07
1988-12-12,8.19,9.08
1988-12-13,8.38,9.15
1988-12-14,8.41,9.19
1988-12-15,8.48,9.19
1988-12-16,8.44,9.17
1988-12-19,8.48,9.15
1988-12-20,8.47,9.08
1988-12-21,8.38,9.07
1988-12-22,8.33,9.07
1988-12-23,8.32,9.05
1988-12-26,,
1988-12-27,8.45,9.13
1988-12-28,8.55,9.21
1988-12-29,8.41,9.18
1988-12-30,8.37,9.14
1989-01-02,,
1989-01-03,8.43,9.23
1989-01-04,8.54,9.22
1989-01-05,8.56,9.27
1989-01-06,8.58,9.25
1989-01-09,8.58,9.23
1989-01-10,8.60,9.24
1989-01-11,8.53,9.24
1989-01-12,8.55,9.14
1989-01-13,8.49,9.06
1989-01-16,,
1989-01-17,8.54,9.06
1989-01-18,8.55,8.99
1989-01-19,8.52,9.00
1989-01-20,8.52,9.03
1989-01-23,8.56,9.00
1989-01-24,8.50,8.93
1989-01-25,8.59,8.99
1989-01-26,8.64,8.99
1989-01-27,8.62,8.95
1989-01-30,8.58,9.00
1989-01-31,8.69,9.01
1989-02-01,8.67,8.99
1989-02-02,8.68,8.98
1989-02-03,8.78,9.01
1989-02-06,8.83,9.01
1989-02-07,8.84,8.96
1989-02-08,8.84,8.95
1989-02-09,8.78,9.13
1989-02-10,8.85,9.19
1989-02-13,8.86,9.20
1989-02-14,8.87,9.23
1989-02-15,8.80,9.22
1989-02-16,8.81,9.21
1989-02-17,8.78,9.20
1989-02-20,,
1989-02-21,8.77,9.22
1989-02-22,8.84,9.29
1989-02-23,8.92,9.36
1989-02-24,8.96,9.38
1989-02-27,8.99,9.36
1989-02-28,9.03,9.32
1989-03-01,8.98,9.36
1989-03-02,8.98,9.31
1989-03-03,8.94,9.31
1989-03-06,8.89,9.26
1989-03-07,8.93,9.26
1989-03-08,8.92,9.23
1989-03-09,8.98,9.24
1989-03-10,9.06,9.34
1989-03-13,9.09,9.35
1989-03-14,9.02,9.32
1989-03-15,8.99,9.31
1989-03-16,9.02,9.30
1989-03-17,9.18,9.49
1989-03-20,9.33,9.53
1989-03-21,9.43,9.53
1989-03-22,9.35,9.45
1989-03-23,9.37,9.43
1989-03-24,,
1989-03-27,9.45,9.44
1989-03-28,9.41,9.41
1989-03-29,9.29,9.36
1989-03-30,9.29,9.34
1989-03-31,9.23,9.30
1989-04-03,9.15,9.21
1989-04-04,9.14,9.17
1989-04-05,9.15,9.17
1989-04-06,9.17,9.20
1989-04-07,9.12,9.27
1989-04-10,9.05,9.27
1989-04-11,9.00,9.27
1989-04-12,8.98,9.29
1989-04-13,9.09,9.34
1989-04-14,8.92,9.18
1989-04-17,8.93,9.20
1989-04-18,8.73,9.06
1989-04-19,8.73,9.08
1989-04-20,8.95,9.20
1989-04-21,8.95,9.15
1989-04-24,8.99,9.15
1989-04-25,8.94,9.12
1989-04-26,8.84,9.11
1989-04-27,8.71,9.05
1989-04-28,8.71,9.02
1989-05-01,8.94,9.14
1989-05-02,8.89,9.08
1989-05-03,8.84,9.06
1989-05-04,8.84,9.06
1989-05-05,8.73,8.99
1989-05-08,8.80,9.04
1989-05-09,8.81,9.15
1989-05-10,8.83,9.16
1989-05-11,8.72,9.10
1989-05-12,8.50,8.81
1989-05-15,8.54,8.82
1989-05-16,8.52,8.82
1989-05-17,8.57,8.80
1989-05-18,8.68,8.78
1989-05-19,8.65,8.71
1989-05-22,8.62,8.58
1989-05-23,8.57,8.60
1989-05-24,8.67,8.63
1989-05-25,8.85,8.67
1989-05-26,8.82,8.66
1989-05-29,,
1989-05-30,8.88,8.64
1989-05-31,8.92,8.60
1989-06-01,8.92,8.61
1989-06-02,8.65,8.43
1989-06-05,8.54,8.36
1989-06-06,8.45,8.36
1989-06-07,8.43,8.27
1989-06-08,8.40,8.27
1989-06-09,8.50,8.15
1989-06-12,8.46,8.16
1989-06-13,8.45,8.25
1989-06-14,8.41,8.20
1989-06-15,8.37,8.33
1989-06-16,8.42,8.35
1989-06-19,8.42,8.37
1989-06-20,8.44,8.31
1989-06-21,8.42,8.37
1989-06-22,8.44,8.38
1989-06-23,8.33,8.25
1989-06-26,8.38,8.18
1989-06-27,8.33,8.11
1989-06-28,8.32,8.17
1989-06-29,8.22,8.12
1989-06-30,8.26,8.10
1989-07-03,8.23,8.09
1989-07-04,,
1989-07-05,8.05,8.11
1989-07-06,8.03,8.08
1989-07-07,7.98,8.02
1989-07-10,8.00,7.99
1989-07-11,8.03,8.00
1989-07-12,7.99,8.00
1989-07-13,8.03,8.00
1989-07-14,8.10,8.04
1989-07-17,8.18,8.05
1989-07-18,8.18,8.13
1989-07-19,8.20,8.09
1989-07-20,8.24,8.01
1989-07-21,8.39,8.07
1989-07-24,8.37,8.05
1989-07-25,8.31,8.01
1989-07-26,8.30,8.02
1989-07-27,8.17,7.92
1989-07-28,8.12,7.87
1989-07-31,8.04,7.82
1989-08-01,7.89,7.74
1989-08-02,7.89,7.76
1989-08-03,7.90,7.80
1989-08-04,8.13,8.00
1989-08-07,8.21,8.03
1989-08-08,8.22,8.00
1989-08-09,8.18,8.05
1989-08-10,8.13,8.02
1989-08-11,8.22,8.09
1989-08-14,8.32,8.24
1989-08-15,8.31,8.21
1989-08-16,8.22,8.12
1989-08-17,8.15,8.18
1989-08-18,8.13,8.15
1989-08-21,8.20,8.20
1989-08-22,8.33,8.29
1989-08-23,8.28,8.25
1989-08-24,8.24,8.20
1989-08-25,8.23,8.21
1989-08-28,8.26,8.27
1989-08-29,8.17,8.27
1989-08-30,8.14,8.25
1989-08-31,8.16,8.26
1989-09-01,8.12,8.19
1989-09-04,,
1989-09-05,8.15,8.19
1989-09-06,8.09,8.17
1989-09-07,8.07,8.17
1989-09-08,8.04,8.14
1989-09-11,7.95,8.13
1989-09-12,7.88,8.13
1989-09-13,7.85,8.18
1989-09-14,7.83,8.13
1989-09-15,7.78,8.09
1989-09-18,7.87,8.10
1989-09-19,7.92,8.09
1989-09-20,8.08,8.15
1989-09-21,8.10,8.20
1989-09-22,8.02,8.22
1989-09-25,8.09,8.32
1989-09-26,8.03,8.30
1989-09-27,8.10,8.30
1989-09-28,8.14,8.30
1989-09-29,8.18,8.31
1989-10-02,8.17,8.28
1989-10-03,8.05,8.23
1989-10-04,8.05,8.22
1989-10-05,8.03,8.15
1989-10-06,7.83,8.03
1989-10-09,,
1989-10-10,7.89,8.03
1989-10-11,7.96,8.07
1989-10-12,7.96,8.04
1989-10-13,7.87,7.87
1989-10-16,7.70,7.98
1989-10-17,7.68,8.00
1989-10-18,7.75,8.01
1989-10-19,7.83,7.96
1989-10-20,7.80,7.98
1989-10-23,7.83,7.92
1989-10-24,7.75,7.87
1989-10-25,7.81,7.86
1989-10-26,7.86,7.88
1989-10-27,8.02,7.94
1989-10-30,8.01,7.92
1989-10-31,8.04,7.92
1989-11-01,8.05,7.91
1989-11-02,7.99,7.87
1989-11-03,8.10,7.96
1989-11-06,8.13,8.00
1989-11-07,8.00,7.90
1989-11-08,7.94,7.87
1989-11-09,7.96,7.90
1989-11-10,7.97,7.92
1989-11-13,7.95,7.89
1989-11-14,7.92,7.87
1989-11-15,7.90,7.82
1989-11-16,7.92,7.82
1989-11-17,7.93,7.88
1989-11-20,7.93,7.86
1989-11-21,7.89,7.85
1989-11-22,7.84,7.81
1989-11-23,,
1989-11-24,7.76,7.80
1989-11-27,7.91,7.85
1989-11-28,7.97,7.86
1989-11-29,7.92,7.88
1989-11-30,7.84,7.84
1989-12-01,7.78,7.81
1989-12-04,7.79,7.82
1989-12-05,7.81,7.82
1989-12-06,7.90,7.85
1989-12-07,7.95,7.88
1989-12-08,7.86,7.82
1989-12-11,7.88,7.83
1989-12-12,7.92,7.84
1989-12-13,7.95,7.82
1989-12-14,7.88,7.79
1989-12-15,7.87,7.80
1989-12-18,7.85,7.77
1989-12-19,7.93,7.78
1989-12-20,7.82,7.77
1989-12-21,7.81,7.77
1989-12-22,7.84,7.82
1989-12-25,,
1989-12-26,8.02,7.95
1989-12-27,7.99,7.94
1989-12-28,7.94,7.91
1989-12-29,7.80,7.93
1990-01-01,,
1990-01-02,7.83,7.94
1990-01-03,7.89,7.99
1990-01-04,7.84,7.98
1990-01-05,7.79,7.99
1990-01-08,7.79,8.02
1990-01-09,7.80,8.02
1990-01-10,7.75,8.03
1990-01-11,7.80,8.04
1990-01-12,7.74,8.10
1990-01-15,,
1990-01-16,7.89,8.20
1990-01-17,7.97,8.19
1990-01-18,8.04,8.32
1990-01-19,8.00,8.26
1990-01-22,7.99,8.27
1990-01-23,7.93,8.26
1990-01-24,7.93,8.38
1990-01-25,7.95,8.42
1990-01-26,7.93,8.49
1990-01-29,8.00,8.50
1990-01-30,8.00,8.51
1990-01-31,8.00,8.43
1990-02-01,8.02,8.42
1990-02-02,8.07,8.50
1990-02-05,8.08,8.53
1990-02-06,8.09,8.57
1990-02-07,8.08,8.52
1990-02-08,8.08,8.49
1990-02-09,8.02,8.31
1990-02-12,7.99,8.40
1990-02-13,7.84,8.35
1990-02-14,7.87,8.36
1990-02-15,7.97,8.43
1990-02-16,7.94,8.42
1990-02-19,,
1990-02-20,8.06,8.62
1990-02-21,8.01,8.62
1990-02-22,7.99,8.54
1990-02-23,7.93,8.53
1990-02-26,7.97,8.46
1990-02-27,7.99,8.41
1990-02-28,8.04,8.51
1990-03-01,8.08,8.59
1990-03-02,8.02,8.54
1990-03-05,8.09,8.65
1990-03-06,8.17,8.59
1990-03-07,8.18,8.58
1990-03-08,8.18,8.57
1990-03-09,8.26,8.65
1990-03-12,8.26,8.63
1990-03-13,8.26,8.73
1990-03-14,8.23,8.65
1990-03-15,8.21,8.66
1990-03-16,8.19,8.59
1990-03-19,8.22,8.59
1990-03-20,8.25,8.54
1990-03-21,8.23,8.55
1990-03-22,8.17,8.53
1990-03-23,8.15,8.52
1990-03-26,8.13,8.51
1990-03-27,8.17,8.52
1990-03-28,8.12,8.51
1990-03-29,8.10,8.60
1990-03-30,8.07,8.65
1990-04-02,8.05,8.65
1990-04-03,8.09,8.63
1990-04-04,8.01,8.55
1990-04-05,8.02,8.57
1990-04-06,8.02,8.56
1990-04-09,8.09,8.59
1990-04-10,8.05,8.60
1990-04-11,8.03,8.63
1990-04-12,8.02,8.64
1990-04-13,,
1990-04-16,8.01,8.68
1990-04-17,8.03,8.77
1990-04-18,8.08,8.86
1990-04-19,8.06,8.87
1990-04-20,7.95,8.95
1990-04-23,8.00,8.98
1990-04-24,8.03,9.00
1990-04-25,8.06,9.01
1990-04-26,8.09,9.07
1990-04-27,8.05,9.06
1990-04-30,8.07,9.04
1990-05-01,8.19,9.08
1990-05-02,8.17,9.09
1990-05-03,8.15,9.04
1990-05-04,8.02,8.84
1990-05-07,8.09,8.87
1990-05-08,8.06,8.84
1990-05-09,8.01,8.88
1990-05-10,7.97,8.82
1990-05-11,7.88,8.64
1990-05-14,7.89,8.61
1990-05-15,7.91,8.65
1990-05-16,7.93,8.68
1990-05-17,7.93,8.69
1990-05-18,8.01,8.75
1990-05-21,8.02,8.74
1990-05-22,7.99,8.65
1990-05-23,7.91,8.61
1990-05-24,7.95,8.63
1990-05-25,8.01,8.69
1990-05-28,,
1990-05-29,8.02,8.66
1990-05-30,8.03,8.62
1990-05-31,8.01,8.60
1990-06-01,7.94,8.44
1990-06-04,7.96,8.44
1990-06-05,7.96,8.47
1990-06-06,7.96,8.46
1990-06-07,7.96,8.46
1990-06-08,7.96,8.46
1990-06-11,7.99,8.48
1990-06-12,7.99,8.48
1990-06-13,7.93,8.40
1990-06-14,7.92,8.38
1990-06-15,7.95,8.46
1990-06-18,7.93,8.50
1990-06-19,8.00,8.51
1990-06-20,8.03,8.55
1990-06-21,8.03,8.52
1990-06-22,8.04,8.51
1990-06-25,8.05,8.58
1990-06-26,8.07,8.56
1990-06-27,8.05,8.52
1990-06-28,8.00,8.47
1990-06-29,8.00,8.43
1990-07-02,8.00,8.43
1990-07-03,7.96,8.40
1990-07-04,,
1990-07-05,7.92,8.42
1990-07-06,8.01,8.51
1990-07-09,8.06,8.57
1990-07-10,8.07,8.57
1990-07-11,8.05,8.57
1990-07-12,7.94,8.50
1990-07-13,7.85,8.45
1990-07-16,7.86,8.44
1990-07-17,7.87,8.44
1990-07-18,7.80,8.50
1990-07-19,7.79,8.51
1990-07-20,7.79,8.48
1990-07-23,7.73,8.48
1990-07-24,7.78,8.53
1990-07-25,7.81,8.49
1990-07-26,7.83,8.49
1990-07-27,7.77,8.42
1990-07-30,7.74,8.34
1990-07-31,7.74,8.36
1990-08-01,7.67,8.29
1990-08-02,7.68,8.41
1990-08-03,7.52,8.43
1990-08-06,7.54,8.71
1990-08-07,7.61,8.78
1990-08-08,7.62,8.77
1990-08-09,7.66,8.66
1990-08-10,7.64,8.68
1990-08-13,7.66,8.71
1990-08-14,7.68,8.66
1990-08-15,7.70,8.64
1990-08-16,7.73,8.76
1990-08-17,7.72,8.80
1990-08-20,7.77,8.81
1990-08-21,7.83,8.84
1990-08-22,7.85,8.91
1990-08-23,7.79,9.00
1990-08-24,7.74,9.05
1990-08-27,7.78,8.90
1990-08-28,7.73,8.94
1990-08-29,7.72,8.84
1990-08-30,7.70,8.86
1990-08-31,7.63,8.86
1990-09-03,,
1990-09-04,7.64,8.90
1990-09-05,7.61,8.86
1990-09-06,7.62,8.84
1990-09-07,7.63,8.81
1990-09-10,7.68,8.85
1990-09-11,7.67,8.83
1990-09-12,7.61,8.82
1990-09-13,7.59,8.82
1990-09-14,7.59,8.87
1990-09-17,7.61,8.90
1990-09-18,7.61,8.90
1990-09-19,7.64,8.88
1990-09-20,7.63,8.91
1990-09-21,7.60,8.99
1990-09-24,7.63,9.04
1990-09-25,7.59,9.02
1990-09-26,7.57,9.00
1990-09-27,7.47,8.91
1990-09-28,7.37,8.82
1990-10-01,7.37,8.71
1990-10-02,7.41,8.69
1990-10-03,7.38,8.71
1990-10-04,7.36,8.67
1990-10-05,7.27,8.65
1990-10-08,,
1990-10-09,7.41,8.83
1990-10-10,7.44,8.89
1990-10-11,7.35,8.92
1990-10-12,7.37,8.84
1990-10-15,7.40,8.80
1990-10-16,7.39,8.79
1990-10-17,7.44,8.76
1990-10-18,7.49,8.71
1990-10-19,7.48,8.62
1990-10-22,7.47,8.63
1990-10-23,7.45,8.65
1990-10-24,7.46,8.66
1990-10-25,7.41,8.62
1990-10-26,7.36,8.63
1990-10-29,7.38,8.70
1990-10-30,7.37,8.70
1990-10-31,7.34,8.65
1990-11-01,7.28,8.57
1990-11-02,7.31,8.57
1990-11-05,7.31,8.50
1990-11-06,7.31,8.52
1990-11-07,7.32,8.57
1990-11-08,7.32,8.58
1990-11-09,7.27,8.49
1990-11-12,,
1990-11-13,7.27,8.37
1990-11-14,7.30,8.36
1990-11-15,7.32,8.37
1990-11-16,7.31,8.30
1990-11-19,7.33,8.35
1990-11-20,7.32,8.31
1990-11-21,7.27,8.27
1990-11-22,,
1990-11-23,7.25,8.28
1990-11-26,7.26,8.27
1990-11-27,7.27,8.28
1990-11-28,7.29,8.30
1990-11-29,7.26,8.32
1990-11-30,7.24,8.26
1990-12-03,7.28,8.22
1990-12-04,7.24,8.20
1990-12-05,7.23,8.16
1990-12-06,7.22,8.18
1990-12-07,7.10,8.03
1990-12-10,7.07,7.98
1990-12-11,7.06,7.94
1990-12-12,7.00,7.91
1990-12-13,7.05,7.98
1990-12-14,7.06,8.05
1990-12-17,7.02,8.02
1990-12-18,6.94,7.99
1990-12-19,6.83,8.00
1990-12-20,6.75,8.05
1990-12-21,6.79,8.11
1990-12-24,6.73,8.20
1990-12-25,,
1990-12-26,6.68,8.15
1990-12-27,6.67,8.11
1990-12-28,6.64,8.14
1990-12-31,6.63,8.08
1991-01-01,,
1991-01-02,6.66,7.97
1991-01-03,6.64,7.93
1991-01-04,6.73,8.02
1991-01-07,6.71,8.13
1991-01-08,6.64,8.16
1991-01-09,6.44,8.25
1991-01-10,6.40,8.16
1991-01-11,6.34,8.20
1991-01-14,6.24,8.23
1991-01-15,6.23,8.22
1991-01-16,6.22,8.24
1991-01-17,6.30,8.05
1991-01-18,6.24,8.03
1991-01-21,,
1991-01-22,6.24,8.07
1991-01-23,6.32,8.04
1991-01-24,6.31,8.00
1991-01-25,6.35,8.06
1991-01-28,6.44,8.06
1991-01-29,6.41,8.03
1991-01-30,6.39,8.05
1991-01-31,6.37,8.03
1991-02-01,6.17,7.91
1991-02-04,6.15,7.88
1991-02-05,6.15,7.85
1991-02-06,6.08,7.79
1991-02-07,6.11,7.82
1991-02-08,6.09,7.77
1991-02-11,6.05,7.78
1991-02-12,6.02,7.78
1991-02-13,6.03,7.78
1991-02-14,6.02,7.80
1991-02-15,6.08,7.78
1991-02-18,,
1991-02-19,6.13,7.80
1991-02-20,6.11,7.84
1991-02-21,6.09,7.88
1991-02-22,6.12,7.91
1991-02-25,6.16,7.91
1991-02-26,6.22,7.96
1991-02-27,6.21,7.98
1991-02-28,6.22,8.02
1991-03-01,6.27,8.12
1991-03-04,6.24,8.12
1991-03-05,6.25,8.08
1991-03-06,6.28,8.11
1991-03-07,6.27,8.07
1991-03-08,6.16,8.13
1991-03-11,6.08,8.06
1991-03-12,6.05,8.09
1991-03-13,6.02,8.02
1991-03-14,5.94,8.02
1991-03-15,5.98,8.10
1991-03-18,6.03,8.15
1991-03-19,6.08,8.25
1991-03-20,6.07,8.20
1991-03-21,6.06,8.16
1991-03-22,6.06,8.13
1991-03-25,6.07,8.13
1991-03-26,6.05,8.13
1991-03-27,5.99,8.08
1991-03-28,5.92,8.05
1991-03-29,,
1991-04-01,5.94,8.07
1991-04-02,5.95,8.03
1991-04-03,5.95,8.05
1991-04-04,5.92,8.00
1991-04-05,5.89,7.99
1991-04-08,5.83,7.98
1991-04-09,5.79,8.03
1991-04-10,5.79,8.10
1991-04-11,5.74,8.09
1991-04-12,5.68,7.98
1991-04-15,5.77,7.95
1991-04-16,5.79,7.97
1991-04-17,5.73,7.95
1991-04-18,5.84,8.02
1991-04-19,5.93,8.10
1991-04-22,5.87,8.15
1991-04-23,5.89,8.12
1991-04-24,5.84,8.06
1991-04-25,5.78,8.07
1991-04-26,5.79,8.06
1991-04-29,5.77,8.07
1991-04-30,5.68,8.02
1991-05-01,5.71,8.01
1991-05-02,5.63,7.97
1991-05-03,5.64,8.04
1991-05-06,5.64,8.05
1991-05-07,5.67,8.06
1991-05-08,5.67,8.04
1991-05-09,5.65,8.02
1991-05-10,5.65,8.12
1991-05-13,5.65,8.07
1991-05-14,5.66,8.14
1991-05-15,5.62,8.13
1991-05-16,5.57,8.12
1991-05-17,5.57,8.08
1991-05-20,5.63,8.10
1991-05-21,5.67,8.06
1991-05-22,5.63,8.06
1991-05-23,5.57,8.10
1991-05-24,5.57,8.10
1991-05-27,,
1991-05-28,5.59,8.07
1991-05-29,5.62,8.07
1991-05-30,5.62,8.02
1991-05-31,5.71,8.06
1991-06-03,5.79,8.14
1991-06-04,5.74,8.14
1991-06-05,5.76,8.19
1991-06-06,5.74,8.23
1991-06-07,5.74,8.29
1991-06-10,5.77,8.29
1991-06-11,5.74,8.29
1991-06-12,5.73,8.36
1991-06-13,5.76,8.34
1991-06-14,5.77,8.29
1991-06-17,5.78,8.30
1991-06-18,5.80,8.32
1991-06-19,5.74,8.33
1991-06-20,5.74,8.30
1991-06-21,5.75,8.32
1991-06-24,5.75,8.33
1991-06-25,5.75,8.33
1991-06-26,5.73,8.33
1991-06-27,5.73,8.32
1991-06-28,5.71,8.24
1991-07-01,5.76,8.26
1991-07-02,5.75,8.27
1991-07-03,5.73,8.26
1991-07-04,,
1991-07-05,5.76,8.34
1991-07-08,5.75,8.34
1991-07-09,5.76,8.36
1991-07-10,5.75,8.35
1991-07-11,5.74,8.30
1991-07-12,5.72,8.26
1991-07-15,5.75,8.26
1991-07-16,5.76,8.27
1991-07-17,5.79,8.30
1991-07-18,5.77,8.31
1991-07-19,5.76,8.28
1991-07-22,5.76,8.28
1991-07-23,5.76,8.31
1991-07-24,5.75,8.24
1991-07-25,5.76,8.20
1991-07-26,5.76,8.20
1991-07-29,5.75,8.20
1991-07-30,5.73,8.21
1991-07-31,5.70,8.20
1991-08-01,5.72,8.20
1991-08-02,5.63,8.06
1991-08-05,5.68,8.04
1991-08-06,5.58,7.97
1991-08-07,5.55,7.93
1991-08-08,5.54,7.98
1991-08-09,5.48,7.98
1991-08-12,5.48,7.95
1991-08-13,5.45,7.91
1991-08-14,5.45,7.82
1991-08-15,5.46,7.84
1991-08-16,5.42,7.84
1991-08-19,5.27,7.83
1991-08-20,5.26,7.81
1991-08-21,5.44,7.80
1991-08-22,5.47,7.78
1991-08-23,5.56,7.88
1991-08-26,5.58,7.91
1991-08-27,5.55,7.89
1991-08-28,5.46,7.82
1991-08-29,5.43,7.74
1991-08-30,5.49,7.82
1991-09-02,,
1991-09-03,5.51,7.81
1991-09-04,5.49,7.81
1991-09-05,5.48,7.83
1991-09-06,5.45,7.76
1991-09-09,5.44,7.73
1991-09-10,5.40,7.73
1991-09-11,5.42,7.74
1991-09-12,5.38,7.67
1991-09-13,5.31,7.66
1991-09-16,5.34,7.63
1991-09-17,5.35,7.62
1991-09-18,5.34,7.62
1991-09-19,5.36,7.61
1991-09-20,5.35,7.57
1991-09-23,5.37,7.55
1991-09-24,5.33,7.56
1991-09-25,5.33,7.58
1991-09-26,5.28,7.56
1991-09-27,5.28,7.49
1991-09-30,5.26,7.47
1991-10-01,5.25,7.45
1991-10-02,5.24,7.47
1991-10-03,5.19,7.47
1991-10-04,5.17,7.39
1991-10-07,5.18,7.40
1991-10-08,5.17,7.43
1991-10-09,5.16,7.51
1991-10-10,5.18,7.58
1991-10-11,5.14,7.49
1991-10-14,,
1991-10-15,5.13,7.46
1991-10-16,5.12,7.45
1991-10-17,5.18,7.55
1991-10-18,5.18,7.53
1991-10-21,5.19,7.62
1991-10-22,5.21,7.67
1991-10-23,5.19,7.69
1991-10-24,5.12,7.65
1991-10-25,5.11,7.68
1991-10-28,5.09,7.65
1991-10-29,5.03,7.51
1991-10-30,4.98,7.48
1991-10-31,4.96,7.47
1991-11-01,4.89,7.48
1991-11-04,4.88,7.50
1991-11-05,4.90,7.56
1991-11-06,4.76,7.51
1991-11-07,4.76,7.43
1991-11-08,4.75,7.41
1991-11-11,,
1991-11-12,4.77,7.37
1991-11-13,4.76,7.41
1991-11-14,4.76,7.35
1991-11-15,4.72,7.33
1991-11-18,4.71,7.33
1991-11-19,4.66,7.37
1991-11-20,4.62,7.38
1991-11-21,4.56,7.39
1991-11-22,4.55,7.44
1991-11-25,4.55,7.45
1991-11-26,4.52,7.42
1991-11-27,4.51,7.42
1991-11-28,,
1991-11-29,4.47,7.38
1991-12-02,4.51,7.32
1991-12-03,4.48,7.28
1991-12-04,4.43,7.17
1991-12-05,4.43,7.21
1991-12-06,4.36,7.26
1991-12-09,4.28,7.22
1991-12-10,4.32,7.21
1991-12-11,4.26,7.22
1991-12-12,4.26,7.19
1991-12-13,4.26,7.22
1991-12-16,4.25,7.21
1991-12-17,4.22,7.18
1991-12-18,4.23,7.19
1991-12-19,4.15,7.11
1991-12-20,3.84,6.97
1991-12-23,3.87,6.88
1991-12-24,3.91,6.88
1991-12-25,,
1991-12-26,3.92,6.85
1991-12-27,3.96,6.82
1991-12-30,3.97,6.76
1991-12-31,3.96,6.71
1992-01-01,,
1992-01-02,3.96,6.78
1992-01-03,3.95,6.85
1992-01-06,3.92,6.82
1992-01-07,3.85,6.76
1992-01-08,3.82,6.77
1992-01-09,3.87,6.79
1992-01-10,3.92,6.85
1992-01-13,3.92,6.92
1992-01-14,3.92,7.03
1992-01-15,3.94,7.05
1992-01-16,3.89,7.13
1992-01-17,3.89,7.09
1992-01-20,,
1992-01-21,3.86,7.03
1992-01-22,3.85,7.09
1992-01-23,3.87,7.20
1992-01-24,3.91,7.25
1992-01-27,3.93,7.24
1992-01-28,3.93,7.16
1992-01-29,3.96,7.25
1992-01-30,3.93,7.31
1992-01-31,3.94,7.31
1992-02-03,3.96,7.36
1992-02-04,3.94,7.29
1992-02-05,3.94,7.21
1992-02-06,3.91,7.20
1992-02-07,3.84,7.20
1992-02-10,3.83,7.21
1992-02-11,3.85,7.23
1992-02-12,3.85,7.30
1992-02-13,3.89,7.40
1992-02-14,3.89,7.41
1992-02-17,,
1992-02-18,3.93,7.47
1992-02-19,3.95,7.42
1992-02-20,3.98,7.41
1992-02-21,4.03,7.45
1992-02-24,4.07,7.47
1992-02-25,4.07,7.44
1992-02-26,4.05,7.33
1992-02-27,4.04,7.35
1992-02-28,4.03,7.27
1992-03-02,4.14,7.38
1992-03-03,4.14,7.43
1992-03-04,4.13,7.43
1992-03-05,4.14,7.51
1992-03-06,4.14,7.48
1992-03-09,4.10,7.42
1992-03-10,4.11,7.43
1992-03-11,4.11,7.51
1992-03-12,4.12,7.62
1992-03-13,4.16,7.71
1992-03-16,4.18,7.69
1992-03-17,4.16,7.62
1992-03-18,4.15,7.62
1992-03-19,4.15,7.57
1992-03-20,4.16,7.64
1992-03-23,4.17,7.62
1992-03-24,4.15,7.53
1992-03-25,4.11,7.53
1992-03-26,4.11,7.57
1992-03-27,4.11,7.54
1992-03-30,4.16,7.54
1992-03-31,4.15,7.54
1992-04-01,4.11,7.46
1992-04-02,4.12,7.47
1992-04-03,4.06,7.42
1992-04-06,4.03,7.41
1992-04-07,3.96,7.41
1992-04-08,3.96,7.44
1992-04-09,3.75,7.35
1992-04-10,3.74,7.37
1992-04-13,3.70,7.33
1992-04-14,3.70,7.35
1992-04-15,3.70,7.37
1992-04-16,3.73,7.45
1992-04-17,,
1992-04-20,3.79,7.59
1992-04-21,3.77,7.58
1992-04-22,3.77,7.57
1992-04-23,3.76,7.59
1992-04-24,3.76,7.55
1992-04-27,3.82,7.60
1992-04-28,3.80,7.57
1992-04-29,3.80,7.60
1992-04-30,3.79,7.61
1992-05-01,3.72,7.56
1992-05-04,3.71,7.58
1992-05-05,3.72,7.56
1992-05-06,3.70,7.46
1992-05-07,3.71,7.49
1992-05-08,3.72,7.41
1992-05-11,3.74,7.40
1992-05-12,3.70,7.36
1992-05-13,3.67,7.34
1992-05-14,3.65,7.34
1992-05-15,3.66,7.28
1992-05-18,3.69,7.28
1992-05-19,3.62,7.20
1992-05-20,3.65,7.25
1992-05-21,3.76,7.39
1992-05-22,3.77,7.35
1992-05-25,,
1992-05-26,3.84,7.46
1992-05-27,3.79,7.44
1992-05-28,3.77,7.36
1992-05-29,3.79,7.33
1992-06-01,3.82,7.39
1992-06-02,3.83,7.35
1992-06-03,3.80,7.34
1992-06-04,3.78,7.34
1992-06-05,3.77,7.31
1992-06-08,3.78,7.31
1992-06-09,3.77,7.33
1992-06-10,3.77,7.35
1992-06-11,3.75,7.33
1992-06-12,3.75,7.29
1992-06-15,3.75,7.28
1992-06-16,3.72,7.24
1992-06-17,3.70,7.23
1992-06-18,3.69,7.19
1992-06-19,3.74,7.24
1992-06-22,3.75,7.24
1992-06-23,3.77,7.25
1992-06-24,3.72,7.20
1992-06-25,3.71,7.14
1992-06-26,3.71,7.15
1992-06-29,3.66,7.12
1992-06-30,3.65,7.14
1992-07-01,3.63,7.10
1992-07-02,3.31,6.93
1992-07-03,,
1992-07-06,3.29,6.90
1992-07-07,3.28,6.87
1992-07-08,3.29,6.91
1992-07-09,3.28,6.91
1992-07-10,3.29,6.93
1992-07-13,3.29,6.97
1992-07-14,3.28,6.97
1992-07-15,3.25,6.90
1992-07-16,3.24,6.87
1992-07-17,3.23,6.90
1992-07-20,3.26,6.90
1992-07-21,3.26,6.89
1992-07-22,3.24,6.85
1992-07-23,3.23,6.72
1992-07-24,3.23,6.73
1992-07-27,3.26,6.69
1992-07-28,3.26,6.63
1992-07-29,3.25,6.60
1992-07-30,3.25,6.69
1992-07-31,3.25,6.72
1992-08-03,3.25,6.72
1992-08-04,3.24,6.66
1992-08-05,3.24,6.64
1992-08-06,3.23,6.65
1992-08-07,3.21,6.57
1992-08-10,3.20,6.52
1992-08-11,3.20,6.50
1992-08-12,3.19,6.48
1992-08-13,3.16,6.55
1992-08-14,3.13,6.53
1992-08-17,3.16,6.56
1992-08-18,3.14,6.48
1992-08-19,3.15,6.47
1992-08-20,3.15,6.46
1992-08-21,3.14,6.53
1992-08-24,3.23,6.68
1992-08-25,3.24,6.73
1992-08-26,3.23,6.68
1992-08-27,3.23,6.64
1992-08-28,3.23,6.63
1992-08-31,3.23,6.62
1992-09-01,3.22,6.56
1992-09-02,3.21,6.54
1992-09-03,3.21,6.54
1992-09-04,2.98,6.40
1992-09-07,,
1992-09-08,2.96,6.29
1992-09-09,2.97,6.31
1992-09-10,2.97,6.31
1992-09-11,2.98,6.37
1992-09-14,2.95,6.32
1992-09-15,2.98,6.40
1992-09-16,2.96,6.41
1992-09-17,2.94,6.40
1992-09-18,2.94,6.41
1992-09-21,2.97,6.42
1992-09-22,2.98,6.50
1992-09-23,2.98,6.54
1992-09-24,2.95,6.48
1992-09-25,2.86,6.41
1992-09-28,2.79,6.37
1992-09-29,2.79,6.37
1992-09-30,2.75,6.37
1992-10-01,2.67,6.23
1992-10-02,2.69,6.26
1992-10-05,2.75,6.24
1992-10-06,2.79,6.30
1992-10-07,2.89,6.46
1992-10-08,2.85,6.41
1992-10-09,2.89,6.52
1992-10-12,,
1992-10-13,2.95,6.51
1992-10-14,2.99,6.51
1992-10-15,2.98,6.53
1992-10-16,2.97,6.60
1992-10-19,3.04,6.69
1992-10-20,3.09,6.86
1992-10-21,2.99,6.80
1992-10-22,2.98,6.74
1992-10-23,3.00,6.83
1992-10-26,3.02,6.83
1992-10-27,3.00,6.78
1992-10-28,3.00,6.76
1992-10-29,3.02,6.71
1992-10-30,3.03,6.80
1992-11-02,3.08,6.88
1992-11-03,3.10,6.87
1992-11-04,3.09,6.89
1992-11-05,3.08,6.87
1992-11-06,3.13,6.97
1992-11-09,3.17,7.00
1992-11-10,3.15,6.91
1992-11-11,,
1992-11-12,3.13,6.79
1992-11-13,3.15,6.82
1992-11-16,3.22,6.90
1992-11-17,3.24,6.86
1992-11-18,3.22,6.78
1992-11-19,3.22,6.81
1992-11-20,3.28,6.84
1992-11-23,3.34,6.86
1992-11-24,3.29,6.82
1992-11-25,3.31,6.84
1992-11-26,,
1992-11-27,3.33,6.93
1992-11-30,3.38,6.95
1992-12-01,3.40,6.94
1992-12-02,3.42,6.93
1992-12-03,3.37,6.91
1992-12-04,3.32,6.84
1992-12-07,3.35,6.78
1992-12-08,3.33,6.73
1992-12-09,3.30,6.76
1992-12-10,3.29,6.77
1992-12-11,3.32,6.80
1992-12-14,3.33,6.83
1992-12-15,3.29,6.83
1992-12-16,3.28,6.77
1992-12-17,3.27,6.77
1992-12-18,3.23,6.76
1992-12-21,3.25,6.71
1992-12-22,3.27,6.65
1992-12-23,3.25,6.68
1992-12-24,3.23,6.69
1992-12-25,,
1992-12-28,3.30,6.72
1992-12-29,3.27,6.69
1992-12-30,3.19,6.68
1992-12-31,3.15,6.70
1993-01-01,,
1993-01-04,3.19,6.60
1993-01-05,3.18,6.61
1993-01-06,3.17,6.63
1993-01-07,3.19,6.76
1993-01-08,3.13,6.75
1993-01-11,3.12,6.71
1993-01-12,3.09,6.72
1993-01-13,3.06,6.71
1993-01-14,3.04,6.65
1993-01-15,3.00,6.60
1993-01-18,,
1993-01-19,3.10,6.59
1993-01-20,3.08,6.61
1993-01-21,3.05,6.60
1993-01-22,3.03,6.57
1993-01-25,3.02,6.48
1993-01-26,3.01,6.50
1993-01-27,2.97,6.48
1993-01-28,2.96,6.44
1993-01-29,2.96,6.39
1993-02-01,3.01,6.38
1993-02-02,3.02,6.46
1993-02-03,2.99,6.45
1993-02-04,2.96,6.39
1993-02-05,2.96,6.32
1993-02-08,3.00,6.37
1993-02-09,2.99,6.41
1993-02-10,3.00,6.40
1993-02-11,2.98,6.37
1993-02-12,2.99,6.35
1993-02-15,,
1993-02-16,3.00,6.34
1993-02-17,2.97,6.28
1993-02-18,2.95,6.17
1993-02-19,2.99,6.15
1993-02-22,3.01,6.09
1993-02-23,3.00,5.92
1993-02-24,3.02,6.01
1993-02-25,3.01,6.03
1993-02-26,3.01,6.03
1993-03-01,3.03,5.94
1993-03-02,3.03,5.95
1993-03-03,3.00,5.88
1993-03-04,2.97,5.83
1993-03-05,3.07,5.90
1993-03-08,3.05,5.85
1993-03-09,3.05,5.91
1993-03-10,3.04,5.97
1993-03-11,3.03,5.96
1993-03-12,3.04,6.11
1993-03-15,3.06,6.17
1993-03-16,3.04,6.06
1993-03-17,3.04,6.02
1993-03-18,3.01,5.93
1993-03-19,3.03,5.95
1993-03-22,2.99,5.96
1993-03-23,2.98,5.91
1993-03-24,2.98,5.95
1993-03-25,2.97,5.98
1993-03-26,3.00,6.09
1993-03-29,3.00,6.06
1993-03-30,2.97,6.02
1993-03-31,2.95,6.03
1993-04-01,2.96,6.06
1993-04-02,2.97,6.16
1993-04-05,2.97,6.13
1993-04-06,2.98,6.08
1993-04-07,2.98,6.07
1993-04-08,2.96,5.97
1993-04-09,,
1993-04-12,2.94,5.92
1993-04-13,2.91,5.93
1993-04-14,2.88,5.90
1993-04-15,2.90,5.88
1993-04-16,2.90,5.89
1993-04-19,2.87,5.87
1993-04-20,2.85,5.87
1993-04-21,2.86,5.86
1993-04-22,2.88,5.85
1993-04-23,2.90,5.89
1993-04-26,2.95,5.94
1993-04-27,2.97,6.02
1993-04-28,2.98,6.03
1993-04-29,2.96,5.99
1993-04-30,2.97,6.05
1993-05-03,2.93,5.96
1993-05-04,2.93,5.92
1993-05-05,2.95,5.93
1993-05-06,2.92,5.89
1993-05-07,2.93,5.92
1993-05-10,2.95,5.89
1993-05-11,2.95,5.89
1993-05-12,2.96,5.96
1993-05-13,2.99,6.02
1993-05-14,3.03,6.03
1993-05-17,3.08,6.07
1993-05-18,3.08,6.15
1993-05-19,3.03,6.11
1993-05-20,3.03,6.09
1993-05-21,3.07,6.16
1993-05-24,3.15,6.16
1993-05-25,3.14,6.17
1993-05-26,3.12,6.12
1993-05-27,3.13,6.11
1993-05-28,3.13,6.16
1993-05-31,,
1993-06-01,3.14,6.07
1993-06-02,3.14,6.06
1993-06-03,3.10,6.02
1993-06-04,3.18,6.11
1993-06-07,3.20,6.08
1993-06-08,3.20,6.09
1993-06-09,3.18,6.07
1993-06-10,3.18,6.07
1993-06-11,3.12,5.97
1993-06-14,3.13,5.97
1993-06-15,3.12,5.96
1993-06-16,3.11,5.96
1993-06-17,3.10,5.93
1993-06-18,3.13,5.97
1993-06-21,3.17,5.92
1993-06-22,3.16,5.91
1993-06-23,3.19,5.91
1993-06-24,3.17,5.88
1993-06-25,3.15,5.84
1993-06-28,3.11,5.80
1993-06-29,3.10,5.79
1993-06-30,3.10,5.80
1993-07-01,3.06,5.80
1993-07-02,3.02,5.76
1993-07-05,,
1993-07-06,3.12,5.80
1993-07-07,3.11,5.80
1993-07-08,3.09,5.78
1993-07-09,3.09,5.76
1993-07-12,3.10,5.75
1993-07-13,3.11,5.78
1993-07-14,3.08,5.72
1993-07-15,3.08,5.72
1993-07-16,3.08,5.71
1993-07-19,3.12,5.71
1993-07-20,3.13,5.75
1993-07-21,3.14,5.83
1993-07-22,3.16,5.90
1993-07-23,3.16,5.95
1993-07-26,3.17,5.93
1993-07-27,3.17,5.92
1993-07-28,3.15,5.90
1993-07-29,3.09,5.81
1993-07-30,3.10,5.83
1993-08-02,3.17,5.85
1993-08-03,3.15,5.83
1993-08-04,3.15,5.87
1993-08-05,3.12,5.86
1993-08-06,3.11,5.86
1993-08-09,3.11,5.82
1993-08-10,3.10,5.82
1993-08-11,3.09,5.75
1993-08-12,3.08,5.77
1993-08-13,3.09,5.72
1993-08-16,3.10,5.68
1993-08-17,3.08,5.70
1993-08-18,3.05,5.69
1993-08-19,3.05,5.64
1993-08-20,3.06,5.61
1993-08-23,3.08,5.60
1993-08-24,3.05,5.54
1993-08-25,3.04,5.51
1993-08-26,3.06,5.42
1993-08-27,3.09,5.48
1993-08-30,3.08,5.44
1993-08-31,3.08,5.45
1993-09-01,3.08,5.46
1993-09-02,3.05,5.41
1993-09-03,3.00,5.31
1993-09-06,,
1993-09-07,3.01,5.23
1993-09-08,3.02,5.23
1993-09-09,3.04,5.35
1993-09-10,3.02,5.29
1993-09-13,3.04,5.26
1993-09-14,3.05,5.37
1993-09-15,3.02,5.39
1993-09-16,3.01,5.37
1993-09-17,3.01,5.38
1993-09-20,3.00,5.42
1993-09-21,2.98,5.47
1993-09-22,2.98,5.45
1993-09-23,2.99,5.42
1993-09-24,2.99,5.42
1993-09-27,2.96,5.30
1993-09-28,2.96,5.28
1993-09-29,2.99,5.35
1993-09-30,2.98,5.40
1993-10-01,2.98,5.34
1993-10-04,3.02,5.34
1993-10-05,3.06,5.35
1993-10-06,3.04,5.35
1993-10-07,3.05,5.33
1993-10-08,3.05,5.26
1993-10-11,,
1993-10-12,3.12,5.27
1993-10-13,3.10,5.27
1993-10-14,3.08,5.23
1993-10-15,3.08,5.19
1993-10-18,3.13,5.27
1993-10-19,3.13,5.27
1993-10-20,3.11,5.26
1993-10-21,3.12,5.35
1993-10-22,3.11,5.42
1993-10-25,3.14,5.47
1993-10-26,3.16,5.43
1993-10-27,3.15,5.44
1993-10-28,3.11,5.41
1993-10-29,3.10,5.43
1993-11-01,3.18,5.56
1993-11-02,3.19,5.63
1993-11-03,3.16,5.67
1993-11-04,3.15,5.67
1993-11-05,3.13,5.75
1993-11-08,3.17,5.70
1993-11-09,3.18,5.64
1993-11-10,3.19,5.72
1993-11-11,,
1993-11-12,3.18,5.66
1993-11-15,3.18,5.69
1993-11-16,3.16,5.66
1993-11-17,3.16,5.65
1993-11-18,3.18,5.72
1993-11-19,3.20,5.84
1993-11-22,3.21,5.89
1993-11-23,3.19,5.82
1993-11-24,3.19,5.84
1993-11-25,,
1993-11-26,3.18,5.78
1993-11-29,3.20,5.76
1993-11-30,3.21,5.83
1993-12-01,3.19,5.82
1993-12-02,3.18,5.81
1993-12-03,3.18,5.80
1993-12-06,3.18,5.72
1993-12-07,3.16,5.71
1993-12-08,3.15,5.71
1993-12-09,3.13,5.68
1993-12-10,3.12,5.73
1993-12-13,3.12,5.78
1993-12-14,3.11,5.82
1993-12-15,3.10,5.83
1993-12-16,3.10,5.84
1993-12-17,3.09,5.81
1993-12-20,3.15,5.83
1993-12-21,3.14,5.85
1993-12-22,3.13,5.74
1993-12-23,3.13,5.72
1993-12-24,,
1993-12-27,3.13,5.72
1993-12-28,3.13,5.72
1993-12-29,3.08,5.74
1993-12-30,3.04,5.82
1993-12-31,3.07,5.83
1994-01-03,3.16,5.92
1994-01-04,3.15,5.88
1994-01-05,3.14,5.90
1994-01-06,3.12,5.84
1994-01-07,3.07,5.70
1994-01-10,3.06,5.67
1994-01-11,3.04,5.67
1994-01-12,3.02,5.60
1994-01-13,3.01,5.71
1994-01-14,3.03,5.78
1994-01-17,,
1994-01-18,3.04,5.74
1994-01-19,3.03,5.76
1994-01-20,3.01,5.71
1994-01-21,3.01,5.73
1994-01-24,3.01,5.74
1994-01-25,2.99,5.78
1994-01-26,2.98,5.77
1994-01-27,2.98,5.73
1994-01-28,2.99,5.68
1994-01-31,3.05,5.70
1994-02-01,3.10,5.77
1994-02-02,3.13,5.77
1994-02-03,3.20,5.81
1994-02-04,3.30,5.94
1994-02-07,3.31,5.96
1994-02-08,3.32,6.01
1994-02-09,3.32,5.92
1994-02-10,3.33,5.91
1994-02-11,3.33,5.88
1994-02-14,3.34,5.90
1994-02-15,3.34,5.88
1994-02-16,3.34,5.89
1994-02-17,3.35,6.00
1994-02-18,3.36,6.09
1994-02-21,,
1994-02-22,3.40,6.05
1994-02-23,3.46,6.13
1994-02-24,3.44,6.22
1994-02-25,3.44,6.21
1994-02-28,3.47,6.15
1994-03-01,3.58,6.28
1994-03-02,3.55,6.30
1994-03-03,3.56,6.35
1994-03-04,3.62,6.38
1994-03-07,3.61,6.32
1994-03-08,3.63,6.38
1994-03-09,3.61,6.38
1994-03-10,3.57,6.48
1994-03-11,3.58,6.46
1994-03-14,3.66,6.50
1994-03-15,3.66,6.47
1994-03-16,3.61,6.40
1994-03-17,3.55,6.40
1994-03-18,3.57,6.49
1994-03-21,3.70,6.55
1994-03-22,3.60,6.44
1994-03-23,3.54,6.44
1994-03-24,3.53,6.58
1994-03-25,3.57,6.61
1994-03-28,3.57,6.63
1994-03-29,3.59,6.71
1994-03-30,3.57,6.78
1994-03-31,3.56,6.77
1994-04-01,,
1994-04-04,3.82,7.16
1994-04-05,3.75,6.97
1994-04-06,3.67,6.93
1994-04-07,3.61,6.86
1994-04-08,3.65,6.94
1994-04-11,3.68,6.92
1994-04-12,3.64,6.87
1994-04-13,3.64,6.93
1994-04-14,3.66,6.97
1994-04-15,3.68,6.97
1994-04-18,3.84,7.14
1994-04-19,3.83,7.10
1994-04-20,3.83,7.05
1994-04-21,3.83,6.91
1994-04-22,3.84,6.93
1994-04-25,3.94,6.86
1994-04-26,3.97,6.86
1994-04-27,,
1994-04-28,3.98,7.04
1994-04-29,3.97,7.06
1994-05-02,4.10,7.09
1994-05-03,4.12,7.13
1994-05-04,4.15,7.14
1994-05-05,4.13,7.11
1994-05-06,4.30,7.35
1994-05-09,4.44,7.49
1994-05-10,4.35,7.33
1994-05-11,4.32,7.40
1994-05-12,4.24,7.36
1994-05-13,4.24,7.29
1994-05-16,4.31,7.24
1994-05-17,4.30,7.03
1994-05-18,4.29,7.03
1994-05-19,4.24,6.96
1994-05-20,4.26,7.02
1994-05-23,4.35,7.19
1994-05-24,4.32,7.17
1994-05-25,4.28,7.14
1994-05-26,4.27,7.09
1994-05-27,4.30,7.12
1994-05-30,,
1994-05-31,4.31,7.17
1994-06-01,4.28,7.12
1994-06-02,4.24,7.07
1994-06-03,4.23,6.98
1994-06-06,4.25,6.91
1994-06-07,4.22,6.95
1994-06-08,4.21,6.96
1994-06-09,4.23,6.98
1994-06-10,4.22,7.03
1994-06-13,4.24,7.07
1994-06-14,4.21,7.00
1994-06-15,4.23,7.10
1994-06-16,4.22,7.07
1994-06-17,4.23,7.14
1994-06-20,4.28,7.16
1994-06-21,4.30,7.22
1994-06-22,4.28,7.13
1994-06-23,4.26,7.10
1994-06-24,4.28,7.22
1994-06-27,4.28,7.18
1994-06-28,4.28,7.26
1994-06-29,4.25,7.24
1994-06-30,4.26,7.34
1994-07-01,4.32,7.34
1994-07-04,,
1994-07-05,4.42,7.31
1994-07-06,4.39,7.32
1994-07-07,4.36,7.30
1994-07-08,4.49,7.42
1994-07-11,4.61,7.47
1994-07-12,4.56,7.43
1994-07-13,4.52,7.41
1994-07-14,4.41,7.25
1994-07-15,4.38,7.25
1994-07-18,4.40,7.20
1994-07-19,4.37,7.15
1994-07-20,4.41,7.25
1994-07-21,4.44,7.27
1994-07-22,4.50,7.29
1994-07-25,4.53,7.27
1994-07-26,4.52,7.28
1994-07-27,4.57,7.34
1994-07-28,4.54,7.29
1994-07-29,4.39,7.12
1994-08-01,4.45,7.13
1994-08-02,4.44,7.11
1994-08-03,4.44,7.09
1994-08-04,4.43,7.12
1994-08-05,4.59,7.28
1994-08-08,4.59,7.28
1994-08-09,4.56,7.33
1994-08-10,4.49,7.30
1994-08-11,4.46,7.36
1994-08-12,4.51,7.27
1994-08-15,4.72,7.30
1994-08-16,4.74,7.19
1994-08-17,4.69,7.15
1994-08-18,4.71,7.28
1994-08-19,4.69,7.27
1994-08-22,4.73,7.31
1994-08-23,4.69,7.28
1994-08-24,4.66,7.22
1994-08-25,4.68,7.29
1994-08-26,4.68,7.24
1994-08-29,4.73,7.24
1994-08-30,4.71,7.20
1994-08-31,4.68,7.19
1994-09-01,4.67,7.19
1994-09-02,4.67,7.21
1994-09-05,,
1994-09-06,4.69,7.27
1994-09-07,4.66,7.29
1994-09-08,4.67,7.30
1994-09-09,4.70,7.44
1994-09-12,4.75,7.46
1994-09-13,4.72,7.44
1994-09-14,4.70,7.41
1994-09-15,4.70,7.35
1994-09-16,4.73,7.52
1994-09-19,4.72,7.49
1994-09-20,4.74,7.53
1994-09-21,4.92,7.56
1994-09-22,4.92,7.56
1994-09-23,4.91,7.57
1994-09-26,4.92,7.57
1994-09-27,4.83,7.61
1994-09-28,4.66,7.57
1994-09-29,4.70,7.64
1994-09-30,4.80,7.62
1994-10-03,5.05,7.66
1994-10-04,5.09,7.70
1994-10-05,5.09,7.77
1994-10-06,5.11,7.78
1994-10-07,5.02,7.70
1994-10-10,,
1994-10-11,5.06,7.65
1994-10-12,5.12,7.69
1994-10-13,5.05,7.64
1994-10-14,5.00,7.61
1994-10-17,5.04,7.62
1994-10-18,5.04,7.64
1994-10-19,5.05,7.68
1994-10-20,5.14,7.80
1994-10-21,5.15,7.81
1994-10-24,5.22,7.86
1994-10-25,5.20,7.88
1994-10-26,5.13,7.88
1994-10-27,5.12,7.88
1994-10-28,5.16,7.82
1994-10-31,5.20,7.81
1994-11-01,5.22,7.91
1994-11-02,5.23,7.96
1994-11-03,5.25,7.96
1994-11-04,5.33,8.04
1994-11-07,5.42,8.05
1994-11-08,5.37,8.01
1994-11-09,5.34,7.94
1994-11-10,5.38,7.98
1994-11-11,,
1994-11-14,5.46,7.94
1994-11-15,5.53,7.92
1994-11-16,5.52,7.97
1994-11-17,5.51,8.03
1994-11-18,5.50,8.01
1994-11-21,5.53,8.03
1994-11-22,5.49,8.00
1994-11-23,5.44,7.81
1994-11-24,,
1994-11-25,5.45,7.80
1994-11-28,5.60,7.88
1994-11-29,5.69,7.95
1994-11-30,5.72,7.91
1994-12-01,5.71,7.92
1994-12-02,5.79,7.81
1994-12-05,6.03,7.83
1994-12-06,5.94,7.73
1994-12-07,5.82,7.81
1994-12-08,5.83,7.79
1994-12-09,5.82,7.79
1994-12-12,5.93,7.85
1994-12-13,5.95,7.83
1994-12-14,5.84,7.80
1994-12-15,5.70,7.79
1994-12-16,5.71,7.81
1994-12-19,5.75,7.81
1994-12-20,5.63,7.81
1994-12-21,5.56,7.80
1994-12-22,5.61,7.84
1994-12-23,5.68,7.85
1994-12-26,,
1994-12-27,5.74,7.76
1994-12-28,5.68,7.80
1994-12-29,5.66,7.82
1994-12-30,5.68,7.84
1995-01-02,,
1995-01-03,5.95,7.88
1995-01-04,5.85,7.82
1995-01-05,5.88,7.88
1995-01-06,5.90,7.87
1995-01-09,6.00,7.89
1995-01-10,5.91,7.84
1995-01-11,5.79,7.79
1995-01-12,5.78,7.80
1995-01-13,5.72,7.69
1995-01-16,,
1995-01-17,5.89,7.70
1995-01-18,5.87,7.71
1995-01-19,5.87,7.74
1995-01-20,5.91,7.82
1995-01-23,5.97,7.83
1995-01-24,5.98,7.86
1995-01-25,5.94,7.80
1995-01-26,5.94,7.76
1995-01-27,5.92,7.66
1995-01-30,5.96,7.65
1995-01-31,6.00,7.60
1995-02-01,6.07,7.66
1995-02-02,6.02,7.68
1995-02-03,5.96,7.49
1995-02-06,5.98,7.53
1995-02-07,5.98,7.52
1995-02-08,5.94,7.53
1995-02-09,5.95,7.58
1995-02-10,5.97,7.62
1995-02-13,5.98,7.61
1995-02-14,5.96,7.51
1995-02-15,5.94,7.45
1995-02-16,5.85,7.40
1995-02-17,5.86,7.43
1995-02-20,,
1995-02-21,5.92,7.44
1995-02-22,5.85,7.34
1995-02-23,5.88,7.34
1995-02-24,5.88,7.33
1995-02-27,5.92,7.24
1995-02-28,5.94,7.22
1995-03-01,5.94,7.23
1995-03-02,5.93,7.30
1995-03-03,5.91,7.36
1995-03-06,5.94,7.41
1995-03-07,5.96,7.44
1995-03-08,5.95,7.36
1995-03-09,5.91,7.30
1995-03-10,5.96,7.23
1995-03-13,5.94,7.19
1995-03-14,5.93,7.09
1995-03-15,5.92,7.09
1995-03-16,5.92,7.05
1995-03-17,5.92,7.12
1995-03-20,5.93,7.12
1995-03-21,5.92,7.16
1995-03-22,5.91,7.21
1995-03-23,5.89,7.21
1995-03-24,5.85,7.09
1995-03-27,5.82,7.05
1995-03-28,5.89,7.16
1995-03-29,5.84,7.16
1995-03-30,5.88,7.18
1995-03-31,5.88,7.20
1995-04-03,5.94,7.14
1995-04-04,5.91,7.12
1995-04-05,5.88,7.12
1995-04-06,5.85,7.09
1995-04-07,5.86,7.11
1995-04-10,5.85,7.12
1995-04-11,5.84,7.09
1995-04-12,5.82,7.06
1995-04-13,5.75,7.03
1995-04-14,,
1995-04-17,5.80,7.04
1995-04-18,5.79,7.04
1995-04-19,5.80,7.06
1995-04-20,5.77,7.02
1995-04-21,5.79,7.01
1995-04-24,5.83,7.01
1995-04-25,5.85,7.01
1995-04-26,5.85,7.01
1995-04-27,5.87,7.04
1995-04-28,5.87,7.07
1995-05-01,5.91,7.09
1995-05-02,5.89,7.04
1995-05-03,5.84,6.96
1995-05-04,5.78,6.85
1995-05-05,5.74,6.69
1995-05-08,5.81,6.70
1995-05-09,5.81,6.61
1995-05-10,5.82,6.66
1995-05-11,5.84,6.68
1995-05-12,5.87,6.67
1995-05-15,5.88,6.62
1995-05-16,5.87,6.57
1995-05-17,5.86,6.53
1995-05-18,5.87,6.61
1995-05-19,5.87,6.61
1995-05-22,5.91,6.63
1995-05-23,5.91,6.57
1995-05-24,5.87,6.44
1995-05-25,5.84,6.39
1995-05-26,5.84,6.40
1995-05-29,,
1995-05-30,5.81,6.30
1995-05-31,5.81,6.30
1995-06-01,5.67,6.20
1995-06-02,5.58,6.10
1995-06-05,5.68,6.08
1995-06-06,5.69,6.08
1995-06-07,5.74,6.20
1995-06-08,5.76,6.22
1995-06-09,5.77,6.40
1995-06-12,5.73,6.37
1995-06-13,5.61,6.14
1995-06-14,5.61,6.15
1995-06-15,5.65,6.18
1995-06-16,5.66,6.21
1995-06-19,5.63,6.13
1995-06-20,5.65,6.16
1995-06-21,5.60,6.13
1995-06-22,5.54,6.04
1995-06-23,5.54,6.06
1995-06-26,5.52,6.11
1995-06-27,5.59,6.15
1995-06-28,5.57,6.10
1995-06-29,5.67,6.28
1995-06-30,5.60,6.21
1995-07-03,5.68,6.21
1995-07-04,,
1995-07-05,5.68,6.19
1995-07-06,5.53,6.05
1995-07-07,5.54,6.04
1995-07-10,5.53,6.04
1995-07-11,5.56,6.09
1995-07-12,5.55,6.10
1995-07-13,5.55,6.09
1995-07-14,5.59,6.15
1995-07-17,5.63,6.22
1995-07-18,5.61,6.25
1995-07-19,5.58,6.43
1995-07-20,5.60,6.43
1995-07-21,5.61,6.53
1995-07-24,5.61,6.46
1995-07-25,5.62,6.43
1995-07-26,5.63,6.48
1995-07-27,5.58,6.43
1995-07-28,5.58,6.49
1995-07-31,5.60,6.45
1995-08-01,5.61,6.50
1995-08-02,5.59,6.44
1995-08-03,5.59,6.53
1995-08-04,5.58,6.50
1995-08-07,5.57,6.48
1995-08-08,5.55,6.47
1995-08-09,5.56,6.47
1995-08-10,5.57,6.51
1995-08-11,5.59,6.59
1995-08-14,5.60,6.59
1995-08-15,5.62,6.57
1995-08-16,5.60,6.54
1995-08-17,5.61,6.57
1995-08-18,5.61,6.57
1995-08-21,5.62,6.54
1995-08-22,5.63,6.57
1995-08-23,5.60,6.60
1995-08-24,5.52,6.50
1995-08-25,5.50,6.38
1995-08-28,5.48,6.34
1995-08-29,5.50,6.36
1995-08-30,5.46,6.33
1995-08-31,5.45,6.28
1995-09-01,5.45,6.22
1995-09-04,,
1995-09-05,5.49,6.18
1995-09-06,5.48,6.17
1995-09-07,5.50,6.21
1995-09-08,5.52,6.24
1995-09-11,5.50,6.24
1995-09-12,5.47,6.16
1995-09-13,5.47,6.18
1995-09-14,5.44,6.08
1995-09-15,5.46,6.11
1995-09-18,5.41,6.17
1995-09-19,5.36,6.14
1995-09-20,5.34,6.10
1995-09-21,5.40,6.21
1995-09-22,5.35,6.25
1995-09-25,5.33,6.26
1995-09-26,5.45,6.28
1995-09-27,5.42,6.30
1995-09-28,5.44,6.28
1995-09-29,5.40,6.17
1995-10-02,5.53,6.15
1995-10-03,5.51,6.13
1995-10-04,5.47,6.12
1995-10-05,5.44,6.06
1995-10-06,5.47,6.06
1995-10-09,,
1995-10-10,5.47,6.07
1995-10-11,5.47,6.09
1995-10-12,5.46,6.07
1995-10-13,5.45,5.97
1995-10-16,5.49,5.97
1995-10-17,5.43,5.97
1995-10-18,5.41,5.99
1995-10-19,5.41,5.98
1995-10-20,5.43,6.04
1995-10-23,5.38,6.07
1995-10-24,5.38,6.02
1995-10-25,5.39,6.00
1995-10-26,5.38,6.06
1995-10-27,5.41,6.05
1995-10-30,5.47,6.04
1995-10-31,5.48,6.03
1995-11-01,5.48,5.98
1995-11-02,5.47,5.92
1995-11-03,5.47,5.94
1995-11-06,5.52,5.96
1995-11-07,5.53,5.99
1995-11-08,5.52,5.92
1995-11-09,5.55,5.97
1995-11-10,5.58,6.00
1995-11-13,5.59,5.98
1995-11-14,5.55,5.97
1995-11-15,5.56,6.00
1995-11-16,5.52,5.93
1995-11-17,5.51,5.92
1995-11-20,5.50,5.93
1995-11-21,5.52,5.92
1995-11-22,5.52,5.93
1995-11-23,,
1995-11-24,5.48,5.91
1995-11-27,5.50,5.88
1995-11-28,5.53,5.88
1995-11-29,5.50,5.85
1995-11-30,5.48,5.76
1995-12-01,5.45,5.71
1995-12-04,5.46,5.63
1995-12-05,5.47,5.65
1995-12-06,5.48,5.67
1995-12-07,5.50,5.72
1995-12-08,5.50,5.73
1995-12-11,5.45,5.71
1995-12-12,5.41,5.72
1995-12-13,5.42,5.74
1995-12-14,5.42,5.74
1995-12-15,5.35,5.75
1995-12-18,5.32,5.85
1995-12-19,5.24,5.81
1995-12-20,5.15,5.76
1995-12-21,5.05,5.77
1995-12-22,5.04,5.71
1995-12-25,,
1995-12-26,5.05,5.69
1995-12-27,5.04,5.66
1995-12-28,4.98,5.63
1995-12-29,5.10,5.58
1996-01-01,,
1996-01-02,5.20,5.60
1996-01-03,5.20,5.58
1996-01-04,5.19,5.65
1996-01-05,5.19,5.69
1996-01-08,5.18,5.68
1996-01-09,5.18,5.70
1996-01-10,5.19,5.80
1996-01-11,5.19,5.78
1996-01-12,5.18,5.75
1996-01-15,,
1996-01-16,5.14,5.66
1996-01-17,5.14,5.58
1996-01-18,5.11,5.53
1996-01-19,5.10,5.54
1996-01-22,5.14,5.61
1996-01-23,5.12,5.66
1996-01-24,5.12,5.62
1996-01-25,5.12,5.70
1996-01-26,5.11,5.65
1996-01-29,5.17,5.69
1996-01-30,5.14,5.63
1996-01-31,5.05,5.60
1996-02-01,5.03,5.63
1996-02-02,4.99,5.66
1996-02-05,5.00,5.70
1996-02-06,4.98,5.68
1996-02-07,4.94,5.66
1996-02-08,4.92,5.66
1996-02-09,4.93,5.66
1996-02-12,4.93,5.61
1996-02-13,4.93,5.58
1996-02-14,4.94,5.62
1996-02-15,4.92,5.70
1996-02-16,4.89,5.76
1996-02-19,,
1996-02-20,4.99,6.01
1996-02-21,4.96,5.98
1996-02-22,4.95,5.92
1996-02-23,4.97,5.97
1996-02-26,4.98,6.01
1996-02-27,5.01,6.06
1996-02-28,5.01,6.11
1996-02-29,5.02,6.13
1996-03-01,4.98,5.99
1996-03-04,5.02,5.92
1996-03-05,5.02,5.96
1996-03-06,5.03,6.05
1996-03-07,5.03,6.07
1996-03-08,5.01,6.41
1996-03-11,5.09,6.33
1996-03-12,5.09,6.36
1996-03-13,5.09,6.35
1996-03-14,5.11,6.36
1996-03-15,5.14,6.46
1996-03-18,5.17,6.43
1996-03-19,5.19,6.41
1996-03-20,5.16,6.34
1996-03-21,5.07,6.28
1996-03-22,5.10,6.32
1996-03-25,5.13,6.26
1996-03-26,5.13,6.25
1996-03-27,5.17,6.34
1996-03-28,5.19,6.41
1996-03-29,5.13,6.34
1996-04-01,5.20,6.31
1996-04-02,5.16,6.25
1996-04-03,5.15,6.27
1996-04-04,5.11,6.33
1996-04-05,5.15,6.57
1996-04-08,5.16,6.63
1996-04-09,5.10,6.56
1996-04-10,5.08,6.63
1996-04-11,5.08,6.68
1996-04-12,5.07,6.52
1996-04-15,4.97,6.47
1996-04-16,4.95,6.48
1996-04-17,4.96,6.52
1996-04-18,4.98,6.58
1996-04-19,5.01,6.53
1996-04-22,5.09,6.48
1996-04-23,5.10,6.52
1996-04-24,5.13,6.57
1996-04-25,5.09,6.56
1996-04-26,5.11,6.54
1996-04-29,5.14,6.59
1996-04-30,5.14,6.66
1996-05-01,5.11,6.68
1996-05-02,5.13,6.85
1996-05-03,5.14,6.90
1996-05-06,5.14,6.86
1996-05-07,5.14,6.87
1996-05-08,5.13,6.78
1996-05-09,5.13,6.84
1996-05-10,5.13,6.75
1996-05-13,5.16,6.72
1996-05-14,5.14,6.66
1996-05-15,5.13,6.65
1996-05-16,5.15,6.70
1996-05-17,5.15,6.65
1996-05-20,5.17,6.62
1996-05-21,5.18,6.65
1996-05-22,5.18,6.63
1996-05-23,5.18,6.68
1996-05-24,5.18,6.65
1996-05-27,,
1996-05-28,5.17,6.67
1996-05-29,5.18,6.77
1996-05-30,5.18,6.78
1996-05-31,5.18,6.85
1996-06-03,5.23,6.87
1996-06-04,5.20,6.86
1996-06-05,5.22,6.82
1996-06-06,5.21,6.76
1996-06-07,5.26,6.93
1996-06-10,5.29,6.97
1996-06-11,5.27,6.99
1996-06-12,5.26,7.03
1996-06-13,5.24,7.01
1996-06-14,5.21,6.95
1996-06-17,5.19,6.90
1996-06-18,5.21,6.93
1996-06-19,5.23,6.96
1996-06-20,5.26,6.98
1996-06-21,5.26,6.96
1996-06-24,5.23,6.94
1996-06-25,5.24,6.91
1996-06-26,5.24,6.91
1996-06-27,5.20,6.83
1996-06-28,5.18,6.73
1996-07-01,5.27,6.74
1996-07-02,5.32,6.80
1996-07-03,5.24,6.78
1996-07-04,,
1996-07-05,5.31,7.06
1996-07-08,5.35,7.05
1996-07-09,5.34,7.00
1996-07-10,5.29,6.95
1996-07-11,5.26,6.90
1996-07-12,5.28,6.85
1996-07-15,5.32,6.89
1996-07-16,5.27,6.84
1996-07-17,5.26,6.83
1996-07-18,5.25,6.72
1996-07-19,5.28,6.78
1996-07-22,5.30,6.84
1996-07-23,5.30,6.80
1996-07-24,5.31,6.87
1996-07-25,5.29,6.87
1996-07-26,5.29,6.85
1996-07-29,5.37,6.93
1996-07-30,5.34,6.89
1996-07-31,5.32,6.80
1996-08-01,5.25,6.65
1996-08-02,5.21,6.51
1996-08-05,5.20,6.53
1996-08-06,5.19,6.54
1996-08-07,5.18,6.55
1996-08-08,5.15,6.56
1996-08-09,5.15,6.50
1996-08-12,5.18,6.49
1996-08-13,5.17,6.57
1996-08-14,5.16,6.58
1996-08-15,5.19,6.62
1996-08-16,5.18,6.56
1996-08-19,5.20,6.59
1996-08-20,5.18,6.59
1996-08-21,5.14,6.61
1996-08-22,5.14,6.62
1996-08-23,5.15,6.72
1996-08-26,5.21,6.80
1996-08-27,5.20,6.78
1996-08-28,5.20,6.79
1996-08-29,5.24,6.86
1996-08-30,5.29,6.96
1996-09-02,,
1996-09-03,5.32,6.92
1996-09-04,5.32,6.94
1996-09-05,5.34,6.98
1996-09-06,5.33,6.94
1996-09-09,5.29,6.90
1996-09-10,5.29,6.94
1996-09-11,5.31,6.94
1996-09-12,5.28,6.88
1996-09-13,5.21,6.74
1996-09-16,5.20,6.73
1996-09-17,5.31,6.81
1996-09-18,5.28,6.83
1996-09-19,5.25,6.87
1996-09-20,5.29,6.85
1996-09-23,5.31,6.83
1996-09-24,5.17,6.77
1996-09-25,5.07,6.71
1996-09-26,5.00,6.66
1996-09-27,5.04,6.68
1996-09-30,5.14,6.72
1996-10-01,5.10,6.65
1996-10-02,5.03,6.61
1996-10-03,5.04,6.61
1996-10-04,5.01,6.48
1996-10-07,5.11,6.53
1996-10-08,5.12,6.53
1996-10-09,5.12,6.55
1996-10-10,5.15,6.61
1996-10-11,5.13,6.55
1996-10-14,,
1996-10-15,5.17,6.56
1996-10-16,5.14,6.57
1996-10-17,5.12,6.51
1996-10-18,5.12,6.50
1996-10-21,5.14,6.52
1996-10-22,5.16,6.56
1996-10-23,5.13,6.56
1996-10-24,5.14,6.57
1996-10-25,5.14,6.54
1996-10-28,5.19,6.56
1996-10-29,5.14,6.40
1996-10-30,5.14,6.40
1996-10-31,5.17,6.37
1996-11-01,5.17,6.38
1996-11-04,5.19,6.36
1996-11-05,5.17,6.28
1996-11-06,5.17,6.30
1996-11-07,5.16,6.26
1996-11-08,5.18,6.29
1996-11-11,,
1996-11-12,5.18,6.19
1996-11-13,5.17,6.20
1996-11-14,5.17,6.15
1996-11-15,5.16,6.19
1996-11-18,5.18,6.20
1996-11-19,5.17,6.17
1996-11-20,5.17,6.14
1996-11-21,5.18,6.15
1996-11-22,5.18,6.15
1996-11-25,5.18,6.13
1996-11-26,5.16,6.13
1996-11-27,5.15,6.14
1996-11-28,,
1996-11-29,5.13,6.06
1996-12-02,5.08,6.08
1996-12-03,5.05,6.06
1996-12-04,5.03,6.11
1996-12-05,5.04,6.22
1996-12-06,5.03,6.26
1996-12-09,4.96,6.21
1996-12-10,4.96,6.23
1996-12-11,4.96,6.38
1996-12-12,4.97,6.40
1996-12-13,4.92,6.33
1996-12-16,4.97,6.39
1996-12-17,5.00,6.42
1996-12-18,5.03,6.46
1996-12-19,5.01,6.36
1996-12-20,5.02,6.35
1996-12-23,5.10,6.34
1996-12-24,5.09,6.36
1996-12-25,,
1996-12-26,5.10,6.35
1996-12-27,5.11,6.30
1996-12-30,5.21,6.31
1996-12-31,5.21,6.43
1997-01-01,,
1997-01-02,5.19,6.54
1997-01-03,5.17,6.52
1997-01-06,5.17,6.54
1997-01-07,5.16,6.57
1997-01-08,5.16,6.60
1997-01-09,5.13,6.52
1997-01-10,5.17,6.63
1997-01-13,5.08,6.63
1997-01-14,5.19,6.53
1997-01-15,5.16,6.53
1997-01-16,5.16,6.57
1997-01-17,5.14,6.56
1997-01-20,,
1997-01-21,5.18,6.52
1997-01-22,5.18,6.56
1997-01-23,5.18,6.60
1997-01-24,5.16,6.64
1997-01-27,5.21,6.69
1997-01-28,5.18,6.64
1997-01-29,5.18,6.63
1997-01-30,5.18,6.61
1997-01-31,5.15,6.53
1997-02-03,5.12,6.47
1997-02-04,5.10,6.45
1997-02-05,5.13,6.47
1997-02-06,5.14,6.49
1997-02-07,5.14,6.43
1997-02-10,5.17,6.43
1997-02-11,5.14,6.43
1997-02-12,5.16,6.39
1997-02-13,5.13,6.32
1997-02-14,5.10,6.28
1997-02-17,,
1997-02-18,5.12,6.28
1997-02-19,5.11,6.30
1997-02-20,5.10,6.38
1997-02-21,5.09,6.36
1997-02-24,5.16,6.39
1997-02-25,5.13,6.40
1997-02-26,5.22,6.56
1997-02-27,5.22,6.58
1997-02-28,5.22,6.56
1997-03-03,5.24,6.58
1997-03-04,5.25,6.60
1997-03-05,5.21,6.60
1997-03-06,5.23,6.62
1997-03-07,5.22,6.57
1997-03-10,5.20,6.56
1997-03-11,5.18,6.57
1997-03-12,5.21,6.60
1997-03-13,5.26,6.72
1997-03-14,5.24,6.71
1997-03-17,5.25,6.72
1997-03-18,5.25,6.72
1997-03-19,5.29,6.74
1997-03-20,5.34,6.75
1997-03-21,5.41,6.74
1997-03-24,5.40,6.72
1997-03-25,5.44,6.75
1997-03-26,5.35,6.80
1997-03-27,5.37,6.90
1997-03-28,,
1997-03-31,5.35,6.92
1997-04-01,5.32,6.90
1997-04-02,5.30,6.88
1997-04-03,5.27,6.86
1997-04-04,5.29,6.92
1997-04-07,5.26,6.87
1997-04-08,5.25,6.91
1997-04-09,5.24,6.91
1997-04-10,5.29,6.91
1997-04-11,5.31,6.98
1997-04-14,5.30,6.98
1997-04-15,5.31,6.88
1997-04-16,5.29,6.90
1997-04-17,5.29,6.86
1997-04-18,5.29,6.84
1997-04-21,5.36,6.87
1997-04-22,5.36,6.84
1997-04-23,5.37,6.89
1997-04-24,5.32,6.93
1997-04-25,5.31,6.94
1997-04-28,5.35,6.92
1997-04-29,5.34,6.77
1997-04-30,5.28,6.72
1997-05-01,5.24,6.69
1997-05-02,5.24,6.68
1997-05-05,5.22,6.67
1997-05-06,5.21,6.67
1997-05-07,5.22,6.76
1997-05-08,5.21,6.72
1997-05-09,5.19,6.67
1997-05-12,5.24,6.65
1997-05-13,5.24,6.71
1997-05-14,5.19,6.68
1997-05-15,5.13,6.67
1997-05-16,5.20,6.70
1997-05-19,5.38,6.71
1997-05-20,5.39,6.70
1997-05-21,5.12,6.74
1997-05-22,5.18,6.76
1997-05-23,5.18,6.74
1997-05-26,,
1997-05-27,5.18,6.79
1997-05-28,5.18,6.80
1997-05-29,5.03,6.75
1997-05-30,4.96,6.67
1997-06-02,5.07,6.66
1997-06-03,5.05,6.63
1997-06-04,5.09,6.62
1997-06-05,5.11,6.62
1997-06-06,5.07,6.51
1997-06-09,5.06,6.55
1997-06-10,5.05,6.57
1997-06-11,4.98,6.56
1997-06-12,4.97,6.48
1997-06-13,5.00,6.43
1997-06-16,5.03,6.40
1997-06-17,5.05,6.43
1997-06-18,5.03,6.40
1997-06-19,5.08,6.40
1997-06-20,5.08,6.37
1997-06-23,5.06,6.40
1997-06-24,5.07,6.42
1997-06-25,5.07,6.45
1997-06-26,5.17,6.50
1997-06-27,5.15,6.46
1997-06-30,5.25,6.51
1997-07-01,5.18,6.45
1997-07-02,5.20,6.42
1997-07-03,5.14,6.31
1997-07-04,,
1997-07-07,5.12,6.27
1997-07-08,5.12,6.27
1997-07-09,5.11,6.25
1997-07-10,5.15,6.26
1997-07-11,5.14,6.23
1997-07-14,5.22,6.26
1997-07-15,5.22,6.26
1997-07-16,5.17,6.20
1997-07-17,5.18,6.19
1997-07-18,5.24,6.24
1997-07-21,5.27,6.27
1997-07-22,5.18,6.15
1997-07-23,5.20,6.14
1997-07-24,5.23,6.16
1997-07-25,5.24,6.18
1997-07-28,5.24,6.16
1997-07-29,5.24,6.11
1997-07-30,5.24,6.05
1997-07-31,5.25,6.02
1997-08-01,5.28,6.20
1997-08-04,5.29,6.23
1997-08-05,5.29,6.23
1997-08-06,5.29,6.21
1997-08-07,5.30,6.24
1997-08-08,5.29,6.38
1997-08-11,5.31,6.36
1997-08-12,5.31,6.39
1997-08-13,5.32,6.36
1997-08-14,5.34,6.27
1997-08-15,5.29,6.27
1997-08-18,5.23,6.21
1997-08-19,5.25,6.21
1997-08-20,5.24,6.24
1997-08-21,5.27,6.30
1997-08-22,5.25,6.38
1997-08-25,5.28,6.39
1997-08-26,5.28,6.38
1997-08-27,5.28,6.38
1997-08-28,5.24,6.30
1997-08-29,5.24,6.34
1997-09-01,,
1997-09-02,5.21,6.31
1997-09-03,5.14,6.33
1997-09-04,5.14,6.33
1997-09-05,5.17,6.37
1997-09-08,5.16,6.33
1997-09-09,5.16,6.34
1997-09-10,5.11,6.37
1997-09-11,5.13,6.39
1997-09-12,5.10,6.29
1997-09-15,5.08,6.28
1997-09-16,5.09,6.11
1997-09-17,5.10,6.10
1997-09-18,5.10,6.11
1997-09-19,5.06,6.09
1997-09-22,5.02,6.06
1997-09-23,5.02,6.10
1997-09-24,4.94,6.04
1997-09-25,4.93,6.13
1997-09-26,4.99,6.08
1997-09-29,5.07,6.10
1997-09-30,5.06,6.12
1997-10-01,5.10,6.04
1997-10-02,5.07,6.01
1997-10-03,5.03,6.01
1997-10-06,5.08,5.96
1997-10-07,5.06,5.94
1997-10-08,5.09,6.08
1997-10-09,5.14,6.09
1997-10-10,5.14,6.15
1997-10-13,,
1997-10-14,5.08,6.07
1997-10-15,5.06,6.10
1997-10-16,5.07,6.09
1997-10-17,5.06,6.17
1997-10-20,5.09,6.15
1997-10-21,5.07,6.14
1997-10-22,5.16,6.12
1997-10-23,5.13,6.04
1997-10-24,5.15,6.01
1997-10-27,5.08,5.91
1997-10-28,5.25,5.98
1997-10-29,5.19,5.91
1997-10-30,5.17,5.84
1997-10-31,5.21,5.84
1997-11-03,5.26,5.91
1997-11-04,5.25,5.95
1997-11-05,5.27,5.95
1997-11-06,5.31,5.90
1997-11-07,5.31,5.90
1997-11-10,5.32,5.91
1997-11-11,,
1997-11-12,5.30,5.89
1997-11-13,5.27,5.87
1997-11-14,5.27,5.86
1997-11-17,5.31,5.85
1997-11-18,5.31,5.85
1997-11-19,5.28,5.82
1997-11-20,5.28,5.84
1997-11-21,5.25,5.82
1997-11-24,5.29,5.86
1997-11-25,5.30,5.85
1997-11-26,5.26,5.86
1997-11-27,,
1997-11-28,5.22,5.86
1997-12-01,5.27,5.86
1997-12-02,5.26,5.86
1997-12-03,5.26,5.83
1997-12-04,5.27,5.84
1997-12-05,5.30,5.92
1997-12-08,5.29,5.96
1997-12-09,5.27,5.95
1997-12-10,5.21,5.90
1997-12-11,5.20,5.82
1997-12-12,5.18,5.74
1997-12-15,5.23,5.78
1997-12-16,5.23,5.77
1997-12-17,5.25,5.81
1997-12-18,5.24,5.76
1997-12-19,5.33,5.72
1997-12-22,5.46,5.72
1997-12-23,5.46,5.73
1997-12-24,5.38,5.76
1997-12-25,,
1997-12-26,5.35,5.75
1997-12-29,5.45,5.76
1997-12-30,5.45,5.80
1997-12-31,5.36,5.75
1998-01-01,,
1998-01-02,5.32,5.67
1998-01-05,5.23,5.52
1998-01-06,5.22,5.49
1998-01-07,5.23,5.55
1998-01-08,5.13,5.49
1998-01-09,5.05,5.40
1998-01-12,5.12,5.39
1998-01-13,5.17,5.41
1998-01-14,5.18,5.45
1998-01-15,5.13,5.48
1998-01-16,5.15,5.54
1998-01-19,,
1998-01-20,5.14,5.57
1998-01-21,5.13,5.54
1998-01-22,5.13,5.56
1998-01-23,5.17,5.70
1998-01-26,5.22,5.63
1998-01-27,5.24,5.70
1998-01-28,5.23,5.69
1998-01-29,5.20,5.58
1998-01-30,5.19,5.53
1998-02-02,5.26,5.57
1998-02-03,5.26,5.56
1998-02-04,5.11,5.57
1998-02-05,5.14,5.62
1998-02-06,5.17,5.62
1998-02-09,5.22,5.65
1998-02-10,5.21,5.64
1998-02-11,5.22,5.53
1998-02-12,5.22,5.52
1998-02-13,5.22,5.49
1998-02-16,,
1998-02-17,5.20,5.44
1998-02-18,5.20,5.49
1998-02-19,5.21,5.51
1998-02-20,5.21,5.54
1998-02-23,5.28,5.58
1998-02-24,5.27,5.69
1998-02-25,5.31,5.63
1998-02-26,5.34,5.65
1998-02-27,5.32,5.62
1998-03-02,5.26,5.72
1998-03-03,5.23,5.77
1998-03-04,5.19,5.76
1998-03-05,5.18,5.78
1998-03-06,5.15,5.73
1998-03-09,5.11,5.67
1998-03-10,5.09,5.67
1998-03-11,5.09,5.63
1998-03-12,5.08,5.56
1998-03-13,5.09,5.58
1998-03-16,5.12,5.54
1998-03-17,5.14,5.56
1998-03-18,5.17,5.58
1998-03-19,5.18,5.58
1998-03-20,5.19,5.57
1998-03-23,5.17,5.57
1998-03-24,5.17,5.58
1998-03-25,5.18,5.64
1998-03-26,5.22,5.68
1998-03-27,5.21,5.68
1998-03-30,5.18,5.72
1998-03-31,5.16,5.67
1998-04-01,5.12,5.62
1998-04-02,5.10,5.56
1998-04-03,5.08,5.47
1998-04-06,5.10,5.51
1998-04-07,5.07,5.53
1998-04-08,5.06,5.58
1998-04-09,5.07,5.59
1998-04-10,,
1998-04-13,5.19,5.66
1998-04-14,5.16,5.63
1998-04-15,5.08,5.60
1998-04-16,5.04,5.59
1998-04-17,5.05,5.59
1998-04-20,5.08,5.65
1998-04-21,5.07,5.68
1998-04-22,5.09,5.68
1998-04-23,5.09,5.69
1998-04-24,5.08,5.67
1998-04-27,5.08,5.80
1998-04-28,5.06,5.80
1998-04-29,5.07,5.81
1998-04-30,5.00,5.68
1998-05-01,5.02,5.67
1998-05-04,5.10,5.67
1998-05-05,5.11,5.70
1998-05-06,5.11,5.67
1998-05-07,5.12,5.67
1998-05-08,5.14,5.71
1998-05-11,5.14,5.79
1998-05-12,5.12,5.70
1998-05-13,5.12,5.64
1998-05-14,5.18,5.67
1998-05-15,5.18,5.68
1998-05-18,5.20,5.64
1998-05-19,5.23,5.65
1998-05-20,5.21,5.61
1998-05-21,5.24,5.65
1998-05-22,5.22,5.64
1998-05-25,,
1998-05-26,5.17,5.59
1998-05-27,5.09,5.56
1998-05-28,5.07,5.58
1998-05-29,5.03,5.56
1998-06-01,5.08,5.53
1998-06-02,5.08,5.56
1998-06-03,5.13,5.57
1998-06-04,5.12,5.59
1998-06-05,5.12,5.58
1998-06-08,5.16,5.58
1998-06-09,5.17,5.59
1998-06-10,5.14,5.51
1998-06-11,5.11,5.44
1998-06-12,5.13,5.43
1998-06-15,5.16,5.38
1998-06-16,5.20,5.45
1998-06-17,5.23,5.54
1998-06-18,5.19,5.50
1998-06-19,5.17,5.47
1998-06-22,5.11,5.46
1998-06-23,5.10,5.45
1998-06-24,5.04,5.46
1998-06-25,5.02,5.46
1998-06-26,5.01,5.46
1998-06-29,5.16,5.47
1998-06-30,5.10,5.44
1998-07-01,5.09,5.44
1998-07-02,5.07,5.42
1998-07-03,,
1998-07-06,5.09,5.39
1998-07-07,5.08,5.42
1998-07-08,5.09,5.43
1998-07-09,5.07,5.41
1998-07-10,5.06,5.42
1998-07-13,5.13,5.46
1998-07-14,5.16,5.49
1998-07-15,5.14,5.48
1998-07-16,5.17,5.50
1998-07-17,5.14,5.51
1998-07-20,5.09,5.48
1998-07-21,5.09,5.45
1998-07-22,5.07,5.46
1998-07-23,5.09,5.45
1998-07-24,5.08,5.45
1998-07-27,5.06,5.47
1998-07-28,5.07,5.50
1998-07-29,5.07,5.52
1998-07-30,5.07,5.50
1998-07-31,5.10,5.50
1998-08-03,5.13,5.46
1998-08-04,5.10,5.43
1998-08-05,5.08,5.43
1998-08-06,5.03,5.44
1998-08-07,4.99,5.40
1998-08-10,5.07,5.41
1998-08-11,5.03,5.37
1998-08-12,5.02,5.40
1998-08-13,5.04,5.44
1998-08-14,5.03,5.40
1998-08-17,5.07,5.40
1998-08-18,5.06,5.41
1998-08-19,5.07,5.42
1998-08-20,5.04,5.38
1998-08-21,5.01,5.32
1998-08-24,5.08,5.30
1998-08-25,5.09,5.25
1998-08-26,5.06,5.26
1998-08-27,4.99,5.12
1998-08-28,4.91,5.09
1998-08-31,4.96,5.05
1998-09-01,4.92,5.05
1998-09-02,4.91,5.10
1998-09-03,4.83,5.03
1998-09-04,4.86,5.02
1998-09-07,,
1998-09-08,4.94,5.04
1998-09-09,4.88,4.95
1998-09-10,4.78,4.76
1998-09-11,4.87,4.85
1998-09-14,4.83,4.87
1998-09-15,4.79,4.90
1998-09-16,4.74,4.88
1998-09-17,4.70,4.80
1998-09-18,4.63,4.70
1998-09-21,4.82,4.69
1998-09-22,4.81,4.73
1998-09-23,4.67,4.69
1998-09-24,4.55,4.64
1998-09-25,4.52,4.60
1998-09-28,4.56,4.61
1998-09-29,4.54,4.59
1998-09-30,4.37,4.44
1998-10-01,4.23,4.33
1998-10-02,4.22,4.31
1998-10-05,4.23,4.16
1998-10-06,4.18,4.24
1998-10-07,4.15,4.34
1998-10-08,3.89,4.56
1998-10-09,3.88,4.77
1998-10-12,,
1998-10-13,3.99,4.73
1998-10-14,4.02,4.58
1998-10-15,4.15,4.58
1998-10-16,3.65,4.44
1998-10-19,3.94,4.47
1998-10-20,3.95,4.57
1998-10-21,4.00,4.59
1998-10-22,3.98,4.62
1998-10-23,3.97,4.70
1998-10-26,4.06,4.73
1998-10-27,4.06,4.63
1998-10-28,4.28,4.60
1998-10-29,4.32,4.54
1998-10-30,4.33,4.64
1998-11-02,4.54,4.77
1998-11-03,4.50,4.78
1998-11-04,4.56,4.83
1998-11-05,4.58,4.82
1998-11-06,4.64,4.93
1998-11-09,4.58,4.88
1998-11-10,4.54,4.81
1998-11-11,,
1998-11-12,4.48,4.77
1998-11-13,4.47,4.82
1998-11-16,4.52,4.85
1998-11-17,4.42,4.87
1998-11-18,4.44,4.85
1998-11-19,4.46,4.85
1998-11-20,4.46,4.82
1998-11-23,4.59,4.84
1998-11-24,4.62,4.85
1998-11-25,4.57,4.83
1998-11-26,,
1998-11-27,4.55,4.81
1998-11-30,4.57,4.74
1998-12-01,4.49,4.67
1998-12-02,4.48,4.59
1998-12-03,4.45,4.58
1998-12-04,4.48,4.62
1998-12-07,4.46,4.69
1998-12-08,4.43,4.60
1998-12-09,4.43,4.56
1998-12-10,4.48,4.53
1998-12-11,4.50,4.61
1998-12-14,4.49,4.58
1998-12-15,4.49,4.62
1998-12-16,4.46,4.58
1998-12-17,4.46,4.58
1998-12-18,4.49,4.58
1998-12-21,4.51,4.64
1998-12-22,4.50,4.70
1998-12-23,4.58,4.81
1998-12-24,4.57,4.86
1998-12-25,,
1998-12-28,4.56,4.78
1998-12-29,4.59,4.71
1998-12-30,4.55,4.65
1998-12-31,4.48,4.65
1999-01-01,,
1999-01-04,4.49,4.69
1999-01-05,4.48,4.74
1999-01-06,4.47,4.73
1999-01-07,4.44,4.77
1999-01-08,4.48,4.86
1999-01-11,4.51,4.90
1999-01-12,4.48,4.82
1999-01-13,4.45,4.74
1999-01-14,4.44,4.63
1999-01-15,4.44,4.66
1999-01-18,,
1999-01-19,4.41,4.71
1999-01-20,4.37,4.76
1999-01-21,4.32,4.70
1999-01-22,4.36,4.64
1999-01-25,4.44,4.67
1999-01-26,4.46,4.69
1999-01-27,4.47,4.68
1999-01-28,4.49,4.67
1999-01-29,4.48,4.66
1999-02-01,4.53,4.75
1999-02-02,4.53,4.79
1999-02-03,4.48,4.83
1999-02-04,4.49,4.89
1999-02-05,4.50,4.94
1999-02-08,4.54,4.94
1999-02-09,4.53,4.91
1999-02-10,4.48,4.90
1999-02-11,4.50,4.93
1999-02-12,4.54,5.06
1999-02-15,,
1999-02-16,4.56,5.03
1999-02-17,4.52,4.98
1999-02-18,4.53,5.04
1999-02-19,4.56,5.07
1999-02-22,4.65,5.03
1999-02-23,4.66,5.10
1999-02-24,4.67,5.18
1999-02-25,4.62,5.32
1999-02-26,4.66,5.29
1999-03-01,4.71,5.40
1999-03-02,4.66,5.35
1999-03-03,4.62,5.39
1999-03-04,4.62,5.41
1999-03-05,4.63,5.34
1999-03-08,4.64,5.29
1999-03-09,4.60,5.18
1999-03-10,4.60,5.20
1999-03-11,4.62,5.21
1999-03-12,4.60,5.16
1999-03-15,4.61,5.15
1999-03-16,4.55,5.11
1999-03-17,4.53,5.14
1999-03-18,4.51,5.11
1999-03-19,4.51,5.17
1999-03-22,4.52,5.21
1999-03-23,4.50,5.20
1999-03-24,4.50,5.17
1999-03-25,4.51,5.21
1999-03-26,4.51,5.21
1999-03-29,4.51,5.28
1999-03-30,4.48,5.21
1999-03-31,4.49,5.25
1999-04-01,4.44,5.27
1999-04-02,4.43,5.20
1999-04-05,4.40,5.20
1999-04-06,4.42,5.13
1999-04-07,4.42,5.14
1999-04-08,4.40,5.03
1999-04-09,4.42,5.05
1999-04-12,4.32,5.06
1999-04-13,4.32,5.12
1999-04-14,4.30,5.13
1999-04-15,4.32,5.18
1999-04-16,4.34,5.23
1999-04-19,4.36,5.18
1999-04-20,4.38,5.16
1999-04-21,4.36,5.17
1999-04-22,4.40,5.25
1999-04-23,4.43,5.26
1999-04-26,4.47,5.23
1999-04-27,4.50,5.22
1999-04-28,4.51,5.27
1999-04-29,4.51,5.22
1999-04-30,4.55,5.36
1999-05-03,4.62,5.38
1999-05-04,4.63,5.42
1999-05-05,4.61,5.40
1999-05-06,4.62,5.52
1999-05-07,4.62,5.54
1999-05-10,4.60,5.54
1999-05-11,4.62,5.59
1999-05-12,4.60,5.51
1999-05-13,4.59,5.41
1999-05-14,4.64,5.62
1999-05-17,4.71,5.66
1999-05-18,4.66,5.68
1999-05-19,4.63,5.60
1999-05-20,4.61,5.60
1999-05-21,4.61,5.52
1999-05-24,4.64,5.50
1999-05-25,4.64,5.49
1999-05-26,4.66,5.55
1999-05-27,4.65,5.62
1999-05-28,4.66,5.64
1999-05-31,,
1999-06-01,4.77,5.78
1999-06-02,4.74,5.80
1999-06-03,4.65,5.80
1999-06-04,4.57,5.82
1999-06-07,4.64,5.81
1999-06-08,4.62,5.83
1999-06-09,4.60,5.87
1999-06-10,4.67,5.92
1999-06-11,4.74,6.02
1999-06-14,4.76,5.98
1999-06-15,4.74,5.98
1999-06-16,4.67,5.94
1999-06-17,4.64,5.79
1999-06-18,4.69,5.84
1999-06-21,4.74,5.90
1999-06-22,4.73,5.94
1999-06-23,4.73,6.00
1999-06-24,4.74,6.05
1999-06-25,4.80,6.02
1999-06-28,4.88,5.96
1999-06-29,4.84,5.93
1999-06-30,4.78,5.81
1999-07-01,4.68,5.85
1999-07-02,4.69,5.82
1999-07-05,,
1999-07-06,4.72,5.88
1999-07-07,4.67,5.92
1999-07-08,4.68,5.85
1999-07-09,4.69,5.84
1999-07-12,4.74,5.74
1999-07-13,4.71,5.71
1999-07-14,4.72,5.74
1999-07-15,4.70,5.72
1999-07-16,4.68,5.68
1999-07-19,4.67,5.66
1999-07-20,4.64,5.65
1999-07-21,4.59,5.66
1999-07-22,4.61,5.78
1999-07-23,4.65,5.84
1999-07-26,4.68,5.86
1999-07-27,4.70,5.82
1999-07-28,4.71,5.81
1999-07-29,4.72,5.88
1999-07-30,4.75,5.92
1999-08-02,4.85,5.92
1999-08-03,4.84,5.95
1999-08-04,4.78,5.96
1999-08-05,4.74,5.88
1999-08-06,4.80,6.02
1999-08-09,4.96,6.13
1999-08-10,4.95,6.16
1999-08-11,4.91,6.05
1999-08-12,4.79,6.08
1999-08-13,4.74,5.98
1999-08-16,4.84,5.98
1999-08-17,4.83,5.89
1999-08-18,4.76,5.88
1999-08-19,4.76,5.90
1999-08-20,4.84,5.88
1999-08-23,5.01,5.89
1999-08-24,4.99,5.85
1999-08-25,4.93,5.73
1999-08-26,4.93,5.75
1999-08-27,4.98,5.85
1999-08-30,5.01,5.95
1999-08-31,4.98,5.98
1999-09-01,4.97,5.99
1999-09-02,4.92,6.03
1999-09-03,4.92,5.89
1999-09-06,,
1999-09-07,4.85,5.95
1999-09-08,4.83,5.93
1999-09-09,4.81,5.97
1999-09-10,4.76,5.89
1999-09-13,4.80,5.92
1999-09-14,4.83,5.96
1999-09-15,4.75,5.94
1999-09-16,4.70,5.90
1999-09-17,4.67,5.87
1999-09-20,4.81,5.91
1999-09-21,4.79,5.94
1999-09-22,4.83,5.92
1999-09-23,4.82,5.87
1999-09-24,4.78,5.75
1999-09-27,4.87,5.83
1999-09-28,4.85,5.89
1999-09-29,4.83,5.97
1999-09-30,4.88,5.90
1999-10-01,4.88,6.00
1999-10-04,4.87,5.95
1999-10-05,4.86,6.02
1999-10-06,4.81,6.04
1999-10-07,4.84,6.05
1999-10-08,4.82,6.04
1999-10-11,,
1999-10-12,4.93,6.07
1999-10-13,4.98,6.12
1999-10-14,5.02,6.17
1999-10-15,5.04,6.09
1999-10-18,5.15,6.12
1999-10-19,5.15,6.18
1999-10-20,5.15,6.19
1999-10-21,5.14,6.20
1999-10-22,5.07,6.21
1999-10-25,5.14,6.22
1999-10-26,5.15,6.24
1999-10-27,5.14,6.19
1999-10-28,5.11,6.12
1999-10-29,5.12,6.02
1999-11-01,5.16,6.06
1999-11-02,5.14,6.04
1999-11-03,5.12,6.01
1999-11-04,5.10,5.95
1999-11-05,5.14,5.92
1999-11-08,5.20,5.95
1999-11-09,5.19,5.97
1999-11-10,5.20,6.00
1999-11-11,,
1999-11-12,5.23,5.93
1999-11-15,5.29,5.94
1999-11-16,5.29,5.97
1999-11-17,5.24,6.04
1999-11-18,5.23,6.06
1999-11-19,5.23,6.07
1999-11-22,5.27,6.09
1999-11-23,5.27,6.08
1999-11-24,5.29,6.09
1999-11-25,,
1999-11-26,5.30,6.12
1999-11-29,5.36,6.21
1999-11-30,5.30,6.18
1999-12-01,5.27,6.21
1999-12-02,5.25,6.24
1999-12-03,5.25,6.17
1999-12-06,5.22,6.16
1999-12-07,5.22,6.11
1999-12-08,5.22,6.15
1999-12-09,5.25,6.14
1999-12-10,5.30,6.08
1999-12-13,5.39,6.11
1999-12-14,5.39,6.22
1999-12-15,5.35,6.25
1999-12-16,5.39,6.31
1999-12-17,5.44,6.30
1999-12-20,5.63,6.36
1999-12-21,5.59,6.38
1999-12-22,5.56,6.39
1999-12-23,5.47,6.41
1999-12-24,,
1999-12-27,5.47,6.40
1999-12-28,5.41,6.43
1999-12-29,5.23,6.40
1999-12-30,5.22,6.39
1999-12-31,5.33,6.45
2000-01-03,5.48,6.58
2000-01-04,5.43,6.49
2000-01-05,5.44,6.62
2000-01-06,5.41,6.57
2000-01-07,5.38,6.52
2000-01-10,5.42,6.57
2000-01-11,5.43,6.67
2000-01-12,5.45,6.72
2000-01-13,5.41,6.63
2000-01-14,5.41,6.69
2000-01-17,,
2000-01-18,5.56,6.75
2000-01-19,5.51,6.73
2000-01-20,5.48,6.79
2000-01-21,5.47,6.79
2000-01-24,5.55,6.69
2000-01-25,5.57,6.70
2000-01-26,5.58,6.69
2000-01-27,5.59,6.68
2000-01-28,5.65,6.66
2000-01-31,5.76,6.68
2000-02-01,5.71,6.62
2000-02-02,5.66,6.60
2000-02-03,5.63,6.49
2000-02-04,5.67,6.53
2000-02-07,5.72,6.64
2000-02-08,5.69,6.59
2000-02-09,5.66,6.56
2000-02-10,5.67,6.67
2000-02-11,5.66,6.63
2000-02-14,5.68,6.56
2000-02-15,5.75,6.56
2000-02-16,5.73,6.56
2000-02-17,5.74,6.58
2000-02-18,5.75,6.49
2000-02-21,,
2000-02-22,5.82,6.36
2000-02-23,5.82,6.44
2000-02-24,5.81,6.36
2000-02-25,5.79,6.36
2000-02-28,5.80,6.37
2000-02-29,5.78,6.42
2000-03-01,5.76,6.39
2000-03-02,5.76,6.40
2000-03-03,5.79,6.39
2000-03-06,5.85,6.42
2000-03-07,5.83,6.39
2000-03-08,5.83,6.38
2000-03-09,5.82,6.35
2000-03-10,5.87,6.39
2000-03-13,5.89,6.36
2000-03-14,5.87,6.31
2000-03-15,5.85,6.29
2000-03-16,5.87,6.26
2000-03-17,5.89,6.20
2000-03-20,5.95,6.18
2000-03-21,5.91,6.13
2000-03-22,5.91,6.13
2000-03-23,5.90,6.08
2000-03-24,5.91,6.20
2000-03-27,5.88,6.21
2000-03-28,5.88,6.17
2000-03-29,5.89,6.18
2000-03-30,5.88,6.06
2000-03-31,5.88,6.03
2000-04-03,5.87,6.00
2000-04-04,5.83,5.90
2000-04-05,5.86,5.90
2000-04-06,5.88,5.93
2000-04-07,5.90,5.86
2000-04-10,5.85,5.80
2000-04-11,5.83,5.89
2000-04-12,5.83,5.97
2000-04-13,5.81,5.94
2000-04-14,5.81,5.85
2000-04-17,5.82,6.01
2000-04-18,5.81,6.05
2000-04-19,5.81,5.99
2000-04-20,5.79,5.99
2000-04-21,,
2000-04-24,5.80,6.00
2000-04-25,5.79,6.14
2000-04-26,5.75,6.14
2000-04-27,5.75,6.23
2000-04-28,5.82,6.23
2000-05-01,6.00,6.29
2000-05-02,5.92,6.32
2000-05-03,5.91,6.40
2000-05-04,5.90,6.46
2000-05-05,5.97,6.51
2000-05-08,6.19,6.57
2000-05-09,6.14,6.53
2000-05-10,6.14,6.47
2000-05-11,6.14,6.43
2000-05-12,6.14,6.51
2000-05-15,6.25,6.47
2000-05-16,6.20,6.43
2000-05-17,6.05,6.48
2000-05-18,5.92,6.56
2000-05-19,5.89,6.51
2000-05-22,6.01,6.44
2000-05-23,6.01,6.45
2000-05-24,5.92,6.47
2000-05-25,5.85,6.39
2000-05-26,5.83,6.33
2000-05-29,,
2000-05-30,5.87,6.38
2000-05-31,5.63,6.29
2000-06-01,5.74,6.20
2000-06-02,5.87,6.15
2000-06-05,5.98,6.12
2000-06-06,5.99,6.14
2000-06-07,5.92,6.13
2000-06-08,5.91,6.13
2000-06-09,5.92,6.13
2000-06-12,5.93,6.09
2000-06-13,5.88,6.11
2000-06-14,5.82,6.06
2000-06-15,5.84,6.05
2000-06-16,5.83,5.99
2000-06-19,5.84,6.00
2000-06-20,5.79,6.03
2000-06-21,5.81,6.11
2000-06-22,5.84,6.12
2000-06-23,5.86,6.19
2000-06-26,5.82,6.11
2000-06-27,5.83,6.10
2000-06-28,5.81,6.11
2000-06-29,5.85,6.04
2000-06-30,5.88,6.03
2000-07-03,6.00,6.00
2000-07-04,,
2000-07-05,5.99,5.99
2000-07-06,6.02,6.05
2000-07-07,6.04,6.01
2000-07-10,6.10,6.04
2000-07-11,6.10,6.06
2000-07-12,6.17,6.09
2000-07-13,6.18,6.01
2000-07-14,6.17,6.10
2000-07-17,6.15,6.17
2000-07-18,6.16,6.16
2000-07-19,6.18,6.16
2000-07-20,6.18,6.01
2000-07-21,6.13,6.01
2000-07-24,6.21,6.04
2000-07-25,6.20,6.04
2000-07-26,6.18,6.04
2000-07-27,6.22,6.02
2000-07-28,6.20,6.04
2000-07-31,6.27,6.04
2000-08-01,6.25,6.00
2000-08-02,6.25,5.98
2000-08-03,6.23,5.95
2000-08-04,6.23,5.91
2000-08-07,6.28,5.97
2000-08-08,6.26,5.93
2000-08-09,6.25,5.81
2000-08-10,6.25,5.76
2000-08-11,6.29,5.79
2000-08-14,6.27,5.78
2000-08-15,6.28,5.81
2000-08-16,6.27,5.83
2000-08-17,6.27,5.81
2000-08-18,6.27,5.78
2000-08-21,6.30,5.79
2000-08-22,6.28,5.78
2000-08-23,6.29,5.73
2000-08-24,6.29,5.73
2000-08-25,6.31,5.73
2000-08-28,6.32,5.78
2000-08-29,6.31,5.81
2000-08-30,6.32,5.81
2000-08-31,6.31,5.73
2000-09-01,6.27,5.68
2000-09-04,,
2000-09-05,6.27,5.69
2000-09-06,6.21,5.72
2000-09-07,6.20,5.76
2000-09-08,6.14,5.73
2000-09-11,6.11,5.77
2000-09-12,6.09,5.78
2000-09-13,6.09,5.74
2000-09-14,6.14,5.79
2000-09-15,6.14,5.84
2000-09-18,6.15,5.88
2000-09-19,6.17,5.86
2000-09-20,6.16,5.91
2000-09-21,6.16,5.88
2000-09-22,6.16,5.85
2000-09-25,6.18,5.84
2000-09-26,6.18,5.81
2000-09-27,6.20,5.83
2000-09-28,6.25,5.82
2000-09-29,6.23,5.80
2000-10-02,6.27,5.83
2000-10-03,6.24,5.87
2000-10-04,6.24,5.90
2000-10-05,6.25,5.87
2000-10-06,6.24,5.82
2000-10-09,,
2000-10-10,6.27,5.80
2000-10-11,6.23,5.77
2000-10-12,6.19,5.73
2000-10-13,6.19,5.73
2000-10-16,6.28,5.74
2000-10-17,6.30,5.68
2000-10-18,6.30,5.66
2000-10-19,6.32,5.66
2000-10-20,6.31,5.64
2000-10-23,6.34,5.59
2000-10-24,6.35,5.63
2000-10-25,6.39,5.67
2000-10-26,6.36,5.69
2000-10-27,6.35,5.72
2000-10-30,6.39,5.74
2000-10-31,6.38,5.77
2000-11-01,6.37,5.74
2000-11-02,6.37,5.74
2000-11-03,6.38,5.83
2000-11-06,6.42,5.87
2000-11-07,6.42,5.87
2000-11-08,6.41,5.87
2000-11-09,6.40,5.82
2000-11-10,6.37,5.82
2000-11-13,6.39,5.77
2000-11-14,6.37,5.76
2000-11-15,6.38,5.72
2000-11-16,6.35,5.68
2000-11-17,6.35,5.71
2000-11-20,6.36,5.68
2000-11-21,6.36,5.67
2000-11-22,6.36,5.62
2000-11-23,,
2000-11-24,6.36,5.63
2000-11-27,6.33,5.64
2000-11-28,6.28,5.59
2000-11-29,6.24,5.55
2000-11-30,6.21,5.48
2000-12-01,6.23,5.52
2000-12-04,6.15,5.53
2000-12-05,6.08,5.43
2000-12-06,6.09,5.32
2000-12-07,6.11,5.32
2000-12-08,6.09,5.35
2000-12-11,6.08,5.37
2000-12-12,6.06,5.36
2000-12-13,6.06,5.29
2000-12-14,6.06,5.23
2000-12-15,6.02,5.20
2000-12-18,5.95,5.17
2000-12-19,5.93,5.19
2000-12-20,5.82,5.08
2000-12-21,5.38,5.03
2000-12-22,5.27,5.02
2000-12-25,,
2000-12-26,5.85,5.04
2000-12-27,5.75,5.11
2000-12-28,5.87,5.13
2000-12-29,5.89,5.12
2001-01-01,,
2001-01-02,5.87,4.92
2001-01-03,5.69,5.14
2001-01-04,5.37,5.03
2001-01-05,5.12,4.93
2001-01-08,5.19,4.94
2001-01-09,5.24,4.98
2001-01-10,5.29,5.10
2001-01-11,5.31,5.14
2001-01-12,5.33,5.25
2001-01-15,,
2001-01-16,5.38,5.24
2001-01-17,5.36,5.19
2001-01-18,5.28,5.12
2001-01-19,5.24,5.19
2001-01-22,5.23,5.25
2001-01-23,5.24,5.30
2001-01-24,5.28,5.33
2001-01-25,5.28,5.29
2001-01-26,5.17,5.29
2001-01-29,5.11,5.32
2001-01-30,5.02,5.24
2001-01-31,4.99,5.19
2001-02-01,5.00,5.10
2001-02-02,5.06,5.17
2001-02-05,5.06,5.18
2001-02-06,5.07,5.22
2001-02-07,5.07,5.10
2001-02-08,5.08,5.10
2001-02-09,5.06,5.03
2001-02-12,5.04,5.05
2001-02-13,5.05,5.07
2001-02-14,5.07,5.13
2001-02-15,5.08,5.19
2001-02-16,5.02,5.11
2001-02-19,,
2001-02-20,5.04,5.11
2001-02-21,5.02,5.14
2001-02-22,5.01,5.15
2001-02-23,4.89,5.10
2001-02-26,4.81,5.05
2001-02-27,4.82,4.96
2001-02-28,4.85,4.92
2001-03-01,4.84,4.87
2001-03-02,4.84,4.95
2001-03-05,4.82,4.98
2001-03-06,4.79,4.99
2001-03-07,4.69,4.92
2001-03-08,4.68,4.89
2001-03-09,4.72,4.95
2001-03-12,4.66,4.92
2001-03-13,4.66,4.95
2001-03-14,4.54,4.84
2001-03-15,4.52,4.81
2001-03-16,4.54,4.78
2001-03-19,4.53,4.82
2001-03-20,4.49,4.78
2001-03-21,4.31,4.77
2001-03-22,4.26,4.73
2001-03-23,4.29,4.80
2001-03-26,4.29,4.85
2001-03-27,4.35,5.00
2001-03-28,4.34,4.97
2001-03-29,4.32,4.98
2001-03-30,4.30,4.93
2001-04-02,4.22,4.98
2001-04-03,4.15,4.94
2001-04-04,4.10,4.94
2001-04-05,4.11,4.98
2001-04-06,3.94,4.89
2001-04-09,3.93,4.93
2001-04-10,3.94,5.09
2001-04-11,4.08,5.12
2001-04-12,4.01,5.17
2001-04-13,,
2001-04-16,4.15,5.28
2001-04-17,4.12,5.21
2001-04-18,3.91,5.14
2001-04-19,3.87,5.27
2001-04-20,3.77,5.29
2001-04-23,3.75,5.20
2001-04-24,3.80,5.22
2001-04-25,3.84,5.28
2001-04-26,3.83,5.20
2001-04-27,3.85,5.34
2001-04-30,3.95,5.35
2001-05-01,3.92,5.30
2001-05-02,3.89,5.31
2001-05-03,3.84,5.22
2001-05-04,3.74,5.21
2001-05-07,3.74,5.21
2001-05-08,3.70,5.24
2001-05-09,3.72,5.20
2001-05-10,3.74,5.31
2001-05-11,3.78,5.51
2001-05-14,3.71,5.46
2001-05-15,3.63,5.50
2001-05-16,3.57,5.48
2001-05-17,3.57,5.46
2001-05-18,3.61,5.41
2001-05-21,3.65,5.41
2001-05-22,3.64,5.42
2001-05-23,3.64,5.41
2001-05-24,3.70,5.52
2001-05-25,3.66,5.52
2001-05-28,,
2001-05-29,3.71,5.54
2001-05-30,3.68,5.54
2001-05-31,3.63,5.43
2001-06-01,3.67,5.39
2001-06-04,3.68,5.35
2001-06-05,3.63,5.29
2001-06-06,3.62,5.27
2001-06-07,3.63,5.33
2001-06-08,3.64,5.38
2001-06-11,3.60,5.32
2001-06-12,3.56,5.27
2001-06-13,3.55,5.28
2001-06-14,3.56,5.26
2001-06-15,3.52,5.27
2001-06-18,3.52,5.27
2001-06-19,3.51,5.26
2001-06-20,3.49,5.24
2001-06-21,3.51,5.22
2001-06-22,3.45,5.14
2001-06-25,3.46,5.16
2001-06-26,3.46,5.24
2001-06-27,3.52,5.26
2001-06-28,3.64,5.35
2001-06-29,3.65,5.42
2001-07-02,3.67,5.37
2001-07-03,3.66,5.41
2001-07-04,,
2001-07-05,3.65,5.44
2001-07-06,3.63,5.41
2001-07-09,3.65,5.37
2001-07-10,3.63,5.32
2001-07-11,3.58,5.31
2001-07-12,3.60,5.27
2001-07-13,3.62,5.27
2001-07-16,3.64,5.21
2001-07-17,3.61,5.22
2001-07-18,3.54,5.12
2001-07-19,3.55,5.13
2001-07-20,3.53,5.15
2001-07-23,3.56,5.13
2001-07-24,3.56,5.13
2001-07-25,3.56,5.20
2001-07-26,3.56,5.19
2001-07-27,3.55,5.13
2001-07-30,3.57,5.11
2001-07-31,3.54,5.07
2001-08-01,3.53,5.11
2001-08-02,3.53,5.17
2001-08-03,3.52,5.20
2001-08-06,3.52,5.19
2001-08-07,3.52,5.20
2001-08-08,3.49,4.99
2001-08-09,3.45,5.04
2001-08-10,3.43,4.99
2001-08-13,3.45,4.97
2001-08-14,3.43,4.97
2001-08-15,3.43,5.00
2001-08-16,3.39,4.95
2001-08-17,3.36,4.84
2001-08-20,3.42,4.91
2001-08-21,3.39,4.87
2001-08-22,3.38,4.91
2001-08-23,3.40,4.89
2001-08-24,3.42,4.93
2001-08-27,3.45,4.94
2001-08-28,3.41,4.85
2001-08-29,3.42,4.78
2001-08-30,3.36,4.79
2001-08-31,3.37,4.85
2001-09-03,,
2001-09-04,3.44,4.99
2001-09-05,3.41,4.97
2001-09-06,3.34,4.86
2001-09-07,3.27,4.80
2001-09-10,3.26,4.84
2001-09-11,,
2001-09-12,,
2001-09-13,2.74,4.64
2001-09-14,2.64,4.57
2001-09-17,2.59,4.63
2001-09-18,2.48,4.72
2001-09-19,2.19,4.69
2001-09-20,2.22,4.75
2001-09-21,2.25,4.70
2001-09-24,2.38,4.73
2001-09-25,2.40,4.72
2001-09-26,2.38,4.65
2001-09-27,2.38,4.58
2001-09-28,2.40,4.60
2001-10-01,2.37,4.55
2001-10-02,2.26,4.53
2001-10-03,2.23,4.50
2001-10-04,2.21,4.53
2001-10-05,2.19,4.52
2001-10-08,,
2001-10-09,2.22,4.62
2001-10-10,2.22,4.61
2001-10-11,2.27,4.69
2001-10-12,2.25,4.68
2001-10-15,2.25,4.62
2001-10-16,2.22,4.59
2001-10-17,2.22,4.59
2001-10-18,2.19,4.58
2001-10-19,2.19,4.63
2001-10-22,2.22,4.63
2001-10-23,2.20,4.66
2001-10-24,2.17,4.61
2001-10-25,2.14,4.56
2001-10-26,2.14,4.53
2001-10-29,2.09,4.50
2001-10-30,2.05,4.44
2001-10-31,2.05,4.30
2001-11-01,2.06,4.24
2001-11-02,2.01,4.37
2001-11-05,2.01,4.31
2001-11-06,1.85,4.30
2001-11-07,1.80,4.22
2001-11-08,1.84,4.32
2001-11-09,1.83,4.34
2001-11-12,,
2001-11-13,1.84,4.41
2001-11-14,1.87,4.54
2001-11-15,1.92,4.79
2001-11-16,1.95,4.91
2001-11-19,1.94,4.80
2001-11-20,1.95,4.88
2001-11-21,1.96,4.98
2001-11-22,,
2001-11-23,1.95,5.04
2001-11-26,1.98,5.05
2001-11-27,1.92,4.98
2001-11-28,1.87,4.98
2001-11-29,1.80,4.79
2001-11-30,1.78,4.78
2001-12-03,1.78,4.75
2001-12-04,1.74,4.70
2001-12-05,1.77,4.92
2001-12-06,1.75,5.04
2001-12-07,1.69,5.20
2001-12-10,1.71,5.17
2001-12-11,1.66,5.13
2001-12-12,1.67,5.02
2001-12-13,1.69,5.13
2001-12-14,1.73,5.24
2001-12-17,1.74,5.26
2001-12-18,1.71,5.16
2001-12-19,1.69,5.08
2001-12-20,1.69,5.08
2001-12-21,1.71,5.12
2001-12-24,1.72,5.18
2001-12-25,,
2001-12-26,1.75,5.22
2001-12-27,1.74,5.13
2001-12-28,1.72,5.15
2001-12-31,1.74,5.07
2002-01-01,,
2002-01-02,1.74,5.20
2002-01-03,1.73,5.16
2002-01-04,1.72,5.18
2002-01-07,1.68,5.09
2002-01-08,1.68,5.10
2002-01-09,1.68,5.10
2002-01-10,1.68,5.00
2002-01-11,1.58,4.92
2002-01-14,1.58,4.91
2002-01-15,1.60,4.88
2002-01-16,1.61,4.88
2002-01-17,1.64,4.98
2002-01-18,1.62,4.94
2002-01-21,,
2002-01-22,1.70,4.96
2002-01-23,1.71,5.05
2002-01-24,1.72,5.07
2002-01-25,1.72,5.10
2002-01-28,1.76,5.12
2002-01-29,1.72,5.02
2002-01-30,1.75,5.02
2002-01-31,1.76,5.07
2002-02-01,1.76,5.02
2002-02-04,1.77,4.94
2002-02-05,1.76,4.92
2002-02-06,1.74,4.92
2002-02-07,1.73,4.93
2002-02-08,1.73,4.90
2002-02-11,1.75,4.91
2002-02-12,1.75,4.97
2002-02-13,1.76,5.01
2002-02-14,1.75,4.95
2002-02-15,1.74,4.86
2002-02-18,,
2002-02-19,1.76,4.88
2002-02-20,1.76,4.88
2002-02-21,1.76,4.88
2002-02-22,1.76,4.84
2002-02-25,1.77,4.86
2002-02-26,1.77,4.93
2002-02-27,1.77,4.84
2002-02-28,1.79,4.88
2002-03-01,1.77,4.98
2002-03-04,1.81,5.02
2002-03-05,1.80,5.02
2002-03-06,1.78,5.06
2002-03-07,1.78,5.22
2002-03-08,1.81,5.33
2002-03-11,1.86,5.33
2002-03-12,1.84,5.32
2002-03-13,1.82,5.28
2002-03-14,1.86,5.40
2002-03-15,1.86,5.35
2002-03-18,1.88,5.32
2002-03-19,1.85,5.33
2002-03-20,1.84,5.40
2002-03-21,1.84,5.39
2002-03-22,1.84,5.40
2002-03-25,1.85,5.41
2002-03-26,1.81,5.35
2002-03-27,1.81,5.35
2002-03-28,1.79,5.42
2002-03-29,,
2002-04-01,1.79,5.44
2002-04-02,1.80,5.36
2002-04-03,1.79,5.30
2002-04-04,1.78,5.28
2002-04-05,1.76,5.22
2002-04-08,1.75,5.25
2002-04-09,1.73,5.22
2002-04-10,1.71,5.24
2002-04-11,1.72,5.22
2002-04-12,1.71,5.18
2002-04-15,1.72,5.15
2002-04-16,1.74,5.20
2002-04-17,1.73,5.24
2002-04-18,1.72,5.23
2002-04-19,1.73,5.21
2002-04-22,1.72,5.19
2002-04-23,1.73,5.18
2002-04-24,1.72,5.11
2002-04-25,1.74,5.10
2002-04-26,1.75,5.08
2002-04-29,1.78,5.13
2002-04-30,1.77,5.11
2002-05-01,1.77,5.08
2002-05-02,1.77,5.13
2002-05-03,1.76,5.08
2002-05-06,1.78,5.10
2002-05-07,1.76,5.09
2002-05-08,1.76,5.24
2002-05-09,1.77,5.20
2002-05-10,1.77,5.15
2002-05-13,1.79,5.23
2002-05-14,1.78,5.32
2002-05-15,1.76,5.28
2002-05-16,1.75,5.20
2002-05-17,1.76,5.27
2002-05-20,1.77,5.21
2002-05-21,1.75,5.18
2002-05-22,1.74,5.13
2002-05-23,1.74,5.16
2002-05-24,1.74,5.16
2002-05-27,,
2002-05-28,1.77,5.16
2002-05-29,1.75,5.11
2002-05-30,1.75,5.06
2002-05-31,1.74,5.08
2002-06-03,1.77,5.06
2002-06-04,1.76,5.04
2002-06-05,1.75,5.08
2002-06-06,1.74,5.04
2002-06-07,1.74,5.10
2002-06-10,1.76,5.07
2002-06-11,1.75,5.02
2002-06-12,1.74,4.98
2002-06-13,1.72,4.94
2002-06-14,1.71,4.83
2002-06-17,1.74,4.89
2002-06-18,1.73,4.88
2002-06-19,1.71,4.76
2002-06-20,1.73,4.85
2002-06-21,1.72,4.79
2002-06-24,1.74,4.87
2002-06-25,1.73,4.88
2002-06-26,1.70,4.75
2002-06-27,1.70,4.84
2002-06-28,1.70,4.86
2002-07-01,1.72,4.85
2002-07-02,1.72,4.77
2002-07-03,1.72,4.78
2002-07-04,,
2002-07-05,1.72,4.90
2002-07-08,1.73,4.84
2002-07-09,1.72,4.78
2002-07-10,1.72,4.66
2002-07-11,1.72,4.66
2002-07-12,1.71,4.63
2002-07-15,1.72,4.66
2002-07-16,1.72,4.75
2002-07-17,1.72,4.71
2002-07-18,1.72,4.66
2002-07-19,1.71,4.61
2002-07-22,1.70,4.51
2002-07-23,1.70,4.47
2002-07-24,1.69,4.49
2002-07-25,1.70,4.43
2002-07-26,1.69,4.43
2002-07-29,1.72,4.62
2002-07-30,1.72,4.65
2002-07-31,1.71,4.51
2002-08-01,1.68,4.47
2002-08-02,1.63,4.33
2002-08-05,1.64,4.29
2002-08-06,1.65,4.42
2002-08-07,1.59,4.35
2002-08-08,1.62,4.40
2002-08-09,1.62,4.27
2002-08-12,1.68,4.22
2002-08-13,1.63,4.12
2002-08-14,1.64,4.06
2002-08-15,1.62,4.17
2002-08-16,1.62,4.32
2002-08-19,1.67,4.29
2002-08-20,1.62,4.17
2002-08-21,1.63,4.20
2002-08-22,1.65,4.30
2002-08-23,1.65,4.25
2002-08-26,1.68,4.22
2002-08-27,1.68,4.29
2002-08-28,1.67,4.22
2002-08-29,1.68,4.16
2002-08-30,1.69,4.14
2002-09-02,,
2002-09-03,1.64,3.98
2002-09-04,1.63,3.96
2002-09-05,1.61,3.91
2002-09-06,1.66,4.05
2002-09-09,1.69,4.05
2002-09-10,1.68,4.00
2002-09-11,1.69,4.07
2002-09-12,1.69,3.98
2002-09-13,1.69,3.92
2002-09-16,1.71,3.90
2002-09-17,1.70,3.87
2002-09-18,1.68,3.86
2002-09-19,1.65,3.79
2002-09-20,1.65,3.79
2002-09-23,1.65,3.70
2002-09-24,1.65,3.69
2002-09-25,1.66,3.77
2002-09-26,1.65,3.79
2002-09-27,1.63,3.69
2002-09-30,1.57,3.63
2002-10-01,1.59,3.72
2002-10-02,1.58,3.71
2002-10-03,1.57,3.70
2002-10-04,1.61,3.69
2002-10-07,1.63,3.64
2002-10-08,1.61,3.65
2002-10-09,1.57,3.61
2002-10-10,1.58,3.68
2002-10-11,1.58,3.83
2002-10-14,,
2002-10-15,1.68,4.07
2002-10-16,1.66,4.06
2002-10-17,1.67,4.16
2002-10-18,1.67,4.14
2002-10-21,1.71,4.24
2002-10-22,1.69,4.27
2002-10-23,1.68,4.26
2002-10-24,1.65,4.16
2002-10-25,1.64,4.12
2002-10-28,1.59,4.10
2002-10-29,1.51,3.97
2002-10-30,1.51,3.99
2002-10-31,1.44,3.93
2002-11-01,1.43,4.01
2002-11-04,1.43,4.07
2002-11-05,1.42,4.10
2002-11-06,1.23,4.09
2002-11-07,1.22,3.88
2002-11-08,1.22,3.85
2002-11-11,,
2002-11-12,1.22,3.84
2002-11-13,1.21,3.84
2002-11-14,1.22,4.03
2002-11-15,1.22,4.05
2002-11-18,1.23,4.02
2002-11-19,1.21,3.99
2002-11-20,1.22,4.08
2002-11-21,1.22,4.14
2002-11-22,1.23,4.18
2002-11-25,1.24,4.19
2002-11-26,1.22,4.08
2002-11-27,1.23,4.26
2002-11-28,,
2002-11-29,1.22,4.22
2002-12-02,1.24,4.22
2002-12-03,1.23,4.24
2002-12-04,1.22,4.18
2002-12-05,1.22,4.13
2002-12-06,1.21,4.09
2002-12-09,1.23,4.06
2002-12-10,1.21,4.06
2002-12-11,1.21,4.01
2002-12-12,1.21,4.01
2002-12-13,1.21,4.07
2002-12-16,1.23,4.15
2002-12-17,1.22,4.13
2002-12-18,1.21,4.06
2002-12-19,1.21,3.96
2002-12-20,1.21,3.97
2002-12-23,1.19,3.98
2002-12-24,1.19,3.95
2002-12-25,,
2002-12-26,1.18,3.93
2002-12-27,1.16,3.83
2002-12-30,1.22,3.82
2002-12-31,1.22,3.83
2003-01-01,,
2003-01-02,1.22,4.07
2003-01-03,1.22,4.05
2003-01-06,1.21,4.09
2003-01-07,1.19,4.04
2003-01-08,1.19,4.00
2003-01-09,1.20,4.19
2003-01-10,1.20,4.16
2003-01-13,1.21,4.15
2003-01-14,1.19,4.10
2003-01-15,1.20,4.10
2003-01-16,1.18,4.10
2003-01-17,1.18,4.05
2003-01-20,,
2003-01-21,1.19,4.01
2003-01-22,1.17,3.95
2003-01-23,1.17,3.98
2003-01-24,1.16,3.94
2003-01-27,1.17,3.98
2003-01-28,1.18,4.00
2003-01-29,1.18,4.06
2003-01-30,1.18,4.00
2003-01-31,1.18,4.00
2003-02-03,1.18,4.01
2003-02-04,1.16,3.96
2003-02-05,1.18,4.02
2003-02-06,1.17,3.97
2003-02-07,1.17,3.96
2003-02-10,1.17,3.99
2003-02-11,1.18,3.98
2003-02-12,1.18,3.93
2003-02-13,1.17,3.89
2003-02-14,1.18,3.95
2003-02-17,,
2003-02-18,1.19,3.94
2003-02-19,1.18,3.88
2003-02-20,1.19,3.85
2003-02-21,1.19,3.90
2003-02-24,1.21,3.86
2003-02-25,1.20,3.81
2003-02-26,1.21,3.78
2003-02-27,1.21,3.76
2003-02-28,1.20,3.71
2003-03-03,1.20,3.68
2003-03-04,1.19,3.65
2003-03-05,1.18,3.63
2003-03-06,1.18,3.67
2003-03-07,1.12,3.63
2003-03-10,1.08,3.59
2003-03-11,1.10,3.60
2003-03-12,1.10,3.60
2003-03-13,1.12,3.74
2003-03-14,1.13,3.72
2003-03-17,1.15,3.82
2003-03-18,1.14,3.91
2003-03-19,1.16,3.98
2003-03-20,1.17,4.01
2003-03-21,1.18,4.11
2003-03-24,1.17,3.98
2003-03-25,1.18,3.97
2003-03-26,1.18,3.96
2003-03-27,1.16,3.95
2003-03-28,1.14,3.92
2003-03-31,1.14,3.83
2003-04-01,1.12,3.84
2003-04-02,1.13,3.94
2003-04-03,1.11,3.93
2003-04-04,1.11,3.96
2003-04-07,1.17,4.03
2003-04-08,1.15,3.95
2003-04-09,1.13,3.93
2003-04-10,1.14,3.95
2003-04-11,1.17,4.00
2003-04-14,1.20,4.04
2003-04-15,1.18,3.98
2003-04-16,1.17,3.96
2003-04-17,1.18,3.98
2003-04-18,,
2003-04-21,1.18,4.00
2003-04-22,1.18,4.01
2003-04-23,1.17,4.02
2003-04-24,1.15,3.93
2003-04-25,1.14,3.91
2003-04-28,1.14,3.92
2003-04-29,1.15,3.96
2003-04-30,1.13,3.89
2003-05-01,1.10,3.88
2003-05-02,1.12,3.94
2003-05-05,1.13,3.92
2003-05-06,1.10,3.84
2003-05-07,1.11,3.72
2003-05-08,1.09,3.70
2003-05-09,1.11,3.69
2003-05-12,1.10,3.64
2003-05-13,1.09,3.63
2003-05-14,1.06,3.53
2003-05-15,1.06,3.53
2003-05-16,1.05,3.46
2003-05-19,1.05,3.46
2003-05-20,1.04,3.38
2003-05-21,1.06,3.39
2003-05-22,1.08,3.34
2003-05-23,1.08,3.34
2003-05-26,,
2003-05-27,1.09,3.41
2003-05-28,1.12,3.44
2003-05-29,1.10,3.34
2003-05-30,1.11,3.37
2003-06-02,1.14,3.43
2003-06-03,1.08,3.34
2003-06-04,1.05,3.30
2003-06-05,1.04,3.34
2003-06-06,1.05,3.37
2003-06-09,1.03,3.29
2003-06-10,0.97,3.20
2003-06-11,0.94,3.21
2003-06-12,0.92,3.18
2003-06-13,0.86,3.13
2003-06-16,0.87,3.18
2003-06-17,0.90,3.27
2003-06-18,0.89,3.37
2003-06-19,0.81,3.35
2003-06-20,0.83,3.40
2003-06-23,0.85,3.32
2003-06-24,0.83,3.29
2003-06-25,0.92,3.38
2003-06-26,0.91,3.55
2003-06-27,0.87,3.58
2003-06-30,0.90,3.54
2003-07-01,0.89,3.56
2003-07-02,0.87,3.56
2003-07-03,0.87,3.67
2003-07-04,,
2003-07-07,0.92,3.74
2003-07-08,0.92,3.75
2003-07-09,0.90,3.73
2003-07-10,0.89,3.70
2003-07-11,0.89,3.66
2003-07-14,0.91,3.74
2003-07-15,0.92,3.94
2003-07-16,0.91,3.97
2003-07-17,0.90,3.98
2003-07-18,0.91,4.00
2003-07-21,0.93,4.19
2003-07-22,0.93,4.17
2003-07-23,0.93,4.12
2003-07-24,0.93,4.20
2003-07-25,0.93,4.22
2003-07-28,0.97,4.31
2003-07-29,0.99,4.42
2003-07-30,0.98,4.34
2003-07-31,0.96,4.49
2003-08-01,0.95,4.44
2003-08-04,0.97,4.35
2003-08-05,0.96,4.47
2003-08-06,0.95,4.32
2003-08-07,0.95,4.30
2003-08-08,0.96,4.27
2003-08-11,0.96,4.38
2003-08-12,0.95,4.37
2003-08-13,0.96,4.58
2003-08-14,0.96,4.55
2003-08-15,0.95,4.55
2003-08-18,0.96,4.49
2003-08-19,0.96,4.38
2003-08-20,0.96,4.45
2003-08-21,0.97,4.53
2003-08-22,0.98,4.48
2003-08-25,1.02,4.53
2003-08-26,1.01,4.50
2003-08-27,1.00,4.54
2003-08-28,0.99,4.42
2003-08-29,0.98,4.45
2003-09-01,,
2003-09-02,0.98,4.61
2003-09-03,0.97,4.60
2003-09-04,0.97,4.52
2003-09-05,0.96,4.35
2003-09-08,0.97,4.41
2003-09-09,0.96,4.37
2003-09-10,0.96,4.28
2003-09-11,0.96,4.35
2003-09-12,0.96,4.27
2003-09-15,0.96,4.28
2003-09-16,0.93,4.29
2003-09-17,0.95,4.20
2003-09-18,0.96,4.19
2003-09-19,0.95,4.17
2003-09-22,0.95,4.26
2003-09-23,0.93,4.24
2003-09-24,0.95,4.16
2003-09-25,0.94,4.12
2003-09-26,0.94,4.04
2003-09-29,0.96,4.09
2003-09-30,0.95,3.96
2003-10-01,0.95,3.96
2003-10-02,0.94,4.03
2003-10-03,0.94,4.21
2003-10-06,0.94,4.17
2003-10-07,0.92,4.27
2003-10-08,0.91,4.27
2003-10-09,0.91,4.32
2003-10-10,0.92,4.29
2003-10-13,,
2003-10-14,0.93,4.37
2003-10-15,0.93,4.43
2003-10-16,0.93,4.47
2003-10-17,0.93,4.41
2003-10-20,0.95,4.41
2003-10-21,0.93,4.38
2003-10-22,0.96,4.29
2003-10-23,0.96,4.34
2003-10-24,0.95,4.24
2003-10-27,0.98,4.30
2003-10-28,0.96,4.23
2003-10-29,0.96,4.31
2003-10-30,0.96,4.36
2003-10-31,0.96,4.33
2003-11-03,0.96,4.40
2003-11-04,0.95,4.33
2003-11-05,0.96,4.38
2003-11-06,0.96,4.45
2003-11-07,0.96,4.48
2003-11-10,0.97,4.49
2003-11-11,,
2003-11-12,0.95,4.44
2003-11-13,0.94,4.30
2003-11-14,0.95,4.22
2003-11-17,0.96,4.18
2003-11-18,0.96,4.17
2003-11-19,0.95,4.24
2003-11-20,0.95,4.16
2003-11-21,0.94,4.15
2003-11-24,0.96,4.23
2003-11-25,0.95,4.19
2003-11-26,0.94,4.25
2003-11-27,,
2003-11-28,0.93,4.34
2003-12-01,0.95,4.40
2003-12-02,0.94,4.38
2003-12-03,0.94,4.41
2003-12-04,0.93,4.38
2003-12-05,0.92,4.23
2003-12-08,0.93,4.29
2003-12-09,0.93,4.32
2003-12-10,0.93,4.30
2003-12-11,0.90,4.27
2003-12-12,0.91,4.26
2003-12-15,0.90,4.28
2003-12-16,0.91,4.24
2003-12-17,0.90,4.19
2003-12-18,0.89,4.16
2003-12-19,0.88,4.15
2003-12-22,0.90,4.18
2003-12-23,0.90,4.28
2003-12-24,0.90,4.20
2003-12-25,,
2003-12-26,0.87,4.17
2003-12-29,0.90,4.24
2003-12-30,0.94,4.29
2003-12-31,0.95,4.27
2004-01-01,,
2004-01-02,0.93,4.38
2004-01-05,0.91,4.41
2004-01-06,0.91,4.29
2004-01-07,0.91,4.27
2004-01-08,0.88,4.27
2004-01-09,0.87,4.11
2004-01-12,0.89,4.11
2004-01-13,0.89,4.05
2004-01-14,0.88,4.01
2004-01-15,0.88,3.99
2004-01-16,0.89,4.04
2004-01-19,,
2004-01-20,0.89,4.08
2004-01-21,0.89,4.05
2004-01-22,0.88,3.99
2004-01-23,0.90,4.09
2004-01-26,0.90,4.16
2004-01-27,0.91,4.11
2004-01-28,0.94,4.22
2004-01-29,0.94,4.22
2004-01-30,0.92,4.16
2004-02-02,0.94,4.18
2004-02-03,0.94,4.13
2004-02-04,0.94,4.15
2004-02-05,0.94,4.20
2004-02-06,0.93,4.12
2004-02-09,0.94,4.09
2004-02-10,0.95,4.13
2004-02-11,0.93,4.05
2004-02-12,0.93,4.10
2004-02-13,0.92,4.05
2004-02-16,,
2004-02-17,0.95,4.05
2004-02-18,0.94,4.05
2004-02-19,0.94,4.05
2004-02-20,0.94,4.10
2004-02-23,0.97,4.05
2004-02-24,0.97,4.04
2004-02-25,0.96,4.02
2004-02-26,0.96,4.05
2004-02-27,0.96,3.99
2004-03-01,0.97,4.00
2004-03-02,0.97,4.05
2004-03-03,0.97,4.07
2004-03-04,0.96,4.04
2004-03-05,0.94,3.85
2004-03-08,0.96,3.78
2004-03-09,0.96,3.73
2004-03-10,0.96,3.74
2004-03-11,0.97,3.74
2004-03-12,0.96,3.78
2004-03-15,0.96,3.78
2004-03-16,0.96,3.70
2004-03-17,0.93,3.71
2004-03-18,0.93,3.76
2004-03-19,0.94,3.80
2004-03-22,0.95,3.74
2004-03-23,0.95,3.73
2004-03-24,0.93,3.73
2004-03-25,0.94,3.75
2004-03-26,0.95,3.85
2004-03-29,0.96,3.91
2004-03-30,0.96,3.91
2004-03-31,0.95,3.86
2004-04-01,0.93,3.91
2004-04-02,0.95,4.15
2004-04-05,0.94,4.24
2004-04-06,0.94,4.19
2004-04-07,0.95,4.19
2004-04-08,0.93,4.21
2004-04-09,,
2004-04-12,0.94,4.25
2004-04-13,0.94,4.35
2004-04-14,0.95,4.40
2004-04-15,0.95,4.42
2004-04-16,0.94,4.37
2004-04-19,0.96,4.39
2004-04-20,0.97,4.43
2004-04-21,0.99,4.45
2004-04-22,0.97,4.40
2004-04-23,0.98,4.48
2004-04-26,0.99,4.46
2004-04-27,0.98,4.43
2004-04-28,0.97,4.50
2004-04-29,0.97,4.55
2004-04-30,0.98,4.53
2004-05-03,1.00,4.53
2004-05-04,1.00,4.56
2004-05-05,0.99,4.61
2004-05-06,1.00,4.63
2004-05-07,1.07,4.79
2004-05-10,1.08,4.81
2004-05-11,1.05,4.79
2004-05-12,1.04,4.83
2004-05-13,1.00,4.85
2004-05-14,0.99,4.79
2004-05-17,1.06,4.70
2004-05-18,1.05,4.74
2004-05-19,1.04,4.79
2004-05-20,1.03,4.72
2004-05-21,1.03,4.76
2004-05-24,1.07,4.75
2004-05-25,1.07,4.73
2004-05-26,1.08,4.67
2004-05-27,1.06,4.60
2004-05-28,1.08,4.66
2004-05-31,,
2004-06-01,1.17,4.71
2004-06-02,1.17,4.74
2004-06-03,1.17,4.71
2004-06-04,1.21,4.78
2004-06-07,1.24,4.78
2004-06-08,1.27,4.78
2004-06-09,1.27,4.82
2004-06-10,1.30,4.81
2004-06-11,,
2004-06-14,1.41,4.89
2004-06-15,1.34,4.69
2004-06-16,1.30,4.74
2004-06-17,1.28,4.71
2004-06-18,1.29,4.72
2004-06-21,1.33,4.70
2004-06-22,1.32,4.72
2004-06-23,1.29,4.71
2004-06-24,1.29,4.66
2004-06-25,1.31,4.66
2004-06-28,1.38,4.76
2004-06-29,1.38,4.70
2004-06-30,1.33,4.62
2004-07-01,1.22,4.57
2004-07-02,1.30,4.48
2004-07-05,,
2004-07-06,1.34,4.49
2004-07-07,1.30,4.50
2004-07-08,1.27,4.49
2004-07-09,1.28,4.49
2004-07-12,1.34,4.46
2004-07-13,1.34,4.50
2004-07-14,1.34,4.50
2004-07-15,1.35,4.50
2004-07-16,1.35,4.38
2004-07-19,1.35,4.38
2004-07-20,1.36,4.47
2004-07-21,1.35,4.50
2004-07-22,1.37,4.48
2004-07-23,1.38,4.45
2004-07-26,1.45,4.49
2004-07-27,1.46,4.62
2004-07-28,1.46,4.61
2004-07-29,1.45,4.60
2004-07-30,1.45,4.50
2004-08-02,1.50,4.48
2004-08-03,1.48,4.45
2004-08-04,1.49,4.45
2004-08-05,1.48,4.43
2004-08-06,1.44,4.24
2004-08-09,1.51,4.28
2004-08-10,1.50,4.32
2004-08-11,1.44,4.30
2004-08-12,1.43,4.27
2004-08-13,1.44,4.22
2004-08-16,1.49,4.26
2004-08-17,1.48,4.21
2004-08-18,1.49,4.23
2004-08-19,1.48,4.22
2004-08-20,1.49,4.24
2004-08-23,1.54,4.28
2004-08-24,1.54,4.28
2004-08-25,1.54,4.26
2004-08-26,1.55,4.22
2004-08-27,1.56,4.23
2004-08-30,1.61,4.19
2004-08-31,1.59,4.13
2004-09-01,1.58,4.13
2004-09-02,1.60,4.20
2004-09-03,1.65,4.30
2004-09-06,,
2004-09-07,1.66,4.26
2004-09-08,1.65,4.18
2004-09-09,1.64,4.22
2004-09-10,1.66,4.19
2004-09-13,1.66,4.16
2004-09-14,1.66,4.15
2004-09-15,1.67,4.18
2004-09-16,1.67,4.08
2004-09-17,1.71,4.14
2004-09-20,1.73,4.07
2004-09-21,1.72,4.05
2004-09-22,1.71,4.00
2004-09-23,1.72,4.02
2004-09-24,1.73,4.04
2004-09-27,1.74,4.01
2004-09-28,1.72,4.02
2004-09-29,1.72,4.10
2004-09-30,1.71,4.14
2004-10-01,1.71,4.21
2004-10-04,1.71,4.19
2004-10-05,1.71,4.18
2004-10-06,1.71,4.23
2004-10-07,1.70,4.26
2004-10-08,1.71,4.15
2004-10-11,,
2004-10-12,1.72,4.12
2004-10-13,1.72,4.09
2004-10-14,1.74,4.03
2004-10-15,1.76,4.07
2004-10-18,1.81,4.07
2004-10-19,1.82,4.07
2004-10-20,1.82,4.01
2004-10-21,1.85,4.01
2004-10-22,1.85,4.00
2004-10-25,1.90,3.99
2004-10-26,1.91,4.01
2004-10-27,1.92,4.11
2004-10-28,1.91,4.09
2004-10-29,1.91,4.05
2004-11-01,1.99,4.11
2004-11-02,1.97,4.10
2004-11-03,1.96,4.09
2004-11-04,1.98,4.10
2004-11-05,2.03,4.21
2004-11-08,2.07,4.22
2004-11-09,2.08,4.22
2004-11-10,2.08,4.25
2004-11-11,,
2004-11-12,2.08,4.20
2004-11-15,2.12,4.20
2004-11-16,2.14,4.21
2004-11-17,2.13,4.14
2004-11-18,2.13,4.12
2004-11-19,2.15,4.20
2004-11-22,2.20,4.18
2004-11-23,2.19,4.19
2004-11-24,2.18,4.20
2004-11-25,,
2004-11-26,2.21,4.24
2004-11-29,2.23,4.34
2004-11-30,2.23,4.36
2004-12-01,2.22,4.38
2004-12-02,2.22,4.40
2004-12-03,2.21,4.27
2004-12-06,2.25,4.24
2004-12-07,2.25,4.23
2004-12-08,2.24,4.14
2004-12-09,2.24,4.19
2004-12-10,2.25,4.16
2004-12-13,2.24,4.16
2004-12-14,2.21,4.14
2004-12-15,2.21,4.09
2004-12-16,2.20,4.19
2004-12-17,2.20,4.21
2004-12-20,2.22,4.21
2004-12-21,2.20,4.18
2004-12-22,2.18,4.21
2004-12-23,2.19,4.23
2004-12-24,,
2004-12-27,2.26,4.30
2004-12-28,2.25,4.31
2004-12-29,2.22,4.33
2004-12-30,2.22,4.27
2004-12-31,2.22,4.24
2005-01-03,2.32,4.23
2005-01-04,2.33,4.29
2005-01-05,2.33,4.29
2005-01-06,2.31,4.29
2005-01-07,2.32,4.29
2005-01-10,2.36,4.29
2005-01-11,2.34,4.26
2005-01-12,2.34,4.25
2005-01-13,2.35,4.20
2005-01-14,2.37,4.23
2005-01-17,,
2005-01-18,2.39,4.21
2005-01-19,2.37,4.20
2005-01-20,2.35,4.17
2005-01-21,2.36,4.16
2005-01-24,2.37,4.14
2005-01-25,2.39,4.20
2005-01-26,2.41,4.21
2005-01-27,2.44,4.22
2005-01-28,2.46,4.16
2005-01-31,2.51,4.14
2005-02-01,2.51,4.15
2005-02-02,2.51,4.15
2005-02-03,2.48,4.18
2005-02-04,2.47,4.09
2005-02-07,2.51,4.07
2005-02-08,2.49,4.05
2005-02-09,2.51,4.00
2005-02-10,2.51,4.07
2005-02-11,2.55,4.10
2005-02-14,2.59,4.08
2005-02-15,2.59,4.10
2005-02-16,2.57,4.16
2005-02-17,2.58,4.19
2005-02-18,2.61,4.27
2005-02-21,,
2005-02-22,2.67,4.29
2005-02-23,2.67,4.27
2005-02-24,2.69,4.29
2005-02-25,2.74,4.27
2005-02-28,2.76,4.36
2005-03-01,2.75,4.38
2005-03-02,2.74,4.38
2005-03-03,2.76,4.39
2005-03-04,2.76,4.32
2005-03-07,2.76,4.31
2005-03-08,2.75,4.38
2005-03-09,2.76,4.52
2005-03-10,2.75,4.48
2005-03-11,2.76,4.56
2005-03-14,2.80,4.52
2005-03-15,2.81,4.54
2005-03-16,2.80,4.52
2005-03-17,2.79,4.47
2005-03-18,2.81,4.51
2005-03-21,2.85,4.53
2005-03-22,2.89,4.63
2005-03-23,2.83,4.61
2005-03-24,2.84,4.60
2005-03-25,,
2005-03-28,2.84,4.64
2005-03-29,2.84,4.60
2005-03-30,2.83,4.56
2005-03-31,2.79,4.50
2005-04-01,2.80,4.46
2005-04-04,2.80,4.47
2005-04-05,2.79,4.48
2005-04-06,2.76,4.44
2005-04-07,2.77,4.49
2005-04-08,2.79,4.50
2005-04-11,2.76,4.45
2005-04-12,2.76,4.38
2005-04-13,2.77,4.38
2005-04-14,2.78,4.37
2005-04-15,2.79,4.27
2005-04-18,2.90,4.27
2005-04-19,2.91,4.21
2005-04-20,2.87,4.22
2005-04-21,2.88,4.32
2005-04-22,2.93,4.26
2005-04-25,2.93,4.26
2005-04-26,2.91,4.28
2005-04-27,2.89,4.25
2005-04-28,2.88,4.19
2005-04-29,2.90,4.21
2005-05-02,2.93,4.21
2005-05-03,2.91,4.21
2005-05-04,2.87,4.20
2005-05-05,2.81,4.19
2005-05-06,2.87,4.28
2005-05-09,2.91,4.29
2005-05-10,2.90,4.23
2005-05-11,2.87,4.21
2005-05-12,2.88,4.18
2005-05-13,2.83,4.12
2005-05-16,2.89,4.13
2005-05-17,2.88,4.12
2005-05-18,2.86,4.07
2005-05-19,2.87,4.11
2005-05-20,2.90,4.13
2005-05-23,2.97,4.07
2005-05-24,2.94,4.04
2005-05-25,2.95,4.08
2005-05-26,2.94,4.08
2005-05-27,2.97,4.08
2005-05-30,,
2005-05-31,2.99,4.00
2005-06-01,2.97,3.91
2005-06-02,2.97,3.89
2005-06-03,3.01,3.98
2005-06-06,3.02,3.96
2005-06-07,3.02,3.92
2005-06-08,3.02,3.95
2005-06-09,2.99,3.98
2005-06-10,3.01,4.05
2005-06-13,3.03,4.09
2005-06-14,3.01,4.13
2005-06-15,3.00,4.12
2005-06-16,2.98,4.09
2005-06-17,2.99,4.09
2005-06-20,3.02,4.11
2005-06-21,3.02,4.06
2005-06-22,3.03,3.95
2005-06-23,3.07,3.96
2005-06-24,3.09,3.92
2005-06-27,3.15,3.90
2005-06-28,3.14,3.97
2005-06-29,3.13,3.99
2005-06-30,3.13,3.94
2005-07-01,3.17,4.06
2005-07-04,,
2005-07-05,3.22,4.11
2005-07-06,3.19,4.08
2005-07-07,3.15,4.05
2005-07-08,3.17,4.11
2005-07-11,3.19,4.11
2005-07-12,3.21,4.15
2005-07-13,3.22,4.17
2005-07-14,3.23,4.19
2005-07-15,3.26,4.18
2005-07-18,3.30,4.22
2005-07-19,3.31,4.20
2005-07-20,3.30,4.17
2005-07-21,3.35,4.28
2005-07-22,3.38,4.23
2005-07-25,3.44,4.25
2005-07-26,3.43,4.24
2005-07-27,3.40,4.27
2005-07-28,3.41,4.20
2005-07-29,3.42,4.28
2005-08-01,3.48,4.32
2005-08-02,3.49,4.34
2005-08-03,3.46,4.30
2005-08-04,3.47,4.32
2005-08-05,3.52,4.40
2005-08-08,3.54,4.42
2005-08-09,3.52,4.41
2005-08-10,3.51,4.40
2005-08-11,3.51,4.32
2005-08-12,3.52,4.24
2005-08-15,3.54,4.27
2005-08-16,3.54,4.23
2005-08-17,3.52,4.28
2005-08-18,3.50,4.21
2005-08-19,3.52,4.21
2005-08-22,3.53,4.22
2005-08-23,3.53,4.20
2005-08-24,3.53,4.19
2005-08-25,3.54,4.18
2005-08-26,3.55,4.20
2005-08-29,3.54,4.20
2005-08-30,3.54,4.16
2005-08-31,3.52,4.02
2005-09-01,3.48,4.02
2005-09-02,3.46,4.03
2005-09-05,,
2005-09-06,3.52,4.09
2005-09-07,3.49,4.15
2005-09-08,3.48,4.15
2005-09-09,3.49,4.14
2005-09-12,3.51,4.18
2005-09-13,3.47,4.14
2005-09-14,3.42,4.17
2005-09-15,3.45,4.22
2005-09-16,3.50,4.26
2005-09-19,3.58,4.25
2005-09-20,3.61,4.26
2005-09-21,3.41,4.19
2005-09-22,3.47,4.19
2005-09-23,3.48,4.25
2005-09-26,3.52,4.30
2005-09-27,3.49,4.30
2005-09-28,3.46,4.26
2005-09-29,3.54,4.29
2005-09-30,3.55,4.34
2005-10-03,3.61,4.39
2005-10-04,3.63,4.38
2005-10-05,3.58,4.36
2005-10-06,3.61,4.37
2005-10-07,3.63,4.35
2005-10-10,,
2005-10-11,3.73,4.39
2005-10-12,3.70,4.45
2005-10-13,3.75,4.48
2005-10-14,3.78,4.48
2005-10-17,3.86,4.50
2005-10-18,3.85,4.49
2005-10-19,3.86,4.47
2005-10-20,3.85,4.46
2005-10-21,3.87,4.39
2005-10-24,3.92,4.45
2005-10-25,3.93,4.54
2005-10-26,3.90,4.60
2005-10-27,3.88,4.57
2005-10-28,3.93,4.58
2005-10-31,3.98,4.57
2005-11-01,3.96,4.58
2005-11-02,3.94,4.61
2005-11-03,3.94,4.65
2005-11-04,3.98,4.66
2005-11-07,3.96,4.65
2005-11-08,3.96,4.57
2005-11-09,3.99,4.64
2005-11-10,3.97,4.55
2005-11-11,,
2005-11-14,4.02,4.61
2005-11-15,4.01,4.56
2005-11-16,4.00,4.49
2005-11-17,4.01,4.46
2005-11-18,4.01,4.50
2005-11-21,4.00,4.46
2005-11-22,3.93,4.43
2005-11-23,3.95,4.47
2005-11-24,,
2005-11-25,3.95,4.43
2005-11-28,3.98,4.41
2005-11-29,3.98,4.48
2005-11-30,3.95,4.49
2005-12-01,3.97,4.52
2005-12-02,3.99,4.52
2005-12-05,4.04,4.57
2005-12-06,4.04,4.49
2005-12-07,4.03,4.52
2005-12-08,3.94,4.47
2005-12-09,3.94,4.54
2005-12-12,3.90,4.56
2005-12-13,3.91,4.54
2005-12-14,3.89,4.45
2005-12-15,3.93,4.47
2005-12-16,3.93,4.45
2005-12-19,3.96,4.45
2005-12-20,3.95,4.47
2005-12-21,3.98,4.49
2005-12-22,3.98,4.44
2005-12-23,3.99,4.38
2005-12-26,,
2005-12-27,3.98,4.34
2005-12-28,3.95,4.38
2005-12-29,4.01,4.37
2005-12-30,4.08,4.39
2006-01-02,,
2006-01-03,4.16,4.37
2006-01-04,4.19,4.36
2006-01-05,4.20,4.36
2006-01-06,4.22,4.38
2006-01-09,4.23,4.38
2006-01-10,4.29,4.43
2006-01-11,4.30,4.46
2006-01-12,4.32,4.42
2006-01-13,4.33,4.36
2006-01-16,,
2006-01-17,4.38,4.34
2006-01-18,4.35,4.34
2006-01-19,4.35,4.38
2006-01-20,4.35,4.37
2006-01-23,4.38,4.36
2006-01-24,4.40,4.40
2006-01-25,4.42,4.49
2006-01-26,4.45,4.53
2006-01-27,4.45,4.52
2006-01-30,4.48,4.54
2006-01-31,4.47,4.53
2006-02-01,4.47,4.57
2006-02-02,4.48,4.57
2006-02-03,4.48,4.54
2006-02-06,4.48,4.55
2006-02-07,4.49,4.57
2006-02-08,4.50,4.56
2006-02-09,4.52,4.54
2006-02-10,4.53,4.59
2006-02-13,4.55,4.58
2006-02-14,4.55,4.62
2006-02-15,4.55,4.61
2006-02-16,4.55,4.59
2006-02-17,4.54,4.54
2006-02-20,,
2006-02-21,4.56,4.57
2006-02-22,4.57,4.53
2006-02-23,4.59,4.56
2006-02-24,4.60,4.58
2006-02-27,4.62,4.59
2006-02-28,4.62,4.55
2006-03-01,4.60,4.59
2006-03-02,4.62,4.64
2006-03-03,4.62,4.68
2006-03-06,4.60,4.74
2006-03-07,4.60,4.74
2006-03-08,4.58,4.73
2006-03-09,4.60,4.74
2006-03-10,4.62,4.76
2006-03-13,4.61,4.77
2006-03-14,4.59,4.71
2006-03-15,4.63,4.73
2006-03-16,4.62,4.65
2006-03-17,4.64,4.68
2006-03-20,4.66,4.66
2006-03-21,4.69,4.71
2006-03-22,4.69,4.70
2006-03-23,4.67,4.73
2006-03-24,4.65,4.67
2006-03-27,4.63,4.70
2006-03-28,4.65,4.79
2006-03-29,4.63,4.81
2006-03-30,4.61,4.86
2006-03-31,4.63,4.86
2006-04-03,4.67,4.88
2006-04-04,4.68,4.87
2006-04-05,4.67,4.84
2006-04-06,4.68,4.90
2006-04-07,4.69,4.97
2006-04-10,4.69,4.97
2006-04-11,4.70,4.93
2006-04-12,4.70,4.98
2006-04-13,4.70,5.05
2006-04-14,,
2006-04-17,4.72,5.01
2006-04-18,4.72,4.99
2006-04-19,4.73,5.04
2006-04-20,4.73,5.04
2006-04-21,4.75,5.01
2006-04-24,4.75,4.99
2006-04-25,4.79,5.07
2006-04-26,4.79,5.12
2006-04-27,4.78,5.09
2006-04-28,4.77,5.07
2006-05-01,4.82,5.14
2006-05-02,4.81,5.12
2006-05-03,4.82,5.15
2006-05-04,4.80,5.16
2006-05-05,4.83,5.12
2006-05-08,4.87,5.12
2006-05-09,4.88,5.13
2006-05-10,4.88,5.13
2006-05-11,4.82,5.14
2006-05-12,4.85,5.19
2006-05-15,4.86,5.15
2006-05-16,4.83,5.10
2006-05-17,4.83,5.16
2006-05-18,4.83,5.08
2006-05-19,4.82,5.05
2006-05-22,4.83,5.04
2006-05-23,4.84,5.07
2006-05-24,4.82,5.03
2006-05-25,4.82,5.07
2006-05-26,4.84,5.06
2006-05-29,,
2006-05-30,4.84,5.09
2006-05-31,4.86,5.12
2006-06-01,4.83,5.11
2006-06-02,4.81,5.00
2006-06-05,4.85,5.02
2006-06-06,4.86,5.01
2006-06-07,4.86,5.02
2006-06-08,4.87,5.00
2006-06-09,4.88,4.98
2006-06-12,4.93,4.99
2006-06-13,4.89,4.97
2006-06-14,4.90,5.05
2006-06-15,4.85,5.10
2006-06-16,4.88,5.13
2006-06-19,4.93,5.14
2006-06-20,4.92,5.15
2006-06-21,4.92,5.16
2006-06-22,4.92,5.20
2006-06-23,4.98,5.23
2006-06-26,5.03,5.25
2006-06-27,5.05,5.21
2006-06-28,5.01,5.25
2006-06-29,5.01,5.22
2006-06-30,5.01,5.15
2006-07-03,5.08,5.15
2006-07-04,,
2006-07-05,5.01,5.23
2006-07-06,5.00,5.19
2006-07-07,5.02,5.14
2006-07-10,5.06,5.13
2006-07-11,5.05,5.10
2006-07-12,5.06,5.10
2006-07-13,5.05,5.08
2006-07-14,5.06,5.07
2006-07-17,5.11,5.07
2006-07-18,5.13,5.13
2006-07-19,5.11,5.06
2006-07-20,5.08,5.03
2006-07-21,5.10,5.05
2006-07-24,5.10,5.05
2006-07-25,5.13,5.07
2006-07-26,5.11,5.04
2006-07-27,5.10,5.07
2006-07-28,5.07,5.00
2006-07-31,5.10,4.99
2006-08-01,5.12,4.99
2006-08-02,5.10,4.96
2006-08-03,5.11,4.96
2006-08-04,5.09,4.91
2006-08-07,5.12,4.93
2006-08-08,5.10,4.93
2006-08-09,5.07,4.92
2006-08-10,5.05,4.93
2006-08-11,5.07,4.97
2006-08-14,5.12,5.00
2006-08-15,5.10,4.93
2006-08-16,5.07,4.87
2006-08-17,5.09,4.87
2006-08-18,5.10,4.84
2006-08-21,5.11,4.82
2006-08-22,5.10,4.82
2006-08-23,5.09,4.82
2006-08-24,5.09,4.81
2006-08-25,5.11,4.79
2006-08-28,5.10,4.80
2006-08-29,5.07,4.79
2006-08-30,5.05,4.76
2006-08-31,5.05,4.74
2006-09-01,5.02,4.73
2006-09-04,,
2006-09-05,5.00,4.78
2006-09-06,4.97,4.80
2006-09-07,4.97,4.80
2006-09-08,4.93,4.78
2006-09-11,4.93,4.80
2006-09-12,4.90,4.78
2006-09-13,4.91,4.77
2006-09-14,4.95,4.79
2006-09-15,4.96,4.80
2006-09-18,4.94,4.81
2006-09-19,4.94,4.74
2006-09-20,4.93,4.73
2006-09-21,4.92,4.65
2006-09-22,4.93,4.60
2006-09-25,4.88,4.56
2006-09-26,4.88,4.59
2006-09-27,4.88,4.60
2006-09-28,4.87,4.63
2006-09-29,4.89,4.64
2006-10-02,4.88,4.62
2006-10-03,4.90,4.62
2006-10-04,4.93,4.57
2006-10-05,4.94,4.61
2006-10-06,4.95,4.70
2006-10-09,,
2006-10-10,5.00,4.75
2006-10-11,5.02,4.78
2006-10-12,5.06,4.79
2006-10-13,5.05,4.81
2006-10-16,5.09,4.79
2006-10-17,5.09,4.78
2006-10-18,5.09,4.77
2006-10-19,5.10,4.79
2006-10-20,5.09,4.79
2006-10-23,5.12,4.83
2006-10-24,5.13,4.83
2006-10-25,5.12,4.78
2006-10-26,5.12,4.73
2006-10-27,5.11,4.68
2006-10-30,5.10,4.68
2006-10-31,5.08,4.61
2006-11-01,5.07,4.57
2006-11-02,5.07,4.60
2006-11-03,5.09,4.72
2006-11-06,5.09,4.71
2006-11-07,5.08,4.66
2006-11-08,5.10,4.64
2006-11-09,5.09,4.62
2006-11-10,5.10,4.59
2006-11-13,5.09,4.61
2006-11-14,5.09,4.57
2006-11-15,5.09,4.61
2006-11-16,5.09,4.66
2006-11-17,5.09,4.61
2006-11-20,5.08,4.60
2006-11-21,5.07,4.58
2006-11-22,5.05,4.57
2006-11-23,,
2006-11-24,5.04,4.55
2006-11-27,5.05,4.54
2006-11-28,5.04,4.51
2006-11-29,5.04,4.52
2006-11-30,5.03,4.46
2006-12-01,5.03,4.43
2006-12-04,5.01,4.43
2006-12-05,4.99,4.45
2006-12-06,4.99,4.48
2006-12-07,4.98,4.49
2006-12-08,4.97,4.56
2006-12-11,4.93,4.52
2006-12-12,4.93,4.49
2006-12-13,4.94,4.58
2006-12-14,4.96,4.60
2006-12-15,4.91,4.60
2006-12-18,4.96,4.60
2006-12-19,4.96,4.60
2006-12-20,4.96,4.60
2006-12-21,4.97,4.55
2006-12-22,4.99,4.63
2006-12-25,,
2006-12-26,4.99,4.61
2006-12-27,4.97,4.66
2006-12-28,5.00,4.70
2006-12-29,5.02,4.71
2007-01-01,,
2007-01-02,5.07,4.68
2007-01-03,5.05,4.67
2007-01-04,5.04,4.62
2007-01-05,5.05,4.65
2007-01-08,5.08,4.66
2007-01-09,5.08,4.66
2007-01-10,5.09,4.69
2007-01-11,5.11,4.74
2007-01-12,5.09,4.77
2007-01-15,,
2007-01-16,5.11,4.75
2007-01-17,5.12,4.79
2007-01-18,5.12,4.75
2007-01-19,5.14,4.78
2007-01-22,5.13,4.76
2007-01-23,5.14,4.81
2007-01-24,5.13,4.81
2007-01-25,5.14,4.87
2007-01-26,5.13,4.88
2007-01-29,5.14,4.90
2007-01-30,5.13,4.88
2007-01-31,5.12,4.83
2007-02-01,5.13,4.84
2007-02-02,5.14,4.83
2007-02-05,5.15,4.81
2007-02-06,5.14,4.77
2007-02-07,5.15,4.74
2007-02-08,5.16,4.73
2007-02-09,5.15,4.79
2007-02-12,5.18,4.80
2007-02-13,5.17,4.82
2007-02-14,5.16,4.74
2007-02-15,5.17,4.70
2007-02-16,5.17,4.69
2007-02-19,,
2007-02-20,5.19,4.68
2007-02-21,5.18,4.69
2007-02-22,5.19,4.73
2007-02-23,5.18,4.68
2007-02-26,5.19,4.63
2007-02-27,5.14,4.50
2007-02-28,5.16,4.56
2007-03-01,5.15,4.56
2007-03-02,5.12,4.52
2007-03-05,5.10,4.51
2007-03-06,5.14,4.53
2007-03-07,5.12,4.50
2007-03-08,5.10,4.51
2007-03-09,5.10,4.59
2007-03-12,5.09,4.56
2007-03-13,5.09,4.50
2007-03-14,5.06,4.53
2007-03-15,5.05,4.54
2007-03-16,5.04,4.55
2007-03-19,5.06,4.58
2007-03-20,5.06,4.56
2007-03-21,5.05,4.53
2007-03-22,5.06,4.60
2007-03-23,5.08,4.62
2007-03-26,5.06,4.60
2007-03-27,5.08,4.62
2007-03-28,5.06,4.62
2007-03-29,5.05,4.64
2007-03-30,5.04,4.65
2007-04-02,5.04,4.65
2007-04-03,5.05,4.67
2007-04-04,5.07,4.66
2007-04-05,5.04,4.68
2007-04-06,5.05,4.76
2007-04-09,5.02,4.75
2007-04-10,5.03,4.73
2007-04-11,5.04,4.74
2007-04-12,5.03,4.74
2007-04-13,5.02,4.76
2007-04-16,5.01,4.74
2007-04-17,5.01,4.69
2007-04-18,5.00,4.66
2007-04-19,4.99,4.68
2007-04-20,4.99,4.68
2007-04-23,4.98,4.66
2007-04-24,4.98,4.63
2007-04-25,4.97,4.66
2007-04-26,4.96,4.69
2007-04-27,4.95,4.71
2007-04-30,4.91,4.63
2007-05-01,4.90,4.64
2007-05-02,4.91,4.65
2007-05-03,4.90,4.68
2007-05-04,4.90,4.65
2007-05-07,4.89,4.64
2007-05-08,4.90,4.63
2007-05-09,4.88,4.67
2007-05-10,4.87,4.65
2007-05-11,4.87,4.67
2007-05-14,4.85,4.69
2007-05-15,4.83,4.71
2007-05-16,4.75,4.71
2007-05-17,4.81,4.76
2007-05-18,4.84,4.81
2007-05-21,4.88,4.79
2007-05-22,4.93,4.83
2007-05-23,4.91,4.86
2007-05-24,4.91,4.86
2007-05-25,4.88,4.86
2007-05-28,,
2007-05-29,4.90,4.88
2007-05-30,4.85,4.88
2007-05-31,4.73,4.90
2007-06-01,4.79,4.95
2007-06-04,4.81,4.93
2007-06-05,4.83,4.98
2007-06-06,4.80,4.97
2007-06-07,4.80,5.11
2007-06-08,4.77,5.12
2007-06-11,4.73,5.14
2007-06-12,4.72,5.26
2007-06-13,4.66,5.20
2007-06-14,4.65,5.23
2007-06-15,4.56,5.16
2007-06-18,4.63,5.15
2007-06-19,4.65,5.09
2007-06-20,4.74,5.14
2007-06-21,4.70,5.16
2007-06-22,4.73,5.14
2007-06-25,4.82,5.09
2007-06-26,4.82,5.10
2007-06-27,4.77,5.09
2007-06-28,4.78,5.12
2007-06-29,4.82,5.03
2007-07-02,4.95,5.00
2007-07-03,4.95,5.05
2007-07-04,,
2007-07-05,4.95,5.16
2007-07-06,4.95,5.19
2007-07-09,4.97,5.16
2007-07-10,4.95,5.03
2007-07-11,4.95,5.09
2007-07-12,4.97,5.13
2007-07-13,4.97,5.11
2007-07-16,4.98,5.05
2007-07-17,4.96,5.08
2007-07-18,4.96,5.02
2007-07-19,4.98,5.04
2007-07-20,4.97,4.96
2007-07-23,5.02,4.97
2007-07-24,5.02,4.94
2007-07-25,4.99,4.92
2007-07-26,4.92,4.79
2007-07-27,4.85,4.80
2007-07-30,4.96,4.82
2007-07-31,4.96,4.78
2007-08-01,4.89,4.76
2007-08-02,4.89,4.77
2007-08-03,4.85,4.71
2007-08-06,4.88,4.72
2007-08-07,4.94,4.77
2007-08-08,4.95,4.84
2007-08-09,4.81,4.79
2007-08-10,4.57,4.81
2007-08-13,4.74,4.78
2007-08-14,4.64,4.73
2007-08-15,4.21,4.69
2007-08-16,3.79,4.60
2007-08-17,3.76,4.68
2007-08-20,3.12,4.64
2007-08-21,3.59,4.60
2007-08-22,3.67,4.63
2007-08-23,3.89,4.62
2007-08-24,4.24,4.63
2007-08-27,4.63,4.60
2007-08-28,4.40,4.53
2007-08-29,3.98,4.57
2007-08-30,3.84,4.51
2007-08-31,4.01,4.54
2007-09-03,,
2007-09-04,4.47,4.56
2007-09-05,4.36,4.48
2007-09-06,4.29,4.51
2007-09-07,4.07,4.38
2007-09-10,3.96,4.34
2007-09-11,4.11,4.37
2007-09-12,4.03,4.41
2007-09-13,4.08,4.49
2007-09-14,4.01,4.47
2007-09-17,4.15,4.48
2007-09-18,4.01,4.50
2007-09-19,3.93,4.53
2007-09-20,3.79,4.69
2007-09-21,3.74,4.64
2007-09-24,3.84,4.63
2007-09-25,3.79,4.63
2007-09-26,3.73,4.63
2007-09-27,3.71,4.58
2007-09-28,3.82,4.59
2007-10-01,3.92,4.56
2007-10-02,3.96,4.54
2007-10-03,3.96,4.55
2007-10-04,3.96,4.54
2007-10-05,4.00,4.65
2007-10-08,,
2007-10-09,4.06,4.67
2007-10-10,4.06,4.65
2007-10-11,4.12,4.66
2007-10-12,4.20,4.70
2007-10-15,4.30,4.69
2007-10-16,4.25,4.66
2007-10-17,4.01,4.57
2007-10-18,3.76,4.52
2007-10-19,3.86,4.41
2007-10-22,4.00,4.42
2007-10-23,3.98,4.41
2007-10-24,3.85,4.36
2007-10-25,3.94,4.37
2007-10-26,3.96,4.41
2007-10-29,4.01,4.39
2007-10-30,3.96,4.40
2007-10-31,3.94,4.48
2007-11-01,3.81,4.36
2007-11-02,3.61,4.31
2007-11-05,3.71,4.35
2007-11-06,3.76,4.38
2007-11-07,3.49,4.34
2007-11-08,3.38,4.28
2007-11-09,3.27,4.23
2007-11-12,,
2007-11-13,3.50,4.26
2007-11-14,3.41,4.28
2007-11-15,3.30,4.17
2007-11-16,3.40,4.15
2007-11-19,3.40,4.07
2007-11-20,3.25,4.06
2007-11-21,3.09,4.00
2007-11-22,,
2007-11-23,3.23,4.01
2007-11-26,3.13,3.83
2007-11-27,3.16,3.95
2007-11-28,3.05,4.03
2007-11-29,2.99,3.94
2007-11-30,3.15,3.97
2007-12-03,3.06,3.89
2007-12-04,3.07,3.89
2007-12-05,3.07,3.92
2007-12-06,3.09,4.02
2007-12-07,3.12,4.12
2007-12-10,3.05,4.15
2007-12-11,2.94,3.98
2007-12-12,2.88,4.05
2007-12-13,2.87,4.18
2007-12-14,2.88,4.24
2007-12-17,3.07,4.20
2007-12-18,3.04,4.14
2007-12-19,2.91,4.06
2007-12-20,2.92,4.04
2007-12-21,3.00,4.18
2007-12-24,3.33,4.23
2007-12-25,,
2007-12-26,3.32,4.30
2007-12-27,3.17,4.21
2007-12-28,3.18,4.11
2007-12-31,3.36,4.04
2008-01-01,,
2008-01-02,3.26,3.91
2008-01-03,3.24,3.91
2008-01-04,3.20,3.88
2008-01-07,3.27,3.86
2008-01-08,3.25,3.86
2008-01-09,3.22,3.82
2008-01-10,3.24,3.91
2008-01-11,3.09,3.82
2008-01-14,3.19,3.81
2008-01-15,3.17,3.72
2008-01-16,3.14,3.74
2008-01-17,3.07,3.66
2008-01-18,2.86,3.66
2008-01-21,,
2008-01-22,2.35,3.52
2008-01-23,2.21,3.51
2008-01-24,2.37,3.68
2008-01-25,2.30,3.61
2008-01-28,2.34,3.61
2008-01-29,2.28,3.69
2008-01-30,2.21,3.78
2008-01-31,1.96,3.67
2008-02-01,2.10,3.62
2008-02-04,2.27,3.68
2008-02-05,2.19,3.61
2008-02-06,2.10,3.61
2008-02-07,2.17,3.74
2008-02-08,2.23,3.64
2008-02-11,2.31,3.62
2008-02-12,2.31,3.66
2008-02-13,2.28,3.70
2008-02-14,2.31,3.85
2008-02-15,2.21,3.76
2008-02-18,,
2008-02-19,2.28,3.89
2008-02-20,2.25,3.93
2008-02-21,2.20,3.77
2008-02-22,2.20,3.79
2008-02-25,2.20,3.91
2008-02-26,2.14,3.88
2008-02-27,1.98,3.85
2008-02-28,1.90,3.71
2008-02-29,1.85,3.53
2008-03-03,1.70,3.54
2008-03-04,1.66,3.63
2008-03-05,1.53,3.70
2008-03-06,1.39,3.62
2008-03-07,1.45,3.56
2008-03-10,1.35,3.46
2008-03-11,1.48,3.60
2008-03-12,1.48,3.49
2008-03-13,1.35,3.56
2008-03-14,1.18,3.44
2008-03-17,1.11,3.34
2008-03-18,0.92,3.48
2008-03-19,0.61,3.38
2008-03-20,0.63,3.34
2008-03-21,,
2008-03-24,1.24,3.56
2008-03-25,1.29,3.51
2008-03-26,1.29,3.51
2008-03-27,1.30,3.56
2008-03-28,1.33,3.47
2008-03-31,1.38,3.45
2008-04-01,1.40,3.57
2008-04-02,1.41,3.60
2008-04-03,1.40,3.61
2008-04-04,1.35,3.50
2008-04-07,1.45,3.57
2008-04-08,1.41,3.58
2008-04-09,1.31,3.49
2008-04-10,1.27,3.55
2008-04-11,1.19,3.49
2008-04-14,1.08,3.53
2008-04-15,1.10,3.60
2008-04-16,1.12,3.72
2008-04-17,1.23,3.75
2008-04-18,1.35,3.77
2008-04-21,1.34,3.75
2008-04-22,1.27,3.74
2008-04-23,1.26,3.77
2008-04-24,1.26,3.87
2008-04-25,1.34,3.91
2008-04-28,1.43,3.86
2008-04-29,1.46,3.85
2008-04-30,1.43,3.77
2008-05-01,1.45,3.78
2008-05-02,1.50,3.89
2008-05-05,1.53,3.88
2008-05-06,1.63,3.93
2008-05-07,1.67,3.87
2008-05-08,1.66,3.79
2008-05-09,1.69,3.77
2008-05-12,1.77,3.78
2008-05-13,1.83,3.90
2008-05-14,1.82,3.92
2008-05-15,1.83,3.83
2008-05-16,1.84,3.85
2008-05-19,1.82,3.83
2008-05-20,1.86,3.78
2008-05-21,1.86,3.81
2008-05-22,1.86,3.92
2008-05-23,1.86,3.85
2008-05-26,,
2008-05-27,1.89,3.93
2008-05-28,1.89,4.03
2008-05-29,1.90,4.08
2008-05-30,1.89,4.06
2008-06-02,1.85,3.98
2008-06-03,1.85,3.92
2008-06-04,1.84,3.98
2008-06-05,1.85,4.06
2008-06-06,1.85,3.94
2008-06-09,1.89,4.02
2008-06-10,2.02,4.11
2008-06-11,1.96,4.10
2008-06-12,2.00,4.23
2008-06-13,1.99,4.27
2008-06-16,2.07,4.25
2008-06-17,1.99,4.23
2008-06-18,1.93,4.16
2008-06-19,1.91,4.22
2008-06-20,1.87,4.16
2008-06-23,1.87,4.19
2008-06-24,1.83,4.10
2008-06-25,1.81,4.12
2008-06-26,1.74,4.07
2008-06-27,1.68,3.99
2008-06-30,1.90,3.99
2008-07-01,1.87,4.01
2008-07-02,1.82,3.99
2008-07-03,1.84,3.99
2008-07-04,,
2008-07-07,1.87,3.95
2008-07-08,1.86,3.91
2008-07-09,1.82,3.85
2008-07-10,1.67,3.83
2008-07-11,1.62,3.96
2008-07-14,1.52,3.90
2008-07-15,1.39,3.87
2008-07-16,1.37,3.97
2008-07-17,1.43,4.07
2008-07-18,1.48,4.11
2008-07-21,1.48,4.09
2008-07-22,1.55,4.14
2008-07-23,1.59,4.16
2008-07-24,1.65,4.03
2008-07-25,1.75,4.13
2008-07-28,1.73,4.06
2008-07-29,1.72,4.09
2008-07-30,1.70,4.07
2008-07-31,1.68,3.99
2008-08-01,1.66,3.97
2008-08-04,1.75,3.98
2008-08-05,1.75,4.04
2008-08-06,1.64,4.06
2008-08-07,1.66,3.92
2008-08-08,1.70,3.94
2008-08-11,1.87,3.99
2008-08-12,1.86,3.91
2008-08-13,1.85,3.94
2008-08-14,1.89,3.89
2008-08-15,1.85,3.84
2008-08-18,1.82,3.82
2008-08-19,1.80,3.83
2008-08-20,1.71,3.79
2008-08-21,1.72,3.84
2008-08-22,1.70,3.87
2008-08-25,1.74,3.79
2008-08-26,1.71,3.79
2008-08-27,1.67,3.77
2008-08-28,1.74,3.79
2008-08-29,1.72,3.83
2008-09-01,,
2008-09-02,1.72,3.74
2008-09-03,1.70,3.71
2008-09-04,1.69,3.64
2008-09-05,1.68,3.66
2008-09-08,1.71,3.66
2008-09-09,1.66,3.62
2008-09-10,1.65,3.65
2008-09-11,1.61,3.64
2008-09-12,1.49,3.74
2008-09-15,1.02,3.47
2008-09-16,0.84,3.48
2008-09-17,0.03,3.41
2008-09-18,0.23,3.54
2008-09-19,0.99,3.78
2008-09-22,1.28,3.83
2008-09-23,0.80,3.85
2008-09-24,0.49,3.80
2008-09-25,0.76,3.88
2008-09-26,0.87,3.85
2008-09-29,0.94,3.61
2008-09-30,0.92,3.85
2008-10-01,0.85,3.77
2008-10-02,0.63,3.66
2008-10-03,0.51,3.63
2008-10-06,0.54,3.48
2008-10-07,0.82,3.50
2008-10-08,0.68,3.72
2008-10-09,0.60,3.84
2008-10-10,0.25,3.89
2008-10-13,,
2008-10-14,0.34,4.08
2008-10-15,0.22,4.04
2008-10-16,0.46,3.99
2008-10-17,0.83,3.98
2008-10-20,1.24,3.91
2008-10-21,1.10,3.76
2008-10-22,1.05,3.65
2008-10-23,0.98,3.63
2008-10-24,0.89,3.76
2008-10-27,0.84,3.79
2008-10-28,0.77,3.89
2008-10-29,0.62,3.93
2008-10-30,0.41,4.00
2008-10-31,0.46,4.01
2008-11-03,0.49,3.96
2008-11-04,0.48,3.81
2008-11-05,0.40,3.73
2008-11-06,0.32,3.75
2008-11-07,0.31,3.83
2008-11-10,0.29,3.82
2008-11-11,,
2008-11-12,0.18,3.75
2008-11-13,0.22,3.84
2008-11-14,0.15,3.72
2008-11-17,0.12,3.68
2008-11-18,0.12,3.53
2008-11-19,0.07,3.38
2008-11-20,0.03,3.10
2008-11-21,0.02,3.20
2008-11-24,0.13,3.35
2008-11-25,0.10,3.11
2008-11-26,0.05,2.99
2008-11-27,,
2008-11-28,0.01,2.93
2008-12-01,0.07,2.72
2008-12-02,0.06,2.68
2008-12-03,0.02,2.67
2008-12-04,0.02,2.55
2008-12-05,0.02,2.67
2008-12-08,0.03,2.77
2008-12-09,0.03,2.67
2008-12-10,0.00,2.69
2008-12-11,0.01,2.64
2008-12-12,0.02,2.60
2008-12-15,0.03,2.53
2008-12-16,0.04,2.37
2008-12-17,0.05,2.20
2008-12-18,0.00,2.08
2008-12-19,0.02,2.13
2008-12-22,0.01,2.16
2008-12-23,0.02,2.18
2008-12-24,0.00,2.20
2008-12-25,,
2008-12-26,0.03,2.16
2008-12-29,0.06,2.13
2008-12-30,0.10,2.11
2008-12-31,0.11,2.25
2009-01-01,,
2009-01-02,0.08,2.46
2009-01-05,0.14,2.49
2009-01-06,0.14,2.51
2009-01-07,0.11,2.52
2009-01-08,0.09,2.47
2009-01-09,0.07,2.43
2009-01-12,0.12,2.34
2009-01-13,0.11,2.33
2009-01-14,0.12,2.24
2009-01-15,0.11,2.23
2009-01-16,0.12,2.36
2009-01-19,,
2009-01-20,0.13,2.40
2009-01-21,0.11,2.56
2009-01-22,0.10,2.62
2009-01-23,0.11,2.65
2009-01-26,0.14,2.70
2009-01-27,0.13,2.59
2009-01-28,0.19,2.71
2009-01-29,0.23,2.87
2009-01-30,0.24,2.87
2009-02-02,0.27,2.76
2009-02-03,0.32,2.89
2009-02-04,0.30,2.95
2009-02-05,0.29,2.95
2009-02-06,0.28,3.05
2009-02-09,0.32,3.07
2009-02-10,0.31,2.90
2009-02-11,0.30,2.78
2009-02-12,0.29,2.75
2009-02-13,0.29,2.89
2009-02-16,,
2009-02-17,0.32,2.64
2009-02-18,0.31,2.74
2009-02-19,0.30,2.85
2009-02-20,0.27,2.78
2009-02-23,0.29,2.78
2009-02-24,0.32,2.80
2009-02-25,0.30,2.95
2009-02-26,0.27,2.98
2009-02-27,0.26,3.02
2009-03-02,0.28,2.91
2009-03-03,0.27,2.93
2009-03-04,0.26,3.01
2009-03-05,0.20,2.83
2009-03-06,0.21,2.83
2009-03-09,0.23,2.89
2009-03-10,0.24,2.99
2009-03-11,0.23,2.95
2009-03-12,0.22,2.89
2009-03-13,0.20,2.89
2009-03-16,0.24,2.97
2009-03-17,0.24,3.02
2009-03-18,0.21,2.51
2009-03-19,0.20,2.61
2009-03-20,0.22,2.65
2009-03-23,0.22,2.68
2009-03-24,0.21,2.68
2009-03-25,0.19,2.81
2009-03-26,0.15,2.76
2009-03-27,0.14,2.78
2009-03-30,0.18,2.73
2009-03-31,0.21,2.71
2009-04-01,0.22,2.68
2009-04-02,0.22,2.77
2009-04-03,0.21,2.91
2009-04-06,0.20,2.95
2009-04-07,0.20,2.93
2009-04-08,0.18,2.86
2009-04-09,0.18,2.96
2009-04-10,,
2009-04-13,0.18,2.88
2009-04-14,0.17,2.80
2009-04-15,0.15,2.82
2009-04-16,0.13,2.86
2009-04-17,0.14,2.98
2009-04-20,0.14,2.88
2009-04-21,0.15,2.94
2009-04-22,0.14,2.98
2009-04-23,0.10,2.96
2009-04-24,0.10,3.03
2009-04-27,0.13,2.95
2009-04-28,0.13,3.05
2009-04-29,0.11,3.12
2009-04-30,0.14,3.16
2009-05-01,0.16,3.21
2009-05-04,0.19,3.19
2009-05-05,0.19,3.20
2009-05-06,0.19,3.18
2009-05-07,0.18,3.29
2009-05-08,0.19,3.29
2009-05-11,0.19,3.17
2009-05-12,0.19,3.17
2009-05-13,0.17,3.11
2009-05-14,0.16,3.10
2009-05-15,0.17,3.14
2009-05-18,0.19,3.22
2009-05-19,0.18,3.25
2009-05-20,0.18,3.19
2009-05-21,0.19,3.35
2009-05-22,0.18,3.45
2009-05-25,,
2009-05-26,0.18,3.50
2009-05-27,0.17,3.71
2009-05-28,0.15,3.67
2009-05-29,0.14,3.47
2009-06-01,0.13,3.71
2009-06-02,0.14,3.65
2009-06-03,0.14,3.56
2009-06-04,0.14,3.72
2009-06-05,0.20,3.84
2009-06-08,0.19,3.91
2009-06-09,0.19,3.86
2009-06-10,0.18,3.98
2009-06-11,0.19,3.88
2009-06-12,0.19,3.81
2009-06-15,0.17,3.76
2009-06-16,0.17,3.67
2009-06-17,0.17,3.68
2009-06-18,0.18,3.86
2009-06-19,0.19,3.79
2009-06-22,0.20,3.72
2009-06-23,0.20,3.65
2009-06-24,0.19,3.72
2009-06-25,0.18,3.55
2009-06-26,0.20,3.52
2009-06-29,0.20,3.51
2009-06-30,0.19,3.53
2009-07-01,0.17,3.55
2009-07-02,0.17,3.51
2009-07-03,,
2009-07-06,0.19,3.52
2009-07-07,0.19,3.47
2009-07-08,0.18,3.33
2009-07-09,0.19,3.44
2009-07-10,0.18,3.32
2009-07-13,0.18,3.38
2009-07-14,0.18,3.50
2009-07-15,0.18,3.63
2009-07-16,0.19,3.59
2009-07-17,0.17,3.67
2009-07-20,0.19,3.61
2009-07-21,0.19,3.50
2009-07-22,0.19,3.58
2009-07-23,0.19,3.72
2009-07-24,0.18,3.70
2009-07-27,0.19,3.75
2009-07-28,0.19,3.72
2009-07-29,0.19,3.69
2009-07-30,0.18,3.67
2009-07-31,0.18,3.52
2009-08-03,0.19,3.66
2009-08-04,0.18,3.70
2009-08-05,0.18,3.80
2009-08-06,0.17,3.79
2009-08-07,0.19,3.89
2009-08-10,0.19,3.80
2009-08-11,0.18,3.71
2009-08-12,0.17,3.72
2009-08-13,0.17,3.59
2009-08-14,0.18,3.55
2009-08-17,0.18,3.48
2009-08-18,0.18,3.51
2009-08-19,0.17,3.45
2009-08-20,0.17,3.42
2009-08-21,0.17,3.56
2009-08-24,0.17,3.48
2009-08-25,0.17,3.45
2009-08-26,0.15,3.44
2009-08-27,0.15,3.47
2009-08-28,0.15,3.46
2009-08-31,0.15,3.40
2009-09-01,0.14,3.38
2009-09-02,0.14,3.29
2009-09-03,0.15,3.33
2009-09-04,0.14,3.45
2009-09-07,,
2009-09-08,0.14,3.47
2009-09-09,0.14,3.48
2009-09-10,0.14,3.36
2009-09-11,0.14,3.34
2009-09-14,0.14,3.42
2009-09-15,0.13,3.47
2009-09-16,0.10,3.48
2009-09-17,0.10,3.42
2009-09-18,0.08,3.49
2009-09-21,0.11,3.49
2009-09-22,0.11,3.46
2009-09-23,0.11,3.44
2009-09-24,0.10,3.40
2009-09-25,0.10,3.34
2009-09-28,0.11,3.31
2009-09-29,0.13,3.31
2009-09-30,0.14,3.31
2009-10-01,0.10,3.21
2009-10-02,0.10,3.24
2009-10-05,0.08,3.24
2009-10-06,0.08,3.27
2009-10-07,0.09,3.21
2009-10-08,0.06,3.27
2009-10-09,0.07,3.40
2009-10-12,,
2009-10-13,0.07,3.34
2009-10-14,0.07,3.45
2009-10-15,0.07,3.49
2009-10-16,0.07,3.43
2009-10-19,0.08,3.41
2009-10-20,0.08,3.35
2009-10-21,0.07,3.42
2009-10-22,0.06,3.44
2009-10-23,0.07,3.51
2009-10-26,0.08,3.59
2009-10-27,0.08,3.49
2009-10-28,0.07,3.44
2009-10-29,0.06,3.53
2009-10-30,0.05,3.41
2009-11-02,0.06,3.45
2009-11-03,0.06,3.50
2009-11-04,0.05,3.57
2009-11-05,0.04,3.57
2009-11-06,0.06,3.54
2009-11-09,0.07,3.52
2009-11-10,0.07,3.50
2009-11-11,,
2009-11-12,0.07,3.45
2009-11-13,0.06,3.43
2009-11-16,0.07,3.33
2009-11-17,0.06,3.33
2009-11-18,0.04,3.36
2009-11-19,0.02,3.35
2009-11-20,0.02,3.36
2009-11-23,0.05,3.37
2009-11-24,0.05,3.32
2009-11-25,0.05,3.28
2009-11-26,,
2009-11-27,0.03,3.21
2009-11-30,0.06,3.21
2009-12-01,0.06,3.28
2009-12-02,0.05,3.32
2009-12-03,0.06,3.39
2009-12-04,0.06,3.48
2009-12-07,0.04,3.44
2009-12-08,0.03,3.40
2009-12-09,0.03,3.45
2009-12-10,0.02,3.49
2009-12-11,0.03,3.55
2009-12-14,0.04,3.56
2009-12-15,0.05,3.60
2009-12-16,0.04,3.61
2009-12-17,0.04,3.50
2009-12-18,0.05,3.55
2009-12-21,0.08,3.69
2009-12-22,0.08,3.76
2009-12-23,0.07,3.77
2009-12-24,0.05,3.82
2009-12-25,,
2009-12-28,0.11,3.85
2009-12-29,0.10,3.82
2009-12-30,0.05,3.80
2009-12-31,0.06,3.85
2010-01-01,,
2010-01-04,0.08,3.85
2010-01-05,0.07,3.77
2010-01-06,0.06,3.85
2010-01-07,0.05,3.85
2010-01-08,0.05,3.83
2010-01-11,0.04,3.85
2010-01-12,0.05,3.74
2010-01-13,0.06,3.80
2010-01-14,0.05,3.76
2010-01-15,0.06,3.70
2010-01-18,,
2010-01-19,0.06,3.73
2010-01-20,0.05,3.68
2010-01-21,0.06,3.62
2010-01-22,0.06,3.62
2010-01-25,0.06,3.66
2010-01-26,0.07,3.65
2010-01-27,0.08,3.66
2010-01-28,0.08,3.68
2010-01-29,0.08,3.63
2010-02-01,0.10,3.68
2010-02-02,0.10,3.67
2010-02-03,0.10,3.73
2010-02-04,0.09,3.62
2010-02-05,0.10,3.59
2010-02-08,0.12,3.62
2010-02-09,0.12,3.67
2010-02-10,0.11,3.72
2010-02-11,0.11,3.73
2010-02-12,0.10,3.69
2010-02-15,,
2010-02-16,0.10,3.66
2010-02-17,0.10,3.74
2010-02-18,0.10,3.79
2010-02-19,0.11,3.78
2010-02-22,0.11,3.80
2010-02-23,0.12,3.69
2010-02-24,0.12,3.70
2010-02-25,0.13,3.64
2010-02-26,0.13,3.61
2010-03-01,0.13,3.61
2010-03-02,0.14,3.62
2010-03-03,0.14,3.63
2010-03-04,0.14,3.61
2010-03-05,0.15,3.69
2010-03-08,0.16,3.72
2010-03-09,0.16,3.71
2010-03-10,0.15,3.73
2010-03-11,0.16,3.73
2010-03-12,0.15,3.71
2010-03-15,0.17,3.71
2010-03-16,0.16,3.66
2010-03-17,0.15,3.65
2010-03-18,0.16,3.68
2010-03-19,0.16,3.70
2010-03-22,0.15,3.67
2010-03-23,0.14,3.69
2010-03-24,0.14,3.84
2010-03-25,0.14,3.91
2010-03-26,0.14,3.86
2010-03-29,0.15,3.88
2010-03-30,0.16,3.88
2010-03-31,0.16,3.84
2010-04-01,0.16,3.89
2010-04-02,0.16,3.96
2010-04-05,0.18,4.01
2010-04-06,0.17,3.98
2010-04-07,0.17,3.89
2010-04-08,0.17,3.91
2010-04-09,0.16,3.90
2010-04-12,0.16,3.87
2010-04-13,0.16,3.84
2010-04-14,0.16,3.88
2010-04-15,0.16,3.86
2010-04-16,0.16,3.79
2010-04-19,0.16,3.83
2010-04-20,0.16,3.82
2010-04-21,0.15,3.77
2010-04-22,0.16,3.80
2010-04-23,0.16,3.84
2010-04-26,0.16,3.83
2010-04-27,0.16,3.71
2010-04-28,0.16,3.80
2010-04-29,0.17,3.76
2010-04-30,0.16,3.69
2010-05-03,0.17,3.72
2010-05-04,0.16,3.63
2010-05-05,0.15,3.58
2010-05-06,0.11,3.41
2010-05-07,0.13,3.45
2010-05-10,0.16,3.57
2010-05-11,0.16,3.56
2010-05-12,0.16,3.56
2010-05-13,0.16,3.55
2010-05-14,0.16,3.44
2010-05-17,0.16,3.47
2010-05-18,0.17,3.38
2010-05-19,0.17,3.36
2010-05-20,0.17,3.25
2010-05-21,0.17,3.20
2010-05-24,0.17,3.23
2010-05-25,0.17,3.18
2010-05-26,0.17,3.21
2010-05-27,0.17,3.34
2010-05-28,0.16,3.31
2010-05-31,,
2010-06-01,0.16,3.29
2010-06-02,0.16,3.35
2010-06-03,0.14,3.39
2010-06-04,0.14,3.20
2010-06-07,0.12,3.17
2010-06-08,0.12,3.18
2010-06-09,0.10,3.20
2010-06-10,0.10,3.33
2010-06-11,0.08,3.24
2010-06-14,0.07,3.28
2010-06-15,0.09,3.32
2010-06-16,0.10,3.27
2010-06-17,0.09,3.21
2010-06-18,0.11,3.24
2010-06-21,0.12,3.26
2010-06-22,0.13,3.18
2010-06-23,0.13,3.13
2010-06-24,0.13,3.14
2010-06-25,0.13,3.12
2010-06-28,0.17,3.05
2010-06-29,0.15,2.97
2010-06-30,0.18,2.97
2010-07-01,0.17,2.96
2010-07-02,0.17,3.00
2010-07-05,,
2010-07-06,0.17,2.95
2010-07-07,0.16,3.00
2010-07-08,0.15,3.04
2010-07-09,0.16,3.07
2010-07-12,0.16,3.08
2010-07-13,0.15,3.15
2010-07-14,0.15,3.07
2010-07-15,0.15,3.00
2010-07-16,0.15,2.96
2010-07-19,0.17,2.99
2010-07-20,0.16,2.98
2010-07-21,0.16,2.90
2010-07-22,0.16,2.96
2010-07-23,0.16,3.02
2010-07-26,0.16,3.03
2010-07-27,0.15,3.08
2010-07-28,0.15,3.03
2010-07-29,0.15,3.03
2010-07-30,0.15,2.94
2010-08-02,0.16,2.99
2010-08-03,0.16,2.94
2010-08-04,0.16,2.98
2010-08-05,0.15,2.94
2010-08-06,0.15,2.86
2010-08-09,0.15,2.86
2010-08-10,0.15,2.79
2010-08-11,0.15,2.72
2010-08-12,0.16,2.74
2010-08-13,0.15,2.68
2010-08-16,0.16,2.58
2010-08-17,0.17,2.64
2010-08-18,0.16,2.64
2010-08-19,0.16,2.58
2010-08-20,0.15,2.62
2010-08-23,0.16,2.60
2010-08-24,0.16,2.50
2010-08-25,0.16,2.54
2010-08-26,0.16,2.50
2010-08-27,0.15,2.66
2010-08-30,0.14,2.54
2010-08-31,0.14,2.47
2010-09-01,0.13,2.58
2010-09-02,0.14,2.63
2010-09-03,0.14,2.72
2010-09-06,,
2010-09-07,0.14,2.61
2010-09-08,0.14,2.66
2010-09-09,0.14,2.77
2010-09-10,0.14,2.81
2010-09-13,0.15,2.74
2010-09-14,0.15,2.68
2010-09-15,0.15,2.74
2010-09-16,0.16,2.77
2010-09-17,0.16,2.75
2010-09-20,0.17,2.72
2010-09-21,0.17,2.61
2010-09-22,0.16,2.56
2010-09-23,0.16,2.56
2010-09-24,0.15,2.62
2010-09-27,0.16,2.54
2010-09-28,0.16,2.48
2010-09-29,0.16,2.52
2010-09-30,0.16,2.53
2010-10-01,0.16,2.54
2010-10-04,0.13,2.50
2010-10-05,0.12,2.50
2010-10-06,0.13,2.41
2010-10-07,0.13,2.41
2010-10-08,0.12,2.41
2010-10-11,,
2010-10-12,0.13,2.44
2010-10-13,0.13,2.46
2010-10-14,0.14,2.52
2010-10-15,0.14,2.59
2010-10-18,0.15,2.52
2010-10-19,0.14,2.50
2010-10-20,0.14,2.51
2010-10-21,0.13,2.57
2010-10-22,0.13,2.59
2010-10-25,0.14,2.59
2010-10-26,0.14,2.67
2010-10-27,0.14,2.75
2010-10-28,0.13,2.69
2010-10-29,0.12,2.63
2010-11-01,0.13,2.66
2010-11-02,0.13,2.63
2010-11-03,0.13,2.67
2010-11-04,0.13,2.53
2010-11-05,0.13,2.58
2010-11-08,0.13,2.60
2010-11-09,0.13,2.72
2010-11-10,0.13,2.65
2010-11-11,,
2010-11-12,0.13,2.76
2010-11-15,0.14,2.92
2010-11-16,0.15,2.85
2010-11-17,0.14,2.89
2010-11-18,0.15,2.90
2010-11-19,0.14,2.88
2010-11-22,0.15,2.80
2010-11-23,0.15,2.77
2010-11-24,0.16,2.93
2010-11-25,,
2010-11-26,0.16,2.87
2010-11-29,0.18,2.84
2010-11-30,0.17,2.81
2010-12-01,0.16,2.97
2010-12-02,0.16,3.01
2010-12-03,0.14,3.03
2010-12-06,0.15,2.95
2010-12-07,0.14,3.15
2010-12-08,0.15,3.26
2010-12-09,0.14,3.23
2010-12-10,0.13,3.32
2010-12-13,0.15,3.29
2010-12-14,0.15,3.49
2010-12-15,0.14,3.53
2010-12-16,0.13,3.47
2010-12-17,0.11,3.33
2010-12-20,0.14,3.36
2010-12-21,0.14,3.35
2010-12-22,0.14,3.36
2010-12-23,0.14,3.41
2010-12-24,,
2010-12-27,0.17,3.36
2010-12-28,0.15,3.50
2010-12-29,0.13,3.35
2010-12-30,0.12,3.38
2010-12-31,0.12,3.30
2011-01-03,0.15,3.36
2011-01-04,0.14,3.36
2011-01-05,0.14,3.50
2011-01-06,0.15,3.44
2011-01-07,0.14,3.34
2011-01-10,0.15,3.32
2011-01-11,0.15,3.37
2011-01-12,0.15,3.40
2011-01-13,0.15,3.34
2011-01-14,0.15,3.35
2011-01-17,,
2011-01-18,0.16,3.39
2011-01-19,0.16,3.37
2011-01-20,0.16,3.47
2011-01-21,0.16,3.44
2011-01-24,0.16,3.43
2011-01-25,0.16,3.35
2011-01-26,0.16,3.45
2011-01-27,0.15,3.42
2011-01-28,0.15,3.36
2011-01-31,0.15,3.42
2011-02-01,0.15,3.48
2011-02-02,0.16,3.52
2011-02-03,0.14,3.58
2011-02-04,0.15,3.68
2011-02-07,0.16,3.68
2011-02-08,0.15,3.75
2011-02-09,0.14,3.65
2011-02-10,0.12,3.70
2011-02-11,0.12,3.64
2011-02-14,0.13,3.62
2011-02-15,0.13,3.61
2011-02-16,0.12,3.62
2011-02-17,0.09,3.58
2011-02-18,0.10,3.59
2011-02-21,,
2011-02-22,0.12,3.46
2011-02-23,0.12,3.49
2011-02-24,0.13,3.46
2011-02-25,0.13,3.42
2011-02-28,0.15,3.42
2011-03-01,0.14,3.41
2011-03-02,0.13,3.46
2011-03-03,0.13,3.58
2011-03-04,0.12,3.49
2011-03-07,0.11,3.51
2011-03-08,0.11,3.56
2011-03-09,0.10,3.48
2011-03-10,0.08,3.37
2011-03-11,0.08,3.40
2011-03-14,0.09,3.36
2011-03-15,0.10,3.33
2011-03-16,0.10,3.22
2011-03-17,0.08,3.25
2011-03-18,0.07,3.28
2011-03-21,0.10,3.34
2011-03-22,0.10,3.34
2011-03-23,0.09,3.36
2011-03-24,0.09,3.42
2011-03-25,0.09,3.46
2011-03-28,0.11,3.47
2011-03-29,0.10,3.50
2011-03-30,0.10,3.47
2011-03-31,0.09,3.47
2011-04-01,0.07,3.46
2011-04-04,0.06,3.45
2011-04-05,0.07,3.50
2011-04-06,0.06,3.56
2011-04-07,0.04,3.58
2011-04-08,0.04,3.59
2011-04-11,0.05,3.59
2011-04-12,0.05,3.52
2011-04-13,0.06,3.49
2011-04-14,0.07,3.51
2011-04-15,0.07,3.43
2011-04-18,0.07,3.40
2011-04-19,0.06,3.39
2011-04-20,0.06,3.43
2011-04-21,0.06,3.42
2011-04-22,,
2011-04-25,0.07,3.39
2011-04-26,0.07,3.34
2011-04-27,0.06,3.39
2011-04-28,0.04,3.34
2011-04-29,0.04,3.32
2011-05-02,0.05,3.31
2011-05-03,0.03,3.28
2011-05-04,0.03,3.25
2011-05-05,0.02,3.18
2011-05-06,0.02,3.19
2011-05-09,0.03,3.17
2011-05-10,0.03,3.23
2011-05-11,0.03,3.19
2011-05-12,0.02,3.22
2011-05-13,0.03,3.18
2011-05-16,0.04,3.15
2011-05-17,0.04,3.12
2011-05-18,0.05,3.18
2011-05-19,0.05,3.17
2011-05-20,0.05,3.15
2011-05-23,0.06,3.13
2011-05-24,0.06,3.12
2011-05-25,0.06,3.13
2011-05-26,0.05,3.07
2011-05-27,0.05,3.07
2011-05-30,,
2011-05-31,0.06,3.05
2011-06-01,0.05,2.96
2011-06-02,0.04,3.04
2011-06-03,0.04,2.99
2011-06-06,0.05,3.01
2011-06-07,0.05,3.01
2011-06-08,0.04,2.98
2011-06-09,0.05,3.01
2011-06-10,0.05,2.99
2011-06-13,0.05,3.00
2011-06-14,0.05,3.11
2011-06-15,0.05,2.98
2011-06-16,0.05,2.93
2011-06-17,0.04,2.94
2011-06-20,0.03,2.97
2011-06-21,0.03,2.99
2011-06-22,0.02,3.01
2011-06-23,0.01,2.93
2011-06-24,0.02,2.88
2011-06-27,0.02,2.95
2011-06-28,0.03,3.05
2011-06-29,0.02,3.14
2011-06-30,0.03,3.18
2011-07-01,0.02,3.22
2011-07-04,,
2011-07-05,0.02,3.16
2011-07-06,0.01,3.12
2011-07-07,0.03,3.17
2011-07-08,0.03,3.03
2011-07-11,0.03,2.94
2011-07-12,0.03,2.92
2011-07-13,0.01,2.92
2011-07-14,0.01,2.98
2011-07-15,0.02,2.94
2011-07-18,0.02,2.94
2011-07-19,0.03,2.91
2011-07-20,0.02,2.96
2011-07-21,0.05,3.03
2011-07-22,0.05,2.99
2011-07-25,0.05,3.03
2011-07-26,0.07,2.99
2011-07-27,0.08,3.01
2011-07-28,0.07,2.98
2011-07-29,0.10,2.82
2011-08-01,0.10,2.77
2011-08-02,0.06,2.66
2011-08-03,0.02,2.64
2011-08-04,0.02,2.47
2011-08-05,0.01,2.58
2011-08-08,0.05,2.40
2011-08-09,0.03,2.20
2011-08-10,0.02,2.17
2011-08-11,0.03,2.34
2011-08-12,0.02,2.24
2011-08-15,0.02,2.29
2011-08-16,0.03,2.23
2011-08-17,0.01,2.17
2011-08-18,0.01,2.08
2011-08-19,0.02,2.07
2011-08-22,0.01,2.10
2011-08-23,0.01,2.15
2011-08-24,0.02,2.29
2011-08-25,0.01,2.23
2011-08-26,0.01,2.19
2011-08-29,0.02,2.28
2011-08-30,0.01,2.19
2011-08-31,0.02,2.23
2011-09-01,0.02,2.15
2011-09-02,0.02,2.02
2011-09-05,,
2011-09-06,0.02,1.98
2011-09-07,0.02,2.05
2011-09-08,0.02,2.00
2011-09-09,0.01,1.93
2011-09-12,0.01,1.94
2011-09-13,0.01,2.00
2011-09-14,0.01,2.03
2011-09-15,0.01,2.09
2011-09-16,0.01,2.08
2011-09-19,0.01,1.97
2011-09-20,0.01,1.95
2011-09-21,0.01,1.88
2011-09-22,0.00,1.72
2011-09-23,0.01,1.84
2011-09-26,0.02,1.91
2011-09-27,0.01,2.00
2011-09-28,0.02,2.03
2011-09-29,0.02,1.99
2011-09-30,0.02,1.92
2011-10-03,0.02,1.80
2011-10-04,0.01,1.81
2011-10-05,0.00,1.92
2011-10-06,0.01,2.01
2011-10-07,0.01,2.10
2011-10-10,,
2011-10-11,0.02,2.18
2011-10-12,0.02,2.24
2011-10-13,0.02,2.19
2011-10-14,0.02,2.26
2011-10-17,0.04,2.18
2011-10-18,0.04,2.19
2011-10-19,0.03,2.18
2011-10-20,0.03,2.20
2011-10-21,0.02,2.23
2011-10-24,0.02,2.25
2011-10-25,0.01,2.14
2011-10-26,0.02,2.23
2011-10-27,0.02,2.42
2011-10-28,0.01,2.34
2011-10-31,0.01,2.17
2011-11-01,0.01,2.01
2011-11-02,0.01,2.03
2011-11-03,0.01,2.09
2011-11-04,0.01,2.06
2011-11-07,0.01,2.04
2011-11-08,0.01,2.10
2011-11-09,0.01,2.00
2011-11-10,0.01,2.04
2011-11-11,,
2011-11-14,0.01,2.04
2011-11-15,0.01,2.06
2011-11-16,0.01,2.01
2011-11-17,0.02,1.96
2011-11-18,0.01,2.01
2011-11-21,0.02,1.97
2011-11-22,0.02,1.94
2011-11-23,0.02,1.89
2011-11-24,,
2011-11-25,0.02,1.97
2011-11-28,0.03,1.97
2011-11-29,0.02,2.00
2011-11-30,0.01,2.08
2011-12-01,0.01,2.11
2011-12-02,0.02,2.05
2011-12-05,0.01,2.04
2011-12-06,0.01,2.08
2011-12-07,0.02,2.02
2011-12-08,0.01,1.99
2011-12-09,0.01,2.07
2011-12-12,0.01,2.03
2011-12-13,0.01,1.96
2011-12-14,0.01,1.92
2011-12-15,0.00,1.92
2011-12-16,0.00,1.86
2011-12-19,0.01,1.82
2011-12-20,0.01,1.94
2011-12-21,0.01,1.98
2011-12-22,0.01,1.97
2011-12-23,0.01,2.03
2011-12-26,,
2011-12-27,0.02,2.02
2011-12-28,0.01,1.93
2011-12-29,0.02,1.91
2011-12-30,0.02,1.89
2012-01-02,,
2012-01-03,0.02,1.97
2012-01-04,0.02,2.00
2012-01-05,0.02,2.02
2012-01-06,0.02,1.98
2012-01-09,0.01,1.98
2012-01-10,0.02,2.00
2012-01-11,0.02,1.93
2012-01-12,0.03,1.94
2012-01-13,0.03,1.89
2012-01-16,,
2012-01-17,0.03,1.87
2012-01-18,0.03,1.92
2012-01-19,0.05,2.01
2012-01-20,0.05,2.05
2012-01-23,0.04,2.09
2012-01-24,0.04,2.08
2012-01-25,0.04,2.01
2012-01-26,0.05,1.96
2012-01-27,0.06,1.93
2012-01-30,0.05,1.87
2012-01-31,0.06,1.83
2012-02-01,0.06,1.87
2012-02-02,0.08,1.86
2012-02-03,0.08,1.97
2012-02-06,0.08,1.93
2012-02-07,0.08,2.00
2012-02-08,0.09,2.01
2012-02-09,0.09,2.04
2012-02-10,0.09,1.96
2012-02-13,0.11,1.99
2012-02-14,0.12,1.92
2012-02-15,0.11,1.93
2012-02-16,0.10,1.99
2012-02-17,0.09,2.01
2012-02-20,,
2012-02-21,0.08,2.05
2012-02-22,0.09,2.01
2012-02-23,0.09,1.99
2012-02-24,0.10,1.98
2012-02-27,0.12,1.92
2012-02-28,0.10,1.94
2012-02-29,0.08,1.98
2012-03-01,0.08,2.03
2012-03-02,0.07,1.99
2012-03-05,0.08,2.00
2012-03-06,0.08,1.96
2012-03-07,0.08,1.98
2012-03-08,0.08,2.03
2012-03-09,0.09,2.04
2012-03-12,0.09,2.04
2012-03-13,0.08,2.14
2012-03-14,0.09,2.29
2012-03-15,0.08,2.29
2012-03-16,0.09,2.31
2012-03-19,0.10,2.39
2012-03-20,0.10,2.38
2012-03-21,0.09,2.31
2012-03-22,0.08,2.29
2012-03-23,0.08,2.25
2012-03-26,0.09,2.26
2012-03-27,0.09,2.20
2012-03-28,0.09,2.21
2012-03-29,0.07,2.18
2012-03-30,0.07,2.23
2012-04-02,0.08,2.22
2012-04-03,0.08,2.30
2012-04-04,0.08,2.25
2012-04-05,0.08,2.19
2012-04-06,0.07,2.07
2012-04-09,0.09,2.06
2012-04-10,0.09,2.01
2012-04-11,0.09,2.05
2012-04-12,0.09,2.08
2012-04-13,0.09,2.02
2012-04-16,0.08,2.00
2012-04-17,0.08,2.03
2012-04-18,0.07,2.00
2012-04-19,0.07,1.98
2012-04-20,0.08,1.99
2012-04-23,0.08,1.96
2012-04-24,0.09,2.00
2012-04-25,0.09,2.01
2012-04-26,0.09,1.98
2012-04-27,0.09,1.96
2012-04-30,0.10,1.95
2012-05-01,0.09,1.98
2012-05-02,0.08,1.96
2012-05-03,0.09,1.96
2012-05-04,0.07,1.91
2012-05-07,0.10,1.92
2012-05-08,0.09,1.88
2012-05-09,0.09,1.87
2012-05-10,0.10,1.89
2012-05-11,0.10,1.84
2012-05-14,0.10,1.78
2012-05-15,0.09,1.76
2012-05-16,0.10,1.76
2012-05-17,0.10,1.70
2012-05-18,0.08,1.71
2012-05-21,0.09,1.75
2012-05-22,0.09,1.79
2012-05-23,0.09,1.73
2012-05-24,0.10,1.77
2012-05-25,0.09,1.75
2012-05-28,,
2012-05-29,0.09,1.74
2012-05-30,0.07,1.63
2012-05-31,0.07,1.59
2012-06-01,0.07,1.47
2012-06-04,0.08,1.53
2012-06-05,0.08,1.57
2012-06-06,0.09,1.66
2012-06-07,0.09,1.66
2012-06-08,0.09,1.65
2012-06-11,0.09,1.60
2012-06-12,0.10,1.67
2012-06-13,0.10,1.61
2012-06-14,0.11,1.64
2012-06-15,0.09,1.60
2012-06-18,0.10,1.59
2012-06-19,0.09,1.64
2012-06-20,0.09,1.65
2012-06-21,0.09,1.63
2012-06-22,0.09,1.69
2012-06-25,0.10,1.63
2012-06-26,0.10,1.66
2012-06-27,0.09,1.65
2012-06-28,0.09,1.60
2012-06-29,0.09,1.67
2012-07-02,0.10,1.61
2012-07-03,0.09,1.65
2012-07-04,,
2012-07-05,0.08,1.62
2012-07-06,0.08,1.57
2012-07-09,0.09,1.53
2012-07-10,0.09,1.53
2012-07-11,0.10,1.54
2012-07-12,0.10,1.50
2012-07-13,0.10,1.52
2012-07-16,0.10,1.50
2012-07-17,0.10,1.53
2012-07-18,0.09,1.52
2012-07-19,0.09,1.54
2012-07-20,0.09,1.49
2012-07-23,0.10,1.47
2012-07-24,0.10,1.44
2012-07-25,0.10,1.43
2012-07-26,0.11,1.45
2012-07-27,0.11,1.58
2012-07-30,0.11,1.53
2012-07-31,0.11,1.51
2012-08-01,0.10,1.56
2012-08-02,0.09,1.51
2012-08-03,0.09,1.60
2012-08-06,0.10,1.59
2012-08-07,0.11,1.66
2012-08-08,0.11,1.68
2012-08-09,0.11,1.69
2012-08-10,0.10,1.65
2012-08-13,0.11,1.65
2012-08-14,0.11,1.73
2012-08-15,0.09,1.80
2012-08-16,0.09,1.83
2012-08-17,0.09,1.81
2012-08-20,0.11,1.82
2012-08-21,0.11,1.80
2012-08-22,0.11,1.71
2012-08-23,0.11,1.68
2012-08-24,0.10,1.68
2012-08-27,0.11,1.65
2012-08-28,0.10,1.64
2012-08-29,0.12,1.66
2012-08-30,0.10,1.63
2012-08-31,0.09,1.57
2012-09-03,,
2012-09-04,0.10,1.59
2012-09-05,0.11,1.60
2012-09-06,0.11,1.68
2012-09-07,0.11,1.67
2012-09-10,0.10,1.68
2012-09-11,0.10,1.70
2012-09-12,0.10,1.77
2012-09-13,0.10,1.75
2012-09-14,0.11,1.88
2012-09-17,0.11,1.85
2012-09-18,0.10,1.82
2012-09-19,0.11,1.79
2012-09-20,0.11,1.80
2012-09-21,0.11,1.77
2012-09-24,0.11,1.74
2012-09-25,0.11,1.70
2012-09-26,0.11,1.64
2012-09-27,0.09,1.66
2012-09-28,0.10,1.65
2012-10-01,0.09,1.64
2012-10-02,0.09,1.64
2012-10-03,0.09,1.64
2012-10-04,0.10,1.70
2012-10-05,0.11,1.75
2012-10-08,,
2012-10-09,0.10,1.74
2012-10-10,0.10,1.72
2012-10-11,0.10,1.70
2012-10-12,0.11,1.69
2012-10-15,0.11,1.70
2012-10-16,0.09,1.75
2012-10-17,0.11,1.83
2012-10-18,0.10,1.86
2012-10-19,0.10,1.79
2012-10-22,0.10,1.83
2012-10-23,0.11,1.79
2012-10-24,0.11,1.80
2012-10-25,0.11,1.86
2012-10-26,0.12,1.78
2012-10-29,0.14,1.74
2012-10-30,,
2012-10-31,0.11,1.72
2012-11-01,0.09,1.75
2012-11-02,0.09,1.75
2012-11-05,0.11,1.72
2012-11-06,0.10,1.78
2012-11-07,0.10,1.68
2012-11-08,0.10,1.62
2012-11-09,0.09,1.61
2012-11-12,,
2012-11-13,0.11,1.59
2012-11-14,0.10,1.59
2012-11-15,0.08,1.58
2012-11-16,0.06,1.58
2012-11-19,0.09,1.61
2012-11-20,0.08,1.66
2012-11-21,0.10,1.69
2012-11-22,,
2012-11-23,0.10,1.70
2012-11-26,0.10,1.66
2012-11-27,0.10,1.64
2012-11-28,0.10,1.63
2012-11-29,0.09,1.62
2012-11-30,0.08,1.62
2012-12-03,0.10,1.63
2012-12-04,0.10,1.62
2012-12-05,0.10,1.60
2012-12-06,0.10,1.59
2012-12-07,0.09,1.64
2012-12-10,0.09,1.63
2012-12-11,0.08,1.66
2012-12-12,0.07,1.72
2012-12-13,0.06,1.74
2012-12-14,0.04,1.72
2012-12-17,0.05,1.78
2012-12-18,0.06,1.84
2012-12-19,0.05,1.82
2012-12-20,0.06,1.81
2012-12-21,0.06,1.77
2012-12-24,0.06,1.79
2012-12-25,,
2012-12-26,0.09,1.77
2012-12-27,0.08,1.74
2012-12-28,0.01,1.73
2012-12-31,0.05,1.78
2013-01-01,,
2013-01-02,0.08,1.86
2013-01-03,0.08,1.92
2013-01-04,0.07,1.93
2013-01-07,0.07,1.92
2013-01-08,0.07,1.89
2013-01-09,0.06,1.88
2013-01-10,0.06,1.91
2013-01-11,0.07,1.89
2013-01-14,0.08,1.89
2013-01-15,0.09,1.86
2013-01-16,0.08,1.84
2013-01-17,0.07,1.89
2013-01-18,0.08,1.87
2013-01-21,,
2013-01-22,0.08,1.86
2013-01-23,0.08,1.86
2013-01-24,0.08,1.88
2013-01-25,0.08,1.98
2013-01-28,0.07,2.00
2013-01-29,0.07,2.03
2013-01-30,0.07,2.03
2013-01-31,0.07,2.02
2013-02-01,0.06,2.04
2013-02-04,0.07,2.00
2013-02-05,0.07,2.04
2013-02-06,0.07,2.00
2013-02-07,0.07,1.99
2013-02-08,0.07,1.99
2013-02-11,0.09,1.99
2013-02-12,0.09,2.02
2013-02-13,0.10,2.05
2013-02-14,0.11,2.00
2013-02-15,0.10,2.01
2013-02-18,,
2013-02-19,0.12,2.03
2013-02-20,0.12,2.02
2013-02-21,0.13,1.99
2013-02-22,0.13,1.97
2013-02-25,0.12,1.88
2013-02-26,0.14,1.88
2013-02-27,0.11,1.91
2013-02-28,0.11,1.89
2013-03-01,0.11,1.86
2013-03-04,0.11,1.88
2013-03-05,0.08,1.90
2013-03-06,0.10,1.95
2013-03-07,0.10,2.00
2013-03-08,0.10,2.06
2013-03-11,0.10,2.07
2013-03-12,0.10,2.03
2013-03-13,0.09,2.04
2013-03-14,0.10,2.04
2013-03-15,0.09,2.01
2013-03-18,0.07,1.96
2013-03-19,0.07,1.92
2013-03-20,0.07,1.96
2013-03-21,0.07,1.95
2013-03-22,0.07,1.93
2013-03-25,0.08,1.93
2013-03-26,0.07,1.92
2013-03-27,0.09,1.87
2013-03-28,0.07,1.87
2013-03-29,,
2013-04-01,0.08,1.86
2013-04-02,0.07,1.88
2013-04-03,0.06,1.83
2013-04-04,0.07,1.78
2013-04-05,0.07,1.72
2013-04-08,0.07,1.76
2013-04-09,0.06,1.78
2013-04-10,0.07,1.84
2013-04-11,0.07,1.82
2013-04-12,0.06,1.75
2013-04-15,0.06,1.72
2013-04-16,0.06,1.75
2013-04-17,0.06,1.73
2013-04-18,0.05,1.72
2013-04-19,0.05,1.73
2013-04-22,0.05,1.72
2013-04-23,0.05,1.74
2013-04-24,0.06,1.73
2013-04-25,0.05,1.74
2013-04-26,0.05,1.70
2013-04-29,0.05,1.70
2013-04-30,0.05,1.70
2013-05-01,0.06,1.66
2013-05-02,0.05,1.66
2013-05-03,0.05,1.78
2013-05-06,0.04,1.80
2013-05-07,0.04,1.82
2013-05-08,0.04,1.81
2013-05-09,0.04,1.81
2013-05-10,0.04,1.90
2013-05-13,0.05,1.92
2013-05-14,0.05,1.96
2013-05-15,0.04,1.94
2013-05-16,0.03,1.87
2013-05-17,0.04,1.95
2013-05-20,0.05,1.97
2013-05-21,0.04,1.94
2013-05-22,0.04,2.03
2013-05-23,0.05,2.02
2013-05-24,0.04,2.01
2013-05-27,,
2013-05-28,0.05,2.15
2013-05-29,0.05,2.13
2013-05-30,0.04,2.13
2013-05-31,0.04,2.16
2013-06-03,0.05,2.13
2013-06-04,0.04,2.14
2013-06-05,0.05,2.10
2013-06-06,0.05,2.08
2013-06-07,0.04,2.17
2013-06-10,0.05,2.22
2013-06-11,0.05,2.20
2013-06-12,0.05,2.25
2013-06-13,0.05,2.19
2013-06-14,0.05,2.14
2013-06-17,0.05,2.19
2013-06-18,0.05,2.20
2013-06-19,0.05,2.33
2013-06-20,0.05,2.41
2013-06-21,0.05,2.52
2013-06-24,0.06,2.57
2013-06-25,0.06,2.60
2013-06-26,0.06,2.55
2013-06-27,0.06,2.49
2013-06-28,0.04,2.52
2013-07-01,0.04,2.50
2013-07-02,0.03,2.48
2013-07-03,0.05,2.52
2013-07-04,,
2013-07-05,0.04,2.73
2013-07-08,0.05,2.65
2013-07-09,0.04,2.65
2013-07-10,0.04,2.70
2013-07-11,0.04,2.60
2013-07-12,0.04,2.61
2013-07-15,0.04,2.57
2013-07-16,0.03,2.55
2013-07-17,0.03,2.52
2013-07-18,0.03,2.56
2013-07-19,0.03,2.50
2013-07-22,0.04,2.50
2013-07-23,0.02,2.53
2013-07-24,0.03,2.61
2013-07-25,0.02,2.61
2013-07-26,0.03,2.58
2013-07-29,0.03,2.61
2013-07-30,0.04,2.63
2013-07-31,0.04,2.60
2013-08-01,0.04,2.74
2013-08-02,0.04,2.63
2013-08-05,0.05,2.67
2013-08-06,0.04,2.67
2013-08-07,0.05,2.61
2013-08-08,0.05,2.58
2013-08-09,0.05,2.57
2013-08-12,0.06,2.61
2013-08-13,0.06,2.71
2013-08-14,0.05,2.71
2013-08-15,0.05,2.77
2013-08-16,0.05,2.84
2013-08-19,0.06,2.88
2013-08-20,0.04,2.82
2013-08-21,0.04,2.87
2013-08-22,0.03,2.90
2013-08-23,0.03,2.82
2013-08-26,0.04,2.79
2013-08-27,0.05,2.72
2013-08-28,0.03,2.78
2013-08-29,0.02,2.75
2013-08-30,0.03,2.78
2013-09-02,,
2013-09-03,0.02,2.86
2013-09-04,0.02,2.90
2013-09-05,0.02,2.98
2013-09-06,0.02,2.94
2013-09-09,0.02,2.90
2013-09-10,0.02,2.96
2013-09-11,0.02,2.93
2013-09-12,0.01,2.92
2013-09-13,0.01,2.90
2013-09-16,0.02,2.88
2013-09-17,0.01,2.86
2013-09-18,0.01,2.69
2013-09-19,0.01,2.76
2013-09-20,0.01,2.75
2013-09-23,0.02,2.72
2013-09-24,0.02,2.67
2013-09-25,0.02,2.63
2013-09-26,0.00,2.66
2013-09-27,0.02,2.64
2013-09-30,0.02,2.64
2013-10-01,0.02,2.66
2013-10-02,0.02,2.63
2013-10-03,0.03,2.62
2013-10-04,0.03,2.66
2013-10-07,0.03,2.65
2013-10-08,0.05,2.66
2013-10-09,0.05,2.68
2013-10-10,0.05,2.71
2013-10-11,0.08,2.70
2013-10-14,,
2013-10-15,0.14,2.75
2013-10-16,0.10,2.69
2013-10-17,0.05,2.61
2013-10-18,0.04,2.60
2013-10-21,0.04,2.63
2013-10-22,0.04,2.54
2013-10-23,0.04,2.51
2013-10-24,0.03,2.53
2013-10-25,0.04,2.53
2013-10-28,0.04,2.54
2013-10-29,0.04,2.53
2013-10-30,0.04,2.55
2013-10-31,0.04,2.57
2013-11-01,0.04,2.65
2013-11-04,0.05,2.63
2013-11-05,0.05,2.69
2013-11-06,0.05,2.67
2013-11-07,0.05,2.63
2013-11-08,0.06,2.77
2013-11-11,,
2013-11-12,0.08,2.80
2013-11-13,0.08,2.75
2013-11-14,0.08,2.69
2013-11-15,0.08,2.71
2013-11-18,0.09,2.67
2013-11-19,0.08,2.71
2013-11-20,0.08,2.80
2013-11-21,0.07,2.79
2013-11-22,0.07,2.75
2013-11-25,0.08,2.74
2013-11-26,0.07,2.71
2013-11-27,0.07,2.74
2013-11-28,,
2013-11-29,0.06,2.75
2013-12-02,0.05,2.81
2013-12-03,0.06,2.79
2013-12-04,0.06,2.84
2013-12-05,0.06,2.88
2013-12-06,0.06,2.88
2013-12-09,0.07,2.86
2013-12-10,0.07,2.81
2013-12-11,0.07,2.86
2013-12-12,0.07,2.89
2013-12-13,0.07,2.88
2013-12-16,0.07,2.89
2013-12-17,0.07,2.85
2013-12-18,0.07,2.89
2013-12-19,0.06,2.94
2013-12-20,0.07,2.89
2013-12-23,0.07,2.94
2013-12-24,0.07,2.99
2013-12-25,,
2013-12-26,0.07,3.00
2013-12-27,0.07,3.02
2013-12-30,0.07,2.99
2013-12-31,0.07,3.04
2014-01-01,,
2014-01-02,0.07,3.00
2014-01-03,0.07,3.01
2014-01-06,0.05,2.98
2014-01-07,0.04,2.96
2014-01-08,0.05,3.01
2014-01-09,0.04,2.97
2014-01-10,0.05,2.88
2014-01-13,0.03,2.84
2014-01-14,0.04,2.88
2014-01-15,0.04,2.90
2014-01-16,0.04,2.86
2014-01-17,0.05,2.84
2014-01-20,,
2014-01-21,0.04,2.85
2014-01-22,0.04,2.87
2014-01-23,0.04,2.79
2014-01-24,0.04,2.75
2014-01-27,0.05,2.78
2014-01-28,0.05,2.77
2014-01-29,0.04,2.69
2014-01-30,0.02,2.72
2014-01-31,0.02,2.67
2014-02-03,0.05,2.61
2014-02-04,0.06,2.64
2014-02-05,0.07,2.70
2014-02-06,0.07,2.73
2014-02-07,0.08,2.71
2014-02-10,0.07,2.70
2014-02-11,0.05,2.75
2014-02-12,0.05,2.80
2014-02-13,0.03,2.73
2014-02-14,0.02,2.75
2014-02-17,,
2014-02-18,0.05,2.71
2014-02-19,0.06,2.73
2014-02-20,0.05,2.76
2014-02-21,0.05,2.73
2014-02-24,0.05,2.75
2014-02-25,0.05,2.70
2014-02-26,0.05,2.67
2014-02-27,0.04,2.65
2014-02-28,0.05,2.66
2014-03-03,0.05,2.60
2014-03-04,0.05,2.70
2014-03-05,0.06,2.70
2014-03-06,0.05,2.74
2014-03-07,0.06,2.80
2014-03-10,0.05,2.79
2014-03-11,0.05,2.77
2014-03-12,0.05,2.73
2014-03-13,0.05,2.66
2014-03-14,0.05,2.65
2014-03-17,0.06,2.70
2014-03-18,0.05,2.68
2014-03-19,0.06,2.78
2014-03-20,0.06,2.79
2014-03-21,0.06,2.75
2014-03-24,0.06,2.74
2014-03-25,0.05,2.75
2014-03-26,0.05,2.71
2014-03-27,0.04,2.69
2014-03-28,0.04,2.73
2014-03-31,0.05,2.73
2014-04-01,0.04,2.77
2014-04-02,0.02,2.82
2014-04-03,0.02,2.80
2014-04-04,0.03,2.74
2014-04-07,0.03,2.71
2014-04-08,0.03,2.69
2014-04-09,0.04,2.71
2014-04-10,0.04,2.65
2014-04-11,0.04,2.63
2014-04-14,0.04,2.65
2014-04-15,0.04,2.64
2014-04-16,0.04,2.65
2014-04-17,0.03,2.73
2014-04-18,,
2014-04-21,0.04,2.73
2014-04-22,0.03,2.73
2014-04-23,0.02,2.70
2014-04-24,0.01,2.70
2014-04-25,0.03,2.68
2014-04-28,0.03,2.70
2014-04-29,0.02,2.71
2014-04-30,0.03,2.67
2014-05-01,0.03,2.63
2014-05-02,0.02,2.60
2014-05-05,0.03,2.63
2014-05-06,0.03,2.61
2014-05-07,0.03,2.62
2014-05-08,0.03,2.61
2014-05-09,0.03,2.62
2014-05-12,0.03,2.66
2014-05-13,0.03,2.61
2014-05-14,0.03,2.54
2014-05-15,0.03,2.50
2014-05-16,0.03,2.52
2014-05-19,0.03,2.54
2014-05-20,0.03,2.52
2014-05-21,0.04,2.54
2014-05-22,0.03,2.56
2014-05-23,0.04,2.54
2014-05-26,,
2014-05-27,0.04,2.52
2014-05-28,0.04,2.44
2014-05-29,0.04,2.45
2014-05-30,0.04,2.48
2014-06-02,0.04,2.54
2014-06-03,0.04,2.60
2014-06-04,0.04,2.61
2014-06-05,0.04,2.59
2014-06-06,0.04,2.60
2014-06-09,0.04,2.62
2014-06-10,0.04,2.64
2014-06-11,0.04,2.65
2014-06-12,0.04,2.58
2014-06-13,0.04,2.60
2014-06-16,0.04,2.61
2014-06-17,0.04,2.66
2014-06-18,0.03,2.61
2014-06-19,0.02,2.64
2014-06-20,0.02,2.63
2014-06-23,0.03,2.63
2014-06-24,0.03,2.59
2014-06-25,0.03,2.57
2014-06-26,0.04,2.53
2014-06-27,0.03,2.54
2014-06-30,0.04,2.53
2014-07-01,0.02,2.58
2014-07-02,0.02,2.64
2014-07-03,0.01,2.65
2014-07-04,,
2014-07-07,0.04,2.63
2014-07-08,0.03,2.58
2014-07-09,0.03,2.57
2014-07-10,0.02,2.55
2014-07-11,0.02,2.53
2014-07-14,0.03,2.55
2014-07-15,0.02,2.56
2014-07-16,0.02,2.55
2014-07-17,0.02,2.47
2014-07-18,0.02,2.50
2014-07-21,0.03,2.49
2014-07-22,0.03,2.48
2014-07-23,0.03,2.48
2014-07-24,0.03,2.52
2014-07-25,0.03,2.48
2014-07-28,0.04,2.50
2014-07-29,0.02,2.47
2014-07-30,0.04,2.57
2014-07-31,0.03,2.58
2014-08-01,0.03,2.52
2014-08-04,0.04,2.51
2014-08-05,0.03,2.49
2014-08-06,0.03,2.49
2014-08-07,0.03,2.43
2014-08-08,0.03,2.44
2014-08-11,0.04,2.44
2014-08-12,0.03,2.46
2014-08-13,0.04,2.43
2014-08-14,0.04,2.40
2014-08-15,0.03,2.34
2014-08-18,0.03,2.39
2014-08-19,0.03,2.40
2014-08-20,0.04,2.43
2014-08-21,0.02,2.41
2014-08-22,0.03,2.40
2014-08-25,0.04,2.39
2014-08-26,0.03,2.39
2014-08-27,0.04,2.37
2014-08-28,0.03,2.34
2014-08-29,0.03,2.35
2014-09-01,,
2014-09-02,0.03,2.42
2014-09-03,0.03,2.41
2014-09-04,0.03,2.45
2014-09-05,0.03,2.46
2014-09-08,0.02,2.48
2014-09-09,0.02,2.50
2014-09-10,0.02,2.54
2014-09-11,0.02,2.54
2014-09-12,0.02,2.62
2014-09-15,0.02,2.60
2014-09-16,0.02,2.60
2014-09-17,0.02,2.62
2014-09-18,0.02,2.63
2014-09-19,0.02,2.59
2014-09-22,0.01,2.57
2014-09-23,0.01,2.54
2014-09-24,0.02,2.57
2014-09-25,0.01,2.52
2014-09-26,0.01,2.54
2014-09-29,0.02,2.50
2014-09-30,0.02,2.52
2014-10-01,0.02,2.42
2014-10-02,0.01,2.44
2014-10-03,0.01,2.45
2014-10-06,0.02,2.43
2014-10-07,0.02,2.36
2014-10-08,0.01,2.35
2014-10-09,0.01,2.34
2014-10-10,0.01,2.31
2014-10-13,,
2014-10-14,0.02,2.21
2014-10-15,0.02,2.15
2014-10-16,0.03,2.17
2014-10-17,0.02,2.22
2014-10-20,0.02,2.20
2014-10-21,0.02,2.23
2014-10-22,0.02,2.25
2014-10-23,0.01,2.29
2014-10-24,0.01,2.29
2014-10-27,0.02,2.27
2014-10-28,0.02,2.30
2014-10-29,0.03,2.34
2014-10-30,0.01,2.32
2014-10-31,0.01,2.35
2014-11-03,0.02,2.36
2014-11-04,0.03,2.35
2014-11-05,0.03,2.36
2014-11-06,0.03,2.39
2014-11-07,0.03,2.32
2014-11-10,0.02,2.38
2014-11-11,,
2014-11-12,0.02,2.37
2014-11-13,0.02,2.35
2014-11-14,0.02,2.32
2014-11-17,0.03,2.34
2014-11-18,0.02,2.32
2014-11-19,0.01,2.36
2014-11-20,0.02,2.34
2014-11-21,0.01,2.31
2014-11-24,0.02,2.30
2014-11-25,0.02,2.27
2014-11-26,0.02,2.24
2014-11-27,,
2014-11-28,0.02,2.18
2014-12-01,0.03,2.22
2014-12-02,0.03,2.28
2014-12-03,0.01,2.29
2014-12-04,0.02,2.25
2014-12-05,0.02,2.31
2014-12-08,0.03,2.26
2014-12-09,0.04,2.22
2014-12-10,0.03,2.18
2014-12-11,0.03,2.19
2014-12-12,0.02,2.10
2014-12-15,0.04,2.12
2014-12-16,0.03,2.07
2014-12-17,0.03,2.14
2014-12-18,0.04,2.22
2014-12-19,0.04,2.17
2014-12-22,0.05,2.17
2014-12-23,0.03,2.26
2014-12-24,0.01,2.27
2014-12-25,,
2014-12-26,0.01,2.25
2014-12-29,0.03,2.22
2014-12-30,0.03,2.20
2014-12-31,0.04,2.17
2015-01-01,,
2015-01-02,0.02,2.12
2015-01-05,0.03,2.04
2015-01-06,0.03,1.97
2015-01-07,0.03,1.96
2015-01-08,0.03,2.03
2015-01-09,0.02,1.98
2015-01-12,0.03,1.92
2015-01-13,0.03,1.91
2015-01-14,0.04,1.86
2015-01-15,0.03,1.77
2015-01-16,0.03,1.83
2015-01-19,,
2015-01-20,0.03,1.82
2015-01-21,0.03,1.87
2015-01-22,0.03,1.90
2015-01-23,0.02,1.81
2015-01-26,0.03,1.83
2015-01-27,0.02,1.83
2015-01-28,0.02,1.73
2015-01-29,0.03,1.77
2015-01-30,0.02,1.68
2015-02-02,0.02,1.68
2015-02-03,0.02,1.79
2015-02-04,0.01,1.81
2015-02-05,0.02,1.83
2015-02-06,0.02,1.95
2015-02-09,0.01,1.96
2015-02-10,0.01,2.01
2015-02-11,0.01,2.00
2015-02-12,0.02,1.99
2015-02-13,0.01,2.02
2015-02-16,,
2015-02-17,0.02,2.14
2015-02-18,0.02,2.07
2015-02-19,0.02,2.11
2015-02-20,0.02,2.13
2015-02-23,0.02,2.06
2015-02-24,0.02,1.99
2015-02-25,0.02,1.96
2015-02-26,0.03,2.03
2015-02-27,0.02,2.00
2015-03-02,0.02,2.08
2015-03-03,0.02,2.12
2015-03-04,0.01,2.12
2015-03-05,0.02,2.11
2015-03-06,0.01,2.24
2015-03-09,0.02,2.20
2015-03-10,0.02,2.14
2015-03-11,0.03,2.11
2015-03-12,0.03,2.10
2015-03-13,0.03,2.13
2015-03-16,0.05,2.10
2015-03-17,0.05,2.06
2015-03-18,0.03,1.93
2015-03-19,0.03,1.98
2015-03-20,0.01,1.93
2015-03-23,0.03,1.92
2015-03-24,0.02,1.88
2015-03-25,0.04,1.93
2015-03-26,0.03,2.01
2015-03-27,0.04,1.95
2015-03-30,0.04,1.96
2015-03-31,0.03,1.94
2015-04-01,0.03,1.87
2015-04-02,0.02,1.92
2015-04-03,0.02,1.85
2015-04-06,0.03,1.92
2015-04-07,0.02,1.89
2015-04-08,0.03,1.92
2015-04-09,0.03,1.97
2015-04-10,0.02,1.96
2015-04-13,0.03,1.94
2015-04-14,0.02,1.90
2015-04-15,0.02,1.91
2015-04-16,0.02,1.90
2015-04-17,0.01,1.87
2015-04-20,0.03,1.90
2015-04-21,0.03,1.92
2015-04-22,0.03,1.99
2015-04-23,0.03,1.96
2015-04-24,0.03,1.93
2015-04-27,0.02,1.94
2015-04-28,0.02,2.00
2015-04-29,0.01,2.06
2015-04-30,0.01,2.05
2015-05-01,0.01,2.12
2015-05-04,0.02,2.16
2015-05-05,0.01,2.19
2015-05-06,0.02,2.25
2015-05-07,0.01,2.18
2015-05-08,0.01,2.16
2015-05-11,0.02,2.28
2015-05-12,0.03,2.28
2015-05-13,0.02,2.27
2015-05-14,0.01,2.23
2015-05-15,0.02,2.14
2015-05-18,0.02,2.23
2015-05-19,0.02,2.27
2015-05-20,0.02,2.26
2015-05-21,0.02,2.19
2015-05-22,0.02,2.21
2015-05-25,,
2015-05-26,0.02,2.14
2015-05-27,0.01,2.14
2015-05-28,0.01,2.13
2015-05-29,0.01,2.12
2015-06-01,0.02,2.19
2015-06-02,0.01,2.27
2015-06-03,0.02,2.38
2015-06-04,0.02,2.31
2015-06-05,0.03,2.41
2015-06-08,0.02,2.39
2015-06-09,0.02,2.42
2015-06-10,0.02,2.50
2015-06-11,0.01,2.39
2015-06-12,0.02,2.39
2015-06-15,0.02,2.36
2015-06-16,0.01,2.32
2015-06-17,0.01,2.32
2015-06-18,0.01,2.35
2015-06-19,0.01,2.26
2015-06-22,0.01,2.37
2015-06-23,0.01,2.42
2015-06-24,0.01,2.38
2015-06-25,0.01,2.40
2015-06-26,0.01,2.49
2015-06-29,0.02,2.33
2015-06-30,0.01,2.35
2015-07-01,0.01,2.43
2015-07-02,0.01,2.40
2015-07-03,,
2015-07-06,0.02,2.30
2015-07-07,0.02,2.27
2015-07-08,0.02,2.22
2015-07-09,0.03,2.32
2015-07-10,0.01,2.42
2015-07-13,0.02,2.44
2015-07-14,0.01,2.41
2015-07-15,0.02,2.36
2015-07-16,0.02,2.36
2015-07-17,0.03,2.34
2015-07-20,0.04,2.38
2015-07-21,0.03,2.35
2015-07-22,0.04,2.33
2015-07-23,0.03,2.28
2015-07-24,0.04,2.27
2015-07-27,0.05,2.23
2015-07-28,0.05,2.26
2015-07-29,0.06,2.29
2015-07-30,0.07,2.28
2015-07-31,0.08,2.20
2015-08-03,0.08,2.16
2015-08-04,0.08,2.23
2015-08-05,0.08,2.28
2015-08-06,0.04,2.23
2015-08-07,0.06,2.18
2015-08-10,0.12,2.24
2015-08-11,0.10,2.15
2015-08-12,0.10,2.14
2015-08-13,0.10,2.19
2015-08-14,0.09,2.20
2015-08-17,0.10,2.16
2015-08-18,0.07,2.20
2015-08-19,0.05,2.12
2015-08-20,0.02,2.09
2015-08-21,0.03,2.05
2015-08-24,0.06,2.01
2015-08-25,0.07,2.12
2015-08-26,0.06,2.18
2015-08-27,0.06,2.18
2015-08-28,0.06,2.19
2015-08-31,0.08,2.21
2015-09-01,0.03,2.17
2015-09-02,0.03,2.20
2015-09-03,0.02,2.18
2015-09-04,0.02,2.13
2015-09-07,,
2015-09-08,0.06,2.20
2015-09-09,0.03,2.21
2015-09-10,0.02,2.23
2015-09-11,0.04,2.20
2015-09-14,0.07,2.18
2015-09-15,0.07,2.28
2015-09-16,0.06,2.30
2015-09-17,0.01,2.21
2015-09-18,0.00,2.13
2015-09-21,0.01,2.20
2015-09-22,0.00,2.14
2015-09-23,0.01,2.16
2015-09-24,0.01,2.13
2015-09-25,0.00,2.17
2015-09-28,0.01,2.10
2015-09-29,0.01,2.05
2015-09-30,0.00,2.06
2015-10-01,0.00,2.05
2015-10-02,0.00,1.99
2015-10-05,0.01,2.07
2015-10-06,0.00,2.05
2015-10-07,0.00,2.08
2015-10-08,0.00,2.12
2015-10-09,0.01,2.12
2015-10-12,,
2015-10-13,0.01,2.06
2015-10-14,0.00,1.99
2015-10-15,0.01,2.04
2015-10-16,0.01,2.04
2015-10-19,0.02,2.04
2015-10-20,0.02,2.08
2015-10-21,0.01,2.04
2015-10-22,0.00,2.04
2015-10-23,0.01,2.09
2015-10-26,0.02,2.07
2015-10-27,0.03,2.05
2015-10-28,0.04,2.10
2015-10-29,0.07,2.19
2015-10-30,0.08,2.16
2015-11-02,0.08,2.20
2015-11-03,0.06,2.23
2015-11-04,0.05,2.25
2015-11-05,0.05,2.26
2015-11-06,0.08,2.34
2015-11-09,0.14,2.36
2015-11-10,0.13,2.32
2015-11-11,,
2015-11-12,0.14,2.32
2015-11-13,0.14,2.28
2015-11-16,0.15,2.27
2015-11-17,0.14,2.25
2015-11-18,0.12,2.27
2015-11-19,0.11,2.24
2015-11-20,0.12,2.26
2015-11-23,0.14,2.25
2015-11-24,0.16,2.24
2015-11-25,0.19,2.23
2015-11-26,,
2015-11-27,0.18,2.22
2015-11-30,0.22,2.21
2015-12-01,0.21,2.15
2015-12-02,0.21,2.18
2015-12-03,0.21,2.33
2015-12-04,0.23,2.28
2015-12-07,0.29,2.23
2015-12-08,0.27,2.24
2015-12-09,0.26,2.22
2015-12-10,0.24,2.24
2015-12-11,0.23,2.13
2015-12-14,0.26,2.23
2015-12-15,0.25,2.28
2015-12-16,0.27,2.30
2015-12-17,0.23,2.24
2015-12-18,0.19,2.19
2015-12-21,0.24,2.20
2015-12-22,0.21,2.24
2015-12-23,0.20,2.27
2015-12-24,0.20,2.25
2015-12-25,,
2015-12-28,0.23,2.24
2015-12-29,0.23,2.32
2015-12-30,0.21,2.31
2015-12-31,0.16,2.27
2016-01-01,,
2016-01-04,0.22,2.24
2016-01-05,0.20,2.25
2016-01-06,0.21,2.18
2016-01-07,0.20,2.16
2016-01-08,0.20,2.13
2016-01-11,0.21,2.17
2016-01-12,0.21,2.12
2016-01-13,0.22,2.08
2016-01-14,0.25,2.10
2016-01-15,0.24,2.03
2016-01-18,,
2016-01-19,0.26,2.06
2016-01-20,0.26,2.01
2016-01-21,0.28,2.02
2016-01-22,0.31,2.07
2016-01-25,0.31,2.03
2016-01-26,0.31,2.01
2016-01-27,0.32,2.02
2016-01-28,0.35,2.00
2016-01-29,0.33,1.94
2016-02-01,0.35,1.97
2016-02-02,0.34,1.87
2016-02-03,0.33,1.88
2016-02-04,0.29,1.87
2016-02-05,0.30,1.86
2016-02-08,0.32,1.75
2016-02-09,0.30,1.74
2016-02-10,0.31,1.71
2016-02-11,0.28,1.63
2016-02-12,0.30,1.74
2016-02-15,,
2016-02-16,0.30,1.78
2016-02-17,0.30,1.81
2016-02-18,0.30,1.75
2016-02-19,0.31,1.76
2016-02-22,0.33,1.77
2016-02-23,0.32,1.74
2016-02-24,0.33,1.75
2016-02-25,0.32,1.71
2016-02-26,0.33,1.76
2016-02-29,0.33,1.74
2016-03-01,0.33,1.83
2016-03-02,0.36,1.84
2016-03-03,0.28,1.83
2016-03-04,0.29,1.88
2016-03-07,0.32,1.91
2016-03-08,0.29,1.83
2016-03-09,0.30,1.90
2016-03-10,0.32,1.93
2016-03-11,0.33,1.98
2016-03-14,0.34,1.97
2016-03-15,0.34,1.97
2016-03-16,0.31,1.94
2016-03-17,0.29,1.91
2016-03-18,0.30,1.88
2016-03-21,0.31,1.92
2016-03-22,0.30,1.94
2016-03-23,0.30,1.88
2016-03-24,0.30,1.91
2016-03-25,,
2016-03-28,0.29,1.89
2016-03-29,0.23,1.81
2016-03-30,0.20,1.83
2016-03-31,0.21,1.78
2016-04-01,0.23,1.79
2016-04-04,0.23,1.78
2016-04-05,0.23,1.73
2016-04-06,0.23,1.76
2016-04-07,0.23,1.70
2016-04-08,0.23,1.72
2016-04-11,0.23,1.73
2016-04-12,0.22,1.79
2016-04-13,0.23,1.77
2016-04-14,0.22,1.80
2016-04-15,0.22,1.76
2016-04-18,0.22,1.78
2016-04-19,0.21,1.79
2016-04-20,0.23,1.85
2016-04-21,0.23,1.88
2016-04-22,0.23,1.89
2016-04-25,0.25,1.91
2016-04-26,0.24,1.94
2016-04-27,0.24,1.87
2016-04-28,0.22,1.84
2016-04-29,0.22,1.83
2016-05-02,0.22,1.88
2016-05-03,0.21,1.81
2016-05-04,0.19,1.79
2016-05-05,0.20,1.76
2016-05-06,0.19,1.79
2016-05-09,0.24,1.77
2016-05-10,0.24,1.77
2016-05-11,0.26,1.73
2016-05-12,0.27,1.75
2016-05-13,0.29,1.71
2016-05-16,0.28,1.75
2016-05-17,0.28,1.76
2016-05-18,0.30,1.87
2016-05-19,0.31,1.85
2016-05-20,0.33,1.85
2016-05-23,0.35,1.84
2016-05-24,0.35,1.86
2016-05-25,0.33,1.87
2016-05-26,0.31,1.83
2016-05-27,0.32,1.85
2016-05-30,,
2016-05-31,0.34,1.84
2016-06-01,0.30,1.85
2016-06-02,0.29,1.81
2016-06-03,0.30,1.71
2016-06-06,0.28,1.73
2016-06-07,0.28,1.72
2016-06-08,0.24,1.71
2016-06-09,0.26,1.68
2016-06-10,0.26,1.64
2016-06-13,0.27,1.62
2016-06-14,0.27,1.62
2016-06-15,0.26,1.60
2016-06-16,0.27,1.57
2016-06-17,0.27,1.62
2016-06-20,0.28,1.67
2016-06-21,0.27,1.71
2016-06-22,0.27,1.69
2016-06-23,0.31,1.74
2016-06-24,0.27,1.57
2016-06-27,0.27,1.46
2016-06-28,0.26,1.46
2016-06-29,0.26,1.50
2016-06-30,0.26,1.49
2016-07-01,0.28,1.46
2016-07-04,,
2016-07-05,0.28,1.37
2016-07-06,0.27,1.38
2016-07-07,0.29,1.40
2016-07-08,0.28,1.37
2016-07-11,0.31,1.43
2016-07-12,0.29,1.53
2016-07-13,0.31,1.48
2016-07-14,0.32,1.53
2016-07-15,0.32,1.60
2016-07-18,0.32,1.59
2016-07-19,0.31,1.56
2016-07-20,0.32,1.59
2016-07-21,0.32,1.57
2016-07-22,0.33,1.57
2016-07-25,0.32,1.58
2016-07-26,0.31,1.57
2016-07-27,0.31,1.52
2016-07-28,0.25,1.52
2016-07-29,0.28,1.46
2016-08-01,0.29,1.51
2016-08-02,0.29,1.55
2016-08-03,0.28,1.55
2016-08-04,0.26,1.51
2016-08-05,0.28,1.59
2016-08-08,0.31,1.59
2016-08-09,0.29,1.55
2016-08-10,0.28,1.50
2016-08-11,0.28,1.57
2016-08-12,0.29,1.51
2016-08-15,0.31,1.55
2016-08-16,0.27,1.57
2016-08-17,0.30,1.56
2016-08-18,0.30,1.53
2016-08-19,0.30,1.58
2016-08-22,0.29,1.55
2016-08-23,0.30,1.55
2016-08-24,0.31,1.56
2016-08-25,0.33,1.58
2016-08-26,0.34,1.62
2016-08-29,0.33,1.57
2016-08-30,0.33,1.57
2016-08-31,0.33,1.58
2016-09-01,0.33,1.57
2016-09-02,0.33,1.60
2016-09-05,,
2016-09-06,0.32,1.55
2016-09-07,0.34,1.54
2016-09-08,0.35,1.61
2016-09-09,0.35,1.67
2016-09-12,0.37,1.68
2016-09-13,0.36,1.73
2016-09-14,0.33,1.70
2016-09-15,0.29,1.71
2016-09-16,0.30,1.70
2016-09-19,0.30,1.70
2016-09-20,0.30,1.69
2016-09-21,0.22,1.66
2016-09-22,0.18,1.63
2016-09-23,0.18,1.62
2016-09-26,0.25,1.59
2016-09-27,0.26,1.56
2016-09-28,0.27,1.57
2016-09-29,0.26,1.56
2016-09-30,0.29,1.60
2016-10-03,0.32,1.63
2016-10-04,0.33,1.69
2016-10-05,0.32,1.72
2016-10-06,0.33,1.75
2016-10-07,0.33,1.73
2016-10-10,,
2016-10-11,0.35,1.77
2016-10-12,0.37,1.79
2016-10-13,0.30,1.75
2016-10-14,0.32,1.80
2016-10-17,0.34,1.77
2016-10-18,0.34,1.75
2016-10-19,0.35,1.76
2016-10-20,0.35,1.76
2016-10-21,0.34,1.74
2016-10-24,0.33,1.77
2016-10-25,0.34,1.77
2016-10-26,0.33,1.79
2016-10-27,0.30,1.85
2016-10-28,0.30,1.86
2016-10-31,0.34,1.84
2016-11-01,0.35,1.83
2016-11-02,0.37,1.81
2016-11-03,0.38,1.82
2016-11-04,0.38,1.79
2016-11-07,0.41,1.83
2016-11-08,0.43,1.88
2016-11-09,0.45,2.07
2016-11-10,0.48,2.15
2016-11-11,,
2016-11-14,0.55,2.23
2016-11-15,0.51,2.23
2016-11-16,0.47,2.22
2016-11-17,0.44,2.29
2016-11-18,0.44,2.34
2016-11-21,0.46,2.33
2016-11-22,0.49,2.31
2016-11-23,0.51,2.36
2016-11-24,,
2016-11-25,0.49,2.36
2016-11-28,0.48,2.32
2016-11-29,0.48,2.30
2016-11-30,0.48,2.37
2016-12-01,0.48,2.45
2016-12-02,0.49,2.40
2016-12-05,0.49,2.39
2016-12-06,0.49,2.39
2016-12-07,0.52,2.34
2016-12-08,0.51,2.40
2016-12-09,0.54,2.47
2016-12-12,0.51,2.49
2016-12-13,0.54,2.48
2016-12-14,0.55,2.54
2016-12-15,0.51,2.60
2016-12-16,0.51,2.60
2016-12-19,0.52,2.54
2016-12-20,0.52,2.57
2016-12-21,0.52,2.55
2016-12-22,0.51,2.55
2016-12-23,0.52,2.55
2016-12-26,,
2016-12-27,0.51,2.57
2016-12-28,0.53,2.51
2016-12-29,0.47,2.49
2016-12-30,0.51,2.45
2017-01-02,,
2017-01-03,0.53,2.45
2017-01-04,0.53,2.46
2017-01-05,0.52,2.37
2017-01-06,0.53,2.42
2017-01-09,0.50,2.38
2017-01-10,0.52,2.38
2017-01-11,0.52,2.38
2017-01-12,0.52,2.36
2017-01-13,0.53,2.40
2017-01-16,,
2017-01-17,0.55,2.33
2017-01-18,0.53,2.42
2017-01-19,0.52,2.47
2017-01-20,0.50,2.48
2017-01-23,0.51,2.41
2017-01-24,0.51,2.47
2017-01-25,0.50,2.53
2017-01-26,0.51,2.51
2017-01-27,0.52,2.49
2017-01-30,0.51,2.49
2017-01-31,0.52,2.45
2017-02-01,0.51,2.48
2017-02-02,0.52,2.48
2017-02-03,0.51,2.49
2017-02-06,0.53,2.42
2017-02-07,0.53,2.40
2017-02-08,0.54,2.34
2017-02-09,0.54,2.40
2017-02-10,0.55,2.41
2017-02-13,0.52,2.43
2017-02-14,0.54,2.47
2017-02-15,0.54,2.51
2017-02-16,0.53,2.45
2017-02-17,0.53,2.42
2017-02-20,,
2017-02-21,0.53,2.43
2017-02-22,0.52,2.42
2017-02-23,0.51,2.38
2017-02-24,0.52,2.31
2017-02-27,0.50,2.36
2017-02-28,0.53,2.36
2017-03-01,0.63,2.46
2017-03-02,0.67,2.49
2017-03-03,0.71,2.49
2017-03-06,0.74,2.49
2017-03-07,0.76,2.52
2017-03-08,0.73,2.57
2017-03-09,0.73,2.60
2017-03-10,0.75,2.58
2017-03-13,0.79,2.62
2017-03-14,0.78,2.60
2017-03-15,0.73,2.51
2017-03-16,0.73,2.53
2017-03-17,0.73,2.50
2017-03-20,0.76,2.47
2017-03-21,0.77,2.43
2017-03-22,0.77,2.40
2017-03-23,0.76,2.41
2017-03-24,0.78,2.40
2017-03-27,0.78,2.38
2017-03-28,0.78,2.42
2017-03-29,0.78,2.39
2017-03-30,0.78,2.42
2017-03-31,0.76,2.40
2017-04-03,0.79,2.35
2017-04-04,0.79,2.36
2017-04-05,0.80,2.34
2017-04-06,0.79,2.34
2017-04-07,0.82,2.38
2017-04-10,0.82,2.37
2017-04-11,0.82,2.32
2017-04-12,0.81,2.28
2017-04-13,0.81,2.24
2017-04-14,,
2017-04-17,0.83,2.26
2017-04-18,0.82,2.18
2017-04-19,0.81,2.21
2017-04-20,0.79,2.24
2017-04-21,0.79,2.24
2017-04-24,0.81,2.28
2017-04-25,0.82,2.35
2017-04-26,0.83,2.32
2017-04-27,0.81,2.30
2017-04-28,0.80,2.29
2017-05-01,0.83,2.33
2017-05-02,0.82,2.29
2017-05-03,0.85,2.33
2017-05-04,0.86,2.36
2017-05-05,0.90,2.36
2017-05-08,0.91,2.39
2017-05-09,0.91,2.42
2017-05-10,0.90,2.41
2017-05-11,0.89,2.39
2017-05-12,0.88,2.33
2017-05-15,0.90,2.34
2017-05-16,0.90,2.33
2017-05-17,0.90,2.22
2017-05-18,0.93,2.23
2017-05-19,0.92,2.23
2017-05-22,0.93,2.25
2017-05-23,0.92,2.29
2017-05-24,0.93,2.26
2017-05-25,0.94,2.25
2017-05-26,0.94,2.25
2017-05-29,,
2017-05-30,0.93,2.21
2017-05-31,0.98,2.21
2017-06-01,0.98,2.21
2017-06-02,0.98,2.15
2017-06-05,0.96,2.18
2017-06-06,0.97,2.14
2017-06-07,1.00,2.18
2017-06-08,1.01,2.19
2017-06-09,1.01,2.21
2017-06-12,0.98,2.21
2017-06-13,1.00,2.21
2017-06-14,1.01,2.15
2017-06-15,1.02,2.16
2017-06-16,1.03,2.16
2017-06-19,1.02,2.19
2017-06-20,1.01,2.16
2017-06-21,0.99,2.16
2017-06-22,0.96,2.15
2017-06-23,0.97,2.15
2017-06-26,0.99,2.14
2017-06-27,1.00,2.21
2017-06-28,1.02,2.22
2017-06-29,1.04,2.27
2017-06-30,1.03,2.31
2017-07-03,1.06,2.35
2017-07-04,,
2017-07-05,1.05,2.33
2017-07-06,1.04,2.37
2017-07-07,1.05,2.39
2017-07-10,1.04,2.38
2017-07-11,1.05,2.37
2017-07-12,1.05,2.33
2017-07-13,1.05,2.35
2017-07-14,1.04,2.33
2017-07-17,1.07,2.31
2017-07-18,1.07,2.27
2017-07-19,1.11,2.27
2017-07-20,1.15,2.27
2017-07-21,1.16,2.24
2017-07-24,1.17,2.26
2017-07-25,1.18,2.33
2017-07-26,1.13,2.29
2017-07-27,1.11,2.32
2017-07-28,1.08,2.30
2017-07-31,1.07,2.30
2017-08-01,1.08,2.26
2017-08-02,1.08,2.27
2017-08-03,1.08,2.24
2017-08-04,1.08,2.27
2017-08-07,1.02,2.26
2017-08-08,1.06,2.29
2017-08-09,1.06,2.24
2017-08-10,1.05,2.20
2017-08-11,1.03,2.19
2017-08-14,1.02,2.22
2017-08-15,1.04,2.27
2017-08-16,1.02,2.23
2017-08-17,1.00,2.19
2017-08-18,1.02,2.19
2017-08-21,1.00,2.18
2017-08-22,1.00,2.22
2017-08-23,1.00,2.17
2017-08-24,1.02,2.19
2017-08-25,1.03,2.17
2017-08-28,0.98,2.16
2017-08-29,1.03,2.13
2017-08-30,1.03,2.15
2017-08-31,1.01,2.12
2017-09-01,1.02,2.16
2017-09-04,,
2017-09-05,1.03,2.07
2017-09-06,1.07,2.10
2017-09-07,1.05,2.05
2017-09-08,1.04,2.06
2017-09-11,1.05,2.14
2017-09-12,1.03,2.17
2017-09-13,1.04,2.20
2017-09-14,1.05,2.20
2017-09-15,1.05,2.20
2017-09-18,1.05,2.23
2017-09-19,1.04,2.24
2017-09-20,1.04,2.28
2017-09-21,1.04,2.27
2017-09-22,1.03,2.26
2017-09-25,1.05,2.22
2017-09-26,1.06,2.24
2017-09-27,1.07,2.31
2017-09-28,1.06,2.31
2017-09-29,1.06,2.33
2017-10-02,1.01,2.34
2017-10-03,1.07,2.33
2017-10-04,1.08,2.33
2017-10-05,1.07,2.35
2017-10-06,1.07,2.37
2017-10-09,,
2017-10-10,1.08,2.35
2017-10-11,1.10,2.35
2017-10-12,1.09,2.33
2017-10-13,1.09,2.28
2017-10-16,1.10,2.30
2017-10-17,1.09,2.30
2017-10-18,1.09,2.34
2017-10-19,1.10,2.33
2017-10-20,1.11,2.39
2017-10-23,1.09,2.38
2017-10-24,1.12,2.42
2017-10-25,1.12,2.44
2017-10-26,1.11,2.46
2017-10-27,1.10,2.42
2017-10-30,1.12,2.37
2017-10-31,1.15,2.38
2017-11-01,1.18,2.37
2017-11-02,1.17,2.35
2017-11-03,1.18,2.34
2017-11-06,1.19,2.32
2017-11-07,1.22,2.32
2017-11-08,1.23,2.32
2017-11-09,1.24,2.33
2017-11-10,1.23,2.40
2017-11-13,1.24,2.40
2017-11-14,1.26,2.38
2017-11-15,1.25,2.33
2017-11-16,1.27,2.37
2017-11-17,1.29,2.35
2017-11-20,1.30,2.37
2017-11-21,1.30,2.36
2017-11-22,1.29,2.32
2017-11-23,,
2017-11-24,1.29,2.34
2017-11-27,1.27,2.32
2017-11-28,1.30,2.34
2017-11-29,1.29,2.37
2017-11-30,1.27,2.42
2017-12-01,1.27,2.37
2017-12-04,1.29,2.37
2017-12-05,1.30,2.36
2017-12-06,1.30,2.33
2017-12-07,1.29,2.37
2017-12-08,1.28,2.38
2017-12-11,1.33,2.39
2017-12-12,1.34,2.40
2017-12-13,1.30,2.36
2017-12-14,1.32,2.35
2017-12-15,1.31,2.35
2017-12-18,1.38,2.39
2017-12-19,1.37,2.46
2017-12-20,1.38,2.49
2017-12-21,1.35,2.48
2017-12-22,1.33,2.48
2017-12-25,,
2017-12-26,1.47,2.47
2017-12-27,1.44,2.42
2017-12-28,1.39,2.43
2017-12-29,1.39,2.40
2018-01-01,,
2018-01-02,1.44,2.46
2018-01-03,1.41,2.44
2018-01-04,1.41,2.46
2018-01-05,1.39,2.47
2018-01-08,1.45,2.49
2018-01-09,1.44,2.55
2018-01-10,1.42,2.55
2018-01-11,1.43,2.54
2018-01-12,1.43,2.55
2018-01-15,,
2018-01-16,1.45,2.54
2018-01-17,1.44,2.57
2018-01-18,1.45,2.62
2018-01-19,1.44,2.64
2018-01-22,1.44,2.66
2018-01-23,1.44,2.63
2018-01-24,1.43,2.65
2018-01-25,1.42,2.63
2018-01-26,1.41,2.66
2018-01-29,1.44,2.70
2018-01-30,1.44,2.73
2018-01-31,1.46,2.72
2018-02-01,1.48,2.78
2018-02-02,1.48,2.84
2018-02-05,1.51,2.77
2018-02-06,1.52,2.79
2018-02-07,1.55,2.84
2018-02-08,1.55,2.85
2018-02-09,1.55,2.83
2018-02-12,1.62,2.86
2018-02-13,1.59,2.83
2018-02-14,1.58,2.91
2018-02-15,1.58,2.90
2018-02-16,1.62,2.87
2018-02-19,,
2018-02-20,1.66,2.88
2018-02-21,1.64,2.94
2018-02-22,1.63,2.92
2018-02-23,1.64,2.88
2018-02-26,1.66,2.86
2018-02-27,1.66,2.90
2018-02-28,1.65,2.87
2018-03-01,1.63,2.81
2018-03-02,1.65,2.86
2018-03-05,1.70,2.88
2018-03-06,1.68,2.88
2018-03-07,1.68,2.89
2018-03-08,1.67,2.86
2018-03-09,1.67,2.90
2018-03-12,1.71,2.87
2018-03-13,1.73,2.84
2018-03-14,1.76,2.81
2018-03-15,1.77,2.82
2018-03-16,1.78,2.85
2018-03-19,1.80,2.85
2018-03-20,1.81,2.89
2018-03-21,1.74,2.89
2018-03-22,1.72,2.83
2018-03-23,1.74,2.82
2018-03-26,1.79,2.85
2018-03-27,1.77,2.78
2018-03-28,1.73,2.77
2018-03-29,1.73,2.74
2018-03-30,,
2018-04-02,1.77,2.73
2018-04-03,1.75,2.79
2018-04-04,1.71,2.79
2018-04-05,1.72,2.83
2018-04-06,1.73,2.77
2018-04-09,1.76,2.78
2018-04-10,1.74,2.80
2018-04-11,1.73,2.79
2018-04-12,1.75,2.83
2018-04-13,1.76,2.82
2018-04-16,1.79,2.83
2018-04-17,1.80,2.82
2018-04-18,1.81,2.87
2018-04-19,1.82,2.92
2018-04-20,1.81,2.96
2018-04-23,1.87,2.98
2018-04-24,1.87,3.00
2018-04-25,1.85,3.03
2018-04-26,1.82,3.00
2018-04-27,1.82,2.96
2018-04-30,1.87,2.95
2018-05-01,1.85,2.97
2018-05-02,1.84,2.97
2018-05-03,1.84,2.94
2018-05-04,1.84,2.95
2018-05-07,1.86,2.95
2018-05-08,1.87,2.97
2018-05-09,1.88,3.00
2018-05-10,1.90,2.97
2018-05-11,1.92,2.97
2018-05-14,1.93,3.00
2018-05-15,1.92,3.08
2018-05-16,1.92,3.09
2018-05-17,1.92,3.11
2018-05-18,1.91,3.06
2018-05-21,1.93,3.06
2018-05-22,1.93,3.06
2018-05-23,1.92,3.01
2018-05-24,1.91,2.98
2018-05-25,1.90,2.93
2018-05-28,,
2018-05-29,1.93,2.77
2018-05-30,1.94,2.84
2018-05-31,1.93,2.83
2018-06-01,1.92,2.89
2018-06-04,1.94,2.94
2018-06-05,1.94,2.92
2018-06-06,1.95,2.97
2018-06-07,1.94,2.93
2018-06-08,1.93,2.93
2018-06-11,1.94,2.96
2018-06-12,1.92,2.96
2018-06-13,1.94,2.98
2018-06-14,1.94,2.94
2018-06-15,1.94,2.93
2018-06-18,1.94,2.92
2018-06-19,1.94,2.89
2018-06-20,1.94,2.93
2018-06-21,1.94,2.90
2018-06-22,1.93,2.90
2018-06-25,1.93,2.87
2018-06-26,1.93,2.88
2018-06-27,1.93,2.83
2018-06-28,1.93,2.84
2018-06-29,1.93,2.85
2018-07-02,1.98,2.87
2018-07-03,1.98,2.83
2018-07-04,,
2018-07-05,1.96,2.84
2018-07-06,1.97,2.82
2018-07-09,1.98,2.86
2018-07-10,1.99,2.87
2018-07-11,1.97,2.85
2018-07-12,1.98,2.85
2018-07-13,1.98,2.83
2018-07-16,2.01,2.85
2018-07-17,2.02,2.86
2018-07-18,2.00,2.88
2018-07-19,2.00,2.84
2018-07-20,1.99,2.89
2018-07-23,1.99,2.96
2018-07-24,2.02,2.95
2018-07-25,2.01,2.94
2018-07-26,1.99,2.98
2018-07-27,2.00,2.96
2018-07-30,2.04,2.98
2018-07-31,2.03,2.96
2018-08-01,2.03,3.00
2018-08-02,2.02,2.98
2018-08-03,2.01,2.95
2018-08-06,2.05,2.94
2018-08-07,2.06,2.98
2018-08-08,2.06,2.96
2018-08-09,2.06,2.93
2018-08-10,2.05,2.87
2018-08-13,2.06,2.88
2018-08-14,2.08,2.89
2018-08-15,2.07,2.86
2018-08-16,2.07,2.87
2018-08-17,2.05,2.87
2018-08-20,2.06,2.82
2018-08-21,2.08,2.85
2018-08-22,2.09,2.82
2018-08-23,2.08,2.82
2018-08-24,2.09,2.82
2018-08-27,2.12,2.85
2018-08-28,2.13,2.88
2018-08-29,2.13,2.89
2018-08-30,2.11,2.86
2018-08-31,2.11,2.86
2018-09-03,,
2018-09-04,2.13,2.90
2018-09-05,2.14,2.90
2018-09-06,2.13,2.88
2018-09-07,2.14,2.94
2018-09-10,2.14,2.94
2018-09-11,2.15,2.98
2018-09-12,2.16,2.97
2018-09-13,2.15,2.97
2018-09-14,2.16,2.99
2018-09-17,2.16,2.99
2018-09-18,2.17,3.05
2018-09-19,2.16,3.08
2018-09-20,2.17,3.07
2018-09-21,2.18,3.07
2018-09-24,2.22,3.08
2018-09-25,2.21,3.10
2018-09-26,2.20,3.06
2018-09-27,2.18,3.06
2018-09-28,2.19,3.05
2018-10-01,2.23,3.09
2018-10-02,2.23,3.05
2018-10-03,2.23,3.15
2018-10-04,2.22,3.19
2018-10-05,2.23,3.23
2018-10-08,,
2018-10-09,2.25,3.21
2018-10-10,2.27,3.22
2018-10-11,2.27,3.14
2018-10-12,2.28,3.15
2018-10-15,2.31,3.16
2018-10-16,2.30,3.16
2018-10-17,2.31,3.19
2018-10-18,2.32,3.17
2018-10-19,2.31,3.20
2018-10-22,2.34,3.20
2018-10-23,2.33,3.17
2018-10-24,2.34,3.10
2018-10-25,2.34,3.14
2018-10-26,2.33,3.08
2018-10-29,2.34,3.08
2018-10-30,2.33,3.12
2018-10-31,2.34,3.15
2018-11-01,2.32,3.14
2018-11-02,2.33,3.22
2018-11-05,2.36,3.20
2018-11-06,2.35,3.22
2018-11-07,2.37,3.22
2018-11-08,2.35,3.24
2018-11-09,2.36,3.19
2018-11-12,,
2018-11-13,2.38,3.14
2018-11-14,2.38,3.12
2018-11-15,2.37,3.11
2018-11-16,2.36,3.08
2018-11-19,2.38,3.06
2018-11-20,2.39,3.06
2018-11-21,2.41,3.06
2018-11-22,,
2018-11-23,2.41,3.05
2018-11-26,2.41,3.07
2018-11-27,2.41,3.06
2018-11-28,2.40,3.06
2018-11-29,2.37,3.03
2018-11-30,2.37,3.01
2018-12-03,2.38,2.98
2018-12-04,2.42,2.91
2018-12-05,,
2018-12-06,2.41,2.87
2018-12-07,2.40,2.85
2018-12-10,2.41,2.85
2018-12-11,2.41,2.89
2018-12-12,2.43,2.91
2018-12-13,2.43,2.91
2018-12-14,2.42,2.89
2018-12-17,2.40,2.86
2018-12-18,2.39,2.82
2018-12-19,2.40,2.77
2018-12-20,2.39,2.79
2018-12-21,2.39,2.79
2018-12-24,2.45,2.74
2018-12-25,,
2018-12-26,2.44,2.81
2018-12-27,2.41,2.77
2018-12-28,2.40,2.72
2018-12-31,2.45,2.69
2019-01-01,,
2019-01-02,2.42,2.66
2019-01-03,2.41,2.56
2019-01-04,2.42,2.67
2019-01-07,2.45,2.70
2019-01-08,2.46,2.73
2019-01-09,2.45,2.74
2019-01-10,2.43,2.74
2019-01-11,2.43,2.71
2019-01-14,2.45,2.71
2019-01-15,2.45,2.72
2019-01-16,2.43,2.73
2019-01-17,2.42,2.75
2019-01-18,2.41,2.79
2019-01-21,,
2019-01-22,2.43,2.74
2019-01-23,2.41,2.76
2019-01-24,2.37,2.72
2019-01-25,2.39,2.76
2019-01-28,2.42,2.75
2019-01-29,2.42,2.72
2019-01-30,2.42,2.70
2019-01-31,2.41,2.63
2019-02-01,2.40,2.70
2019-02-04,2.42,2.73
2019-02-05,2.42,2.71
2019-02-06,2.42,2.70
2019-02-07,2.42,2.65
2019-02-08,2.43,2.63
2019-02-11,2.45,2.65
2019-02-12,2.43,2.68
2019-02-13,2.44,2.71
2019-02-14,2.43,2.66
2019-02-15,2.43,2.66
2019-02-18,,
2019-02-19,2.45,2.65
2019-02-20,2.45,2.65
2019-02-21,2.45,2.69
2019-02-22,2.46,2.65
2019-02-25,2.47,2.67
2019-02-26,2.45,2.64
2019-02-27,2.45,2.69
2019-02-28,2.45,2.73
2019-03-01,2.44,2.76
2019-03-04,2.46,2.72
2019-03-05,2.46,2.72
2019-03-06,2.47,2.69
2019-03-07,2.45,2.64
2019-03-08,2.46,2.62
2019-03-11,2.46,2.64
2019-03-12,2.46,2.61
2019-03-13,2.45,2.61
2019-03-14,2.45,2.63
2019-03-15,2.45,2.59
2019-03-18,2.44,2.60
2019-03-19,2.46,2.61
2019-03-20,2.48,2.54
2019-03-21,2.49,2.54
2019-03-22,2.46,2.44
2019-03-25,2.46,2.43
2019-03-26,2.46,2.41
2019-03-27,2.44,2.39
2019-03-28,2.43,2.39
2019-03-29,2.40,2.41
2019-04-01,2.43,2.49
2019-04-02,2.42,2.48
2019-04-03,2.44,2.52
2019-04-04,2.44,2.51
2019-04-05,2.44,2.50
2019-04-08,2.43,2.52
2019-04-09,2.42,2.51
2019-04-10,2.43,2.48
2019-04-11,2.43,2.51
2019-04-12,2.44,2.56
2019-04-15,2.43,2.55
2019-04-16,2.43,2.60
2019-04-17,2.44,2.59
2019-04-18,2.42,2.57
2019-04-19,,
2019-04-22,2.44,2.59
2019-04-23,2.45,2.57
2019-04-24,2.44,2.53
2019-04-25,2.43,2.54
2019-04-26,2.42,2.51
2019-04-29,2.44,2.54
2019-04-30,2.43,2.51
2019-05-01,2.43,2.52
2019-05-02,2.47,2.55
2019-05-03,2.43,2.54
2019-05-06,2.44,2.51
2019-05-07,2.43,2.45
2019-05-08,2.43,2.49
2019-05-09,2.43,2.45
2019-05-10,2.43,2.47
2019-05-13,2.41,2.40
2019-05-14,2.41,2.42
2019-05-15,2.42,2.37
2019-05-16,2.40,2.40
2019-05-17,2.39,2.39
2019-05-20,2.39,2.41
2019-05-21,2.39,2.43
2019-05-22,2.38,2.39
2019-05-23,2.37,2.31
2019-05-24,2.35,2.32
2019-05-27,,
2019-05-28,2.37,2.26
2019-05-29,2.37,2.25
2019-05-30,2.38,2.22
2019-05-31,2.35,2.14
2019-06-03,2.35,2.07
2019-06-04,2.35,2.12
2019-06-05,2.35,2.12
2019-06-06,2.33,2.12
2019-06-07,2.28,2.09
2019-06-10,2.29,2.15
2019-06-11,2.27,2.15
2019-06-12,2.24,2.13
2019-06-13,2.19,2.10
2019-06-14,2.20,2.09
2019-06-17,2.23,2.09
2019-06-18,2.22,2.06
2019-06-19,2.18,2.03
2019-06-20,2.14,2.01
2019-06-21,2.11,2.07
2019-06-24,2.13,2.02
2019-06-25,2.12,2.00
2019-06-26,2.15,2.05
2019-06-27,2.14,2.01
2019-06-28,2.12,2.00
2019-07-01,2.21,2.03
2019-07-02,2.20,1.98
2019-07-03,2.21,1.96
2019-07-04,,
2019-07-05,2.23,2.04
2019-07-08,2.26,2.05
2019-07-09,2.26,2.07
2019-07-10,2.20,2.07
2019-07-11,2.17,2.13
2019-07-12,2.14,2.12
2019-07-15,2.16,2.09
2019-07-16,2.15,2.13
2019-07-17,2.14,2.06
2019-07-18,2.05,2.04
2019-07-19,2.06,2.05
2019-07-22,2.09,2.05
2019-07-23,2.06,2.08
2019-07-24,2.10,2.05
2019-07-25,2.10,2.08
2019-07-26,2.12,2.08
2019-07-29,2.12,2.06
2019-07-30,2.08,2.06
2019-07-31,2.08,2.02
2019-08-01,2.07,1.90
2019-08-02,2.06,1.86
2019-08-05,2.05,1.75
2019-08-06,2.05,1.73
2019-08-07,2.02,1.71
2019-08-08,2.02,1.72
2019-08-09,2.00,1.74
2019-08-12,2.00,1.65
2019-08-13,2.00,1.68
2019-08-14,1.96,1.59
2019-08-15,1.91,1.52
2019-08-16,1.87,1.55
2019-08-19,1.94,1.60
2019-08-20,1.94,1.55
2019-08-21,1.97,1.59
2019-08-22,2.00,1.62
2019-08-23,1.97,1.52
2019-08-26,2.01,1.54
2019-08-27,1.98,1.49
2019-08-28,1.99,1.47
2019-08-29,1.99,1.50
2019-08-30,1.99,1.50
2019-09-02,,
2019-09-03,1.98,1.47
2019-09-04,1.97,1.47
2019-09-05,1.97,1.57
2019-09-06,1.96,1.55
2019-09-09,1.96,1.63
2019-09-10,1.95,1.72
2019-09-11,1.96,1.75
2019-09-12,1.95,1.79
2019-09-13,1.96,1.90
2019-09-16,1.99,1.84
2019-09-17,1.99,1.81
2019-09-18,1.95,1.80
2019-09-19,1.93,1.79
2019-09-20,1.91,1.74
2019-09-23,1.94,1.72
2019-09-24,1.92,1.64
2019-09-25,1.89,1.73
2019-09-26,1.83,1.70
2019-09-27,1.80,1.69
2019-09-30,1.88,1.68
2019-10-01,1.82,1.65
2019-10-02,1.79,1.60
2019-10-03,1.70,1.54
2019-10-04,1.71,1.52
2019-10-07,1.75,1.56
2019-10-08,1.72,1.54
2019-10-09,1.69,1.59
2019-10-10,1.68,1.67
2019-10-11,1.68,1.76
2019-10-14,,
2019-10-15,1.67,1.77
2019-10-16,1.66,1.75
2019-10-17,1.66,1.76
2019-10-18,1.66,1.76
2019-10-21,1.67,1.80
2019-10-22,1.65,1.78
2019-10-23,1.65,1.77
2019-10-24,1.67,1.77
2019-10-25,1.66,1.80
2019-10-28,1.65,1.85
2019-10-29,1.63,1.84
2019-10-30,1.62,1.78
2019-10-31,1.54,1.69
2019-11-01,1.52,1.73
2019-11-04,1.53,1.79
2019-11-05,1.56,1.86
2019-11-06,1.56,1.81
2019-11-07,1.56,1.92
2019-11-08,1.55,1.94
2019-11-11,,
2019-11-12,1.59,1.92
2019-11-13,1.57,1.88
2019-11-14,1.57,1.82
2019-11-15,1.57,1.84
2019-11-18,1.57,1.81
2019-11-19,1.57,1.79
2019-11-20,1.57,1.73
2019-11-21,1.58,1.77
2019-11-22,1.58,1.77
2019-11-25,1.61,1.76
2019-11-26,1.60,1.74
2019-11-27,1.62,1.77
2019-11-28,,
2019-11-29,1.59,1.78
2019-12-02,1.60,1.83
2019-12-03,1.57,1.72
2019-12-04,1.55,1.77
2019-12-05,1.54,1.80
2019-12-06,1.53,1.84
2019-12-09,1.54,1.83
2019-12-10,1.56,1.85
2019-12-11,1.57,1.79
2019-12-12,1.56,1.90
2019-12-13,1.57,1.82
2019-12-16,1.57,1.89
2019-12-17,1.56,1.89
2019-12-18,1.56,1.92
2019-12-19,1.57,1.92
2019-12-20,1.58,1.92
2019-12-23,1.59,1.93
2019-12-24,1.58,1.90
2019-12-25,,
2019-12-26,1.58,1.90
2019-12-27,1.57,1.88
2019-12-30,1.57,1.90
2019-12-31,1.55,1.92
2020-01-01,,
2020-01-02,1.54,1.88
2020-01-03,1.52,1.80
2020-01-06,1.56,1.81
2020-01-07,1.54,1.83
2020-01-08,1.54,1.87
2020-01-09,1.54,1.85
2020-01-10,1.54,1.83
2020-01-13,1.57,1.85
2020-01-14,1.57,1.82
2020-01-15,1.57,1.79
2020-01-16,1.55,1.81
2020-01-17,1.56,1.84
2020-01-20,,
2020-01-21,1.56,1.78
2020-01-22,1.55,1.77
2020-01-23,1.55,1.74
2020-01-24,1.54,1.70
2020-01-27,1.55,1.61
2020-01-28,1.57,1.65
2020-01-29,1.56,1.60
2020-01-30,1.57,1.57
2020-01-31,1.55,1.51
2020-02-03,1.57,1.54
2020-02-04,1.57,1.61
2020-02-05,1.57,1.66
2020-02-06,1.57,1.65
2020-02-07,1.56,1.59
2020-02-10,1.58,1.56
2020-02-11,1.57,1.59
2020-02-12,1.58,1.62
2020-02-13,1.59,1.61
2020-02-14,1.58,1.59
2020-02-17,,
2020-02-18,1.58,1.55
2020-02-19,1.58,1.56
2020-02-20,1.58,1.52
2020-02-21,1.56,1.46
2020-02-24,1.53,1.38
2020-02-25,1.53,1.33
2020-02-26,1.53,1.33
2020-02-27,1.45,1.30
2020-02-28,1.27,1.13
2020-03-02,1.13,1.10
2020-03-03,0.95,1.02
2020-03-04,0.72,1.02
2020-03-05,0.62,0.92
2020-03-06,0.45,0.74
2020-03-09,0.33,0.54
2020-03-10,0.44,0.76
2020-03-11,0.42,0.82
2020-03-12,0.33,0.88
2020-03-13,0.28,0.94
2020-03-16,0.24,0.73
2020-03-17,0.19,1.02
2020-03-18,0.02,1.18
2020-03-19,0.04,1.12
2020-03-20,0.05,0.92
2020-03-23,0.02,0.76
2020-03-24,0.01,0.84
2020-03-25,0.00,0.88
2020-03-26,0.00,0.83
2020-03-27,0.03,0.72
2020-03-30,0.12,0.70
2020-03-31,0.11,0.70
2020-04-01,0.09,0.62
2020-04-02,0.09,0.63
2020-04-03,0.10,0.62
2020-04-06,0.15,0.67
2020-04-07,0.14,0.75
2020-04-08,0.22,0.77
2020-04-09,0.25,0.73
2020-04-10,,
2020-04-13,0.26,0.76
2020-04-14,0.20,0.76
2020-04-15,0.14,0.63
2020-04-16,0.14,0.61
2020-04-17,0.12,0.65
2020-04-20,0.12,0.63
2020-04-21,0.11,0.58
2020-04-22,0.12,0.63
2020-04-23,0.11,0.61
2020-04-24,0.12,0.60
2020-04-27,0.12,0.67
2020-04-28,0.11,0.62
2020-04-29,0.10,0.63
2020-04-30,0.09,0.64
2020-05-01,0.12,0.64
2020-05-04,0.13,0.64
2020-05-05,0.13,0.66
2020-05-06,0.12,0.72
2020-05-07,0.11,0.63
2020-05-08,0.12,0.69
2020-05-11,0.12,0.73
2020-05-12,0.13,0.69
2020-05-13,0.13,0.64
2020-05-14,0.12,0.63
2020-05-15,0.12,0.64
2020-05-18,0.13,0.73
2020-05-19,0.13,0.70
2020-05-20,0.12,0.68
2020-05-21,0.12,0.68
2020-05-22,0.12,0.66
2020-05-25,,
2020-05-26,0.14,0.69
2020-05-27,0.15,0.68
2020-05-28,0.15,0.70
2020-05-29,0.14,0.65
2020-06-01,0.14,0.66
2020-06-02,0.15,0.68
2020-06-03,0.16,0.77
2020-06-04,0.15,0.82
2020-06-05,0.15,0.91
2020-06-08,0.17,0.88
2020-06-09,0.19,0.84
2020-06-10,0.17,0.75
2020-06-11,0.17,0.66
2020-06-12,0.16,0.71
2020-06-15,0.18,0.71
2020-06-16,0.17,0.75
2020-06-17,0.17,0.74
2020-06-18,0.16,0.71
2020-06-19,0.15,0.70
2020-06-22,0.16,0.71
2020-06-23,0.16,0.72
2020-06-24,0.15,0.69
2020-06-25,0.16,0.68
2020-06-26,0.14,0.64
2020-06-29,0.14,0.64
2020-06-30,0.16,0.66
2020-07-01,0.14,0.69
2020-07-02,0.14,0.68
2020-07-03,,
2020-07-06,0.15,0.69
2020-07-07,0.15,0.65
2020-07-08,0.15,0.67
2020-07-09,0.13,0.62
2020-07-10,0.13,0.65
2020-07-13,0.14,0.64
2020-07-14,0.15,0.63
2020-07-15,0.16,0.64
2020-07-16,0.11,0.62
2020-07-17,0.11,0.64
2020-07-20,0.13,0.62
2020-07-21,0.13,0.61
2020-07-22,0.13,0.60
2020-07-23,0.12,0.59
2020-07-24,0.11,0.59
2020-07-27,0.11,0.62
2020-07-28,0.11,0.59
2020-07-29,0.11,0.58
2020-07-30,0.09,0.55
2020-07-31,0.09,0.55
2020-08-03,0.10,0.56
2020-08-04,0.09,0.52
2020-08-05,0.10,0.55
2020-08-06,0.10,0.55
2020-08-07,0.10,0.57
2020-08-10,0.11,0.59
2020-08-11,0.11,0.64
2020-08-12,0.11,0.69
2020-08-13,0.10,0.71
2020-08-14,0.10,0.71
2020-08-17,0.10,0.69
2020-08-18,0.09,0.67
2020-08-19,0.11,0.68
2020-08-20,0.11,0.65
2020-08-21,0.10,0.64
2020-08-24,0.12,0.65
2020-08-25,0.11,0.69
2020-08-26,0.11,0.69
2020-08-27,0.11,0.74
2020-08-28,0.10,0.74
2020-08-31,0.11,0.72
2020-09-01,0.12,0.68
2020-09-02,0.12,0.66
2020-09-03,0.11,0.63
2020-09-04,0.11,0.72
2020-09-07,,
2020-09-08,0.13,0.69
2020-09-09,0.12,0.71
2020-09-10,0.12,0.68
2020-09-11,0.11,0.67
2020-09-14,0.11,0.68
2020-09-15,0.11,0.68
2020-09-16,0.12,0.69
2020-09-17,0.09,0.69
2020-09-18,0.10,0.70
2020-09-21,0.10,0.68
2020-09-22,0.10,0.68
2020-09-23,0.11,0.68
2020-09-24,0.10,0.67
2020-09-25,0.10,0.66
2020-09-28,0.11,0.67
2020-09-29,0.09,0.66
2020-09-30,0.10,0.69
2020-10-01,0.09,0.68
2020-10-02,0.09,0.70
2020-10-05,0.10,0.78
2020-10-06,0.10,0.76
2020-10-07,0.10,0.81
2020-10-08,0.09,0.78
2020-10-09,0.10,0.79
2020-10-12,,
2020-10-13,0.11,0.74
2020-10-14,0.12,0.73
2020-10-15,0.11,0.74
2020-10-16,0.11,0.76
2020-10-19,0.11,0.78
2020-10-20,0.10,0.81
2020-10-21,0.10,0.83
2020-10-22,0.09,0.87
2020-10-23,0.10,0.85
2020-10-26,0.11,0.81
2020-10-27,0.10,0.79
2020-10-28,0.10,0.79
2020-10-29,0.09,0.85
2020-10-30,0.09,0.88
2020-11-02,0.09,0.87
2020-11-03,0.10,0.90
2020-11-04,0.10,0.78
2020-11-05,0.10,0.79
2020-11-06,0.10,0.83
2020-11-09,0.11,0.96
2020-11-10,0.10,0.98
2020-11-11,,
2020-11-12,0.10,0.88
2020-11-13,0.09,0.89
2020-11-16,0.09,0.91
2020-11-17,0.09,0.87
2020-11-18,0.09,0.88
2020-11-19,0.07,0.86
2020-11-20,0.07,0.83
2020-11-23,0.08,0.86
2020-11-24,0.09,0.88
2020-11-25,0.09,0.88
2020-11-26,,
2020-11-27,0.09,0.84
2020-11-30,0.08,0.84
2020-12-01,0.09,0.92
2020-12-02,0.09,0.95
2020-12-03,0.08,0.92
2020-12-04,0.09,0.97
2020-12-07,0.08,0.94
2020-12-08,0.09,0.92
2020-12-09,0.08,0.95
2020-12-10,0.08,0.92
2020-12-11,0.08,0.90
2020-12-14,0.09,0.90
2020-12-15,0.08,0.92
2020-12-16,0.09,0.92
2020-12-17,0.08,0.94
2020-12-18,0.08,0.95
2020-12-21,0.09,0.95
2020-12-22,0.09,0.93
2020-12-23,0.09,0.96
2020-12-24,0.09,0.94
2020-12-25,,
2020-12-28,0.11,0.94
2020-12-29,0.10,0.94
2020-12-30,0.08,0.93
2020-12-31,0.09,0.93
2021-01-01,,
2021-01-04,0.09,0.93
2021-01-05,0.09,0.96
2021-01-06,0.09,1.04
2021-01-07,0.09,1.08
2021-01-08,0.08,1.13
2021-01-11,0.08,1.15
2021-01-12,0.09,1.15
2021-01-13,0.09,1.10
2021-01-14,0.09,1.15
2021-01-15,0.09,1.11
2021-01-18,,
2021-01-19,0.09,1.10
2021-01-20,0.08,1.10
2021-01-21,0.09,1.12
2021-01-22,0.08,1.10
2021-01-25,0.09,1.05
2021-01-26,0.07,1.05
2021-01-27,0.08,1.04
2021-01-28,0.07,1.07
2021-01-29,0.06,1.11
2021-02-01,0.07,1.09
2021-02-02,0.07,1.12
2021-02-03,0.04,1.15
2021-02-04,0.04,1.15
2021-02-05,0.03,1.19
2021-02-08,0.05,1.19
2021-02-09,0.04,1.18
2021-02-10,0.05,1.15
2021-02-11,0.05,1.16
2021-02-12,0.04,1.20
2021-02-15,,
2021-02-16,0.04,1.30
2021-02-17,0.04,1.29
2021-02-18,0.03,1.29
2021-02-19,0.04,1.34
2021-02-22,0.03,1.37
2021-02-23,0.04,1.37
2021-02-24,0.03,1.38
2021-02-25,0.04,1.54
2021-02-26,0.04,1.44
2021-03-01,0.05,1.45
2021-03-02,0.04,1.42
2021-03-03,0.05,1.47
2021-03-04,0.04,1.54
2021-03-05,0.04,1.56
2021-03-08,0.05,1.59
2021-03-09,0.05,1.55
2021-03-10,0.04,1.53
2021-03-11,0.04,1.54
2021-03-12,0.04,1.64
2021-03-15,0.04,1.62
2021-03-16,0.02,1.62
2021-03-17,0.02,1.63
2021-03-18,0.01,1.71
2021-03-19,0.01,1.74
2021-03-22,0.03,1.69
2021-03-23,0.01,1.63
2021-03-24,0.02,1.62
2021-03-25,0.02,1.63
2021-03-26,0.02,1.67
2021-03-29,0.03,1.73
2021-03-30,0.02,1.73
2021-03-31,0.03,1.74
2021-04-01,0.02,1.69
2021-04-02,0.02,1.72
2021-04-05,0.03,1.73
2021-04-06,0.02,1.67
2021-04-07,0.02,1.68
2021-04-08,0.01,1.64
2021-04-09,0.02,1.67
2021-04-12,0.02,1.69
2021-04-13,0.03,1.64
2021-04-14,0.02,1.64
2021-04-15,0.02,1.56
2021-04-16,0.02,1.59
2021-04-19,0.02,1.61
2021-04-20,0.03,1.58
2021-04-21,0.03,1.57
2021-04-22,0.03,1.57
2021-04-23,0.03,1.58
2021-04-26,0.03,1.58
2021-04-27,0.01,1.63
2021-04-28,0.01,1.63
2021-04-29,0.01,1.65
2021-04-30,0.01,1.65
2021-05-03,0.04,1.63
2021-05-04,0.02,1.61
2021-05-05,0.02,1.59
2021-05-06,0.02,1.58
2021-05-07,0.02,1.60
2021-05-10,0.02,1.63
2021-05-11,0.01,1.64
2021-05-12,0.02,1.69
2021-05-13,0.02,1.66
2021-05-14,0.01,1.63
2021-05-17,0.02,1.64
2021-05-18,0.02,1.64
2021-05-19,0.01,1.68
2021-05-20,0.01,1.63
2021-05-21,0.01,1.63
2021-05-24,0.02,1.61
2021-05-25,0.02,1.56
2021-05-26,0.02,1.58
2021-05-27,0.02,1.61
2021-05-28,0.01,1.58
2021-05-31,,
2021-06-01,0.02,1.62
2021-06-02,0.02,1.59
2021-06-03,0.02,1.63
2021-06-04,0.02,1.56
2021-06-07,0.02,1.57
2021-06-08,0.02,1.53
2021-06-09,0.03,1.50
2021-06-10,0.03,1.45
2021-06-11,0.03,1.47
2021-06-14,0.03,1.51
2021-06-15,0.03,1.51
2021-06-16,0.04,1.57
2021-06-17,0.04,1.52
2021-06-18,0.05,1.45
2021-06-21,0.05,1.50
2021-06-22,0.04,1.48
2021-06-23,0.05,1.50
2021-06-24,0.05,1.49
2021-06-25,0.06,1.54
2021-06-28,0.05,1.49
2021-06-29,0.04,1.49
2021-06-30,0.05,1.45
2021-07-01,0.05,1.48
2021-07-02,0.05,1.44
2021-07-05,,
2021-07-06,0.05,1.37
2021-07-07,0.05,1.33
2021-07-08,0.06,1.30
2021-07-09,0.06,1.37
2021-07-12,0.05,1.38
2021-07-13,0.05,1.42
2021-07-14,0.06,1.37
2021-07-15,0.05,1.31
2021-07-16,0.05,1.31
2021-07-19,0.05,1.19
2021-07-20,0.05,1.23
2021-07-21,0.05,1.30
2021-07-22,0.05,1.27
2021-07-23,0.05,1.30
2021-07-26,0.05,1.29
2021-07-27,0.05,1.25
2021-07-28,0.05,1.26
2021-07-29,0.06,1.28
2021-07-30,0.06,1.24
2021-08-02,0.05,1.20
2021-08-03,0.05,1.19
2021-08-04,0.05,1.19
2021-08-05,0.05,1.23
2021-08-06,0.06,1.31
2021-08-09,0.06,1.33
2021-08-10,0.05,1.36
2021-08-11,0.05,1.35
2021-08-12,0.06,1.36
2021-08-13,0.06,1.29
2021-08-16,0.06,1.26
2021-08-17,0.07,1.26
2021-08-18,0.07,1.27
2021-08-19,0.06,1.24
2021-08-20,0.05,1.26
2021-08-23,0.05,1.25
2021-08-24,0.05,1.29
2021-08-25,0.06,1.35
2021-08-26,0.05,1.34
2021-08-27,0.05,1.31
2021-08-30,0.05,1.29
2021-08-31,0.04,1.30
2021-09-01,0.05,1.31
2021-09-02,0.05,1.29
2021-09-03,0.05,1.33
2021-09-06,,
2021-09-07,0.05,1.38
2021-09-08,0.05,1.35
2021-09-09,0.04,1.30
2021-09-10,0.05,1.35
2021-09-13,0.06,1.33
2021-09-14,0.04,1.28
2021-09-15,0.04,1.31
2021-09-16,0.04,1.34
2021-09-17,0.04,1.37
2021-09-20,0.04,1.31
2021-09-21,0.03,1.33
2021-09-22,0.03,1.32
2021-09-23,0.03,1.41
2021-09-24,0.03,1.47
2021-09-27,0.04,1.48
2021-09-28,0.04,1.54
2021-09-29,0.04,1.55
2021-09-30,0.04,1.52
2021-10-01,0.04,1.48
2021-10-04,0.04,1.49
2021-10-05,0.04,1.54
2021-10-06,0.04,1.53
2021-10-07,0.05,1.58
2021-10-08,0.05,1.61
2021-10-11,,
2021-10-12,0.06,1.59
2021-10-13,0.05,1.56
2021-10-14,0.05,1.52
2021-10-15,0.05,1.59
2021-10-18,0.06,1.59
2021-10-19,0.05,1.65
2021-10-20,0.05,1.65
2021-10-21,0.06,1.68
2021-10-22,0.06,1.66
2021-10-25,0.06,1.64
2021-10-26,0.06,1.63
2021-10-27,0.06,1.54
2021-10-28,0.06,1.57
2021-10-29,0.05,1.55
2021-11-01,0.05,1.58
2021-11-02,0.05,1.56
2021-11-03,0.05,1.60
2021-11-04,0.04,1.53
2021-11-05,0.05,1.45
2021-11-08,0.06,1.51
2021-11-09,0.04,1.46
2021-11-10,0.05,1.56
2021-11-11,,
2021-11-12,0.05,1.58
2021-11-15,0.05,1.63
2021-11-16,0.05,1.63
2021-11-17,0.05,1.60
2021-11-18,0.05,1.59
2021-11-19,0.05,1.54
2021-11-22,0.05,1.63
2021-11-23,0.06,1.67
2021-11-24,0.06,1.64
2021-11-25,,
2021-11-26,0.06,1.48
2021-11-29,0.06,1.52
2021-11-30,0.05,1.43
2021-12-01,0.06,1.43
2021-12-02,0.05,1.44
2021-12-03,0.06,1.35
2021-12-06,0.05,1.43
2021-12-07,0.06,1.48
2021-12-08,0.07,1.52
2021-12-09,0.06,1.49
2021-12-10,0.06,1.48
2021-12-13,0.05,1.42
2021-12-14,0.05,1.44
2021-12-15,0.05,1.47
2021-12-16,0.05,1.44
2021-12-17,0.05,1.41
2021-12-20,0.07,1.43
2021-12-21,0.07,1.48
2021-12-22,0.08,1.46
2021-12-23,0.07,1.50
2021-12-24,,
2021-12-27,0.06,1.48
2021-12-28,0.06,1.49
2021-12-29,0.05,1.55
2021-12-30,0.05,1.52
2021-12-31,0.06,1.52
2022-01-03,0.08,1.63
2022-01-04,0.08,1.66
2022-01-05,0.09,1.71
2022-01-06,0.10,1.73
2022-01-07,0.10,1.76
2022-01-10,0.13,1.78
2022-01-11,0.11,1.75
2022-01-12,0.12,1.74
2022-01-13,0.12,1.70
2022-01-14,0.13,1.78
2022-01-17,,
2022-01-18,0.16,1.87
2022-01-19,0.17,1.83
2022-01-20,0.17,1.83
2022-01-21,0.17,1.75
2022-01-24,0.19,1.75
2022-01-25,0.19,1.78
2022-01-26,0.19,1.85
2022-01-27,0.20,1.81
2022-01-28,0.19,1.78
2022-01-31,0.22,1.79
2022-02-01,0.19,1.81
2022-02-02,0.19,1.78
2022-02-03,0.20,1.82
2022-02-04,0.23,1.93
2022-02-07,0.27,1.92
2022-02-08,0.25,1.96
2022-02-09,0.26,1.94
2022-02-10,0.40,2.03
2022-02-11,0.36,1.92
2022-02-14,0.43,1.98
2022-02-15,0.40,2.05
2022-02-16,0.38,2.03
2022-02-17,0.36,1.97
2022-02-18,0.35,1.92
2022-02-21,,
2022-02-22,0.37,1.94
2022-02-23,0.34,1.99
2022-02-24,0.32,1.96
2022-02-25,0.33,1.97
2022-02-28,0.35,1.83
2022-03-01,0.32,1.72
2022-03-02,0.34,1.86
2022-03-03,0.38,1.86
2022-03-04,0.34,1.74
2022-03-07,0.38,1.78
2022-03-08,0.36,1.86
2022-03-09,0.38,1.94
2022-03-10,0.39,1.98
2022-03-11,0.40,2.00
2022-03-14,0.45,2.14
2022-03-15,0.46,2.15
2022-03-16,0.44,2.19
2022-03-17,0.40,2.20
2022-03-18,0.42,2.14
2022-03-21,0.54,2.32
2022-03-22,0.51,2.38
2022-03-23,0.50,2.32
2022-03-24,0.52,2.34
2022-03-25,0.55,2.48
2022-03-28,0.59,2.46
2022-03-29,0.55,2.41
2022-03-30,0.55,2.35
2022-03-31,0.52,2.32
2022-04-01,0.53,2.39
2022-04-04,0.66,2.42
2022-04-05,0.65,2.54
2022-04-06,0.67,2.61
2022-04-07,0.68,2.66
2022-04-08,0.70,2.72
2022-04-11,0.77,2.79
2022-04-12,0.74,2.72
2022-04-13,0.75,2.70
2022-04-14,0.79,2.83
2022-04-15,,
2022-04-18,0.81,2.85
2022-04-19,0.81,2.93
2022-04-20,0.82,2.85
2022-04-21,0.83,2.90
2022-04-22,0.83,2.90
2022-04-25,0.91,2.81
2022-04-26,0.83,2.77
2022-04-27,0.82,2.82
2022-04-28,0.82,2.85
2022-04-29,0.85,2.89
2022-05-02,0.90,2.99
2022-05-03,0.91,2.97
2022-05-04,0.89,2.93
2022-05-05,0.85,3.05
2022-05-06,0.85,3.12
2022-05-09,0.92,3.05
2022-05-10,0.89,2.99
2022-05-11,0.91,2.91
2022-05-12,0.96,2.84
2022-05-13,1.03,2.93
2022-05-16,1.07,2.88
2022-05-17,1.06,2.98
2022-05-18,1.03,2.89
2022-05-19,1.05,2.84
2022-05-20,1.03,2.78
2022-05-23,1.07,2.86
2022-05-24,1.06,2.76
2022-05-25,1.06,2.75
2022-05-26,1.07,2.75
2022-05-27,1.08,2.74
2022-05-30,,
2022-05-31,1.16,2.85
2022-06-01,1.15,2.94
2022-06-02,1.17,2.92
2022-06-03,1.21,2.96
2022-06-06,1.26,3.04
2022-06-07,1.26,2.98
2022-06-08,1.28,3.03
2022-06-09,1.30,3.04
2022-06-10,1.39,3.15
2022-06-13,1.73,3.43
2022-06-14,1.83,3.49
2022-06-15,1.74,3.33
2022-06-16,1.59,3.28
2022-06-17,1.63,3.25
2022-06-20,,
2022-06-21,1.70,3.31
2022-06-22,1.61,3.16
2022-06-23,1.65,3.09
2022-06-24,1.73,3.13
2022-06-27,1.79,3.20
2022-06-28,1.79,3.20
2022-06-29,1.78,3.10
2022-06-30,1.72,2.98
2022-07-01,1.73,2.88
2022-07-04,,
2022-07-05,1.90,2.82
2022-07-06,1.90,2.93
2022-07-07,1.95,3.01
2022-07-08,1.98,3.09
2022-07-11,2.18,2.99
2022-07-12,2.22,2.96
2022-07-13,2.39,2.91
2022-07-14,2.40,2.96
2022-07-15,2.37,2.93
2022-07-18,2.50,2.96
2022-07-19,2.52,3.01
2022-07-20,2.51,3.04
2022-07-21,2.48,2.91
2022-07-22,2.49,2.77
2022-07-25,2.62,2.81
2022-07-26,2.55,2.81
2022-07-27,2.44,2.78
2022-07-28,2.42,2.68
2022-07-29,2.41,2.67
2022-08-01,2.56,2.60
2022-08-02,2.56,2.75
2022-08-03,2.52,2.73
2022-08-04,2.50,2.68
2022-08-05,2.58,2.83
2022-08-08,2.65,2.77
2022-08-09,2.67,2.80
2022-08-10,2.65,2.78
2022-08-11,2.62,2.87
2022-08-12,2.63,2.84
2022-08-15,2.72,2.79
2022-08-16,2.70,2.82
2022-08-17,2.68,2.89
2022-08-18,2.71,2.88
2022-08-19,2.74,2.98
2022-08-22,2.82,3.03
2022-08-23,2.80,3.05
2022-08-24,2.82,3.11
2022-08-25,2.88,3.03
2022-08-26,2.89,3.04
2022-08-29,2.97,3.12
2022-08-30,2.97,3.11
2022-08-31,2.96,3.15
2022-09-01,2.97,3.26
2022-09-02,2.94,3.20
2022-09-05,,
2022-09-06,3.04,3.33
2022-09-07,3.07,3.27
2022-09-08,3.06,3.29
2022-09-09,3.08,3.33
2022-09-12,3.17,3.37
2022-09-13,3.28,3.42
2022-09-14,3.24,3.41
2022-09-15,3.22,3.45
2022-09-16,3.20,3.45
2022-09-19,3.37,3.49
2022-09-20,3.35,3.57
2022-09-21,3.31,3.51
2022-09-22,3.29,3.70
2022-09-23,3.24,3.69
2022-09-26,3.39,3.88
2022-09-27,3.35,3.97
2022-09-28,3.40,3.72
2022-09-29,3.36,3.76
2022-09-30,3.33,3.83
2022-10-03,3.46,3.67
2022-10-04,3.45,3.62
2022-10-05,3.46,3.76
2022-10-06,3.46,3.83
2022-10-07,3.45,3.89
2022-10-10,,
2022-10-11,3.67,3.93
2022-10-12,3.70,3.91
2022-10-13,3.79,3.97
2022-10-14,3.81,4.00
2022-10-17,3.97,4.02
2022-10-18,4.04,4.01
2022-10-19,4.07,4.14
2022-10-20,4.09,4.24
2022-10-21,4.09,4.21
2022-10-24,4.16,4.25
2022-10-25,4.14,4.10
2022-10-26,4.11,4.04
2022-10-27,4.13,3.96
2022-10-28,4.18,4.02
2022-10-31,4.22,4.10
2022-11-01,4.23,4.07
2022-11-02,4.22,4.10
2022-11-03,4.25,4.14
2022-11-04,4.21,4.17
2022-11-07,4.29,4.22
2022-11-08,4.28,4.14
2022-11-09,4.29,4.12
2022-11-10,4.28,3.82
2022-11-11,,
2022-11-14,4.34,3.88
2022-11-15,4.31,3.80
2022-11-16,4.32,3.67
2022-11-17,4.32,3.77
2022-11-18,4.34,3.82
2022-11-21,4.41,3.83
2022-11-22,4.40,3.76
2022-11-23,4.40,3.71
2022-11-24,,
2022-11-25,4.41,3.68
2022-11-28,4.41,3.69
2022-11-29,4.38,3.75
2022-11-30,4.37,3.68
2022-12-01,4.33,3.53
2022-12-02,4.34,3.51
2022-12-05,4.36,3.60
2022-12-06,4.37,3.51
2022-12-07,4.29,3.42
2022-12-08,4.28,3.48
2022-12-09,4.31,3.57
2022-12-12,4.38,3.61
2022-12-13,4.35,3.51
2022-12-14,4.33,3.49
2022-12-15,4.34,3.44
2022-12-16,4.31,3.48
2022-12-19,4.37,3.57
2022-12-20,4.35,3.69
2022-12-21,4.33,3.68
2022-12-22,4.35,3.67
2022-12-23,4.34,3.75
2022-12-26,,
2022-12-27,4.46,3.84
2022-12-28,4.46,3.88
2022-12-29,4.45,3.83
2022-12-30,4.42,3.88
2023-01-02,,
2023-01-03,4.53,3.79
2023-01-04,4.55,3.69
2023-01-05,4.66,3.71
2023-01-06,4.67,3.55
2023-01-09,4.70,3.53
2023-01-10,4.73,3.61
2023-01-11,4.72,3.54
2023-01-12,4.66,3.43
2023-01-13,4.67,3.49
2023-01-16,,
2023-01-17,4.71,3.53
2023-01-18,4.69,3.37
2023-01-19,4.71,3.39
2023-01-20,4.72,3.48
2023-01-23,4.73,3.52
2023-01-24,4.72,3.46
2023-01-25,4.72,3.46
2023-01-26,4.71,3.49
2023-01-27,4.73,3.52
2023-01-30,4.72,3.55
2023-01-31,4.70,3.52
2023-02-01,4.66,3.39
2023-02-02,4.66,3.40
2023-02-03,4.70,3.53
2023-02-06,4.71,3.63
2023-02-07,4.71,3.67
2023-02-08,4.72,3.63
2023-02-09,4.77,3.67
2023-02-10,4.79,3.74
2023-02-13,4.81,3.72
2023-02-14,4.80,3.77
2023-02-15,4.79,3.81
2023-02-16,4.84,3.86
2023-02-17,4.84,3.82
2023-02-20,,
2023-02-21,4.86,3.95
2023-02-22,4.84,3.93
2023-02-23,4.84,3.88
2023-02-24,4.86,3.95
2023-02-27,4.89,3.92
2023-02-28,4.88,3.92
2023-03-01,4.90,4.01
2023-03-02,4.91,4.08
2023-03-03,4.91,3.97
2023-03-06,4.93,3.98
2023-03-07,5.04,3.97
2023-03-08,5.06,3.98
2023-03-09,5.05,3.93
2023-03-10,5.01,3.70
2023-03-13,4.87,3.55
2023-03-14,4.88,3.64
2023-03-15,4.75,3.51
2023-03-16,4.74,3.56
2023-03-17,4.52,3.39
2023-03-20,4.81,3.47
2023-03-21,4.78,3.59
2023-03-22,4.79,3.48
2023-03-23,4.73,3.38
2023-03-24,4.74,3.38
2023-03-27,4.91,3.53
2023-03-28,4.80,3.55
2023-03-29,4.80,3.57
2023-03-30,4.97,3.55
2023-03-31,4.85,3.48
2023-04-03,4.90,3.43
2023-04-04,4.88,3.35
2023-04-05,4.86,3.30
2023-04-06,4.91,3.30
2023-04-07,4.95,3.39
2023-04-10,5.08,3.41
2023-04-11,5.04,3.43
2023-04-12,5.02,3.41
2023-04-13,5.10,3.45
2023-04-14,5.14,3.52
2023-04-17,5.21,3.60
2023-04-18,5.20,3.58
2023-04-19,5.16,3.60
2023-04-20,5.12,3.54
2023-04-21,5.14,3.57
2023-04-24,5.20,3.52
2023-04-25,5.12,3.40
2023-04-26,5.16,3.43
2023-04-27,5.18,3.53
2023-04-28,5.10,3.44
2023-05-01,5.27,3.59
2023-05-02,5.24,3.44
2023-05-03,5.26,3.38
2023-05-04,5.26,3.37
2023-05-05,5.26,3.44
2023-05-08,5.31,3.52
2023-05-09,5.29,3.53
2023-05-10,5.24,3.43
2023-05-11,5.20,3.39
2023-05-12,5.25,3.46
2023-05-15,5.21,3.50
2023-05-16,5.23,3.54
2023-05-17,5.26,3.57
2023-05-18,5.31,3.65
2023-05-19,5.29,3.70
2023-05-22,5.40,3.72
2023-05-23,5.34,3.70
2023-05-24,5.37,3.73
2023-05-25,5.38,3.83
2023-05-26,5.34,3.80
2023-05-29,,
2023-05-30,5.55,3.69
2023-05-31,5.52,3.64
2023-06-01,5.50,3.61
2023-06-02,5.50,3.69
2023-06-05,5.46,3.69
2023-06-06,5.44,3.70
2023-06-07,5.42,3.79
2023-06-08,5.38,3.73
2023-06-09,5.37,3.75
2023-06-12,5.40,3.73
2023-06-13,5.36,3.84
2023-06-14,5.36,3.83
2023-06-15,5.33,3.72
2023-06-16,5.34,3.77
2023-06-19,,
2023-06-20,5.39,3.74
2023-06-21,5.40,3.72
2023-06-22,5.40,3.80
2023-06-23,5.41,3.74
2023-06-26,5.50,3.72
2023-06-27,5.44,3.77
2023-06-28,5.44,3.71
2023-06-29,5.46,3.85
2023-06-30,5.43,3.81
2023-07-03,5.44,3.86
2023-07-04,,
2023-07-05,5.44,3.95
2023-07-06,5.46,4.05
2023-07-07,5.46,4.06
2023-07-10,5.48,4.01
2023-07-11,5.49,3.99
2023-07-12,5.47,3.86
2023-07-13,5.47,3.76
2023-07-14,5.49,3.83
2023-07-17,5.49,3.81
2023-07-18,5.49,3.80
2023-07-19,5.49,3.75
2023-07-20,5.49,3.85
2023-07-21,5.50,3.84
2023-07-24,5.51,3.86
2023-07-25,5.51,3.91
2023-07-26,5.51,3.86
2023-07-27,5.51,4.01
2023-07-28,5.52,3.96
2023-07-31,5.55,3.97
2023-08-01,5.54,4.05
2023-08-02,5.53,4.08
2023-08-03,5.54,4.20
2023-08-04,5.54,4.05
2023-08-07,5.56,4.09
2023-08-08,5.57,4.02
2023-08-09,5.55,4.00
2023-08-10,5.54,4.09
2023-08-11,5.54,4.16
2023-08-14,5.56,4.19
2023-08-15,5.56,4.21
2023-08-16,5.56,4.28
2023-08-17,5.56,4.30
2023-08-18,5.55,4.26
2023-08-21,5.57,4.34
2023-08-22,5.57,4.34
2023-08-23,5.57,4.19
2023-08-24,5.58,4.23
2023-08-25,5.61,4.25
2023-08-28,5.58,4.20
2023-08-29,5.56,4.12
2023-08-30,5.56,4.12
2023-08-31,5.56,4.09
2023-09-01,5.53,4.18
2023-09-04,,
2023-09-05,5.55,4.27
2023-09-06,5.55,4.30
2023-09-07,5.53,4.27
2023-09-08,5.55,4.26
2023-09-11,5.55,4.29
2023-09-12,5.56,4.27
2023-09-13,5.55,4.25
2023-09-14,5.55,4.29
2023-09-15,5.56,4.33
2023-09-18,5.55,4.32
2023-09-19,5.54,4.37
2023-09-20,5.56,4.35
2023-09-21,5.57,4.49
2023-09-22,5.56,4.44
2023-09-25,5.58,4.55
2023-09-26,5.58,4.56
2023-09-27,5.58,4.61
2023-09-28,5.56,4.59
2023-09-29,5.55,4.59
2023-10-02,5.62,4.69
2023-10-03,5.62,4.81
2023-10-04,5.61,4.73
2023-10-05,5.61,4.72
2023-10-06,5.63,4.78
2023-10-09,,
2023-10-10,5.61,4.66
2023-10-11,5.61,4.58
2023-10-12,5.63,4.70
2023-10-13,5.62,4.63
2023-10-16,5.61,4.71
2023-10-17,5.62,4.83
2023-10-18,5.61,4.91
2023-10-19,5.60,4.98
2023-10-20,5.58,4.93
2023-10-23,5.58,4.86
2023-10-24,5.58,4.83
2023-10-25,5.59,4.95
2023-10-26,5.59,4.86
2023-10-27,5.59,4.84
2023-10-30,5.60,4.88
2023-10-31,5.59,4.88
2023-11-01,5.57,4.77
2023-11-02,5.54,4.67
2023-11-03,5.53,4.57
2023-11-06,5.56,4.67
2023-11-07,5.55,4.58
2023-11-08,5.54,4.49
2023-11-09,5.54,4.62
2023-11-10,5.53,4.61
2023-11-13,5.55,4.63
2023-11-14,5.52,4.44
2023-11-15,5.53,4.53
2023-11-16,5.51,4.45
2023-11-17,5.50,4.44
2023-11-20,5.54,4.42
2023-11-21,5.53,4.41
2023-11-22,5.54,4.42
2023-11-23,,
2023-11-24,5.54,4.47
2023-11-27,5.49,4.39
2023-11-28,5.47,4.34
2023-11-29,5.45,4.27
2023-11-30,5.45,4.37
2023-12-01,5.43,4.22
2023-12-04,5.46,4.28
2023-12-05,5.45,4.18
2023-12-06,5.45,4.12
2023-12-07,5.44,4.14
2023-12-08,5.44,4.23
2023-12-11,5.47,4.23
2023-12-12,5.46,4.20
2023-12-13,5.44,4.04
2023-12-14,5.43,3.92
2023-12-15,5.44,3.91
2023-12-18,5.46,3.95
2023-12-19,5.43,3.93
2023-12-20,5.44,3.86
2023-12-21,5.42,3.89
2023-12-22,5.44,3.90
2023-12-25,,
2023-12-26,5.45,3.89
2023-12-27,5.44,3.79
2023-12-28,5.45,3.84
2023-12-29,5.40,3.88
2024-01-01,,
2024-01-02,5.46,3.95
2024-01-03,5.48,3.91
2024-01-04,5.48,3.99
2024-01-05,5.47,4.05
2024-01-08,5.49,4.01
2024-01-09,5.47,4.02
2024-01-10,5.46,4.04
2024-01-11,5.46,3.98
2024-01-12,5.45,3.96
2024-01-15,,
2024-01-16,5.45,4.07
2024-01-17,5.47,4.10
2024-01-18,5.45,4.14
2024-01-19,5.45,4.15
2024-01-22,5.46,4.11
2024-01-23,5.45,4.14
2024-01-24,5.44,4.18
2024-01-25,5.44,4.14
2024-01-26,5.44,4.15
2024-01-29,5.42,4.08
2024-01-30,5.42,4.06
2024-01-31,5.42,3.99
2024-02-01,5.42,3.87
2024-02-02,5.43,4.03
2024-02-05,5.42,4.17
2024-02-06,5.44,4.09
2024-02-07,5.43,4.09
2024-02-08,5.44,4.15
2024-02-09,5.44,4.17
2024-02-12,5.43,4.17
2024-02-13,5.45,4.31
2024-02-14,5.43,4.27
2024-02-15,5.43,4.24
2024-02-16,5.44,4.30
2024-02-19,,
2024-02-20,5.44,4.27
2024-02-21,5.44,4.32
2024-02-22,5.45,4.33
2024-02-23,5.46,4.26
2024-02-26,5.47,4.28
2024-02-27,5.45,4.31
2024-02-28,5.45,4.27
2024-02-29,5.45,4.25
2024-03-01,5.42,4.19
2024-03-04,5.48,4.22
2024-03-05,5.47,4.13
2024-03-06,5.47,4.11
2024-03-07,5.47,4.09
2024-03-08,5.46,4.09
2024-03-11,5.48,4.10
2024-03-12,5.48,4.16
2024-03-13,5.48,4.19
2024-03-14,5.48,4.29
2024-03-15,5.48,4.31
2024-03-18,5.48,4.34
2024-03-19,5.48,4.30
2024-03-20,5.47,4.27
2024-03-21,5.48,4.27
2024-03-22,5.46,4.22
2024-03-25,5.46,4.25
2024-03-26,5.46,4.24
2024-03-27,5.45,4.20
2024-03-28,5.46,4.20
2024-03-29,,
2024-04-01,5.44,4.33
2024-04-02,5.42,4.36
2024-04-03,5.42,4.36
2024-04-04,5.41,4.31
2024-04-05,5.43,4.39
2024-04-08,5.43,4.42
2024-04-09,5.43,4.36
2024-04-10,5.45,4.55
2024-04-11,5.45,4.56
2024-04-12,5.45,4.50
2024-04-15,5.45,4.63
2024-04-16,5.45,4.67
2024-04-17,5.45,4.59
2024-04-18,5.46,4.64
2024-04-19,5.45,4.62
2024-04-22,5.42,4.62
2024-04-23,5.45,4.61
2024-04-24,5.46,4.65
2024-04-25,5.47,4.70
2024-04-26,5.46,4.67
2024-04-29,5.45,4.63
2024-04-30,5.46,4.69
2024-05-01,5.46,4.63
2024-05-02,5.46,4.58
2024-05-03,5.45,4.50
2024-05-06,5.45,4.49
2024-05-07,5.45,4.47
2024-05-08,5.45,4.48
2024-05-09,5.46,4.45
2024-05-10,5.47,4.50
2024-05-13,5.45,4.48
2024-05-14,5.44,4.45
2024-05-15,5.45,4.36
2024-05-16,5.45,4.38
2024-05-17,5.46,4.42
2024-05-20,5.45,4.44
2024-05-21,5.45,4.41
2024-05-22,5.45,4.43
2024-05-23,5.46,4.47
2024-05-24,5.46,4.46
2024-05-27,,
2024-05-28,5.46,4.54
2024-05-29,5.46,4.61
2024-05-30,5.46,4.55
2024-05-31,5.46,4.51
2024-06-03,5.52,4.41
2024-06-04,5.52,4.33
2024-06-05,5.51,4.29
2024-06-06,5.51,4.28
2024-06-07,5.52,4.43
2024-06-10,5.52,4.47
2024-06-11,5.52,4.39
2024-06-12,5.51,4.31
2024-06-13,5.51,4.24
2024-06-14,5.51,4.20
2024-06-17,5.52,4.28
2024-06-18,5.50,4.22
2024-06-19,,
2024-06-20,5.50,4.25
2024-06-21,5.49,4.25
2024-06-24,5.50,4.25
2024-06-25,5.49,4.23
2024-06-26,5.50,4.32
2024-06-27,5.49,4.29
2024-06-28,5.48,4.36
2024-07-01,5.47,4.48
2024-07-02,5.47,4.43
2024-07-03,5.47,4.36
2024-07-04,,
2024-07-05,5.46,4.28
2024-07-08,5.46,4.28
2024-07-09,5.46,4.30
2024-07-10,5.46,4.28
2024-07-11,5.44,4.20
2024-07-12,5.43,4.18
2024-07-15,5.43,4.23
2024-07-16,5.43,4.17
2024-07-17,5.43,4.16
2024-07-18,5.43,4.20
2024-07-19,5.43,4.25
2024-07-22,5.43,4.26
2024-07-23,5.41,4.25
2024-07-24,5.40,4.28
2024-07-25,5.39,4.27
2024-07-26,5.38,4.20
2024-07-29,5.41,4.17
2024-07-30,5.40,4.15
2024-07-31,5.41,4.09
2024-08-01,5.37,3.99
2024-08-02,5.29,3.80
2024-08-05,5.35,3.78
2024-08-06,5.34,3.90
2024-08-07,5.34,3.96
2024-08-08,5.34,3.99
2024-08-09,5.33,3.94
2024-08-12,5.33,3.90
2024-08-13,5.32,3.85
2024-08-14,5.32,3.83
2024-08-15,5.34,3.92
2024-08-16,5.33,3.89
2024-08-19,5.31,3.86
2024-08-20,5.29,3.82
2024-08-21,5.26,3.79
2024-08-22,5.28,3.86
2024-08-23,5.25,3.81
2024-08-26,5.24,3.82
2024-08-27,5.23,3.83
2024-08-28,5.21,3.84
2024-08-29,5.22,3.87
2024-08-30,5.21,3.91
2024-09-02,,
2024-09-03,5.19,3.84
2024-09-04,5.18,3.77
2024-09-05,5.15,3.73
2024-09-06,5.13,3.72
2024-09-09,5.11,3.70
2024-09-10,5.06,3.65
2024-09-11,5.10,3.65
2024-09-12,5.06,3.68
2024-09-13,4.97,3.66
2024-09-16,4.96,3.63
2024-09-17,4.95,3.65
2024-09-18,4.84,3.70
2024-09-19,4.80,3.73
2024-09-20,4.75,3.73
2024-09-23,4.72,3.75
2024-09-24,4.69,3.74
2024-09-25,4.69,3.79
2024-09-26,4.68,3.79
2024-09-27,4.68,3.75
2024-09-30,4.73,3.81
2024-10-01,4.71,3.74
2024-10-02,4.69,3.79
2024-10-03,4.68,3.85
2024-10-04,4.73,3.98
2024-10-07,4.77,4.03
2024-10-08,4.75,4.04
2024-10-09,4.75,4.06
2024-10-10,4.75,4.09
2024-10-11,4.73,4.08
2024-10-14,,
2024-10-15,4.73,4.03
2024-10-16,4.72,4.02
2024-10-17,4.74,4.09
2024-10-18,4.73,4.08
2024-10-21,4.73,4.19
2024-10-22,4.72,4.20
2024-10-23,4.73,4.24
2024-10-24,4.70,4.21
2024-10-25,4.73,4.25
2024-10-28,4.70,4.28
2024-10-29,4.70,4.28
2024-10-30,4.67,4.29
2024-10-31,4.64,4.28
2024-11-01,4.61,4.37
2024-11-04,4.65,4.31
2024-11-05,4.64,4.26
2024-11-06,4.64,4.42
2024-11-07,4.63,4.31
2024-11-08,4.63,4.30
2024-11-11,,
2024-11-12,4.63,4.43
2024-11-13,4.60,4.44
2024-11-14,4.61,4.43
2024-11-15,4.60,4.43
2024-11-18,4.63,4.42
2024-11-19,4.62,4.39
2024-11-20,4.62,4.41
2024-11-21,4.63,4.43
2024-11-22,4.63,4.41
2024-11-25,4.62,4.27
2024-11-26,4.61,4.30
2024-11-27,4.60,4.25
2024-11-28,,
2024-11-29,4.58,4.18
2024-12-02,4.51,4.19
2024-12-03,4.49,4.23
2024-12-04,4.47,4.19
2024-12-05,4.46,4.17
2024-12-06,4.42,4.15
2024-12-09,4.42,4.20
2024-12-10,4.41,4.22
2024-12-11,4.38,4.26
2024-12-12,4.35,4.32
2024-12-13,4.34,4.40
2024-12-16,4.37,4.39
2024-12-17,4.38,4.40
2024-12-18,4.36,4.50
2024-12-19,4.35,4.57
2024-12-20,4.34,4.52
2024-12-23,4.36,4.59
2024-12-24,4.40,4.59
2024-12-25,,
2024-12-26,4.35,4.58
2024-12-27,4.31,4.62
2024-12-30,4.37,4.55
2024-12-31,4.37,4.58
2025-01-01,,
2025-01-02,4.36,4.57
2025-01-03,4.34,4.60
2025-01-06,4.35,4.62
2025-01-07,4.35,4.67
2025-01-08,4.35,4.67
2025-01-09,4.35,4.68
2025-01-10,4.36,4.77
2025-01-13,4.37,4.79
2025-01-14,4.36,4.78
2025-01-15,4.35,4.66
2025-01-16,4.34,4.61
2025-01-17,4.34,4.61
2025-01-20,,
2025-01-21,4.36,4.57
2025-01-22,4.36,4.60
2025-01-23,4.36,4.65
2025-01-24,4.35,4.63
2025-01-27,4.32,4.53
2025-01-28,4.31,4.55
2025-01-29,4.31,4.55
2025-01-30,4.30,4.52
2025-01-31,4.31,4.58
2025-02-03,4.34,4.54
2025-02-04,4.33,4.52
2025-02-05,4.33,4.43
2025-02-06,4.34,4.45
2025-02-07,4.35,4.49
2025-02-10,4.35,4.51
2025-02-11,4.35,4.54
2025-02-12,4.35,4.62
2025-02-13,4.34,4.52
2025-02-14,4.34,4.47
2025-02-17,,
2025-02-18,4.34,4.55
2025-02-19,4.34,4.53
2025-02-20,4.33,4.50
2025-02-21,4.32,4.42
2025-02-24,4.31,4.40
2025-02-25,4.30,4.30
2025-02-26,4.31,4.25
2025-02-27,4.32,4.29
2025-02-28,4.32,4.24
2025-03-03,4.35,4.16
2025-03-04,4.34,4.22
2025-03-05,4.35,4.28
2025-03-06,4.34,4.29
2025-03-07,4.34,4.32
2025-03-10,4.33,4.22
2025-03-11,4.34,4.28
2025-03-12,4.35,4.32
2025-03-13,4.34,4.27
2025-03-14,4.33,4.31
2025-03-17,4.34,4.31
2025-03-18,4.34,4.29
2025-03-19,4.33,4.25
2025-03-20,4.33,4.24
2025-03-21,4.33,4.25
2025-03-24,4.33,4.34
2025-03-25,4.33,4.31
2025-03-26,4.33,4.35
2025-03-27,4.33,4.38
2025-03-28,4.33,4.27
2025-03-31,4.32,4.23
2025-04-01,4.32,4.17
2025-04-02,4.32,4.20
2025-04-03,4.31,4.06
2025-04-04,4.28,4.01
2025-04-07,4.29,4.15
2025-04-08,4.31,4.26
2025-04-09,4.35,4.34
2025-04-10,4.34,4.40
2025-04-11,4.34,4.48
2025-04-14,4.33,4.38
2025-04-15,4.33,4.35
2025-04-16,4.33,4.29
2025-04-17,4.34,4.34
2025-04-18,,
2025-04-21,4.34,4.42
2025-04-22,4.33,4.41
2025-04-23,4.33,4.40
2025-04-24,4.32,4.32
2025-04-25,4.32,4.29
2025-04-28,4.32,4.23
2025-04-29,4.31,4.19
2025-04-30,4.31,4.17
2025-05-01,4.31,4.25
2025-05-02,4.33,4.33
2025-05-05,4.33,4.36
2025-05-06,4.33,4.30
2025-05-07,4.34,4.26
2025-05-08,4.34,4.37
2025-05-09,4.34,4.37
2025-05-12,4.42,4.45
2025-05-13,4.41,4.49
2025-05-14,4.41,4.53
2025-05-15,4.38,4.45
2025-05-16,4.37,4.43
2025-05-19,4.39,4.46
2025-05-20,4.38,4.48
2025-05-21,4.36,4.58
2025-05-22,4.37,4.54
2025-05-23,4.36,4.51
2025-05-26,,
2025-05-27,4.35,4.43
2025-05-28,4.35,4.47
2025-05-29,4.36,4.43
2025-05-30,4.36,4.41
2025-06-02,4.44,4.46
2025-06-03,4.43,4.46
2025-06-04,4.44,4.37
2025-06-05,4.44,4.40
2025-06-06,4.43,4.51
2025-06-09,4.44,4.49
2025-06-10,4.45,4.47
2025-06-11,4.45,4.41
2025-06-12,4.46,4.36
2025-06-13,4.45,4.41
2025-06-16,4.43,4.46
2025-06-17,4.42,4.39
2025-06-18,4.42,4.38
2025-06-19,,
2025-06-20,4.39,4.38
2025-06-23,4.38,4.34
2025-06-24,4.38,4.30
2025-06-25,4.38,4.29
2025-06-26,4.39,4.26
2025-06-27,4.39,4.29
2025-06-30,4.41,4.24
2025-07-01,4.40,4.26
2025-07-02,4.41,4.30
2025-07-03,4.42,4.35
2025-07-04,,
2025-07-07,4.42,4.40
2025-07-08,4.42,4.42
2025-07-09,4.42,4.34
2025-07-10,4.42,4.35
2025-07-11,4.41,4.43
2025-07-14,4.42,4.43
2025-07-15,4.42,4.50
2025-07-16,4.41,4.46
2025-07-17,4.41,4.47
2025-07-18,4.40,4.44
2025-07-21,4.41,4.38
2025-07-22,4.41,4.35
2025-07-23,4.41,4.40
2025-07-24,4.42,4.43
2025-07-25,4.42,4.40
2025-07-28,4.40,4.42
2025-07-29,4.40,4.34
2025-07-30,4.41,4.38
2025-07-31,4.41,4.37
2025-08-01,4.35,4.23
2025-08-04,4.35,4.22
2025-08-05,4.34,4.22
2025-08-06,4.32,4.22
2025-08-07,4.32,4.23
2025-08-08,4.32,4.27
2025-08-11,4.34,4.27
2025-08-12,4.33,4.29
2025-08-13,4.29,4.24
2025-08-14,4.30,4.29
2025-08-15,4.30,4.33
2025-08-18,4.33,4.34
2025-08-19,4.30,4.30
2025-08-20,4.30,4.29
2025-08-21,4.32,4.33
2025-08-22,4.27,4.26
2025-08-25,4.29,4.28
2025-08-26,4.28,4.26
2025-08-27,4.26,4.24
2025-08-28,4.26,4.22
2025-08-29,4.23,4.23
2025-09-01,,
2025-09-02,4.20,4.28
2025-09-03,4.18,4.22
2025-09-04,4.16,4.17
2025-09-05,4.07,4.10
2025-09-08,4.10,4.05
2025-09-09,4.10,4.08
2025-09-10,4.09,4.04
2025-09-11,4.08,4.01
2025-09-12,4.08,4.06
2025-09-15,4.06,4.05
2025-09-16,4.04,4.04
2025-09-17,4.02,4.06
2025-09-18,4.03,4.11
2025-09-19,4.03,4.14
2025-09-22,4.00,4.15
2025-09-23,4.00,4.12
2025-09-24,4.02,4.16
2025-09-25,4.04,4.18
2025-09-26,4.02,4.20
2025-09-29,4.04,4.15
2025-09-30,4.02,4.16
2025-10-01,4.01,4.12
2025-10-02,4.02,4.10
2025-10-03,4.03,4.13
2025-10-06,4.02,4.18
2025-10-07,4.01,4.14
2025-10-08,4.01,4.13
2025-10-09,4.03,4.14
2025-10-10,4.02,4.05
2025-10-13,,
2025-10-14,4.02,4.03
2025-10-15,4.03,4.05
2025-10-16,4.02,3.99
2025-10-17,4.00,4.02
2025-10-20,3.97,4.00
2025-10-21,3.96,3.98
2025-10-22,3.96,3.97
2025-10-23,3.95,4.01
2025-10-24,3.93,4.02
2025-10-27,3.89,4.01
2025-10-28,3.89,3.99
2025-10-29,3.93,4.08
2025-10-30,3.92,4.11
2025-10-31,3.89,4.11
2025-11-03,3.98,4.13
2025-11-04,3.96,4.10
2025-11-05,3.96,4.17
2025-11-06,3.93,4.11
2025-11-07,3.92,4.11
2025-11-10,3.95,4.13
2025-11-11,,
2025-11-12,3.95,4.08
2025-11-13,3.96,4.11
2025-11-14,3.95,4.14
2025-11-17,3.97,4.13
2025-11-18,3.94,4.12
2025-11-19,3.95,4.13
2025-11-20,3.94,4.10
2025-11-21,3.90,4.06
2025-11-24,3.91,4.04
2025-11-25,3.90,4.01
2025-11-26,3.92,4.00
2025-11-27,,
2025-11-28,3.88,4.02
2025-12-01,3.81,4.09
2025-12-02,3.77,4.09
2025-12-03,3.72,4.06
2025-12-04,3.71,4.11
2025-12-05,3.71,4.14
2025-12-08,3.73,4.17
2025-12-09,3.73,4.18
2025-12-10,3.69,4.13
2025-12-11,3.66,4.14
2025-12-12,3.63,4.19
2025-12-15,3.65,4.18
2025-12-16,3.64,4.15
2025-12-17,3.64,4.16
2025-12-18,3.62,4.12
2025-12-19,3.62,4.16
2025-12-22,3.64,4.17
2025-12-23,3.65,4.18
2025-12-24,3.69,4.15
2025-12-25,,
2025-12-26,3.64,4.14
2025-12-29,3.68,4.12
2025-12-30,3.65,4.14
2025-12-31,3.67,4.18
2026-01-01,,
2026-01-02,3.65,4.19
2026-01-05,3.64,4.17
2026-01-06,3.63,4.18
2026-01-07,3.62,4.15
2026-01-08,3.62,4.19
2026-01-09,3.62,4.18
2026-01-12,3.67,4.19
2026-01-13,3.67,4.18
2026-01-14,3.67,4.15
2026-01-15,3.68,4.17
2026-01-16,3.67,4.24
2026-01-19,,
2026-01-20,3.70,4.30
2026-01-21,3.70,4.26
2026-01-22,3.71,4.26
2026-01-23,3.70,4.24
2026-01-26,3.67,4.22
2026-01-27,3.67,4.24
2026-01-28,3.68,4.26
2026-01-29,3.67,4.24
2026-01-30,3.67,4.26
2026-02-02,3.69,4.29
2026-02-03,3.69,4.28
2026-02-04,3.69,4.29
2026-02-05,3.67,4.21
2026-02-06,3.68,4.22
2026-02-09,3.69,4.22
2026-02-10,3.69,4.16
2026-02-11,3.70,4.18
2026-02-12,3.70,4.09
2026-02-13,3.68,4.04
2026-02-16,,
2026-02-17,3.69,4.05
2026-02-18,3.70,4.09
2026-02-19,3.69,4.08
2026-02-20,3.69,4.08
2026-02-23,3.69,4.03
2026-02-24,3.69,4.04
2026-02-25,3.69,4.05
2026-02-26,3.68,4.02
2026-02-27,3.67,3.97
2026-03-02,3.72,4.05
2026-03-03,3.71,4.06
2026-03-04,3.71,4.09
2026-03-05,3.70,4.13
2026-03-06,3.69,4.15
2026-03-09,3.71,4.12
2026-03-10,3.71,4.15
2026-03-11,3.71,4.21
2026-03-12,3.72,4.27
2026-03-13,3.72,4.28
2026-03-16,3.72,4.23
2026-03-17,3.72,4.20
2026-03-18,3.73,4.26
2026-03-19,3.73,4.25
2026-03-20,3.74,4.39
2026-03-23,3.74,4.34
2026-03-24,3.74,4.39
2026-03-25,3.73,4.33
2026-03-26,3.73,4.42
2026-03-27,3.73,4.44
2026-03-30,3.71,4.35
2026-03-31,3.70,4.30
2026-04-01,3.70,4.33
2026-04-02,3.70,4.31
2026-04-03,3.71,4.35
2026-04-06,3.72,4.34
2026-04-07,3.71,4.33
2026-04-08,3.69,4.29
2026-04-09,3.68,4.29
2026-04-10,3.69,4.31
2026-04-13,3.71,4.30
2026-04-14,3.71,4.26
2026-04-15,3.71,4.29
2026-04-16,3.70,4.32
2026-04-17,3.70,4.26
2026-04-20,3.71,4.26
2026-04-21,3.69,4.30
2026-04-22,3.69,4.30
2026-04-23,3.69,4.34
2026-04-24,3.69,4.31
2026-04-27,3.68,4.35
2026-04-28,3.68,4.36
2026-04-29,3.68,4.42
2026-04-30,3.68,4.40
2026-05-01,3.68,4.39
2026-05-04,3.70,4.45
2026-05-05,3.69,4.43
2026-05-06,3.69,4.36
2026-05-07,3.69,4.41
2026-05-08,3.69,4.38
2026-05-11,3.70,4.42
2026-05-12,3.70,4.46
2026-05-13,3.69,4.46
2026-05-14,3.69,4.47
2026-05-15,3.69,4.59
2026-05-18,3.68,4.61
2026-05-19,3.67,4.67
2026-05-20,3.65,4.57
2026-05-21,3.68,4.57
2026-05-22,3.68,4.56
2026-05-25,,
2026-05-26,3.68,4.50
2026-05-27,3.68,4.48
2026-05-28,3.69,4.45
2026-05-29,3.69,4.45
2026-06-01,3.78,4.47
2026-06-02,3.77,4.46
2026-06-03,3.78,4.49
2026-06-04,3.78,4.47
2026-06-05,3.78,4.55
2026-06-08,3.80,4.56
2026-06-09,3.79,4.53
2026-06-10,3.79,4.55
2026-06-11,3.78,4.45
2026-06-12,3.78,4.48
2026-06-15,3.79,4.47
2026-06-16,3.79,4.43
2026-06-17,3.83,4.49
2026-06-18,3.83,4.46
2026-06-19,,
2026-06-22,3.85,4.51
2026-06-23,3.85,4.50
2026-06-24,3.85,4.41
2026-06-25,3.84,4.40
2026-06-26,3.83,4.38
2026-06-29,3.87,4.38
2026-06-30,3.87,4.44
2026-07-01,3.85,4.48
2026-07-02,3.82,4.49
2026-07-03,,
2026-07-06,3.87,4.48
2026-07-07,3.86,4.55
2026-07-08,3.87,4.56
2026-07-09,3.83,4.54
2026-07-10,3.85,4.56
2026-07-13,3.89,4.62
2026-07-14,3.84,4.58
2026-07-15,3.83,4.55
2026-07-16,3.84,4.57
2026-07-17,3.85,4.55
2026-07-20,3.86,4.60
2026-07-21,3.87,4.63
2026-07-22,3.89,4.67
2026-07-23,3.95,4.71
2026-07-24,3.96,4.69
2026-07-27,3.96,4.65
2026-07-28,3.90,4.61
2026-07-29,3.83,4.67
2026-07-30,3.82,4.68
2026-07-31,3.83,4.75
2026-08-03,3.91,4.70
2026-08-04,3.89,4.63
2026-08-05,3.89,4.63
2026-08-06,3.90,4.69
2026-08-07,3.87,4.65
2026-08-10,3.89,4.72
2026-08-11,3.89,4.70
2026-08-12,3.87,4.68
2026-08-13,3.87,4.63
2026-08-14,3.86,4.68
2026-08-17,3.87,4.72
2026-08-18,3.86,4.71
2026-08-19,3.86,4.65
2026-08-20,3.87,4.69
2026-08-21,3.88,4.74
2026-08-24,3.87,4.70
2026-08-25,3.86,4.64
2026-08-26,3.85,4.66
2026-08-27,3.84,4.67
2026-08-28,3.90,4.73
2026-08-31,3.91,4.75
2026-09-01,3.92,4.79
2026-09-02,3.92,4.79
2026-09-03,3.89,4.77
2026-09-04,3.91,4.78
2026-09-07,,
2026-09-08,3.94,4.80
2026-09-09,3.95,4.83
2026-09-10,4.00,4.95
2026-09-11,4.07,4.96
2026-09-14,4.11,4.97
2026-09-15,4.11,5.00
2026-09-16,4.14,5.01
2026-09-17,4.12,4.94
2026-09-18,4.14,5.01
2026-09-21,4.17,4.96
2026-09-22,4.16,4.96
2026-09-23,4.19,5.11
2026-09-24,4.24,5.18
