date,SP500,VIXCLS,VXVCLS,DGS1,DGS2,DGS3,DGS5,DGS7,DGS10,DGS20,DGS30,BAA10Y,AAA10Y,BAMLC0A4CBBB,DTB3,DFF
2015-01-02,,17.79,19.46,0.25,0.66,1.07,1.61,1.92,2.12,2.41,2.69,2.51,1.55,,0.02,0.12
2015-01-05,,19.92,20.79,0.26,0.68,1.06,1.57,1.85,2.04,2.32,2.60,2.52,1.55,,0.03,0.12
2015-01-06,,21.12,21.42,0.25,0.65,1.02,1.50,1.78,1.97,2.25,2.52,2.52,1.53,,0.03,0.12
2015-01-07,,19.31,20.08,0.25,0.62,1.00,1.47,1.76,1.96,2.25,2.52,2.53,1.55,,0.03,0.12
2015-01-08,,17.01,18.66,0.23,0.62,1.00,1.50,1.81,2.03,2.33,2.59,2.54,1.54,,0.03,0.12
2015-01-09,,17.55,19.32,0.22,0.59,0.96,1.45,1.75,1.98,2.29,2.55,2.55,1.55,,0.02,0.12
2015-01-12,,19.60,20.48,0.19,0.56,0.91,1.39,1.69,1.92,2.23,2.49,2.55,1.55,,0.03,0.12
2015-01-13,,20.56,21.27,0.20,0.54,0.88,1.37,1.67,1.91,2.24,2.49,2.55,1.58,,0.03,0.12
2015-01-14,,21.48,20.93,0.18,0.51,0.83,1.33,1.62,1.86,2.20,2.47,2.58,1.60,,0.04,0.12
2015-01-15,,22.39,22.11,0.16,0.44,0.75,1.22,1.53,1.77,2.12,2.40,2.65,1.67,,0.03,0.12
2015-01-16,,20.95,21.15,0.17,0.49,0.80,1.29,1.60,1.83,2.17,2.44,2.62,1.63,,0.03,0.13
2015-01-20,,19.89,20.87,0.17,0.53,0.85,1.31,1.61,1.82,2.15,2.39,2.61,1.60,,0.03,0.12
2015-01-21,,18.85,20.04,0.17,0.53,0.87,1.35,1.66,1.87,2.20,2.44,2.59,1.59,,0.03,0.12
2015-01-22,,16.40,18.60,0.17,0.53,0.90,1.39,1.69,1.90,2.21,2.46,2.59,1.61,,0.03,0.12
2015-01-23,,16.66,19.00,0.17,0.52,0.86,1.33,1.62,1.81,2.12,2.38,2.60,1.58,,0.02,0.12
2015-01-26,,15.52,18.03,0.18,0.54,0.89,1.36,1.64,1.83,2.14,2.40,2.58,1.58,,0.03,0.12
2015-01-27,,17.22,19.11,0.17,0.54,0.87,1.34,1.62,1.83,2.15,2.40,2.59,1.59,,0.02,0.11
2015-01-28,,20.44,21.44,0.17,0.50,0.81,1.25,1.53,1.73,2.05,2.29,2.59,1.60,,0.02,0.12
2015-01-29,,18.76,20.00,0.17,0.51,0.84,1.28,1.59,1.77,2.11,2.33,2.58,1.58,,0.03,0.11
2015-01-30,,20.97,21.82,0.18,0.47,0.77,1.18,1.49,1.68,2.04,2.25,2.61,1.61,,0.02,0.06
2015-02-02,,19.43,20.91,0.17,0.49,0.78,1.19,1.49,1.68,2.07,2.25,2.61,1.61,,0.02,0.12
2015-02-03,,17.33,19.49,0.21,0.52,0.85,1.28,1.60,1.79,2.16,2.37,2.61,1.63,,0.02,0.12
2015-02-04,,18.33,20.43,0.20,0.52,0.86,1.29,1.61,1.81,2.17,2.39,2.60,1.62,,0.01,0.11
2015-02-05,,16.85,19.27,0.20,0.52,0.87,1.30,1.62,1.83,2.20,2.42,2.60,1.63,,0.02,0.12
2015-02-06,,17.29,19.88,0.26,0.65,1.03,1.48,1.77,1.95,2.28,2.51,2.55,1.57,,0.02,0.11
2015-02-09,,18.55,20.67,0.24,0.65,1.04,1.49,1.78,1.96,2.28,2.52,2.53,1.56,,0.01,0.12
2015-02-10,,17.23,19.73,0.25,0.67,1.05,1.52,1.82,2.01,2.33,2.58,2.53,1.63,,0.01,0.12
2015-02-11,,16.96,19.71,0.24,0.67,1.06,1.53,1.83,2.00,2.33,2.57,2.53,1.63,,0.01,0.12
2015-02-12,,15.34,18.34,0.23,0.61,1.02,1.50,1.81,1.99,2.33,2.58,2.54,1.65,,0.02,0.12
2015-02-13,,14.69,18.13,0.23,0.66,1.03,1.53,1.84,2.02,2.39,2.63,2.55,1.65,,0.01,0.12
2015-02-17,,15.80,18.38,0.25,0.70,1.10,1.62,1.95,2.14,2.49,2.73,2.53,1.64,,0.02,0.12
2015-02-18,,15.45,18.66,0.23,0.62,1.00,1.52,1.86,2.07,2.46,2.70,2.53,1.66,,0.02,0.12
2015-02-19,,15.29,18.01,0.23,0.67,1.05,1.58,1.92,2.11,2.50,2.73,2.53,1.66,,0.02,0.12
2015-02-20,,14.30,17.29,0.23,0.67,1.07,1.61,1.94,2.13,2.50,2.73,2.50,1.65,,0.02,0.12
2015-02-23,,14.56,17.54,0.22,0.64,1.03,1.56,1.88,2.06,2.44,2.66,2.48,1.64,,0.02,0.11
2015-02-24,,13.69,16.71,0.22,0.60,0.97,1.47,1.79,1.99,2.38,2.60,2.49,1.66,,0.02,0.11
2015-02-25,,13.84,16.87,0.21,0.61,0.98,1.47,1.78,1.96,2.35,2.56,2.49,1.65,,0.02,0.11
2015-02-26,,13.91,16.85,0.22,0.66,1.04,1.54,1.86,2.03,2.39,2.63,2.44,1.61,,0.03,0.11
2015-02-27,,13.34,16.89,0.22,0.63,1.01,1.50,1.82,2.00,2.38,2.60,2.46,1.64,,0.02,0.06
2015-03-02,,13.04,16.46,0.22,0.66,1.06,1.57,1.89,2.08,2.46,2.68,2.48,1.62,,0.02,0.12
2015-03-03,,13.86,16.78,0.26,0.68,1.09,1.61,1.94,2.12,2.49,2.71,2.46,1.61,,0.02,0.12
2015-03-04,,14.23,16.91,0.26,0.66,1.07,1.60,1.93,2.12,2.49,2.72,2.46,1.61,,0.01,0.11
2015-03-05,,14.04,16.64,0.25,0.65,1.05,1.57,1.90,2.11,2.49,2.71,2.47,1.60,,0.02,0.11
2015-03-06,,15.20,17.51,0.27,0.73,1.16,1.70,2.04,2.24,2.63,2.83,2.45,1.57,,0.01,0.12
2015-03-09,,15.06,17.31,0.27,0.70,1.13,1.66,1.99,2.20,2.58,2.80,2.46,1.58,,0.02,0.12
2015-03-10,,16.69,18.26,0.25,0.70,1.10,1.62,1.94,2.14,2.51,2.73,2.45,1.56,,0.02,0.12
2015-03-11,,16.87,18.53,0.25,0.70,1.09,1.60,1.92,2.11,2.47,2.69,2.45,1.56,,0.03,0.11
2015-03-12,,15.42,17.39,0.24,0.67,1.06,1.59,1.91,2.10,2.47,2.69,2.46,1.57,,0.03,0.11
2015-03-13,,16.00,17.89,0.24,0.68,1.07,1.60,1.93,2.13,2.48,2.70,2.47,1.57,,0.03,0.11
2015-03-16,,15.61,17.40,0.26,0.66,1.06,1.57,1.90,2.10,2.45,2.67,2.48,1.60,,0.05,0.12
2015-03-17,,15.66,17.48,0.27,0.70,1.07,1.56,1.87,2.06,2.40,2.61,2.49,1.61,,0.05,0.12
2015-03-18,,13.97,16.43,0.23,0.57,0.92,1.41,1.73,1.93,2.31,2.51,2.55,1.67,,0.03,0.11
2015-03-19,,14.07,16.97,0.26,0.63,0.99,1.48,1.79,1.98,2.33,2.54,2.50,1.60,,0.03,0.12
2015-03-20,,13.02,16.71,0.24,0.60,0.95,1.42,1.73,1.93,2.29,2.50,2.51,1.62,,0.01,0.12
2015-03-23,,13.41,16.53,0.24,0.60,0.93,1.41,1.71,1.92,2.29,2.51,2.54,1.62,,0.03,0.12
2015-03-24,,13.62,16.59,0.24,0.58,0.91,1.37,1.68,1.88,2.24,2.46,2.53,1.62,,0.02,0.11
2015-03-25,,15.44,17.57,0.25,0.59,0.94,1.41,1.73,1.93,2.28,2.50,2.53,1.59,,0.04,0.12
2015-03-26,,15.80,17.57,0.28,0.61,0.98,1.47,1.81,2.01,2.37,2.60,2.55,1.60,,0.03,0.11
2015-03-27,,15.07,17.39,0.27,0.58,0.92,1.42,1.74,1.95,2.29,2.53,2.53,1.58,,0.04,0.12
2015-03-30,,14.51,16.92,0.27,0.58,0.93,1.41,1.74,1.96,2.32,2.55,2.55,1.59,,0.04,0.12
2015-03-31,,15.29,17.54,0.26,0.56,0.89,1.37,1.71,1.94,2.31,2.54,2.55,1.58,,0.03,0.06
2015-04-01,,15.11,17.34,0.27,0.55,0.86,1.32,1.65,1.87,2.23,2.47,2.55,1.58,,0.03,0.12
2015-04-02,,14.67,17.22,0.25,0.55,0.87,1.35,1.69,1.92,2.29,2.53,2.55,1.57,,0.02,0.12
2015-04-03,,,,0.21,0.49,0.80,1.26,1.60,1.85,2.24,2.49,2.58,1.58,,0.02,0.12
2015-04-06,,14.74,16.82,0.21,0.51,0.83,1.31,1.67,1.92,2.31,2.57,2.58,1.59,,0.03,0.13
2015-04-07,,14.78,16.80,0.22,0.52,0.85,1.32,1.66,1.89,2.27,2.52,2.56,1.58,,0.02,0.12
2015-04-08,,13.98,16.40,0.22,0.54,0.86,1.35,1.68,1.92,2.28,2.53,2.51,1.53,,0.03,0.12
2015-04-09,,13.09,16.02,0.22,0.56,0.89,1.40,1.73,1.97,2.35,2.61,2.53,1.56,,0.03,0.12
2015-04-10,,12.58,15.46,0.24,0.57,0.91,1.41,1.73,1.96,2.33,2.58,2.53,1.57,,0.02,0.12
2015-04-13,,13.94,16.32,0.23,0.54,0.89,1.38,1.71,1.94,2.33,2.58,2.54,1.58,,0.03,0.13
2015-04-14,,13.67,15.85,0.23,0.53,0.85,1.34,1.67,1.90,2.29,2.54,2.54,1.57,,0.02,0.13
2015-04-15,,12.84,15.69,0.23,0.51,0.85,1.33,1.66,1.91,2.30,2.55,2.54,1.57,,0.02,0.13
2015-04-16,,12.60,15.33,0.22,0.50,0.81,1.31,1.64,1.90,2.31,2.56,2.55,1.57,,0.02,0.13
2015-04-17,,13.89,16.14,0.23,0.51,0.84,1.31,1.63,1.87,2.26,2.51,2.53,1.56,,0.01,0.13
2015-04-20,,13.30,15.58,0.24,0.55,0.86,1.33,1.65,1.90,2.31,2.56,2.55,1.60,,0.03,0.13
2015-04-21,,13.25,15.52,0.23,0.55,0.86,1.35,1.67,1.92,2.33,2.58,2.54,1.59,,0.03,0.13
2015-04-22,,12.71,15.46,0.23,0.57,0.91,1.41,1.75,1.99,2.42,2.66,2.53,1.59,,0.03,0.13
2015-04-23,,12.48,15.17,0.24,0.55,0.87,1.37,1.70,1.96,2.38,2.63,2.54,1.60,,0.03,0.13
2015-04-24,,12.29,15.26,0.24,0.54,0.84,1.34,1.68,1.93,2.36,2.62,2.56,1.62,,0.03,0.13
2015-04-27,,13.12,15.93,0.25,0.54,0.87,1.36,1.69,1.94,2.36,2.61,2.54,1.60,,0.02,0.13
2015-04-28,,12.41,15.31,0.24,0.56,0.90,1.39,1.75,2.00,2.42,2.68,2.55,1.60,,0.02,0.13
2015-04-29,,13.39,15.97,0.25,0.56,0.91,1.43,1.80,2.06,2.49,2.76,2.58,1.63,,0.01,0.13
2015-04-30,,14.55,16.48,0.24,0.58,0.91,1.43,1.79,2.05,2.49,2.75,2.60,1.69,,0.01,0.08
2015-05-01,,12.70,15.38,0.25,0.60,0.97,1.50,1.87,2.12,2.57,2.82,2.61,1.70,,0.01,0.13
2015-05-04,,12.85,15.43,0.25,0.60,0.96,1.51,1.90,2.16,2.62,2.88,2.61,1.70,,0.02,0.13
2015-05-05,,14.31,16.32,0.24,0.62,1.00,1.54,1.92,2.19,2.64,2.90,2.62,1.71,,0.01,0.13
2015-05-06,,15.15,16.72,0.25,0.65,1.03,1.58,1.97,2.25,2.72,2.98,2.64,1.73,,0.02,0.13
2015-05-07,,15.13,16.74,0.24,0.63,1.02,1.55,1.93,2.18,2.63,2.90,2.64,1.74,,0.01,0.13
2015-05-08,,12.86,15.56,0.23,0.59,0.96,1.50,1.89,2.16,2.63,2.90,2.65,1.75,,0.01,0.13
2015-05-11,,13.85,16.10,0.25,0.62,1.02,1.59,2.00,2.28,2.76,3.03,2.66,1.75,,0.02,0.13
2015-05-12,,13.86,16.40,0.25,0.61,1.00,1.58,2.00,2.28,2.75,3.02,2.65,1.73,,0.03,0.13
2015-05-13,,13.76,16.29,0.24,0.59,0.97,1.57,2.00,2.27,2.79,3.07,2.71,1.78,,0.02,0.13
2015-05-14,,12.74,15.91,0.23,0.56,0.91,1.51,1.94,2.23,2.76,3.03,2.74,1.81,,0.01,0.13
2015-05-15,,12.38,15.57,0.23,0.55,0.90,1.46,1.87,2.14,2.66,2.93,2.72,1.81,,0.02,0.13
2015-05-18,,12.73,15.23,0.22,0.58,0.95,1.54,1.95,2.23,2.75,3.02,2.73,1.82,,0.02,0.13
2015-05-19,,12.85,15.28,0.23,0.63,1.01,1.60,2.01,2.27,2.79,3.05,2.71,1.80,,0.02,0.12
2015-05-20,,12.88,15.15,0.23,0.60,0.98,1.57,1.98,2.26,2.79,3.06,2.73,1.83,,0.02,0.12
2015-05-21,,12.11,14.61,0.22,0.60,0.95,1.53,1.92,2.19,2.71,2.98,2.75,1.87,,0.02,0.12
2015-05-22,,12.13,14.48,0.23,0.64,1.01,1.57,1.96,2.21,2.73,2.99,2.74,1.86,,0.02,0.13
2015-05-26,,14.06,15.48,0.24,0.64,0.99,1.54,1.90,2.14,2.64,2.89,2.73,1.84,,0.02,0.12
2015-05-27,,13.27,14.99,0.27,0.64,1.00,1.53,1.90,2.14,2.63,2.88,2.71,1.80,,0.01,0.12
2015-05-28,,13.31,15.01,0.26,0.62,0.97,1.51,1.89,2.13,2.64,2.89,2.75,1.82,,0.01,0.12
2015-05-29,,13.84,15.38,0.26,0.61,0.94,1.49,1.86,2.12,2.63,2.88,2.72,1.82,,0.01,0.08
2015-06-01,,13.97,15.41,0.26,0.64,0.99,1.55,1.93,2.19,2.69,2.94,2.75,1.86,,0.02,0.12
2015-06-02,,14.24,15.71,0.26,0.64,1.02,1.61,2.01,2.27,2.77,3.02,2.75,1.84,,0.01,0.12
2015-06-03,,13.66,15.36,0.26,0.69,1.07,1.69,2.12,2.38,2.87,3.11,2.72,1.81,,0.02,0.13
2015-06-04,,14.71,16.28,0.27,0.66,1.04,1.65,2.05,2.31,2.78,3.03,2.72,1.81,,0.02,0.13
2015-06-05,,14.21,15.96,0.29,0.73,1.13,1.75,2.16,2.41,2.87,3.11,2.69,1.78,,0.03,0.13
2015-06-08,,15.29,16.60,0.27,0.70,1.09,1.72,2.13,2.39,2.86,3.11,2.70,1.80,,0.02,0.13
2015-06-09,,14.47,16.25,0.27,0.72,1.12,1.74,2.16,2.42,2.89,3.15,2.73,1.81,,0.02,0.13
2015-06-10,,13.22,15.33,0.28,0.75,1.15,1.80,2.22,2.50,2.96,3.22,2.70,1.76,,0.02,0.13
2015-06-11,,12.85,15.10,0.28,0.73,1.12,1.74,2.14,2.39,2.84,3.11,2.71,1.78,,0.01,0.13
2015-06-12,,13.78,15.61,0.28,0.74,1.12,1.75,2.15,2.39,2.84,3.10,2.70,1.77,,0.02,0.13
2015-06-15,,15.39,16.62,0.28,0.72,1.10,1.71,2.11,2.36,2.83,3.09,2.73,1.83,,0.02,0.13
2015-06-16,,14.81,16.20,0.28,0.71,1.08,1.68,2.07,2.32,2.79,3.06,2.74,1.83,,0.01,0.14
2015-06-17,,14.50,16.22,0.27,0.67,1.03,1.63,2.05,2.32,2.82,3.09,2.76,1.83,,0.01,0.14
2015-06-18,,13.19,15.44,0.26,0.66,1.03,1.65,2.08,2.35,2.86,3.14,2.82,1.87,,0.01,0.14
2015-06-19,,13.96,15.91,0.25,0.65,0.99,1.59,1.99,2.26,2.76,3.05,2.82,1.88,,0.01,0.13
2015-06-22,,12.74,14.99,0.27,0.68,1.06,1.68,2.10,2.37,2.87,3.16,2.81,1.87,,0.01,0.13
2015-06-23,,12.11,14.54,0.30,0.70,1.07,1.71,2.14,2.42,2.92,3.20,2.82,1.86,,0.01,0.13
2015-06-24,,13.26,15.18,0.30,0.68,1.06,1.69,2.12,2.38,2.87,3.16,2.81,1.84,,0.01,0.13
2015-06-25,,14.01,15.52,0.29,0.68,1.06,1.70,2.14,2.40,2.88,3.16,2.80,1.83,,0.01,0.13
2015-06-26,,14.02,15.46,0.29,0.72,1.09,1.75,2.20,2.49,2.98,3.25,2.81,1.84,,0.01,0.13
2015-06-29,,18.85,18.72,0.27,0.64,1.00,1.62,2.05,2.33,2.82,3.09,2.84,1.86,,0.02,0.14
2015-06-30,,18.23,18.47,0.28,0.64,1.01,1.63,2.07,2.35,2.83,3.11,2.83,1.84,,0.01,0.08
2015-07-01,,16.09,16.79,0.28,0.69,1.08,1.70,2.14,2.43,2.92,3.20,2.83,1.83,,0.01,0.13
2015-07-02,,16.79,17.68,0.26,0.64,1.01,1.64,2.09,2.40,2.90,3.19,2.86,1.86,,0.01,0.13
2015-07-06,,17.01,18.04,0.26,0.60,0.95,1.56,2.00,2.30,2.78,3.08,2.84,1.84,,0.02,0.13
2015-07-07,,16.09,17.02,0.25,0.58,0.96,1.55,1.98,2.27,2.74,3.04,2.84,1.82,,0.02,0.13
2015-07-08,,19.66,19.25,0.24,0.55,0.91,1.50,1.92,2.22,2.69,2.99,2.87,1.85,,0.02,0.13
2015-07-09,,19.97,19.78,0.25,0.60,0.95,1.58,2.01,2.32,2.80,3.11,2.88,1.86,,0.03,0.13
2015-07-10,,16.83,17.73,0.28,0.65,1.04,1.68,2.12,2.42,2.91,3.20,2.90,1.87,,0.01,0.13
2015-07-13,,13.90,15.94,0.28,0.69,1.06,1.71,2.14,2.44,2.92,3.21,2.88,1.83,,0.02,0.13
2015-07-14,,13.37,15.46,0.27,0.66,1.03,1.67,2.10,2.41,2.90,3.20,2.91,1.85,,0.01,0.13
2015-07-15,,13.23,15.60,0.28,0.64,1.00,1.63,2.05,2.36,2.83,3.13,2.91,1.84,,0.02,0.13
2015-07-16,,12.11,14.73,0.29,0.67,1.05,1.66,2.07,2.36,2.81,3.11,2.88,1.83,,0.02,0.14
2015-07-17,,11.95,14.61,0.29,0.68,1.05,1.67,2.07,2.34,2.77,3.08,2.87,1.82,,0.03,0.13
2015-07-20,,12.25,14.85,0.31,0.71,1.09,1.72,2.11,2.38,2.79,3.10,2.86,1.80,,0.04,0.14
2015-07-21,,12.22,14.75,0.34,0.71,1.07,1.69,2.08,2.35,2.77,3.08,2.87,1.83,,0.03,0.13
2015-07-22,,12.12,14.81,0.34,0.75,1.08,1.69,2.07,2.33,2.73,3.04,2.85,1.80,,0.04,0.13
2015-07-23,,12.64,14.93,0.33,0.71,1.06,1.65,2.03,2.28,2.67,2.98,2.85,1.80,,0.03,0.13
2015-07-24,,13.74,15.65,0.32,0.70,1.04,1.64,2.02,2.27,2.67,2.96,2.87,1.80,,0.04,0.13
2015-07-27,,15.60,16.78,0.32,0.68,1.00,1.58,1.96,2.23,2.64,2.93,2.90,1.81,,0.05,0.14
2015-07-28,,13.44,15.43,0.32,0.69,1.03,1.61,1.99,2.26,2.66,2.96,2.91,1.80,,0.05,0.14
2015-07-29,,12.50,14.92,0.33,0.70,1.05,1.62,2.02,2.29,2.69,2.99,2.90,1.80,,0.06,0.14
2015-07-30,,12.13,14.71,0.36,0.72,1.07,1.62,2.02,2.28,2.66,2.96,2.88,1.77,,0.07,0.14
2015-07-31,,12.12,14.90,0.33,0.67,1.00,1.54,1.93,2.20,2.61,2.92,2.94,1.87,,0.08,0.08
2015-08-03,,12.56,14.84,0.33,0.68,0.99,1.52,1.89,2.16,2.55,2.86,2.92,1.83,,0.08,0.14
2015-08-04,,13.00,15.13,0.37,0.74,1.08,1.60,1.97,2.23,2.59,2.90,2.88,1.79,,0.08,0.14
2015-08-05,,12.51,14.88,0.38,0.73,1.10,1.65,2.02,2.28,2.64,2.94,2.90,1.80,,0.08,0.14
2015-08-06,,13.77,15.55,0.35,0.71,1.08,1.62,1.98,2.23,2.59,2.90,2.92,1.83,,0.04,0.14
2015-08-07,,13.39,15.42,0.38,0.73,1.08,1.59,1.93,2.18,2.52,2.83,2.91,1.78,,0.06,0.14
2015-08-10,,12.23,14.99,0.40,0.73,1.09,1.62,1.98,2.24,2.58,2.89,2.93,1.82,,0.12,0.14
2015-08-11,,13.71,15.94,0.37,0.68,1.03,1.53,1.89,2.15,2.50,2.81,2.94,1.81,,0.10,0.15
2015-08-12,,13.61,15.87,0.37,0.67,1.01,1.52,1.88,2.14,2.52,2.84,2.97,1.86,,0.10,0.15
2015-08-13,,13.49,15.75,0.40,0.72,1.06,1.58,1.94,2.19,2.54,2.86,2.98,1.85,,0.10,0.15
2015-08-14,,12.83,15.51,0.41,0.73,1.08,1.61,1.96,2.20,2.54,2.84,2.97,1.83,,0.09,0.14
2015-08-17,,13.02,15.21,0.40,0.72,1.07,1.58,1.92,2.16,2.51,2.81,2.97,1.83,,0.10,0.15
2015-08-18,,13.79,15.61,0.42,0.74,1.07,1.60,1.95,2.20,2.56,2.87,3.01,1.84,,0.07,0.15
2015-08-19,,15.25,16.50,0.39,0.67,0.98,1.50,1.85,2.12,2.49,2.81,3.06,1.88,,0.05,0.15
2015-08-20,,19.14,18.83,0.39,0.69,1.00,1.50,1.84,2.09,2.45,2.76,3.04,1.88,,0.02,0.15
2015-08-21,,28.03,23.47,0.36,0.64,0.95,1.44,1.79,2.05,2.44,2.74,3.10,1.90,,0.03,0.15
2015-08-24,,40.74,31.14,0.33,0.59,0.90,1.39,1.75,2.01,2.42,2.73,3.14,1.93,,0.06,0.15
2015-08-25,,36.02,29.58,0.36,0.67,0.98,1.48,1.86,2.12,2.54,2.84,3.17,1.96,,0.07,0.15
2015-08-26,,30.32,25.65,0.35,0.67,0.98,1.49,1.90,2.18,2.64,2.94,3.20,1.99,,0.06,0.14
2015-08-27,,26.10,24.86,0.36,0.68,0.99,1.49,1.91,2.18,2.61,2.93,3.15,1.96,,0.06,0.14
2015-08-28,,26.05,25.34,0.38,0.72,1.04,1.52,1.92,2.19,2.61,2.92,3.13,1.93,,0.06,0.14
2015-08-31,,28.43,26.53,0.39,0.74,1.07,1.54,1.94,2.21,2.64,2.95,3.15,1.94,,0.08,0.08
2015-09-01,,31.40,29.53,0.39,0.70,1.03,1.49,1.89,2.17,2.62,2.93,3.18,1.98,,0.03,0.14
2015-09-02,,26.09,26.19,0.37,0.72,1.04,1.52,1.92,2.20,2.66,2.97,3.17,1.96,,0.03,0.14
2015-09-03,,25.61,26.20,0.36,0.71,1.00,1.49,1.90,2.18,2.64,2.95,3.17,1.95,,0.02,0.14
2015-09-04,,27.80,28.07,0.36,0.71,1.00,1.47,1.85,2.13,2.58,2.89,3.15,1.90,,0.02,0.14
2015-09-08,,24.90,25.69,0.39,0.74,1.05,1.53,1.92,2.20,2.66,2.97,3.16,1.91,,0.06,0.14
2015-09-09,,26.23,26.31,0.39,0.75,1.06,1.53,1.91,2.21,2.64,2.96,3.10,1.88,,0.03,0.14
2015-09-10,,24.37,25.65,0.39,0.75,1.06,1.55,1.93,2.23,2.66,2.98,3.12,1.90,,0.02,0.14
2015-09-11,,23.20,24.68,0.40,0.71,1.03,1.52,1.89,2.20,2.63,2.95,3.11,1.84,,0.04,0.14
2015-09-14,,24.25,23.70,0.40,0.73,1.03,1.51,1.88,2.18,2.62,2.95,3.13,1.86,,0.07,0.14
2015-09-15,,22.54,23.12,0.47,0.82,1.12,1.61,1.99,2.28,2.73,3.06,3.16,1.90,,0.07,0.14
2015-09-16,,21.35,22.33,0.46,0.82,1.13,1.62,2.01,2.30,2.75,3.08,3.15,1.88,,0.06,0.14
2015-09-17,,21.14,21.14,0.39,0.70,1.00,1.50,1.90,2.21,2.69,3.02,3.18,1.88,,0.01,0.14
2015-09-18,,22.28,23.20,0.35,0.69,0.97,1.45,1.83,2.13,2.58,2.93,3.15,1.86,,-0.01,0.14
2015-09-21,,20.14,21.59,0.36,0.72,1.01,1.51,1.90,2.20,2.67,3.02,3.19,1.91,,0.01,0.14
2015-09-22,,22.44,23.28,0.35,0.69,0.97,1.44,1.83,2.14,2.60,2.94,3.15,1.87,,-0.01,0.14
2015-09-23,,22.13,22.88,0.34,0.70,1.00,1.47,1.85,2.16,2.60,2.95,3.15,1.84,,0.01,0.14
2015-09-24,,23.47,23.46,0.32,0.67,0.97,1.44,1.84,2.13,2.55,2.91,3.16,1.86,,0.01,0.14
2015-09-25,,23.62,24.40,0.35,0.70,1.00,1.48,1.87,2.17,2.60,2.96,3.19,1.88,,-0.01,0.13
2015-09-28,,27.63,26.38,0.34,0.67,0.97,1.42,1.80,2.10,2.51,2.87,3.21,1.89,,0.01,0.13
2015-09-29,,26.83,26.00,0.33,0.64,0.92,1.37,1.74,2.05,2.48,2.85,3.26,1.92,,0.01,0.13
2015-09-30,,24.50,24.75,0.33,0.64,0.92,1.37,1.75,2.06,2.51,2.87,3.29,1.94,,-0.01,0.07
2015-10-01,,22.55,23.83,0.31,0.64,0.92,1.37,1.75,2.05,2.49,2.85,3.31,1.93,,-0.02,0.13
2015-10-02,,20.94,22.60,0.25,0.58,0.85,1.29,1.67,1.99,2.44,2.82,3.34,1.96,,0.00,0.13
2015-10-05,,19.54,21.33,0.26,0.61,0.89,1.35,1.74,2.07,2.52,2.90,3.33,1.97,,0.01,0.13
2015-10-06,,19.40,21.59,0.26,0.61,0.90,1.34,1.72,2.05,2.50,2.88,3.32,1.95,,0.00,0.13
2015-10-07,,18.40,20.71,0.27,0.65,0.92,1.37,1.75,2.08,2.51,2.89,3.27,1.90,,0.00,0.13
2015-10-08,,17.42,20.09,0.27,0.65,0.93,1.40,1.79,2.12,2.56,2.96,3.28,1.92,,-0.01,0.13
2015-10-09,,17.08,19.85,0.28,0.65,0.96,1.41,1.80,2.12,2.55,2.94,3.26,1.87,,0.01,0.13
2015-10-12,,16.17,19.26,,,,,,,,,,,,,0.13
2015-10-13,,17.67,20.50,0.27,0.64,0.92,1.36,1.74,2.06,2.49,2.89,3.28,1.87,,0.01,0.13
2015-10-14,,18.03,20.81,0.21,0.57,0.84,1.29,1.66,1.99,2.42,2.84,3.31,1.91,,0.00,0.13
2015-10-15,,16.05,19.43,0.22,0.61,0.90,1.34,1.72,2.04,2.46,2.87,3.29,1.89,,0.01,0.13
2015-10-16,,15.05,18.67,0.23,0.61,0.91,1.36,1.73,2.04,2.46,2.87,3.28,1.88,,0.01,0.13
2015-10-19,,14.98,17.86,0.23,0.61,0.89,1.35,1.73,2.04,2.48,2.89,3.30,1.90,,0.02,0.13
2015-10-20,,15.75,18.60,0.23,0.66,0.93,1.40,1.78,2.08,2.53,2.92,3.29,1.87,,0.02,0.13
2015-10-21,,16.70,19.46,0.23,0.64,0.91,1.37,1.74,2.04,2.48,2.87,3.28,1.86,,0.01,0.13
2015-10-22,,14.45,17.16,0.23,0.61,0.89,1.36,1.74,2.04,2.48,2.87,3.26,1.85,,0.00,0.12
2015-10-23,,14.46,17.48,0.24,0.66,0.94,1.43,1.81,2.09,2.54,2.90,3.23,1.84,,0.01,0.12
2015-10-26,,15.29,17.99,0.25,0.66,0.94,1.41,1.78,2.07,2.50,2.87,3.22,1.83,,0.02,0.12
2015-10-27,,15.43,18.14,0.29,0.65,0.92,1.38,1.75,2.05,2.48,2.86,3.25,1.84,,0.03,0.12
2015-10-28,,14.33,17.49,0.33,0.73,1.00,1.47,1.83,2.10,2.50,2.87,3.20,1.81,,0.04,0.12
2015-10-29,,14.61,17.81,0.33,0.75,1.05,1.53,1.90,2.19,2.60,2.96,3.21,1.85,,0.07,0.12
2015-10-30,,15.07,18.40,0.34,0.75,1.05,1.52,1.88,2.16,2.57,2.93,3.19,1.82,,0.08,0.07
2015-11-02,,14.15,17.42,0.37,0.77,1.08,1.57,1.93,2.20,2.60,2.95,3.18,1.81,,0.08,0.12
2015-11-03,,14.54,17.47,0.39,0.80,1.10,1.59,1.96,2.23,2.65,3.00,3.19,1.83,,0.06,0.12
2015-11-04,,15.51,18.31,0.40,0.84,1.16,1.64,1.99,2.25,2.66,3.00,3.16,1.80,,0.05,0.12
2015-11-05,,15.05,17.81,0.42,0.85,1.16,1.65,2.00,2.26,2.68,3.01,3.18,1.79,,0.05,0.12
2015-11-06,,14.33,17.45,0.47,0.90,1.23,1.73,2.09,2.34,2.76,3.09,3.17,1.76,,0.08,0.12
2015-11-09,,16.52,18.85,0.47,0.89,1.27,1.75,2.11,2.36,2.79,3.12,3.15,1.76,,0.14,0.12
2015-11-10,,15.29,18.02,0.51,0.87,1.22,1.72,2.08,2.32,2.76,3.10,3.18,1.79,,0.13,0.12
2015-11-11,,16.06,18.45,,,,,,,,,,,,,0.12
2015-11-12,,18.37,20.17,0.51,0.89,1.24,1.73,2.09,2.32,2.75,3.09,3.19,1.79,,0.14,0.12
2015-11-13,,20.08,21.58,0.50,0.86,1.20,1.67,2.05,2.28,2.72,3.06,3.20,1.81,,0.13,0.12
2015-11-16,,18.16,19.98,0.50,0.88,1.18,1.66,2.02,2.27,2.72,3.07,3.24,1.84,,0.15,0.13
2015-11-17,,18.84,20.43,0.50,0.86,1.18,1.66,2.02,2.25,2.69,3.04,3.23,1.83,,0.14,0.13
2015-11-18,,16.85,19.22,0.49,0.90,1.21,1.69,2.04,2.27,2.70,3.04,3.21,1.81,,0.12,0.12
2015-11-19,,16.99,19.64,0.49,0.91,1.21,1.68,2.02,2.24,2.66,3.00,3.20,1.80,,0.11,0.12
2015-11-20,,15.47,18.94,0.49,0.93,1.23,1.70,2.04,2.26,2.68,3.02,3.20,1.78,,0.11,0.12
2015-11-23,,15.62,18.63,0.50,0.94,1.26,1.70,2.03,2.25,2.66,3.00,3.19,1.76,,0.14,0.12
2015-11-24,,15.93,18.71,0.52,0.93,1.23,1.66,2.01,2.24,2.65,3.00,3.20,1.77,,0.16,0.12
2015-11-25,,15.19,18.19,0.52,0.93,1.25,1.66,2.01,2.23,2.64,3.00,3.21,1.77,,0.19,0.12
2015-11-27,,15.12,17.35,0.50,0.92,1.23,1.64,1.99,2.22,2.64,3.00,3.22,1.78,,0.17,0.12
2015-11-30,,16.13,18.49,0.51,0.94,1.24,1.65,1.99,2.21,2.63,2.98,3.20,1.78,,0.22,0.08
2015-12-01,,14.67,17.58,0.51,0.91,1.19,1.59,1.93,2.15,2.55,2.91,3.21,1.77,,0.21,0.13
2015-12-02,,15.91,18.33,0.52,0.94,1.23,1.63,1.97,2.18,2.55,2.91,3.17,1.71,,0.21,0.13
2015-12-03,,18.11,20.11,0.57,0.96,1.27,1.74,2.10,2.33,2.72,3.07,3.18,1.73,,0.21,0.13
2015-12-04,,14.81,18.17,0.60,0.96,1.25,1.71,2.06,2.28,2.65,3.01,3.15,1.71,,0.22,0.13
2015-12-07,,15.84,18.65,0.67,0.94,1.24,1.67,2.02,2.23,2.59,2.95,3.15,1.72,,0.29,0.13
2015-12-08,,17.60,20.06,0.76,0.94,1.25,1.68,2.02,2.24,2.61,2.97,3.19,1.71,,0.27,0.13
2015-12-09,,19.61,21.05,0.72,0.93,1.22,1.64,1.99,2.22,2.59,2.97,3.18,1.74,,0.26,0.14
2015-12-10,,19.34,20.76,0.71,0.95,1.25,1.68,2.03,2.24,2.60,2.98,3.19,1.72,,0.24,0.14
2015-12-11,,24.39,24.38,0.68,0.88,1.16,1.56,1.91,2.13,2.49,2.87,3.24,1.78,,0.22,0.14
2015-12-14,,22.73,23.30,0.68,0.97,1.25,1.66,2.02,2.23,2.59,2.96,3.23,1.78,,0.26,0.15
2015-12-15,,20.95,21.86,0.69,0.98,1.29,1.71,2.06,2.28,2.62,3.00,3.21,1.72,,0.25,0.15
2015-12-16,,17.86,19.57,0.70,1.02,1.35,1.75,2.11,2.30,2.65,3.02,3.21,1.71,,0.27,0.15
2015-12-17,,18.94,20.37,0.69,1.00,1.33,1.73,2.05,2.24,2.57,2.94,3.21,1.70,,0.23,0.37
2015-12-18,,20.70,21.26,0.67,0.97,1.27,1.67,2.00,2.19,2.54,2.90,3.25,1.72,,0.19,0.37
2015-12-21,,18.70,21.11,0.64,0.96,1.28,1.67,2.00,2.20,2.55,2.92,3.27,1.73,,0.24,0.36
2015-12-22,,16.60,19.84,0.66,0.99,1.31,1.71,2.04,2.24,2.60,2.96,3.26,1.73,,0.21,0.36
2015-12-23,,15.57,19.33,0.65,1.01,1.32,1.74,2.07,2.27,2.64,3.00,3.26,1.72,,0.20,0.36
2015-12-24,,15.74,19.69,0.64,1.03,1.33,1.73,2.06,2.25,2.61,2.96,3.22,1.71,,0.20,0.36
2015-12-28,,16.91,19.68,0.66,1.05,1.33,1.73,2.05,2.24,2.59,2.95,3.21,1.69,,0.23,0.36
2015-12-29,,16.08,19.10,0.67,1.09,1.38,1.81,2.12,2.32,2.69,3.04,3.22,1.72,,0.23,0.36
2015-12-30,,17.29,19.59,0.64,1.08,1.36,1.80,2.14,2.31,2.69,3.04,3.23,1.72,,0.21,0.35
2015-12-31,,18.21,19.80,0.65,1.06,1.31,1.76,2.09,2.27,2.67,3.01,3.23,1.77,,0.16,0.20
2016-01-04,,20.70,22.01,0.61,1.02,1.31,1.73,2.06,2.24,2.64,2.98,3.24,1.79,,0.22,0.36
2016-01-05,,19.34,20.52,0.68,1.04,1.32,1.73,2.06,2.25,2.67,3.01,3.25,1.77,,0.20,0.36
2016-01-06,,20.59,21.27,0.67,0.99,1.26,1.65,1.98,2.18,2.59,2.94,3.26,1.76,,0.21,0.36
2016-01-07,,24.99,24.62,0.66,0.96,1.22,1.61,1.94,2.16,2.56,2.92,3.28,1.79,,0.20,0.36
2016-01-08,,27.01,26.23,0.64,0.94,1.20,1.57,1.91,2.13,2.55,2.91,3.31,1.82,,0.20,0.36
2016-01-11,,24.30,24.73,0.63,0.94,1.20,1.58,1.94,2.17,2.59,2.96,3.30,1.82,,0.21,0.36
2016-01-12,,22.47,22.53,0.62,0.93,1.18,1.55,1.88,2.12,2.51,2.89,3.29,1.80,,0.21,0.36
2016-01-13,,25.22,24.89,0.60,0.91,1.15,1.51,1.85,2.08,2.47,2.85,3.28,1.81,,0.22,0.36
2016-01-14,,23.95,23.53,0.55,0.90,1.14,1.52,1.87,2.10,2.51,2.90,3.36,1.86,,0.25,0.36
2016-01-15,,27.02,26.88,0.49,0.85,1.08,1.46,1.79,2.03,2.44,2.81,3.38,1.96,,0.23,0.36
2016-01-19,,26.05,26.44,0.48,0.88,1.11,1.49,1.82,2.06,2.45,2.82,3.35,1.94,,0.26,0.36
2016-01-20,,27.59,27.81,0.43,0.85,1.06,1.44,1.76,2.01,2.41,2.77,3.40,2.04,,0.26,0.37
2016-01-21,,26.69,26.71,0.44,0.84,1.06,1.44,1.77,2.02,2.42,2.79,3.45,2.04,,0.28,0.37
2016-01-22,,22.34,24.28,0.47,0.88,1.11,1.49,1.81,2.07,2.46,2.83,3.42,1.95,,0.30,0.38
2016-01-25,,24.15,25.25,0.47,0.88,1.10,1.47,1.79,2.03,2.42,2.80,3.44,2.01,,0.31,0.38
2016-01-26,,22.50,23.29,0.47,0.85,1.07,1.45,1.76,2.01,2.41,2.79,3.46,2.02,,0.31,0.38
2016-01-27,,23.11,24.47,0.47,0.84,1.07,1.43,1.76,2.02,2.42,2.80,3.46,2.05,,0.32,0.38
2016-01-28,,22.42,24.02,0.47,0.83,1.05,1.40,1.75,2.00,2.41,2.79,3.48,2.07,,0.34,0.38
2016-01-29,,20.20,22.66,0.47,0.76,0.97,1.33,1.67,1.94,2.36,2.75,3.48,2.11,,0.32,0.29
2016-02-01,,19.98,22.01,0.47,0.81,1.01,1.38,1.72,1.97,2.38,2.77,3.49,2.11,,0.35,0.38
2016-02-02,,21.98,23.41,0.54,0.75,0.93,1.28,1.61,1.87,2.27,2.67,3.49,2.14,,0.34,0.38
2016-02-03,,21.65,23.20,0.54,0.72,0.91,1.27,1.61,1.88,2.30,2.70,3.52,2.18,,0.33,0.38
2016-02-04,,21.84,23.66,0.52,0.70,0.90,1.25,1.60,1.87,2.29,2.70,3.53,2.13,,0.29,0.38
2016-02-05,,23.38,24.48,0.55,0.74,0.91,1.25,1.58,1.86,2.27,2.68,3.52,2.12,,0.29,0.38
2016-02-08,,26.00,25.98,0.51,0.66,0.83,1.16,1.48,1.75,2.17,2.56,3.53,2.12,,0.32,0.38
2016-02-09,,26.54,26.80,0.52,0.69,0.85,1.15,1.47,1.74,2.16,2.55,3.54,2.18,,0.30,0.38
2016-02-10,,26.29,26.72,0.52,0.71,0.85,1.15,1.46,1.71,2.13,2.53,3.56,2.21,,0.31,0.38
2016-02-11,,28.14,27.72,0.47,0.64,0.81,1.11,1.39,1.63,2.06,2.50,3.63,2.26,,0.28,0.38
2016-02-12,,25.40,26.23,0.51,0.71,0.89,1.20,1.50,1.74,2.15,2.60,3.60,2.24,,0.29,0.38
2016-02-16,,24.11,25.01,0.51,0.74,0.91,1.23,1.53,1.78,2.19,2.64,3.59,2.23,,0.30,0.38
2016-02-17,,22.31,23.55,0.53,0.74,0.93,1.26,1.57,1.81,2.24,2.68,3.62,2.24,,0.30,0.37
2016-02-18,,21.64,23.20,0.53,0.71,0.88,1.21,1.51,1.75,2.17,2.62,3.62,2.26,,0.30,0.38
2016-02-19,,20.53,22.80,0.53,0.76,0.91,1.24,1.53,1.76,2.17,2.61,3.56,2.20,,0.30,0.38
2016-02-22,,19.38,21.62,0.55,0.78,0.92,1.25,1.54,1.77,2.18,2.62,3.57,2.20,,0.33,0.38
2016-02-23,,20.98,22.44,0.55,0.76,0.90,1.23,1.51,1.74,2.16,2.60,3.58,2.19,,0.32,0.38
2016-02-24,,20.72,22.34,0.55,0.75,0.90,1.21,1.52,1.75,2.16,2.61,3.56,2.16,,0.33,0.38
2016-02-25,,19.11,21.24,0.56,0.72,0.85,1.16,1.47,1.71,2.14,2.58,3.56,2.14,,0.32,0.37
2016-02-26,,19.81,21.86,0.60,0.80,0.93,1.23,1.55,1.76,2.20,2.63,3.56,2.12,,0.32,0.37
2016-02-29,,20.55,22.39,0.62,0.78,0.91,1.22,1.52,1.74,2.19,2.61,3.55,2.10,,0.33,0.29
2016-03-01,,17.70,20.28,0.68,0.85,0.98,1.31,1.62,1.83,2.28,2.70,3.54,2.08,,0.33,0.36
2016-03-02,,17.09,19.92,0.67,0.85,1.00,1.34,1.65,1.84,2.27,2.69,3.50,2.06,,0.35,0.37
2016-03-03,,16.70,19.49,0.65,0.85,0.99,1.33,1.63,1.83,2.23,2.65,3.47,2.06,,0.27,0.37
2016-03-04,,16.86,19.63,0.67,0.88,1.04,1.38,1.69,1.88,2.29,2.70,3.43,2.04,,0.28,0.36
2016-03-07,,17.35,19.90,0.67,0.91,1.08,1.42,1.72,1.91,2.30,2.71,3.39,2.00,,0.32,0.36
2016-03-08,,18.67,21.04,0.68,0.88,1.04,1.34,1.64,1.83,2.22,2.63,3.38,2.02,,0.29,0.36
2016-03-09,,18.34,20.75,0.68,0.90,1.07,1.39,1.69,1.90,2.27,2.68,3.36,1.99,,0.30,0.36
2016-03-10,,18.05,20.71,0.69,0.93,1.11,1.45,1.75,1.93,2.29,2.70,3.30,1.95,,0.31,0.36
2016-03-11,,16.50,19.47,0.70,0.97,1.16,1.49,1.79,1.98,2.34,2.75,3.26,1.88,,0.32,0.36
2016-03-14,,16.92,19.42,0.70,0.97,1.15,1.49,1.78,1.97,2.33,2.74,3.22,1.85,,0.34,0.36
2016-03-15,,16.84,19.33,0.71,0.98,1.16,1.50,1.78,1.97,2.33,2.73,3.19,1.82,,0.34,0.37
2016-03-16,,14.99,18.48,0.66,0.87,1.05,1.41,1.72,1.94,2.32,2.73,3.22,1.87,,0.31,0.37
2016-03-17,,14.44,18.14,0.64,0.87,1.04,1.39,1.70,1.91,2.28,2.69,3.20,1.88,,0.29,0.37
2016-03-18,,14.02,17.93,0.62,0.84,1.00,1.34,1.66,1.88,2.26,2.68,3.17,1.89,,0.29,0.37
2016-03-21,,13.79,17.59,0.63,0.87,1.05,1.38,1.70,1.92,2.31,2.72,3.15,1.91,,0.31,0.37
2016-03-22,,14.17,17.75,0.64,0.91,1.08,1.42,1.74,1.94,2.32,2.72,3.10,1.85,,0.30,0.37
2016-03-23,,14.94,18.30,0.64,0.87,1.03,1.37,1.67,1.88,2.25,2.65,3.07,1.86,,0.30,0.37
2016-03-24,,14.74,18.27,0.63,0.89,1.05,1.39,1.70,1.91,2.28,2.67,3.06,1.86,,0.29,0.37
2016-03-28,,15.24,18.30,0.65,0.89,1.04,1.37,1.68,1.89,2.26,2.66,3.05,1.85,,0.29,0.37
2016-03-29,,13.82,17.24,0.63,0.78,0.94,1.29,1.59,1.81,2.20,2.60,3.09,1.90,,0.23,0.37
2016-03-30,,13.56,16.92,0.61,0.76,0.91,1.26,1.60,1.83,2.24,2.65,3.11,1.93,,0.20,0.37
2016-03-31,,13.95,17.08,0.59,0.73,0.87,1.21,1.54,1.78,2.20,2.61,3.12,1.94,,0.21,0.25
2016-04-01,,13.10,16.50,0.62,0.76,0.90,1.24,1.56,1.79,2.20,2.62,3.10,1.93,,0.23,0.37
2016-04-04,,14.12,17.23,0.59,0.75,0.88,1.22,1.53,1.78,2.19,2.60,3.10,1.93,,0.23,0.37
2016-04-05,,15.42,18.38,0.56,0.72,0.85,1.17,1.49,1.73,2.13,2.54,3.08,1.90,,0.23,0.37
2016-04-06,,14.09,17.28,0.55,0.73,0.88,1.20,1.52,1.76,2.17,2.58,3.08,1.88,,0.23,0.37
2016-04-07,,16.16,18.86,0.52,0.70,0.83,1.14,1.46,1.70,2.10,2.52,3.06,1.88,,0.23,0.37
2016-04-08,,15.36,18.32,0.54,0.70,0.84,1.16,1.47,1.72,2.13,2.55,3.07,1.89,,0.23,0.37
2016-04-11,,16.26,18.89,0.53,0.70,0.85,1.16,1.48,1.73,2.14,2.56,3.05,1.88,,0.23,0.37
2016-04-12,,14.85,17.97,0.54,0.74,0.90,1.22,1.54,1.79,2.18,2.61,3.03,1.86,,0.22,0.37
2016-04-13,,13.84,17.26,0.55,0.75,0.90,1.22,1.53,1.77,2.16,2.58,3.01,1.83,,0.23,0.37
2016-04-14,,13.72,17.24,0.55,0.77,0.92,1.26,1.57,1.80,2.18,2.61,2.99,1.82,,0.22,0.37
2016-04-15,,13.62,17.16,0.53,0.74,0.87,1.22,1.52,1.76,2.14,2.56,2.99,1.83,,0.22,0.37
2016-04-18,,13.35,16.51,0.52,0.75,0.90,1.24,1.54,1.78,2.17,2.58,2.99,1.83,,0.22,0.37
2016-04-19,,13.24,16.47,0.53,0.77,0.92,1.26,1.57,1.79,2.19,2.60,2.96,1.73,,0.21,0.37
2016-04-20,,13.28,16.60,0.54,0.80,0.97,1.32,1.63,1.85,2.25,2.66,2.93,1.72,,0.23,0.37
2016-04-21,,13.95,17.14,0.56,0.82,0.98,1.35,1.65,1.88,2.29,2.69,2.91,1.69,,0.23,0.37
2016-04-22,,13.22,16.64,0.56,0.84,1.01,1.37,1.67,1.89,2.30,2.70,2.89,1.70,,0.23,0.37
2016-04-25,,14.08,17.22,0.57,0.85,1.01,1.38,1.69,1.91,2.32,2.72,2.88,1.71,,0.25,0.37
2016-04-26,,13.96,16.92,0.61,0.86,1.04,1.40,1.72,1.94,2.35,2.76,2.85,1.71,,0.24,0.37
2016-04-27,,13.77,16.77,0.58,0.83,0.99,1.33,1.64,1.87,2.30,2.71,2.86,1.72,,0.24,0.37
2016-04-28,,15.22,17.78,0.56,0.78,0.93,1.28,1.60,1.84,2.27,2.68,2.89,1.79,,0.22,0.37
2016-04-29,,15.70,18.45,0.56,0.77,0.92,1.28,1.60,1.83,2.26,2.66,2.86,1.80,,0.22,0.30
2016-05-02,,14.68,17.78,0.55,0.80,0.96,1.32,1.64,1.88,2.31,2.71,2.86,1.80,,0.22,0.37
2016-05-03,,15.60,18.57,0.53,0.75,0.92,1.25,1.57,1.81,2.24,2.66,2.85,1.84,,0.21,0.37
2016-05-04,,16.05,18.91,0.52,0.75,0.89,1.23,1.55,1.79,2.22,2.64,2.85,1.87,,0.19,0.37
2016-05-05,,15.91,18.92,0.51,0.72,0.87,1.20,1.52,1.76,2.17,2.60,2.86,1.87,,0.20,0.37
2016-05-06,,14.72,18.27,0.51,0.74,0.90,1.23,1.55,1.79,2.20,2.62,2.87,1.88,,0.19,0.37
2016-05-09,,14.57,18.05,0.51,0.72,0.86,1.20,1.51,1.77,2.18,2.61,2.89,1.89,,0.24,0.37
2016-05-10,,13.63,17.18,0.52,0.72,0.88,1.20,1.52,1.77,2.18,2.61,2.89,1.88,,0.24,0.37
2016-05-11,,14.69,18.02,0.53,0.74,0.87,1.20,1.51,1.73,2.15,2.58,2.90,1.88,,0.26,0.37
2016-05-12,,14.41,17.75,0.54,0.76,0.92,1.24,1.54,1.75,2.18,2.60,2.91,1.89,,0.27,0.37
2016-05-13,,15.04,18.25,0.55,0.76,0.91,1.22,1.51,1.71,2.14,2.55,2.90,1.86,,0.28,0.37
2016-05-16,,14.68,17.70,0.57,0.79,0.94,1.26,1.55,1.75,2.18,2.59,2.90,1.87,,0.28,0.37
2016-05-17,,15.57,18.43,0.58,0.82,0.97,1.29,1.57,1.76,2.18,2.59,2.89,1.85,,0.28,0.37
2016-05-18,,15.95,18.54,0.63,0.90,1.08,1.41,1.69,1.87,2.27,2.67,2.87,1.84,,0.30,0.37
2016-05-19,,16.33,18.77,0.64,0.89,1.06,1.38,1.67,1.85,2.24,2.64,2.85,1.81,,0.30,0.37
2016-05-20,,15.20,18.05,0.67,0.89,1.05,1.38,1.65,1.85,2.24,2.63,2.86,1.82,,0.32,0.37
2016-05-23,,15.82,18.15,0.69,0.91,1.05,1.38,1.65,1.84,2.23,2.63,2.86,1.84,,0.35,0.37
2016-05-24,,14.42,17.08,0.69,0.92,1.08,1.41,1.68,1.86,2.25,2.65,2.85,1.82,,0.35,0.37
2016-05-25,,13.90,16.77,0.67,0.92,1.08,1.40,1.69,1.87,2.27,2.67,2.87,1.82,,0.33,0.37
2016-05-26,,13.43,16.56,0.65,0.87,1.03,1.35,1.65,1.83,2.24,2.64,2.86,1.80,,0.30,0.37
2016-05-27,,13.12,16.31,0.68,0.90,1.06,1.39,1.67,1.85,2.25,2.65,2.85,1.80,,0.31,0.37
2016-05-31,,14.19,16.63,0.68,0.87,1.03,1.37,1.66,1.84,2.23,2.64,2.84,1.79,,0.34,0.29
2016-06-01,,14.20,16.70,0.70,0.91,1.07,1.39,1.67,1.85,2.22,2.63,2.82,1.78,,0.30,0.37
2016-06-02,,13.63,16.37,0.68,0.89,1.03,1.36,1.63,1.81,2.17,2.58,2.83,1.78,,0.28,0.37
2016-06-03,,13.47,16.49,0.60,0.78,0.92,1.23,1.50,1.71,2.09,2.52,2.86,1.80,,0.29,0.37
2016-06-06,,13.65,16.44,0.60,0.80,0.94,1.25,1.53,1.73,2.12,2.55,2.86,1.81,,0.28,0.37
2016-06-07,,14.05,16.63,0.59,0.78,0.94,1.23,1.51,1.72,2.10,2.54,2.86,1.81,,0.28,0.37
2016-06-08,,14.08,16.79,0.60,0.78,0.93,1.23,1.51,1.71,2.08,2.51,2.85,1.81,,0.24,0.37
2016-06-09,,14.64,17.32,0.59,0.77,0.91,1.22,1.49,1.68,2.05,2.48,2.85,1.81,,0.25,0.37
2016-06-10,,17.03,18.94,0.57,0.73,0.87,1.17,1.44,1.64,2.02,2.44,2.86,1.84,,0.25,0.37
2016-06-13,,20.97,21.87,0.55,0.73,0.84,1.14,1.42,1.62,2.01,2.43,2.86,1.85,,0.27,0.37
2016-06-14,,20.50,21.94,0.55,0.74,0.85,1.15,1.42,1.62,2.00,2.43,2.88,1.83,,0.27,0.37
2016-06-15,,20.14,21.81,0.52,0.69,0.81,1.10,1.38,1.60,1.99,2.43,2.90,1.83,,0.26,0.37
2016-06-16,,19.37,21.16,0.53,0.70,0.81,1.10,1.37,1.57,1.96,2.39,2.90,1.86,,0.27,0.38
2016-06-17,,19.41,21.31,0.51,0.70,0.83,1.13,1.41,1.62,1.99,2.43,2.89,1.85,,0.26,0.38
2016-06-20,,18.37,19.81,0.56,0.74,0.87,1.17,1.45,1.67,2.03,2.47,2.87,1.83,,0.28,0.38
2016-06-21,,18.48,19.69,0.57,0.76,0.89,1.22,1.49,1.71,2.07,2.50,2.86,1.86,,0.27,0.38
2016-06-22,,21.17,21.08,0.56,0.75,0.88,1.20,1.49,1.69,2.06,2.50,2.86,1.87,,0.27,0.38
2016-06-23,,17.25,18.42,0.58,0.78,0.92,1.25,1.54,1.74,2.12,2.55,2.86,1.88,,0.30,0.39
2016-06-24,,25.76,23.93,0.48,0.64,0.76,1.08,1.35,1.57,1.96,2.42,2.98,1.98,,0.26,0.40
2016-06-27,,23.85,23.68,0.45,0.61,0.70,1.00,1.26,1.46,1.83,2.28,2.96,1.96,,0.27,0.41
2016-06-28,,18.75,20.26,0.45,0.61,0.71,1.00,1.26,1.46,1.83,2.27,2.95,1.96,,0.26,0.41
2016-06-29,,16.64,18.73,0.46,0.62,0.74,1.03,1.30,1.50,1.86,2.30,2.90,1.87,,0.26,0.41
2016-06-30,,15.63,18.09,0.45,0.58,0.71,1.01,1.29,1.49,1.86,2.30,2.92,1.90,,0.26,0.30
2016-07-01,,14.77,17.65,0.45,0.59,0.71,1.00,1.27,1.46,1.81,2.24,2.86,1.88,,0.27,0.41
2016-07-05,,15.58,18.24,0.44,0.56,0.66,0.94,1.19,1.37,1.72,2.14,2.83,1.85,,0.28,0.40
2016-07-06,,14.96,17.74,0.46,0.58,0.69,0.95,1.20,1.38,1.72,2.14,2.83,1.85,,0.27,0.40
2016-07-07,,14.76,17.76,0.47,0.58,0.69,0.97,1.21,1.40,1.72,2.14,2.79,1.82,,0.29,0.40
2016-07-08,,13.20,16.49,0.48,0.61,0.71,0.95,1.19,1.37,1.69,2.11,2.78,1.81,,0.27,0.40
2016-07-11,,13.54,16.49,0.50,0.66,0.77,1.03,1.27,1.43,1.73,2.14,2.75,1.79,,0.31,0.40
2016-07-12,,13.55,16.17,0.52,0.69,0.81,1.10,1.35,1.53,1.82,2.24,2.70,1.77,,0.29,0.40
2016-07-13,,13.04,15.97,0.51,0.68,0.80,1.07,1.32,1.48,1.77,2.18,2.69,1.76,,0.31,0.40
2016-07-14,,12.82,15.86,0.53,0.68,0.82,1.10,1.36,1.53,1.84,2.25,2.70,1.75,,0.31,0.40
2016-07-15,,12.67,15.99,0.52,0.71,0.87,1.15,1.42,1.60,1.90,2.30,2.66,1.73,,0.31,0.40
2016-07-18,,12.44,15.77,0.52,0.68,0.85,1.14,1.40,1.59,1.90,2.30,2.67,1.75,,0.32,0.40
2016-07-19,,11.97,15.74,0.56,0.70,0.84,1.12,1.38,1.56,1.88,2.27,2.67,1.75,,0.31,0.40
2016-07-20,,11.77,15.44,0.56,0.73,0.86,1.15,1.41,1.59,1.91,2.30,2.66,1.75,,0.32,0.40
2016-07-21,,12.74,16.10,0.54,0.70,0.82,1.11,1.38,1.57,1.90,2.29,2.68,1.78,,0.31,0.40
2016-07-22,,12.02,15.80,0.55,0.71,0.84,1.13,1.40,1.57,1.90,2.29,2.66,1.77,,0.32,0.40
2016-07-25,,12.87,16.27,0.55,0.72,0.87,1.15,1.41,1.58,1.90,2.29,2.65,1.72,,0.32,0.40
2016-07-26,,13.05,16.32,0.55,0.75,0.87,1.15,1.40,1.57,1.89,2.28,2.65,1.74,,0.31,0.40
2016-07-27,,12.83,16.10,0.53,0.73,0.83,1.10,1.35,1.52,1.84,2.23,2.67,1.77,,0.31,0.40
2016-07-28,,12.72,16.00,0.53,0.72,0.82,1.09,1.35,1.52,1.83,2.23,2.68,1.78,,0.25,0.40
2016-07-29,,11.87,15.42,0.50,0.67,0.76,1.03,1.29,1.46,1.78,2.18,2.71,1.79,,0.27,0.30
2016-08-01,,12.44,15.70,0.50,0.67,0.78,1.06,1.33,1.51,1.84,2.24,2.73,1.81,,0.29,0.40
2016-08-02,,13.37,16.39,0.50,0.67,0.79,1.07,1.36,1.55,1.88,2.29,2.75,1.82,,0.29,0.40
2016-08-03,,12.86,16.08,0.53,0.67,0.78,1.07,1.35,1.55,1.88,2.29,2.76,1.91,,0.28,0.40
2016-08-04,,12.42,15.71,0.51,0.64,0.76,1.03,1.31,1.51,1.84,2.25,2.76,1.91,,0.26,0.40
2016-08-05,,11.39,15.14,0.56,0.72,0.86,1.13,1.41,1.59,1.91,2.32,2.73,1.83,,0.27,0.40
2016-08-08,,11.50,15.16,0.57,0.74,0.86,1.15,1.42,1.59,1.91,2.30,2.71,1.82,,0.31,0.40
2016-08-09,,11.66,15.11,0.55,0.71,0.84,1.11,1.38,1.55,1.86,2.25,2.70,1.82,,0.29,0.40
2016-08-10,,12.05,15.41,0.55,0.69,0.80,1.07,1.34,1.50,1.83,2.23,2.71,1.80,,0.28,0.40
2016-08-11,,11.68,15.30,0.55,0.76,0.88,1.16,1.42,1.57,1.89,2.28,2.70,1.76,,0.28,0.40
2016-08-12,,11.55,15.26,0.56,0.71,0.82,1.10,1.36,1.51,1.85,2.23,2.71,1.77,,0.28,0.40
2016-08-15,,11.81,15.38,0.56,0.72,0.85,1.14,1.40,1.55,1.90,2.27,2.70,1.78,,0.31,0.40
2016-08-16,,12.64,16.02,0.57,0.76,0.87,1.16,1.42,1.57,1.92,2.29,2.70,1.77,,0.27,0.40
2016-08-17,,12.19,15.52,0.58,0.74,0.86,1.15,1.41,1.56,1.90,2.27,2.69,1.75,,0.30,0.40
2016-08-18,,11.43,15.16,0.58,0.71,0.81,1.12,1.38,1.53,1.89,2.26,2.70,1.75,,0.29,0.40
2016-08-19,,11.34,15.13,0.59,0.76,0.88,1.17,1.43,1.58,1.93,2.29,2.67,1.72,,0.29,0.40
2016-08-22,,12.27,15.50,0.58,0.76,0.86,1.15,1.40,1.55,1.88,2.24,2.65,1.70,,0.29,0.40
2016-08-23,,12.38,15.42,0.58,0.74,0.86,1.15,1.40,1.55,1.88,2.24,2.64,1.70,,0.30,0.40
2016-08-24,,13.45,16.00,0.59,0.76,0.87,1.13,1.40,1.56,1.89,2.24,2.64,1.69,,0.31,0.40
2016-08-25,,13.63,16.13,0.60,0.78,0.89,1.16,1.43,1.58,1.91,2.27,2.63,1.69,,0.33,0.40
2016-08-26,,13.65,16.24,0.62,0.84,0.96,1.23,1.49,1.62,1.96,2.29,2.63,1.68,,0.33,0.40
2016-08-29,,12.94,15.93,0.62,0.81,0.92,1.18,1.43,1.57,1.90,2.22,2.59,1.65,,0.33,0.40
2016-08-30,,13.12,16.03,0.61,0.80,0.92,1.18,1.44,1.57,1.91,2.23,2.62,1.67,,0.33,0.40
2016-08-31,,13.42,16.14,0.61,0.80,0.92,1.19,1.45,1.58,1.90,2.23,2.61,1.66,,0.33,0.30
2016-09-01,,13.48,16.31,0.60,0.78,0.91,1.18,1.44,1.57,1.90,2.23,2.62,1.67,,0.33,0.40
2016-09-02,,11.98,15.65,0.59,0.80,0.92,1.20,1.47,1.60,1.95,2.28,2.63,1.68,,0.32,0.40
2016-09-06,,12.02,15.56,0.56,0.74,0.86,1.13,1.40,1.55,1.90,2.24,2.64,1.70,,0.32,0.40
2016-09-07,,11.94,15.49,0.57,0.74,0.86,1.12,1.39,1.54,1.89,2.23,2.65,1.74,,0.34,0.40
2016-09-08,,12.51,15.81,0.57,0.78,0.91,1.19,1.46,1.61,1.98,2.32,2.67,1.75,,0.34,0.40
2016-09-09,,17.50,18.83,0.58,0.79,0.93,1.23,1.51,1.67,2.05,2.39,2.67,1.76,,0.34,0.40
2016-09-12,,15.16,17.27,0.57,0.79,0.92,1.21,1.50,1.68,2.05,2.40,2.68,1.75,,0.37,0.40
2016-09-13,,17.85,19.05,0.63,0.80,0.95,1.26,1.56,1.73,2.12,2.47,2.70,1.78,,0.36,0.40
2016-09-14,,18.14,19.35,0.62,0.77,0.90,1.21,1.52,1.70,2.10,2.44,2.70,1.80,,0.33,0.40
2016-09-15,,16.30,18.19,0.60,0.74,0.87,1.20,1.51,1.71,2.13,2.48,2.72,1.81,,0.29,0.40
2016-09-16,,15.37,17.88,0.61,0.77,0.91,1.21,1.51,1.70,2.10,2.44,2.71,1.81,,0.29,0.40
2016-09-19,,15.53,17.78,0.60,0.79,0.92,1.22,1.52,1.70,2.10,2.45,2.70,1.80,,0.30,0.40
2016-09-20,,15.92,17.99,0.61,0.79,0.93,1.20,1.50,1.69,2.09,2.43,2.70,1.81,,0.30,0.40
2016-09-21,,13.30,16.66,0.61,0.79,0.92,1.20,1.48,1.66,2.06,2.39,2.70,1.81,,0.22,0.40
2016-09-22,,12.02,15.94,0.60,0.79,0.91,1.18,1.46,1.63,2.02,2.34,2.69,1.81,,0.18,0.40
2016-09-23,,12.29,16.05,0.60,0.77,0.90,1.16,1.44,1.62,2.02,2.34,2.68,1.82,,0.18,0.40
2016-09-26,2146.10,14.50,17.28,0.58,0.76,0.87,1.13,1.41,1.59,2.00,2.32,2.70,1.84,,0.25,0.40
2016-09-27,2159.93,13.10,16.45,0.58,0.75,0.86,1.12,1.39,1.56,1.96,2.28,2.69,1.83,,0.26,0.40
2016-09-28,2171.37,12.39,16.01,0.60,0.75,0.87,1.13,1.41,1.57,1.96,2.29,2.69,1.82,,0.27,0.40
2016-09-29,2151.13,14.02,16.87,0.59,0.73,0.85,1.12,1.39,1.56,1.95,2.28,2.67,1.81,,0.26,0.40
2016-09-30,2168.27,13.29,16.37,0.59,0.77,0.88,1.14,1.42,1.60,1.99,2.32,2.69,1.84,,0.28,0.29
2016-10-03,2161.20,13.57,16.40,0.63,0.80,0.91,1.18,1.46,1.63,2.01,2.34,2.66,1.80,,0.32,0.40
2016-10-04,2150.49,13.63,16.47,0.64,0.82,0.95,1.22,1.51,1.69,2.08,2.40,2.66,1.80,,0.33,0.40
2016-10-05,2159.73,12.99,16.22,0.65,0.85,0.98,1.26,1.54,1.72,2.11,2.44,2.64,1.79,,0.32,0.40
2016-10-06,2160.77,12.84,16.07,0.65,0.86,1.00,1.28,1.58,1.75,2.14,2.46,2.61,1.78,,0.32,0.40
2016-10-07,2153.74,13.48,16.44,0.66,0.83,0.99,1.26,1.55,1.73,2.14,2.46,2.63,1.77,,0.32,0.40
2016-10-10,2163.66,13.38,15.95,,,,,,,,,,,,,0.40
2016-10-11,2136.73,15.36,16.94,0.69,0.87,1.03,1.30,1.58,1.77,2.17,2.50,2.60,1.75,,0.35,0.41
2016-10-12,2139.18,15.91,17.02,0.68,0.87,0.99,1.31,1.60,1.79,2.19,2.51,2.60,1.72,,0.36,0.41
2016-10-13,2132.55,16.69,17.59,0.66,0.85,1.00,1.27,1.56,1.75,2.15,2.48,2.59,1.73,,0.29,0.41
2016-10-14,2132.98,16.12,17.42,0.66,0.84,1.00,1.28,1.58,1.80,2.22,2.55,2.63,1.76,,0.31,0.41
2016-10-17,2126.50,16.21,17.47,0.65,0.81,0.98,1.26,1.56,1.77,2.19,2.52,2.62,1.75,,0.34,0.41
2016-10-18,2139.60,15.28,16.92,0.66,0.82,0.96,1.24,1.54,1.75,2.18,2.51,2.62,1.73,,0.34,0.41
2016-10-19,2144.29,14.41,16.46,0.65,0.81,0.96,1.24,1.54,1.76,2.18,2.51,2.62,1.71,,0.34,0.41
2016-10-20,2141.34,13.75,16.23,0.66,0.84,0.98,1.26,1.55,1.76,2.17,2.50,2.59,1.70,,0.34,0.41
2016-10-21,2141.16,13.34,16.04,0.66,0.84,0.98,1.25,1.53,1.74,2.15,2.48,2.60,1.71,,0.33,0.41
2016-10-24,2151.33,13.02,15.61,0.66,0.84,1.00,1.27,1.56,1.77,2.18,2.52,2.59,1.71,,0.33,0.41
2016-10-25,2143.16,13.46,15.81,0.66,0.86,1.00,1.29,1.56,1.77,2.17,2.50,2.58,1.70,,0.34,0.41
2016-10-26,2139.43,14.24,16.25,0.67,0.86,1.01,1.30,1.59,1.79,2.20,2.53,2.60,1.73,,0.33,0.41
2016-10-27,2133.04,15.36,16.93,0.68,0.87,1.04,1.33,1.64,1.85,2.26,2.60,2.59,1.74,,0.29,0.41
2016-10-28,2126.41,16.19,17.37,0.66,0.86,1.02,1.33,1.63,1.86,2.27,2.62,2.60,1.78,,0.29,0.41
2016-10-31,2126.15,17.06,17.85,0.66,0.86,1.00,1.31,1.62,1.84,2.25,2.58,2.61,1.77,,0.34,0.31
2016-11-01,2111.72,18.56,18.74,0.65,0.83,0.99,1.30,1.61,1.83,2.24,2.58,2.61,1.77,,0.35,0.41
2016-11-02,2097.94,19.32,19.18,0.64,0.81,0.98,1.26,1.57,1.81,2.22,2.56,2.63,1.80,,0.36,0.41
2016-11-03,2088.66,22.08,20.70,0.64,0.81,0.98,1.26,1.58,1.82,2.25,2.60,2.67,1.83,,0.37,0.41
2016-11-04,2085.18,22.51,21.13,0.62,0.80,0.95,1.24,1.55,1.79,2.22,2.56,2.67,1.83,,0.37,0.41
2016-11-07,2131.52,18.71,18.15,0.63,0.82,0.99,1.29,1.60,1.83,2.26,2.60,2.66,1.84,,0.41,0.41
2016-11-08,2139.56,18.74,18.10,0.71,0.87,1.04,1.34,1.65,1.88,2.29,2.63,2.62,1.82,,0.43,0.41
2016-11-09,2163.26,14.38,16.28,0.72,0.90,1.12,1.49,1.84,2.07,2.52,2.88,2.66,1.78,,0.44,0.41
2016-11-10,2167.48,14.74,16.75,0.72,0.92,1.17,1.56,1.92,2.15,2.58,2.94,2.60,1.72,,0.47,0.41
2016-11-11,2164.45,14.17,16.49,,,,,,,,,,,,,0.41
2016-11-14,2164.20,14.48,16.70,0.77,1.00,1.27,1.66,2.01,2.23,2.65,2.99,2.60,1.74,,0.54,0.41
2016-11-15,2180.39,13.37,15.75,0.78,1.02,1.28,1.68,2.03,2.23,2.64,2.97,2.59,1.68,,0.50,0.41
2016-11-16,2176.94,13.72,16.07,0.76,1.00,1.28,1.68,2.03,2.22,2.61,2.92,2.55,1.64,,0.46,0.41
2016-11-17,2187.12,13.35,15.64,0.77,1.04,1.31,1.73,2.08,2.29,2.69,3.01,2.54,1.67,,0.43,0.41
2016-11-18,2181.90,12.85,15.52,0.77,1.07,1.36,1.80,2.14,2.34,2.70,3.01,2.52,1.65,,0.43,0.41
2016-11-21,2198.18,12.42,15.32,0.78,1.08,1.36,1.79,2.13,2.33,2.69,3.00,2.52,1.67,,0.46,0.41
2016-11-22,2202.94,12.41,15.35,0.78,1.07,1.35,1.77,2.12,2.31,2.69,3.00,2.53,1.70,,0.48,0.41
2016-11-23,2204.72,12.43,15.43,0.80,1.12,1.40,1.83,2.17,2.36,2.71,3.02,2.49,1.66,,0.50,0.41
2016-11-25,2213.35,12.34,15.51,0.81,1.12,1.41,1.83,2.18,2.36,2.71,3.01,2.48,1.66,,0.48,0.41
2016-11-28,2201.72,13.15,16.02,0.79,1.11,1.38,1.80,2.13,2.32,2.68,2.99,2.47,1.66,,0.48,0.41
2016-11-29,2204.66,12.90,15.90,0.78,1.09,1.37,1.78,2.12,2.30,2.66,2.95,2.46,1.65,,0.48,0.41
2016-11-30,2198.81,13.33,16.10,0.80,1.11,1.40,1.83,2.18,2.37,2.73,3.02,2.45,1.64,,0.48,0.31
2016-12-01,2191.08,14.07,16.67,0.82,1.14,1.45,1.90,2.25,2.45,2.82,3.10,2.42,1.63,,0.47,0.41
2016-12-02,2191.95,14.12,16.78,0.80,1.11,1.40,1.84,2.20,2.40,2.78,3.08,2.42,1.63,,0.48,0.41
2016-12-05,2204.71,12.14,15.77,0.82,1.13,1.42,1.84,2.19,2.39,2.76,3.05,2.42,1.63,,0.49,0.41
2016-12-06,2212.23,11.79,15.48,0.83,1.12,1.41,1.84,2.18,2.39,2.77,3.08,2.44,1.65,,0.49,0.41
2016-12-07,2241.35,12.22,15.48,0.85,1.10,1.39,1.80,2.14,2.34,2.73,3.02,2.44,1.66,,0.51,0.41
2016-12-08,2246.19,12.64,15.72,0.84,1.12,1.40,1.83,2.20,2.40,2.81,3.10,2.43,1.65,,0.50,0.41
2016-12-09,2259.53,11.75,15.22,0.85,1.15,1.43,1.89,2.26,2.47,2.87,3.16,2.43,1.65,,0.53,0.41
2016-12-12,2256.96,12.64,15.73,0.85,1.15,1.44,1.90,2.26,2.49,2.86,3.16,2.41,1.62,,0.51,0.41
2016-12-13,2271.72,12.72,15.70,0.88,1.17,1.46,1.92,2.26,2.48,2.85,3.14,2.39,1.61,,0.54,0.41
2016-12-14,2253.28,13.19,15.87,0.92,1.27,1.57,2.02,2.34,2.54,2.86,3.14,2.32,1.54,,0.54,0.41
2016-12-15,2262.03,12.79,15.75,0.91,1.29,1.61,2.10,2.42,2.60,2.89,3.16,2.24,1.47,,0.50,0.66
2016-12-16,2258.07,12.20,15.57,0.91,1.28,1.59,2.07,2.41,2.60,2.91,3.19,2.28,1.51,,0.50,0.66
2016-12-19,2262.53,11.71,15.31,0.90,1.24,1.55,2.03,2.35,2.54,2.85,3.12,2.28,1.51,,0.52,0.66
2016-12-20,2270.76,11.45,15.14,0.90,1.25,1.56,2.06,2.38,2.57,2.88,3.15,2.28,1.52,,0.52,0.66
2016-12-21,2265.18,11.27,15.09,0.88,1.21,1.54,2.04,2.35,2.55,2.86,3.12,2.26,1.50,,0.51,0.66
2016-12-22,2260.96,11.43,15.29,0.87,1.22,1.54,2.04,2.36,2.55,2.86,3.12,2.27,1.51,,0.50,0.66
2016-12-23,2263.79,11.44,15.25,0.87,1.22,1.54,2.04,2.35,2.55,2.86,3.12,2.25,1.49,,0.51,0.66
2016-12-27,2268.88,11.99,15.36,0.89,1.28,1.58,2.07,2.37,2.57,2.88,3.14,2.25,1.50,,0.51,0.66
2016-12-28,2249.92,12.95,15.93,0.90,1.26,1.55,2.02,2.32,2.51,2.83,3.09,2.26,1.50,,0.52,0.66
2016-12-29,2249.26,13.37,16.16,0.85,1.22,1.49,1.96,2.30,2.49,2.82,3.08,2.27,1.52,,0.46,0.66
2016-12-30,2238.83,14.04,16.54,0.85,1.20,1.47,1.93,2.25,2.45,2.79,3.06,2.28,1.53,,0.50,0.55
2017-01-03,2257.83,12.85,15.56,0.89,1.22,1.50,1.94,2.26,2.45,2.78,3.04,2.27,1.49,,0.53,0.66
2017-01-04,2270.75,11.85,14.84,0.87,1.24,1.50,1.94,2.26,2.46,2.78,3.05,2.25,1.47,,0.52,0.66
2017-01-05,2269.00,11.67,14.70,0.83,1.17,1.43,1.86,2.18,2.37,2.69,2.96,2.25,1.48,,0.51,0.66
2017-01-06,2276.98,11.32,14.56,0.85,1.22,1.50,1.92,2.23,2.42,2.73,3.00,2.24,1.49,,0.52,0.66
2017-01-09,2268.90,11.56,14.63,0.82,1.21,1.47,1.89,2.18,2.38,2.69,2.97,2.24,1.50,,0.50,0.66
2017-01-10,2268.90,11.49,14.66,0.82,1.19,1.47,1.89,2.18,2.38,2.69,2.97,2.24,1.49,,0.51,0.66
2017-01-11,2275.32,11.26,14.47,0.82,1.20,1.47,1.89,2.18,2.38,2.68,2.96,2.22,1.46,,0.51,0.66
2017-01-12,2270.44,11.54,14.58,0.81,1.18,1.45,1.87,2.17,2.36,2.68,3.01,2.25,1.50,,0.51,0.66
2017-01-13,2274.64,11.23,14.54,0.82,1.21,1.48,1.90,2.20,2.40,2.71,2.99,2.23,1.50,,0.52,0.66
2017-01-17,2267.89,11.87,14.89,0.80,1.17,1.42,1.84,2.14,2.33,2.66,2.93,2.26,1.51,,0.54,0.66
2017-01-18,2271.89,12.48,14.94,0.82,1.23,1.51,1.93,2.24,2.42,2.74,3.00,2.22,1.49,,0.52,0.66
2017-01-19,2263.69,12.78,15.02,0.83,1.25,1.53,1.97,2.28,2.47,2.77,3.04,2.21,1.48,,0.51,0.66
2017-01-20,2271.31,11.54,14.49,0.82,1.20,1.50,1.95,2.28,2.48,2.79,3.05,2.21,1.49,,0.49,0.66
2017-01-23,2265.20,11.77,14.54,0.79,1.16,1.43,1.88,2.19,2.41,2.72,2.99,2.21,1.50,,0.51,0.66
2017-01-24,2280.07,11.07,13.87,0.81,1.21,1.49,1.94,2.27,2.47,2.78,3.05,2.22,1.49,,0.50,0.66
2017-01-25,2298.37,10.81,13.61,0.82,1.23,1.52,1.99,2.33,2.53,2.84,3.10,2.21,1.49,,0.49,0.66
2017-01-26,2296.68,10.63,13.63,0.82,1.21,1.49,1.95,2.30,2.51,2.82,3.08,2.20,1.49,,0.50,0.66
2017-01-27,2294.69,10.58,13.68,0.82,1.22,1.48,1.94,2.28,2.49,2.80,3.06,2.19,1.46,,0.51,0.66
2017-01-30,2280.90,11.88,14.41,0.81,1.22,1.48,1.94,2.28,2.49,2.82,3.08,2.21,1.46,,0.51,0.66
2017-01-31,2278.87,11.99,14.48,0.84,1.19,1.46,1.90,2.24,2.45,2.78,3.05,2.23,1.54,,0.52,0.56
2017-02-01,2279.55,11.81,14.29,0.83,1.22,1.49,1.93,2.27,2.48,2.80,3.08,2.23,1.53,,0.50,0.66
2017-02-02,2280.85,11.93,14.59,0.84,1.21,1.48,1.92,2.27,2.48,2.80,3.09,2.23,1.52,,0.51,0.66
2017-02-03,2297.42,10.97,14.05,0.82,1.21,1.49,1.93,2.27,2.49,2.82,3.11,2.24,1.55,,0.50,0.66
2017-02-06,2292.56,11.37,14.24,0.79,1.16,1.43,1.86,2.19,2.42,2.76,3.05,2.25,1.55,,0.53,0.66
2017-02-07,2293.08,11.29,14.35,0.80,1.16,1.43,1.85,2.17,2.40,2.74,3.02,2.24,1.56,,0.53,0.66
2017-02-08,2294.67,11.45,14.56,0.79,1.15,1.40,1.81,2.14,2.34,2.68,2.96,2.25,1.57,,0.53,0.66
2017-02-09,2307.87,10.88,14.17,0.80,1.20,1.46,1.88,2.20,2.40,2.74,3.02,2.24,1.54,,0.53,0.66
2017-02-10,2316.10,10.85,13.91,0.81,1.20,1.47,1.89,2.22,2.41,2.75,3.01,2.23,1.56,,0.54,0.66
2017-02-13,2328.25,11.07,13.68,0.82,1.20,1.48,1.92,2.24,2.43,2.77,3.03,2.23,1.55,,0.52,0.66
2017-02-14,2337.58,10.74,13.19,0.84,1.25,1.53,1.98,2.29,2.47,2.81,3.07,2.21,1.53,,0.54,0.66
2017-02-15,2349.25,11.97,13.41,0.86,1.27,1.57,2.01,2.33,2.51,2.84,3.09,2.19,1.50,,0.53,0.66
2017-02-16,2347.22,11.76,13.63,0.82,1.22,1.50,1.95,2.26,2.45,2.80,3.05,2.20,1.53,,0.52,0.66
2017-02-17,2351.16,11.49,13.72,0.82,1.21,1.48,1.92,2.23,2.42,2.78,3.03,2.21,1.53,,0.52,0.66
2017-02-21,2365.38,11.57,14.04,0.83,1.22,1.50,1.93,2.24,2.43,2.78,3.04,2.20,1.52,,0.53,0.66
2017-02-22,2362.82,11.74,14.39,0.82,1.22,1.49,1.92,2.23,2.42,2.78,3.04,2.21,1.52,,0.52,0.66
2017-02-23,2363.81,11.71,14.74,0.81,1.18,1.44,1.87,2.20,2.38,2.75,3.02,2.23,1.53,,0.51,0.66
2017-02-24,2367.34,11.47,14.76,0.80,1.12,1.38,1.80,2.12,2.31,2.69,2.95,2.23,1.54,,0.51,0.66
2017-02-27,2369.75,12.09,14.91,0.81,1.20,1.46,1.87,2.18,2.36,2.72,2.98,2.21,1.51,,0.50,0.66
2017-02-28,2363.64,12.92,15.28,0.88,1.22,1.49,1.89,2.19,2.36,2.70,2.97,2.19,1.48,,0.53,0.57
2017-03-01,2395.96,12.54,14.86,0.92,1.29,1.57,1.99,2.29,2.46,2.81,3.06,2.18,1.49,,0.62,0.66
2017-03-02,2381.92,11.81,14.77,0.98,1.32,1.60,2.03,2.32,2.49,2.84,3.09,2.16,1.46,,0.66,0.66
2017-03-03,2383.12,10.96,14.26,0.98,1.32,1.59,2.02,2.32,2.49,2.83,3.08,2.16,1.46,,0.70,0.66
2017-03-06,2375.31,11.24,14.34,0.97,1.31,1.60,2.02,2.32,2.49,2.84,3.10,2.17,1.49,,0.73,0.66
2017-03-07,2368.39,11.45,14.41,1.02,1.32,1.62,2.05,2.34,2.52,2.85,3.11,2.15,1.48,,0.75,0.66
2017-03-08,2362.98,11.86,14.54,1.03,1.36,1.65,2.08,2.38,2.57,2.89,3.15,2.15,1.50,,0.72,0.66
2017-03-09,2364.87,12.30,14.78,1.04,1.37,1.67,2.13,2.43,2.60,2.94,3.19,2.17,1.51,,0.72,0.66
2017-03-10,2372.60,11.66,14.38,1.03,1.36,1.66,2.11,2.40,2.58,2.94,3.16,2.18,1.53,,0.73,0.66
2017-03-13,2373.47,11.35,14.36,1.06,1.40,1.69,2.14,2.43,2.62,2.97,3.20,2.17,1.51,,0.78,0.66
2017-03-14,2365.45,12.30,14.63,1.06,1.40,1.68,2.13,2.42,2.60,2.94,3.17,2.18,1.53,,0.77,0.66
2017-03-15,2385.26,11.63,14.20,1.02,1.33,1.59,2.02,2.31,2.51,2.87,3.11,2.20,1.56,,0.72,0.66
2017-03-16,2381.38,11.21,13.78,1.01,1.35,1.63,2.05,2.34,2.53,2.89,3.14,2.21,1.55,,0.72,0.91
2017-03-17,2378.25,11.28,13.92,1.00,1.33,1.60,2.03,2.31,2.50,2.86,3.11,2.22,1.56,,0.72,0.91
2017-03-20,2373.47,11.34,13.90,1.01,1.30,1.57,2.00,2.28,2.47,2.83,3.08,2.23,1.56,,0.75,0.91
2017-03-21,2344.02,12.47,14.62,1.00,1.27,1.54,1.96,2.24,2.43,2.79,3.04,2.23,1.56,,0.76,0.91
2017-03-22,2348.45,12.81,14.68,0.99,1.27,1.52,1.95,2.22,2.40,2.76,3.02,2.23,1.56,,0.76,0.91
2017-03-23,2345.96,13.12,14.91,0.99,1.26,1.52,1.95,2.23,2.41,2.76,3.02,2.24,1.56,,0.75,0.91
2017-03-24,2343.98,12.96,14.55,1.00,1.26,1.52,1.93,2.22,2.40,2.74,3.00,2.22,1.54,,0.77,0.91
2017-03-27,2341.59,12.50,14.23,1.00,1.27,1.51,1.93,2.20,2.38,2.73,2.98,2.23,1.54,,0.77,0.91
2017-03-28,2358.57,11.53,13.68,1.03,1.30,1.56,1.97,2.25,2.42,2.77,3.02,2.22,1.53,,0.77,0.91
2017-03-29,2361.13,11.42,13.43,1.04,1.26,1.53,1.93,2.21,2.39,2.74,2.99,2.23,1.53,,0.77,0.91
2017-03-30,2368.06,11.54,13.37,1.03,1.28,1.55,1.96,2.25,2.42,2.78,3.03,2.23,1.52,,0.77,0.91
2017-03-31,2362.72,12.37,13.60,1.03,1.27,1.50,1.93,2.22,2.40,2.76,3.02,2.24,1.54,,0.75,0.82
2017-04-03,2358.84,12.38,13.67,1.02,1.24,1.47,1.88,2.16,2.35,2.71,2.98,2.26,1.56,,0.78,0.91
2017-04-04,2360.16,11.79,13.37,1.03,1.25,1.47,1.88,2.16,2.36,2.72,2.99,2.26,1.57,,0.78,0.91
2017-04-05,2352.95,12.89,14.12,1.03,1.24,1.44,1.85,2.14,2.34,2.71,2.98,2.29,1.60,,0.79,0.91
2017-04-06,2357.49,12.39,13.66,1.05,1.24,1.45,1.87,2.15,2.34,2.72,2.99,2.27,1.58,,0.78,0.91
2017-04-07,2355.54,12.87,14.06,1.08,1.29,1.52,1.92,2.20,2.38,2.74,3.00,2.24,1.55,,0.81,0.91
2017-04-10,2357.16,14.05,14.58,1.07,1.29,1.52,1.91,2.18,2.37,2.72,2.99,2.24,1.54,,0.81,0.91
2017-04-11,2353.78,15.07,15.16,1.05,1.24,1.45,1.84,2.11,2.32,2.67,2.93,2.24,1.53,,0.81,0.91
2017-04-12,2344.93,15.77,15.28,1.04,1.24,1.44,1.81,2.09,2.28,2.65,2.92,2.28,1.57,,0.80,0.91
2017-04-13,2328.95,15.96,15.75,1.03,1.21,1.40,1.77,2.05,2.24,2.62,2.89,2.28,1.59,,0.80,0.91
2017-04-17,2349.01,14.66,14.86,1.04,1.21,1.42,1.79,2.07,2.26,2.65,2.92,2.29,1.60,,0.82,0.91
2017-04-18,2342.19,14.42,14.76,1.02,1.18,1.35,1.71,1.98,2.18,2.56,2.84,2.29,1.59,,0.81,0.91
2017-04-19,2338.17,14.93,15.08,1.02,1.19,1.38,1.74,2.02,2.21,2.59,2.87,2.29,1.59,,0.80,0.91
2017-04-20,2355.84,14.15,14.53,1.01,1.21,1.41,1.78,2.06,2.24,2.61,2.89,2.28,1.58,,0.78,0.91
2017-04-21,2348.69,14.63,14.75,0.99,1.20,1.40,1.77,2.05,2.24,2.61,2.89,2.29,1.59,,0.78,0.91
2017-04-24,2374.15,10.84,12.90,1.03,1.25,1.44,1.81,2.09,2.28,2.65,2.93,2.28,1.57,,0.80,0.91
2017-04-25,2388.61,10.76,12.85,1.09,1.29,1.49,1.87,2.15,2.35,2.71,2.99,2.26,1.54,,0.81,0.91
2017-04-26,2387.45,10.85,12.98,1.07,1.28,1.46,1.84,2.12,2.32,2.69,2.97,2.27,1.56,,0.82,0.91
2017-04-27,2388.77,10.36,12.80,1.06,1.25,1.44,1.81,2.10,2.30,2.68,2.96,2.28,1.57,,0.80,0.91
2017-04-28,2384.20,10.82,12.93,1.07,1.28,1.45,1.81,2.10,2.29,2.67,2.96,2.28,1.56,,0.79,0.83
2017-05-01,2388.33,10.11,12.63,1.09,1.28,1.48,1.84,2.13,2.33,2.71,3.00,2.29,1.59,,0.82,0.91
2017-05-02,2391.17,10.59,12.83,1.08,1.27,1.45,1.81,2.09,2.29,2.68,2.97,2.30,1.59,,0.81,0.91
2017-05-03,2388.13,10.68,13.09,1.10,1.30,1.50,1.86,2.14,2.33,2.70,2.97,2.23,1.52,,0.84,0.91
2017-05-04,2389.52,10.46,12.83,1.11,1.32,1.51,1.88,2.17,2.36,2.73,3.00,2.25,1.53,,0.84,0.91
2017-05-05,2399.29,10.57,12.85,1.10,1.32,1.52,1.89,2.17,2.36,2.73,2.99,2.24,1.54,,0.88,0.91
2017-05-08,2399.38,9.77,12.59,1.12,1.33,1.53,1.91,2.19,2.39,2.76,3.02,2.23,1.53,,0.90,0.91
2017-05-09,2396.92,9.96,12.71,1.14,1.37,1.57,1.94,2.22,2.42,2.79,3.04,2.22,1.52,,0.90,0.91
2017-05-10,2399.63,10.21,12.91,1.13,1.35,1.56,1.94,2.22,2.41,2.79,3.03,2.22,1.53,,0.89,0.91
2017-05-11,2394.44,10.60,13.01,1.13,1.35,1.55,1.93,2.20,2.39,2.78,3.03,2.24,1.53,,0.87,0.91
2017-05-12,2390.90,10.40,12.97,1.11,1.29,1.49,1.85,2.13,2.33,2.74,2.98,2.25,1.53,,0.86,0.91
2017-05-15,2402.32,10.42,12.78,1.11,1.31,1.49,1.86,2.14,2.34,2.76,3.00,2.25,1.53,,0.89,0.91
2017-05-16,2400.67,10.65,12.65,1.11,1.29,1.48,1.86,2.13,2.33,2.74,2.99,2.24,1.52,,0.89,0.91
2017-05-17,2357.03,15.59,15.60,1.08,1.26,1.42,1.76,2.03,2.22,2.65,2.91,2.26,1.55,,0.89,0.91
2017-05-18,2365.72,14.66,14.97,1.09,1.27,1.44,1.78,2.04,2.23,2.64,2.90,2.26,1.55,,0.91,0.91
2017-05-19,2381.73,12.04,13.49,1.10,1.28,1.45,1.79,2.05,2.23,2.63,2.90,2.26,1.57,,0.90,0.91
2017-05-22,2394.02,10.93,12.96,1.12,1.29,1.45,1.80,2.06,2.25,2.64,2.91,2.24,1.56,,0.92,0.91
2017-05-23,2398.42,10.72,12.90,1.14,1.31,1.49,1.84,2.10,2.29,2.68,2.95,2.22,1.55,,0.91,0.91
2017-05-24,2404.39,10.02,12.59,1.18,1.29,1.46,1.79,2.07,2.26,2.65,2.92,2.25,1.57,,0.92,0.91
2017-05-25,2415.07,9.99,12.51,1.16,1.30,1.46,1.78,2.06,2.25,2.65,2.92,2.24,1.57,,0.92,0.91
2017-05-26,2415.82,9.81,12.44,1.17,1.30,1.46,1.79,2.06,2.25,2.65,2.92,2.24,1.56,,0.92,0.91
2017-05-30,2412.91,10.38,12.74,1.16,1.28,1.44,1.76,2.02,2.21,2.61,2.88,2.25,1.57,,0.92,0.91
2017-05-31,2411.80,10.41,12.63,1.17,1.28,1.44,1.75,2.02,2.21,2.60,2.87,2.23,1.54,,0.96,0.83
2017-06-01,2430.06,9.89,12.42,1.16,1.28,1.45,1.76,2.02,2.21,2.60,2.87,2.24,1.55,,0.96,0.91
2017-06-02,2439.07,9.75,12.46,1.16,1.28,1.42,1.71,1.96,2.15,2.53,2.80,2.24,1.55,,0.96,0.91
2017-06-05,2436.10,10.07,12.85,1.16,1.32,1.45,1.74,1.99,2.18,2.56,2.84,2.24,1.54,,0.95,0.91
2017-06-06,2429.33,10.45,13.08,1.16,1.30,1.42,1.71,1.95,2.14,2.53,2.81,2.25,1.55,,0.96,0.91
2017-06-07,2433.14,10.39,13.09,1.17,1.32,1.45,1.74,1.99,2.18,2.56,2.84,2.23,1.55,,0.98,0.91
2017-06-08,2433.79,10.16,12.76,1.19,1.33,1.47,1.75,2.00,2.19,2.57,2.85,2.23,1.55,,0.99,0.91
2017-06-09,2431.77,10.70,12.96,1.20,1.35,1.50,1.77,2.02,2.21,2.59,2.86,2.21,1.53,,0.99,0.91
2017-06-12,2429.39,11.46,13.30,1.19,1.35,1.50,1.78,2.02,2.21,2.59,2.86,2.22,1.55,,0.97,0.91
2017-06-13,2440.35,10.42,12.73,1.22,1.38,1.51,1.79,2.02,2.21,2.60,2.87,2.21,1.55,,0.99,0.91
2017-06-14,2437.92,10.64,12.77,1.20,1.35,1.48,1.74,1.96,2.15,2.53,2.79,2.19,1.51,,0.99,0.91
2017-06-15,2432.46,10.90,12.91,1.21,1.35,1.49,1.76,1.98,2.16,2.52,2.78,2.18,1.51,,1.00,1.16
2017-06-16,2433.15,10.38,12.71,1.21,1.32,1.48,1.75,1.97,2.16,2.52,2.78,2.19,1.51,,1.01,1.16
2017-06-19,2453.46,10.37,12.40,1.22,1.36,1.52,1.80,2.02,2.19,2.53,2.79,2.17,1.48,,1.01,1.16
2017-06-20,2437.03,10.86,12.69,1.22,1.36,1.50,1.77,1.99,2.16,2.49,2.74,2.16,1.45,,1.00,1.16
2017-06-21,2435.61,10.75,12.76,1.22,1.36,1.50,1.78,2.00,2.16,2.48,2.73,2.15,1.44,,0.97,1.16
2017-06-22,2434.50,10.48,12.62,1.22,1.34,1.48,1.76,1.98,2.15,2.47,2.72,2.16,1.45,,0.94,1.16
2017-06-23,2438.30,10.02,12.36,1.21,1.34,1.48,1.77,1.98,2.15,2.48,2.71,2.15,1.45,,0.95,1.16
2017-06-26,2439.07,9.90,12.27,1.20,1.36,1.48,1.77,1.97,2.14,2.46,2.70,2.15,1.44,,0.98,1.16
2017-06-27,2419.38,11.06,12.96,1.22,1.38,1.53,1.83,2.04,2.21,2.52,2.75,2.12,1.41,,0.99,1.16
2017-06-28,2440.69,10.03,12.40,1.21,1.34,1.51,1.81,2.05,2.22,2.55,2.77,2.14,1.44,,1.00,1.16
2017-06-29,2419.70,11.44,13.15,1.23,1.38,1.53,1.85,2.10,2.27,2.59,2.82,2.11,1.41,,1.02,1.16
2017-06-30,2423.41,11.18,13.14,1.24,1.38,1.55,1.89,2.14,2.31,2.61,2.84,2.09,1.40,,1.01,1.06
2017-07-03,2429.01,11.22,13.31,1.24,1.41,1.60,1.93,2.19,2.35,2.65,2.86,2.07,1.37,,1.04,1.16
2017-07-05,2432.54,11.07,13.31,1.24,1.41,1.59,1.92,2.17,2.33,2.63,2.85,2.08,1.39,,1.03,1.16
2017-07-06,2409.75,12.54,14.11,1.23,1.40,1.60,1.94,2.21,2.37,2.68,2.90,2.07,1.38,,1.02,1.16
2017-07-07,2425.18,11.19,13.52,1.22,1.40,1.60,1.95,2.22,2.39,2.71,2.93,2.08,1.40,,1.03,1.16
2017-07-10,2427.43,11.11,13.35,1.23,1.40,1.59,1.93,2.20,2.38,2.70,2.93,2.08,1.40,,1.03,1.16
2017-07-11,2425.53,10.89,13.16,1.20,1.37,1.57,1.92,2.18,2.37,2.69,2.92,2.08,1.37,,1.03,1.16
2017-07-12,2443.25,10.30,12.78,1.21,1.35,1.53,1.88,2.14,2.33,2.65,2.89,2.09,1.39,,1.03,1.16
2017-07-13,2447.83,9.90,12.55,1.23,1.37,1.55,1.89,2.16,2.35,2.69,2.92,2.09,1.40,,1.03,1.16
2017-07-14,2459.27,9.51,12.23,1.22,1.35,1.54,1.87,2.13,2.33,2.67,2.91,2.09,1.38,,1.02,1.16
2017-07-17,2459.14,9.82,12.28,1.22,1.36,1.53,1.86,2.12,2.31,2.65,2.89,2.09,1.38,,1.05,1.16
2017-07-18,2460.61,9.89,12.25,1.19,1.36,1.52,1.82,2.08,2.27,2.61,2.85,2.08,1.38,,1.05,1.16
2017-07-19,2473.83,9.79,12.00,1.23,1.37,1.52,1.83,2.09,2.27,2.61,2.85,2.07,1.38,,1.09,1.16
2017-07-20,2473.45,9.58,12.04,1.22,1.37,1.51,1.82,2.08,2.27,2.60,2.83,2.05,1.36,,1.13,1.16
2017-07-21,2472.54,9.36,12.06,1.22,1.36,1.50,1.81,2.05,2.24,2.57,2.81,2.05,1.37,,1.14,1.16
2017-07-24,2469.91,9.43,12.04,1.23,1.37,1.53,1.83,2.07,2.26,2.59,2.83,2.06,1.35,,1.15,1.16
2017-07-25,2477.13,9.43,12.05,1.24,1.40,1.56,1.90,2.15,2.33,2.67,2.91,2.05,1.36,,1.16,1.16
2017-07-26,2477.83,9.60,12.11,1.23,1.36,1.50,1.83,2.09,2.29,2.65,2.89,2.07,1.39,,1.11,1.16
2017-07-27,2475.42,10.11,12.42,1.22,1.36,1.52,1.84,2.12,2.32,2.68,2.93,2.07,1.39,,1.09,1.16
2017-07-28,2472.10,10.29,12.58,1.22,1.34,1.51,1.83,2.10,2.30,2.65,2.89,2.05,1.38,,1.06,1.16
2017-07-31,2470.30,10.26,12.47,1.23,1.34,1.51,1.84,2.11,2.30,2.66,2.89,2.06,1.38,,1.05,1.07
2017-08-01,2476.35,10.09,12.40,1.22,1.34,1.50,1.80,2.07,2.26,2.61,2.86,2.06,1.38,,1.06,1.16
2017-08-02,2477.57,10.28,12.56,1.24,1.36,1.52,1.82,2.08,2.27,2.60,2.85,2.05,1.36,,1.06,1.16
2017-08-03,2472.16,10.44,12.74,1.22,1.34,1.49,1.79,2.05,2.24,2.56,2.81,2.05,1.36,,1.06,1.16
2017-08-04,2476.83,10.03,12.75,1.23,1.36,1.51,1.82,2.08,2.27,2.61,2.84,2.05,1.38,,1.06,1.16
2017-08-07,2480.91,9.93,12.66,1.22,1.36,1.52,1.81,2.07,2.26,2.60,2.84,2.06,1.39,,1.01,1.16
2017-08-08,2474.92,10.96,13.20,1.24,1.36,1.53,1.84,2.10,2.29,2.63,2.86,2.07,1.39,,1.04,1.16
2017-08-09,2474.02,11.11,13.49,1.21,1.33,1.50,1.81,2.06,2.24,2.59,2.82,2.09,1.39,,1.04,1.16
2017-08-10,2438.21,16.04,16.21,1.22,1.33,1.49,1.78,2.03,2.20,2.55,2.79,2.11,1.42,,1.03,1.16
2017-08-11,2441.32,15.51,16.39,1.21,1.30,1.43,1.74,2.00,2.19,2.55,2.79,2.12,1.44,,1.01,1.16
2017-08-14,2465.84,12.33,13.92,1.23,1.33,1.48,1.77,2.04,2.22,2.57,2.81,2.11,1.43,,1.01,1.16
2017-08-15,2464.61,12.04,13.90,1.23,1.35,1.51,1.83,2.09,2.27,2.60,2.84,2.09,1.41,,1.02,1.16
2017-08-16,2468.11,11.74,13.58,1.24,1.33,1.49,1.79,2.04,2.23,2.58,2.81,2.09,1.41,,1.00,1.16
2017-08-17,2430.01,15.55,16.14,1.24,1.32,1.46,1.76,2.01,2.19,2.54,2.78,2.11,1.45,,0.98,1.16
2017-08-18,2425.55,14.26,15.65,1.24,1.33,1.47,1.77,2.01,2.19,2.54,2.78,2.12,1.45,,1.00,1.16
2017-08-21,2428.37,13.19,14.99,1.23,1.32,1.46,1.76,2.00,2.18,2.52,2.77,2.12,1.44,,0.99,1.16
2017-08-22,2452.51,11.35,13.63,1.24,1.33,1.48,1.80,2.04,2.22,2.55,2.79,2.10,1.44,,0.99,1.16
2017-08-23,2444.04,12.25,14.33,1.22,1.32,1.45,1.76,1.99,2.17,2.51,2.75,2.12,1.45,,0.98,1.16
2017-08-24,2438.97,12.23,14.39,1.23,1.33,1.47,1.78,2.01,2.19,2.53,2.77,2.12,1.45,,1.00,1.16
2017-08-25,2443.05,11.28,13.99,1.23,1.35,1.47,1.77,2.00,2.17,2.51,2.75,2.12,1.45,,1.01,1.16
2017-08-28,2444.24,11.32,13.99,1.24,1.33,1.46,1.74,1.99,2.16,2.51,2.76,2.13,1.46,,0.97,1.16
2017-08-29,2446.30,11.70,14.12,1.23,1.33,1.43,1.70,1.96,2.13,2.48,2.74,2.15,1.49,,1.01,1.16
2017-08-30,2457.59,11.22,14.14,1.23,1.33,1.44,1.72,1.97,2.15,2.49,2.75,2.14,1.47,,1.01,1.16
2017-08-31,2471.65,10.59,13.80,1.23,1.33,1.44,1.70,1.95,2.12,2.47,2.73,2.14,1.47,,0.99,1.07
2017-09-01,2476.55,10.13,13.59,1.24,1.35,1.46,1.73,1.99,2.16,2.51,2.77,2.15,1.48,,1.00,1.16
2017-09-05,2457.85,12.23,14.58,1.23,1.30,1.40,1.65,1.90,2.07,2.43,2.69,2.16,1.50,,1.01,1.16
2017-09-06,2465.54,11.63,14.40,1.24,1.30,1.42,1.69,1.93,2.10,2.46,2.72,2.17,1.51,,1.05,1.16
2017-09-07,2465.10,11.55,14.32,1.21,1.27,1.38,1.63,1.88,2.05,2.40,2.66,2.17,1.55,,1.03,1.16
2017-09-08,2461.43,12.12,14.69,1.22,1.27,1.39,1.64,1.89,2.06,2.41,2.67,2.17,1.54,,1.02,1.16
2017-09-11,2488.11,10.73,13.86,1.24,1.32,1.44,1.71,1.96,2.14,2.49,2.75,2.15,1.51,,1.04,1.16
2017-09-12,2496.48,10.58,13.56,1.27,1.33,1.46,1.75,1.99,2.17,2.52,2.78,2.16,1.49,,1.02,1.16
2017-09-13,2498.37,10.50,13.23,1.27,1.35,1.48,1.78,2.01,2.20,2.53,2.79,2.13,1.47,,1.02,1.16
2017-09-14,2495.62,10.44,13.16,1.28,1.37,1.50,1.79,2.01,2.20,2.52,2.77,2.11,1.45,,1.03,1.16
2017-09-15,2500.23,10.17,12.96,1.30,1.39,1.53,1.81,2.04,2.20,2.52,2.77,2.10,1.43,,1.03,1.16
2017-09-18,2503.87,10.15,12.69,1.30,1.40,1.54,1.83,2.06,2.23,2.56,2.80,2.10,1.44,,1.04,1.16
2017-09-19,2506.65,10.18,12.73,1.31,1.40,1.55,1.84,2.07,2.24,2.57,2.81,2.09,1.43,,1.03,1.16
2017-09-20,2508.24,9.78,12.66,1.32,1.45,1.60,1.89,2.12,2.28,2.59,2.82,2.06,1.39,,1.02,1.16
2017-09-21,2500.60,9.67,12.66,1.31,1.45,1.59,1.89,2.11,2.27,2.57,2.80,2.05,1.35,,1.02,1.16
2017-09-22,2502.22,9.59,12.85,1.30,1.46,1.58,1.88,2.10,2.26,2.57,2.80,2.05,1.36,,1.01,1.16
2017-09-25,2496.66,10.21,13.06,1.30,1.44,1.56,1.85,2.07,2.22,2.53,2.76,2.06,1.36,,1.04,1.16
2017-09-26,2496.84,10.17,13.02,1.31,1.45,1.57,1.87,2.08,2.24,2.54,2.78,2.04,1.34,,1.05,1.16
2017-09-27,2507.04,9.87,12.91,1.33,1.47,1.60,1.91,2.14,2.31,2.62,2.86,2.06,1.33,,1.05,1.16
2017-09-28,2510.06,9.55,12.76,1.31,1.45,1.59,1.89,2.13,2.31,2.63,2.87,2.05,1.33,,1.04,1.16
2017-09-29,2519.36,9.51,12.49,1.31,1.47,1.62,1.92,2.16,2.33,2.63,2.86,2.00,1.29,,1.04,1.06
2017-10-02,2529.12,9.45,12.36,1.31,1.49,1.63,1.94,2.17,2.34,2.64,2.87,1.99,1.27,,1.00,1.16
2017-10-03,2534.58,9.51,12.31,1.32,1.47,1.62,1.92,2.15,2.33,2.63,2.87,2.00,1.28,,1.05,1.16
2017-10-04,2537.74,9.63,12.38,1.33,1.47,1.62,1.92,2.15,2.33,2.64,2.87,2.01,1.26,,1.06,1.16
2017-10-05,2552.07,9.19,12.18,1.35,1.49,1.63,1.94,2.17,2.35,2.65,2.89,2.00,1.26,,1.05,1.16
2017-10-06,2549.33,9.65,12.44,1.35,1.54,1.66,1.97,2.20,2.37,2.68,2.91,1.98,1.26,,1.05,1.16
2017-10-09,2544.73,10.33,12.73,,,,,,,,,,,,,1.16
2017-10-10,2550.64,10.08,12.47,1.42,1.51,1.64,1.95,2.18,2.35,2.65,2.88,1.97,1.26,,1.06,1.16
2017-10-11,2555.24,9.85,12.24,1.40,1.51,1.66,1.95,2.17,2.35,2.64,2.88,1.97,1.25,,1.08,1.16
2017-10-12,2550.93,9.91,12.26,1.41,1.51,1.66,1.95,2.16,2.33,2.62,2.86,1.97,1.25,,1.07,1.16
2017-10-13,2553.17,9.61,11.98,1.39,1.51,1.64,1.91,2.12,2.28,2.58,2.81,1.97,1.26,,1.07,1.16
2017-10-16,2557.64,9.91,11.94,1.42,1.54,1.68,1.95,2.15,2.30,2.58,2.82,1.97,1.26,,1.09,1.16
2017-10-17,2559.36,10.31,12.05,1.41,1.54,1.69,1.97,2.15,2.30,2.58,2.80,1.95,1.24,,1.07,1.16
2017-10-18,2561.26,10.07,11.92,1.42,1.59,1.70,1.99,2.19,2.34,2.62,2.85,1.95,1.24,,1.07,1.16
2017-10-19,2562.10,10.05,11.96,1.41,1.58,1.69,1.98,2.18,2.33,2.60,2.83,1.94,1.22,,1.08,1.16
2017-10-20,2575.21,9.97,11.85,1.43,1.60,1.72,2.03,2.24,2.39,2.67,2.89,1.94,1.21,,1.09,1.16
2017-10-23,2564.98,11.07,12.55,1.42,1.58,1.70,2.01,2.22,2.38,2.66,2.89,1.94,1.22,,1.08,1.16
2017-10-24,2569.13,11.16,12.67,1.43,1.60,1.73,2.05,2.26,2.42,2.70,2.92,1.92,1.21,,1.10,1.16
2017-10-25,2557.15,11.23,12.95,1.43,1.61,1.74,2.06,2.28,2.44,2.72,2.95,1.93,1.20,,1.10,1.16
2017-10-26,2560.40,11.30,12.93,1.43,1.63,1.76,2.07,2.30,2.46,2.74,2.96,1.91,1.19,,1.09,1.16
2017-10-27,2581.07,9.80,12.23,1.42,1.59,1.73,2.03,2.26,2.42,2.71,2.93,1.93,1.21,,1.08,1.16
2017-10-30,2572.83,10.50,12.57,1.42,1.58,1.71,2.00,2.22,2.37,2.66,2.88,1.92,1.21,,1.10,1.16
2017-10-31,2575.26,10.18,12.38,1.43,1.60,1.73,2.01,2.23,2.38,2.66,2.88,1.91,1.20,,1.13,1.07
2017-11-01,2579.36,10.20,12.57,1.46,1.61,1.74,2.01,2.22,2.37,2.63,2.85,1.92,1.19,,1.16,1.16
2017-11-02,2579.85,9.93,12.68,1.46,1.61,1.73,2.00,2.21,2.35,2.61,2.83,1.91,1.18,,1.15,1.16
2017-11-03,2587.84,9.14,12.42,1.49,1.63,1.74,1.99,2.19,2.34,2.59,2.82,1.91,1.19,,1.16,1.16
2017-11-06,2591.13,9.40,12.57,1.50,1.61,1.73,1.99,2.17,2.32,2.58,2.80,1.92,1.19,,1.17,1.16
2017-11-07,2590.64,9.89,12.76,1.49,1.63,1.75,1.99,2.17,2.32,2.56,2.77,1.90,1.18,,1.20,1.16
2017-11-08,2594.38,9.78,12.88,1.53,1.65,1.77,2.01,2.19,2.32,2.57,2.79,1.92,1.25,,1.21,1.16
2017-11-09,2584.62,10.50,13.14,1.53,1.63,1.75,2.01,2.20,2.33,2.59,2.81,1.93,1.27,,1.22,1.16
2017-11-10,2582.30,11.29,13.61,1.54,1.67,1.79,2.06,2.27,2.40,2.67,2.88,,,,1.21,1.16
2017-11-13,2584.84,11.50,13.75,1.55,1.70,1.82,2.08,2.27,2.40,2.67,2.87,1.93,1.29,,1.22,1.16
2017-11-14,2578.87,11.59,13.93,1.55,1.68,1.81,2.06,2.26,2.38,2.64,2.84,1.93,1.28,,1.24,1.16
2017-11-15,2564.62,13.13,14.66,1.55,1.68,1.79,2.04,2.21,2.33,2.58,2.77,1.95,1.27,,1.23,1.16
2017-11-16,2585.64,11.76,13.96,1.59,1.72,1.83,2.07,2.25,2.37,2.62,2.81,1.92,1.25,,1.25,1.16
2017-11-17,2578.85,11.43,13.80,1.60,1.73,1.83,2.06,2.23,2.35,2.59,2.78,1.93,1.26,,1.26,1.16
2017-11-20,2582.14,10.65,13.28,1.62,1.77,1.86,2.09,2.26,2.37,2.60,2.78,1.91,1.23,,1.28,1.16
2017-11-21,2599.03,9.73,12.55,1.62,1.77,1.88,2.11,2.27,2.36,2.58,2.76,1.88,1.20,,1.28,1.16
2017-11-22,2597.08,9.88,12.44,1.61,1.74,1.84,2.05,2.22,2.32,2.57,2.75,1.91,1.20,,1.27,1.16
2017-11-24,2602.42,9.67,12.42,1.61,1.75,1.85,2.07,2.23,2.34,2.58,2.76,1.90,1.19,,1.26,1.16
2017-11-27,2601.42,9.87,12.57,1.62,1.74,1.84,2.06,2.21,2.32,2.57,2.76,1.93,1.21,,1.25,1.16
2017-11-28,2627.04,10.03,12.27,1.61,1.75,1.85,2.07,2.24,2.34,2.58,2.77,1.91,1.21,,1.28,1.16
2017-11-29,2626.07,10.70,12.82,1.61,1.78,1.86,2.09,2.27,2.37,2.62,2.81,1.92,1.23,,1.27,1.16
2017-11-30,2647.58,11.28,13.04,1.62,1.78,1.90,2.14,2.31,2.42,2.65,2.83,1.88,1.19,,1.25,1.07
2017-12-01,2642.22,11.43,13.28,1.62,1.78,1.90,2.13,2.28,2.37,2.58,2.76,1.87,1.15,,1.25,1.16
2017-12-04,2639.44,11.68,13.55,1.66,1.80,1.93,2.15,2.29,2.37,2.58,2.77,1.87,1.15,,1.28,1.16
2017-12-05,2629.57,11.33,13.54,1.64,1.83,1.94,2.15,2.28,2.36,2.55,2.73,1.84,1.12,,1.28,1.16
2017-12-06,2629.27,11.02,13.45,1.68,1.78,1.92,2.11,2.25,2.33,2.53,2.71,1.86,1.15,,1.28,1.16
2017-12-07,2636.98,10.16,12.93,1.67,1.80,1.92,2.14,2.29,2.37,2.58,2.76,1.88,1.16,,1.27,1.16
2017-12-08,2651.50,9.58,12.46,1.65,1.80,1.92,2.14,2.29,2.38,2.59,2.77,1.87,1.16,,1.26,1.16
2017-12-11,2659.99,9.34,12.28,1.69,1.82,1.95,2.16,2.30,2.39,2.59,2.77,1.85,1.13,,1.31,1.16
2017-12-12,2664.11,9.92,12.48,1.70,1.83,1.95,2.18,2.32,2.40,2.60,2.79,1.84,1.12,,1.32,1.17
2017-12-13,2662.85,10.18,12.50,1.68,1.79,1.90,2.12,2.26,2.36,2.56,2.74,1.83,1.12,,1.28,1.17
2017-12-14,2652.01,10.49,12.80,1.70,1.82,1.92,2.14,2.27,2.35,2.53,2.71,1.82,1.11,,1.30,1.41
2017-12-15,2675.81,9.42,12.08,1.71,1.84,1.95,2.16,2.28,2.35,2.52,2.68,1.80,1.08,,1.29,1.41
2017-12-18,2690.16,9.53,12.07,1.70,1.84,1.94,2.17,2.30,2.39,2.57,2.74,1.81,1.09,,1.36,1.42
2017-12-19,2681.47,10.03,12.51,1.71,1.87,1.97,2.23,2.37,2.46,2.66,2.82,1.81,1.10,,1.35,1.42
2017-12-20,2679.25,9.72,12.37,1.72,1.87,1.98,2.24,2.40,2.49,2.71,2.88,1.82,1.11,,1.36,1.42
2017-12-21,2684.57,9.62,12.35,1.73,1.89,2.01,2.26,2.39,2.48,2.68,2.84,1.79,1.07,,1.33,1.42
2017-12-22,2683.34,9.90,12.49,1.73,1.91,2.01,2.26,2.40,2.48,2.68,2.83,1.79,1.07,,1.31,1.42
2017-12-26,2680.50,10.25,12.62,1.75,1.92,2.02,2.25,2.38,2.47,2.66,2.82,1.78,1.06,,1.45,1.42
2017-12-27,2682.62,10.47,12.65,1.75,1.89,1.99,2.22,2.34,2.42,2.59,2.75,1.76,1.05,,1.42,1.42
2017-12-28,2687.54,10.18,12.76,1.76,1.91,2.00,2.23,2.36,2.43,2.60,2.75,1.76,1.05,,1.37,1.42
2017-12-29,2673.61,11.04,13.09,1.76,1.89,1.98,2.20,2.33,2.40,2.58,2.74,1.77,1.05,,1.37,1.33
2018-01-02,2695.81,9.77,12.61,1.83,1.92,2.01,2.25,2.38,2.46,2.64,2.81,1.78,1.06,,1.42,1.42
2018-01-03,2713.06,9.15,12.32,1.81,1.94,2.02,2.25,2.37,2.44,2.62,2.78,1.77,1.06,,1.39,1.42
2018-01-04,2723.99,9.22,12.24,1.82,1.96,2.05,2.27,2.38,2.46,2.62,2.79,1.75,1.01,,1.39,1.42
2018-01-05,2743.15,9.22,12.06,1.80,1.96,2.06,2.29,2.40,2.47,2.64,2.81,1.76,1.03,,1.37,1.42
2018-01-08,2747.71,9.52,12.15,1.79,1.96,2.07,2.29,2.41,2.49,2.65,2.81,1.74,1.01,,1.43,1.42
2018-01-09,2751.29,10.08,12.41,1.78,1.98,2.09,2.33,2.46,2.55,2.72,2.88,1.74,1.02,,1.42,1.42
2018-01-10,2748.23,9.82,12.36,1.78,1.98,2.08,2.32,2.47,2.55,2.73,2.88,1.73,1.03,,1.40,1.42
2018-01-11,2767.56,9.88,12.16,1.77,1.98,2.09,2.32,2.46,2.54,2.72,2.91,1.69,0.99,,1.41,1.42
2018-01-12,2786.24,10.16,12.20,1.78,1.99,2.12,2.35,2.48,2.55,2.71,2.85,1.68,0.95,,1.41,1.42
2018-01-16,2776.42,11.66,13.23,1.79,2.03,2.12,2.36,2.48,2.54,2.69,2.83,1.66,0.95,,1.43,1.42
2018-01-17,2802.56,11.91,13.25,1.79,2.05,2.15,2.39,2.51,2.57,2.71,2.84,1.66,0.93,,1.42,1.42
2018-01-18,2798.03,12.22,13.58,1.79,2.05,2.17,2.43,2.55,2.62,2.77,2.90,1.64,0.92,,1.43,1.42
2018-01-19,2810.30,11.27,13.04,1.79,2.06,2.20,2.45,2.57,2.64,2.78,2.91,1.64,0.94,,1.42,1.42
2018-01-22,2832.97,11.03,12.99,1.79,2.08,2.21,2.46,2.59,2.66,2.79,2.93,1.64,0.94,,1.43,1.42
2018-01-23,2839.13,11.10,13.22,1.78,2.06,2.18,2.43,2.55,2.63,2.77,2.90,1.64,0.94,,1.42,1.42
2018-01-24,2837.54,11.47,13.53,1.79,2.08,2.20,2.43,2.57,2.65,2.80,2.93,1.65,0.96,,1.41,1.42
2018-01-25,2839.25,11.58,13.68,1.80,2.08,2.20,2.41,2.55,2.63,2.76,2.89,1.61,0.92,,1.40,1.42
2018-01-26,2872.87,11.08,13.46,1.80,2.13,2.24,2.47,2.60,2.66,2.79,2.91,1.60,0.92,,1.39,1.42
2018-01-29,2853.53,13.84,14.99,1.80,2.11,2.26,2.49,2.63,2.70,2.82,2.94,1.59,0.89,,1.43,1.42
2018-01-30,2822.43,14.79,15.83,1.88,2.13,2.27,2.51,2.65,2.73,2.86,2.98,1.59,0.90,,1.42,1.42
2018-01-31,2823.81,13.54,14.90,1.90,2.14,2.29,2.52,2.66,2.72,2.83,2.95,1.56,0.87,,1.44,1.34
2018-02-01,2821.98,13.47,14.72,1.89,2.16,2.33,2.56,2.72,2.78,2.90,3.01,1.56,0.84,,1.46,1.42
2018-02-02,2762.13,17.31,17.03,1.88,2.15,2.33,2.58,2.76,2.84,2.97,3.08,1.58,0.89,,1.46,1.42
2018-02-05,2648.94,37.32,28.13,1.85,2.08,2.25,2.50,2.68,2.77,2.92,3.04,1.63,0.93,,1.49,1.42
2018-02-06,2695.14,29.98,23.75,1.87,2.10,2.30,2.52,2.70,2.79,2.94,3.06,1.61,0.91,,1.50,1.42
2018-02-07,2681.66,27.73,23.03,1.91,2.15,2.33,2.57,2.75,2.84,3.01,3.12,1.62,0.92,,1.53,1.42
2018-02-08,2581.00,33.46,27.33,1.91,2.13,2.32,2.57,2.76,2.85,3.03,3.14,1.63,0.94,,1.53,1.42
2018-02-09,2619.55,29.06,24.92,1.89,2.05,2.26,2.52,2.72,2.83,3.02,3.14,1.67,0.99,,1.53,1.42
2018-02-12,2656.00,25.61,22.86,1.93,2.09,2.30,2.56,2.77,2.86,3.02,3.14,1.64,0.97,,1.61,1.42
2018-02-13,2662.94,24.97,22.65,1.95,2.10,2.30,2.54,2.74,2.83,2.99,3.11,1.69,1.01,,1.57,1.42
2018-02-14,2698.63,19.26,19.34,1.98,2.17,2.40,2.65,2.84,2.91,3.07,3.18,1.66,0.97,,1.56,1.42
2018-02-15,2731.20,19.13,19.08,1.99,2.19,2.40,2.65,2.83,2.90,3.04,3.15,1.63,0.97,,1.56,1.42
2018-02-16,2732.22,19.46,19.17,2.00,2.21,2.38,2.63,2.81,2.87,3.02,3.13,1.66,1.00,,1.59,1.42
2018-02-20,2716.26,20.60,20.01,2.01,2.25,2.40,2.65,2.81,2.88,3.04,3.15,1.67,1.01,,1.64,1.42
2018-02-21,2701.33,20.02,20.03,2.03,2.26,2.44,2.69,2.86,2.94,3.11,3.22,1.67,1.01,,1.62,1.42
2018-02-22,2703.96,18.72,19.06,2.02,2.25,2.42,2.66,2.84,2.92,3.09,3.21,1.68,0.98,,1.61,1.42
2018-02-23,2747.30,16.49,17.50,2.02,2.25,2.39,2.62,2.79,2.88,3.04,3.16,1.68,1.01,,1.61,1.42
2018-02-26,2779.60,15.80,16.92,2.03,2.22,2.37,2.60,2.77,2.86,3.03,3.15,1.70,1.02,,1.65,1.42
2018-02-27,2744.28,18.59,19.02,2.08,2.27,2.43,2.67,2.83,2.90,3.06,3.17,1.69,1.00,,1.64,1.42
2018-02-28,2713.83,19.85,19.89,2.07,2.25,2.42,2.65,2.80,2.87,3.02,3.13,1.68,0.97,,1.63,1.35
2018-03-01,2677.67,22.47,21.42,2.05,2.22,2.36,2.58,2.74,2.81,2.97,3.09,1.72,1.01,,1.60,1.42
2018-03-02,2691.25,19.59,19.86,2.06,2.25,2.40,2.63,2.79,2.86,3.02,3.14,1.72,1.04,,1.62,1.42
2018-03-05,2720.94,18.73,19.21,2.06,2.24,2.41,2.65,2.81,2.88,3.04,3.16,1.72,1.03,,1.67,1.42
2018-03-06,2728.12,18.36,19.24,2.06,2.25,2.42,2.65,2.81,2.88,3.03,3.14,1.75,1.00,,1.65,1.42
2018-03-07,2726.80,17.76,18.84,2.05,2.25,2.42,2.65,2.81,2.89,3.04,3.15,1.77,1.01,,1.65,1.42
2018-03-08,2738.97,16.54,18.18,2.05,2.25,2.42,2.63,2.79,2.86,3.01,3.13,1.78,1.02,,1.64,1.42
2018-03-09,2786.57,14.64,17.01,2.03,2.27,2.45,2.65,2.82,2.90,3.04,3.16,1.77,1.00,,1.64,1.42
2018-03-12,2783.02,15.78,17.80,2.05,2.27,2.43,2.64,2.79,2.87,3.00,3.13,1.79,1.00,,1.68,1.42
2018-03-13,2765.31,16.35,18.05,2.03,2.26,2.41,2.62,2.77,2.84,2.98,3.10,1.80,1.02,,1.70,1.42
2018-03-14,2749.48,17.23,18.78,2.05,2.26,2.41,2.61,2.75,2.81,2.94,3.05,1.80,1.04,,1.73,1.42
2018-03-15,2747.33,16.59,18.21,2.07,2.29,2.42,2.62,2.76,2.82,2.94,3.05,1.81,1.04,,1.74,1.43
2018-03-16,2752.01,15.80,17.74,2.08,2.31,2.44,2.65,2.78,2.85,2.96,3.08,1.79,1.02,,1.75,1.43
2018-03-19,2712.92,19.02,19.38,2.08,2.31,2.45,2.65,2.78,2.85,2.97,3.09,1.80,1.00,,1.77,1.43
2018-03-20,2716.94,18.20,18.88,2.08,2.34,2.49,2.69,2.82,2.89,3.01,3.12,1.79,0.98,,1.78,1.44
2018-03-21,2711.93,17.86,18.71,2.06,2.31,2.46,2.69,2.82,2.89,3.01,3.12,1.82,1.02,,1.71,1.44
2018-03-22,2643.69,23.34,21.66,2.05,2.29,2.43,2.63,2.76,2.83,2.94,3.06,1.84,1.03,,1.69,1.68
2018-03-23,2588.26,24.87,22.79,2.04,2.28,2.41,2.61,2.74,2.82,2.94,3.06,1.87,1.06,,1.71,1.68
2018-03-26,2658.55,21.03,20.70,2.06,2.33,2.44,2.64,2.78,2.85,2.96,3.08,1.84,1.04,,1.76,1.68
2018-03-27,2612.62,22.50,21.94,2.10,2.26,2.39,2.58,2.70,2.78,2.90,3.03,1.86,1.05,,1.74,1.68
2018-03-28,2605.00,22.87,22.31,2.12,2.28,2.41,2.59,2.72,2.77,2.89,3.01,1.86,1.05,,1.70,1.68
2018-03-29,2640.87,19.97,20.55,2.09,2.27,2.39,2.56,2.68,2.74,2.85,2.97,1.85,1.03,,1.70,1.68
2018-04-02,2581.88,23.62,22.57,2.08,2.25,2.37,2.55,2.67,2.73,2.85,2.97,1.86,1.05,,1.74,1.68
2018-04-03,2614.45,21.10,21.02,2.09,2.28,2.41,2.60,2.73,2.79,2.90,3.02,1.84,1.02,,1.72,1.69
2018-04-04,2644.69,20.06,20.42,2.07,2.28,2.42,2.61,2.73,2.79,2.91,3.03,1.85,1.02,,1.68,1.69
2018-04-05,2662.84,18.94,19.61,2.07,2.30,2.45,2.64,2.76,2.83,2.95,3.07,1.84,1.00,,1.69,1.69
2018-04-06,2604.47,21.49,21.20,2.06,2.27,2.40,2.58,2.70,2.77,2.89,3.01,1.84,1.01,,1.70,1.69
2018-04-09,2613.16,21.77,21.23,2.08,2.29,2.43,2.60,2.72,2.78,2.89,3.02,1.83,0.98,,1.73,1.69
2018-04-10,2656.87,20.47,20.40,2.09,2.32,2.45,2.62,2.74,2.80,2.89,3.02,1.80,0.97,,1.71,1.69
2018-04-11,2642.19,20.24,20.37,2.09,2.32,2.45,2.62,2.72,2.79,2.87,2.99,1.80,0.96,,1.70,1.69
2018-04-12,2663.99,18.49,19.28,2.11,2.34,2.49,2.67,2.78,2.83,2.92,3.05,1.79,0.96,,1.72,1.69
2018-04-13,2656.30,17.41,18.55,2.12,2.37,2.51,2.67,2.77,2.82,2.91,3.03,1.79,0.97,,1.73,1.69
2018-04-16,2677.84,16.56,17.82,2.12,2.39,2.52,2.69,2.78,2.83,2.91,3.03,1.77,0.96,,1.76,1.69
2018-04-17,2706.39,15.25,16.80,2.16,2.41,2.52,2.68,2.77,2.82,2.89,3.00,1.76,0.94,,1.77,1.69
2018-04-18,2708.64,15.60,16.80,2.17,2.42,2.57,2.73,2.83,2.87,2.95,3.06,1.76,0.94,,1.78,1.69
2018-04-19,2693.13,15.96,17.12,2.21,2.44,2.58,2.77,2.87,2.92,3.01,3.11,1.77,0.97,,1.79,1.69
2018-04-20,2670.14,16.88,17.72,2.22,2.46,2.62,2.80,2.91,2.96,3.04,3.14,1.78,0.94,,1.78,1.70
2018-04-23,2670.29,16.34,17.35,2.25,2.49,2.64,2.83,2.94,2.98,3.05,3.15,1.76,0.96,,1.84,1.70
2018-04-24,2634.56,18.02,18.23,2.25,2.48,2.63,2.83,2.95,3.00,3.08,3.18,1.77,0.94,,1.84,1.70
2018-04-25,2639.40,17.84,18.23,2.26,2.49,2.64,2.84,2.97,3.03,3.12,3.21,1.80,0.96,,1.82,1.70
2018-04-26,2666.94,16.24,17.29,2.25,2.49,2.63,2.82,2.95,3.00,3.08,3.18,1.80,0.99,,1.79,1.70
2018-04-27,2669.91,15.41,17.08,2.24,2.49,2.62,2.80,2.92,2.96,3.03,3.13,1.80,0.98,,1.78,1.70
2018-04-30,2648.05,15.93,17.34,2.24,2.49,2.62,2.79,2.91,2.95,3.01,3.11,1.79,1.00,,1.84,1.69
2018-05-01,2654.80,15.49,16.91,2.26,2.50,2.66,2.82,2.93,2.97,3.03,3.13,1.82,1.02,,1.82,1.70
2018-05-02,2635.67,15.97,17.26,2.24,2.49,2.64,2.80,2.92,2.97,3.04,3.14,1.83,1.02,,1.81,1.70
2018-05-03,2629.73,15.90,17.03,2.24,2.49,2.62,2.78,2.90,2.94,3.02,3.12,1.86,1.06,,1.80,1.70
2018-05-04,2663.42,14.77,16.65,2.24,2.51,2.63,2.78,2.90,2.95,3.02,3.12,1.86,1.06,,1.80,1.70
2018-05-07,2672.63,14.75,16.65,2.25,2.49,2.64,2.78,2.90,2.95,3.02,3.12,1.87,1.06,,1.83,1.70
2018-05-08,2671.92,14.71,16.48,2.26,2.51,2.66,2.81,2.93,2.97,3.04,3.13,1.87,1.05,,1.84,1.70
2018-05-09,2697.79,13.42,15.78,2.27,2.54,2.68,2.84,2.96,3.00,3.07,3.16,1.86,1.04,,1.85,1.70
2018-05-10,2723.07,13.23,15.24,2.27,2.54,2.69,2.83,2.94,2.97,3.04,3.12,1.84,1.02,,1.86,1.70
2018-05-11,2727.72,12.65,14.82,2.28,2.54,2.69,2.84,2.94,2.97,3.03,3.10,1.82,1.01,,1.88,1.70
2018-05-14,2730.13,12.93,14.53,2.28,2.55,2.70,2.85,2.96,3.00,3.06,3.13,1.81,0.99,,1.90,1.70
2018-05-15,2711.45,14.63,15.79,2.31,2.58,2.75,2.92,3.04,3.08,3.14,3.20,1.81,0.99,,1.89,1.70
2018-05-16,2722.46,13.42,15.14,2.32,2.58,2.76,2.94,3.05,3.09,3.16,3.21,1.80,0.97,,1.88,1.70
2018-05-17,2720.13,13.43,15.02,2.32,2.57,2.75,2.94,3.07,3.11,3.19,3.25,1.82,0.97,,1.88,1.70
2018-05-18,2712.97,13.42,15.19,2.32,2.55,2.71,2.90,3.02,3.06,3.14,3.20,1.83,0.98,,1.87,1.70
2018-05-21,2733.01,13.08,14.69,2.35,2.58,2.73,2.90,3.02,3.06,3.13,3.20,1.83,0.99,,1.90,1.70
2018-05-22,2724.44,13.22,14.88,2.34,2.59,2.73,2.90,3.02,3.06,3.14,3.21,1.83,0.99,,1.90,1.70
2018-05-23,2733.29,12.58,14.48,2.29,2.53,2.67,2.83,2.95,3.01,3.09,3.17,1.84,1.01,,1.88,1.70
2018-05-24,2727.76,12.53,14.43,2.28,2.50,2.65,2.82,2.93,2.98,3.06,3.13,1.84,1.00,,1.87,1.70
2018-05-25,2721.33,13.22,14.83,2.27,2.48,2.60,2.76,2.88,2.93,3.01,3.09,1.85,1.00,,1.86,1.70
2018-05-29,2689.86,17.02,17.13,2.17,2.32,2.43,2.58,2.71,2.77,2.87,2.96,1.96,1.08,,1.90,1.70
2018-05-30,2724.01,14.94,16.00,2.23,2.42,2.53,2.67,2.79,2.84,2.93,3.01,1.91,1.05,,1.90,1.70
2018-05-31,2705.27,15.43,16.33,2.23,2.40,2.54,2.68,2.78,2.83,2.91,3.00,1.89,1.02,,1.89,1.70
2018-06-01,2734.62,13.46,15.27,2.28,2.47,2.61,2.74,2.85,2.89,2.96,3.04,1.90,1.03,,1.88,1.70
2018-06-04,2746.87,12.74,14.90,2.30,2.52,2.64,2.78,2.89,2.94,3.00,3.08,1.88,1.02,,1.91,1.70
2018-06-05,2748.80,12.40,14.72,2.32,2.49,2.62,2.76,2.87,2.92,2.99,3.07,1.90,1.03,,1.91,1.70
2018-06-06,2772.35,11.64,14.19,2.32,2.52,2.65,2.81,2.93,2.97,3.05,3.13,1.91,1.03,,1.91,1.70
2018-06-07,2770.37,12.13,14.43,2.31,2.50,2.63,2.77,2.88,2.93,3.00,3.08,1.89,1.02,,1.90,1.70
2018-06-08,2779.03,12.18,14.60,2.30,2.50,2.63,2.77,2.88,2.93,3.00,3.08,1.90,1.03,,1.89,1.70
2018-06-11,2782.00,12.35,14.55,2.32,2.52,2.66,2.80,2.91,2.96,3.02,3.10,1.89,1.00,,1.91,1.70
2018-06-12,2786.85,12.34,14.59,2.31,2.54,2.67,2.81,2.91,2.96,3.02,3.09,1.88,1.01,,1.89,1.70
2018-06-13,2775.63,12.94,14.92,2.35,2.59,2.71,2.85,2.95,2.98,3.04,3.10,1.87,1.00,,1.90,1.70
2018-06-14,2782.49,12.12,14.40,2.35,2.59,2.69,2.81,2.90,2.94,2.99,3.05,1.88,0.98,,1.90,1.90
2018-06-15,2779.66,11.98,14.42,2.35,2.55,2.68,2.81,2.89,2.93,2.98,3.05,1.87,0.98,,1.90,1.90
2018-06-18,2773.75,12.31,14.48,2.35,2.56,2.67,2.80,2.89,2.92,2.98,3.05,1.90,1.02,,1.91,1.90
2018-06-19,2762.59,13.35,15.17,2.34,2.54,2.64,2.77,2.84,2.89,2.95,3.02,1.91,1.04,,1.91,1.91
2018-06-20,2767.32,12.79,14.79,2.36,2.56,2.67,2.80,2.89,2.93,2.99,3.06,1.92,1.06,,1.90,1.92
2018-06-21,2749.76,14.64,15.87,2.34,2.56,2.65,2.77,2.86,2.90,2.97,3.04,1.95,1.08,,1.90,1.92
2018-06-22,2754.88,13.77,15.50,2.33,2.56,2.65,2.77,2.86,2.90,2.97,3.04,1.97,1.09,,1.89,1.92
2018-06-25,2717.07,17.33,17.52,2.34,2.54,2.63,2.75,2.83,2.87,2.95,3.02,1.99,1.11,,1.90,1.92
2018-06-26,2723.06,15.92,16.87,2.33,2.53,2.63,2.75,2.84,2.88,2.95,3.03,1.99,1.10,,1.90,1.92
2018-06-27,2699.63,17.91,18.05,2.33,2.52,2.59,2.71,2.79,2.83,2.90,2.97,1.98,1.10,,1.89,1.91
2018-06-28,2716.31,16.85,17.52,2.33,2.52,2.60,2.73,2.81,2.84,2.91,2.97,2.00,1.09,,1.89,1.91
2018-06-29,2718.37,16.09,17.14,2.33,2.52,2.63,2.73,2.81,2.85,2.91,2.98,1.99,1.08,,1.89,1.91
2018-07-02,2726.71,15.60,16.95,2.34,2.57,2.65,2.75,2.83,2.87,2.92,2.99,1.97,1.06,,1.95,1.91
2018-07-03,2713.22,16.14,17.35,2.33,2.53,2.63,2.72,2.79,2.83,2.89,2.96,1.99,1.07,,1.94,1.91
2018-07-05,2736.61,14.97,16.53,2.32,2.55,2.65,2.74,2.80,2.84,2.88,2.95,1.95,1.05,,1.92,1.91
2018-07-06,2759.82,13.37,15.71,2.34,2.53,2.64,2.71,2.78,2.82,2.87,2.94,1.96,1.06,,1.93,1.91
2018-07-09,2784.17,12.69,14.87,2.34,2.57,2.66,2.75,2.82,2.86,2.90,2.96,1.93,0.99,,1.95,1.91
2018-07-10,2793.84,12.64,14.71,2.36,2.59,2.69,2.77,2.83,2.87,2.91,2.97,1.91,0.98,,1.95,1.91
2018-07-11,2774.02,13.63,15.38,2.36,2.58,2.67,2.74,2.82,2.85,2.89,2.95,1.91,0.97,,1.93,1.91
2018-07-12,2798.29,12.58,14.76,2.39,2.60,2.68,2.75,2.83,2.85,2.89,2.95,1.90,0.96,,1.94,1.91
2018-07-13,2801.31,12.18,14.54,2.37,2.59,2.66,2.73,2.80,2.83,2.87,2.94,1.90,0.97,,1.94,1.91
2018-07-16,2798.43,12.83,14.85,2.39,2.59,2.67,2.75,2.82,2.85,2.90,2.96,1.91,0.97,,1.98,1.91
2018-07-17,2809.55,12.06,14.40,2.39,2.62,2.69,2.76,2.83,2.86,2.91,2.97,1.90,0.98,,1.98,1.91
2018-07-18,2815.62,12.10,14.39,2.43,2.60,2.69,2.77,2.84,2.88,2.93,2.99,1.89,0.97,,1.96,1.91
2018-07-19,2804.49,12.87,14.97,2.40,2.60,2.67,2.74,2.81,2.84,2.90,2.96,1.90,0.99,,1.96,1.91
2018-07-20,2801.83,12.86,15.08,2.41,2.60,2.68,2.77,2.85,2.89,2.96,3.03,1.91,1.01,,1.95,1.91
2018-07-23,2806.98,12.62,14.86,2.42,2.64,2.72,2.83,2.92,2.96,3.04,3.10,1.91,1.00,,1.96,1.91
2018-07-24,2820.40,12.41,14.70,2.42,2.63,2.74,2.83,2.91,2.95,3.02,3.08,1.88,0.96,,1.98,1.91
2018-07-25,2846.07,12.29,14.55,2.42,2.66,2.74,2.82,2.90,2.94,3.00,3.06,1.87,0.96,,1.97,1.91
2018-07-26,2837.44,12.14,14.40,2.41,2.69,2.78,2.86,2.95,2.98,3.05,3.10,1.85,0.94,,1.95,1.91
2018-07-27,2818.82,13.03,15.00,2.43,2.67,2.76,2.84,2.92,2.96,3.03,3.09,1.84,0.94,,1.96,1.91
2018-07-30,2802.60,14.26,15.66,2.43,2.66,2.77,2.85,2.94,2.98,3.05,3.11,1.84,0.93,,2.01,1.91
2018-07-31,2816.29,12.83,14.87,2.44,2.67,2.77,2.85,2.92,2.96,3.03,3.08,1.83,0.93,,1.99,1.91
2018-08-01,2813.36,13.15,15.22,2.45,2.67,2.78,2.87,2.96,3.00,3.07,3.13,1.83,0.94,,1.99,1.91
2018-08-02,2827.22,12.19,14.76,2.45,2.66,2.76,2.85,2.93,2.98,3.06,3.12,1.84,0.93,,1.98,1.91
2018-08-03,2840.35,11.64,14.49,2.43,2.63,2.74,2.82,2.91,2.95,3.03,3.09,1.84,0.94,,1.97,1.91
2018-08-06,2850.40,11.27,14.23,2.44,2.64,2.73,2.80,2.89,2.94,3.02,3.08,1.82,0.93,,2.02,1.91
2018-08-07,2858.45,10.93,13.93,2.45,2.68,2.76,2.84,2.92,2.98,3.06,3.12,1.82,0.92,,2.02,1.91
2018-08-08,2857.70,10.85,13.96,2.44,2.68,2.77,2.83,2.92,2.96,3.05,3.12,1.84,0.98,,2.02,1.91
2018-08-09,2853.58,11.27,14.13,2.44,2.64,2.74,2.80,2.89,2.93,3.01,3.08,1.85,0.99,,2.02,1.91
2018-08-10,2833.28,13.16,15.22,2.42,2.61,2.68,2.75,2.82,2.87,2.96,3.03,1.87,0.99,,2.01,1.91
2018-08-13,2821.93,14.78,16.21,2.42,2.61,2.68,2.75,2.82,2.88,2.97,3.05,1.91,1.04,,2.03,1.91
2018-08-14,2839.96,13.31,15.35,2.44,2.63,2.71,2.77,2.84,2.89,2.98,3.06,1.90,1.03,,2.04,1.91
2018-08-15,2818.37,14.64,16.19,2.45,2.61,2.68,2.73,2.81,2.86,2.95,3.03,1.90,1.02,,2.03,1.91
2018-08-16,2840.69,13.45,15.51,2.45,2.63,2.70,2.75,2.82,2.87,2.95,3.03,1.89,1.02,,2.03,1.92
2018-08-17,2850.13,12.64,15.17,2.44,2.61,2.68,2.75,2.82,2.87,2.95,3.03,1.89,1.00,,2.01,1.92
2018-08-20,2857.05,12.49,15.00,2.43,2.60,2.65,2.70,2.77,2.82,2.91,2.99,1.89,1.01,,2.03,1.92
2018-08-21,2862.96,12.86,15.19,2.45,2.61,2.67,2.73,2.80,2.85,2.93,3.00,1.88,1.00,,2.04,1.92
2018-08-22,2861.82,12.25,15.08,2.43,2.60,2.65,2.70,2.77,2.82,2.91,2.99,1.91,1.02,,2.05,1.92
2018-08-23,2856.98,12.41,15.06,2.43,2.61,2.66,2.72,2.78,2.82,2.90,2.97,1.90,1.02,,2.04,1.92
2018-08-24,2874.69,11.99,14.82,2.44,2.63,2.68,2.72,2.78,2.82,2.89,2.97,1.90,1.01,,2.05,1.92
2018-08-27,2896.74,12.16,14.79,2.47,2.67,2.70,2.74,2.81,2.85,2.92,3.00,1.89,1.01,,2.08,1.92
2018-08-28,2897.52,12.50,15.11,2.47,2.67,2.73,2.77,2.84,2.88,2.96,3.03,1.90,1.02,,2.09,1.92
2018-08-29,2914.04,12.25,14.95,2.48,2.67,2.75,2.78,2.85,2.89,2.96,3.02,1.88,0.99,,2.09,1.92
2018-08-30,2901.13,13.53,15.54,2.47,2.64,2.72,2.75,2.82,2.86,2.93,3.00,1.90,1.04,,2.07,1.92
2018-08-31,2901.52,12.86,15.15,2.46,2.62,2.70,2.74,2.81,2.86,2.95,3.02,1.92,1.05,,2.07,1.91
2018-09-04,2896.72,13.16,15.45,2.49,2.66,2.73,2.78,2.85,2.90,2.99,3.07,1.94,1.08,,2.09,1.92
2018-09-05,2888.60,13.91,15.92,2.49,2.66,2.72,2.77,2.85,2.90,3.00,3.08,1.95,1.07,,2.10,1.92
2018-09-06,2878.05,14.65,16.34,2.50,2.64,2.71,2.76,2.83,2.88,2.98,3.06,1.93,1.06,,2.09,1.92
2018-09-07,2871.68,14.88,16.59,2.53,2.71,2.78,2.82,2.89,2.94,3.03,3.11,1.93,1.05,,2.10,1.92
2018-09-10,2877.13,14.16,16.17,2.54,2.73,2.78,2.83,2.89,2.94,3.02,3.09,1.92,1.01,,2.11,1.92
2018-09-11,2887.89,13.22,15.54,2.55,2.76,2.83,2.87,2.94,2.98,3.06,3.13,1.90,0.99,,2.11,1.92
2018-09-12,2888.92,13.14,15.32,2.56,2.74,2.82,2.87,2.93,2.97,3.04,3.11,1.89,0.97,,2.12,1.92
2018-09-13,2904.18,12.37,14.77,2.55,2.76,2.83,2.87,2.93,2.97,3.04,3.11,1.87,0.95,,2.11,1.92
2018-09-14,2904.98,12.07,14.37,2.56,2.78,2.85,2.90,2.96,2.99,3.07,3.13,1.88,0.95,,2.12,1.92
2018-09-17,2888.80,13.68,15.28,2.57,2.78,2.85,2.89,2.96,2.99,3.07,3.13,1.88,0.95,,2.13,1.92
2018-09-18,2904.31,12.79,15.04,2.58,2.81,2.88,2.94,3.01,3.05,3.14,3.20,1.88,0.97,,2.13,1.92
2018-09-19,2907.95,11.75,14.65,2.58,2.81,2.89,2.96,3.04,3.08,3.16,3.23,1.88,0.96,,2.12,1.92
2018-09-20,2930.75,11.80,14.51,2.58,2.81,2.89,2.96,3.03,3.07,3.15,3.21,1.85,0.92,,2.13,1.92
2018-09-21,2929.67,11.68,14.58,2.58,2.81,2.89,2.95,3.03,3.07,3.14,3.20,1.83,0.92,,2.14,1.92
2018-09-24,2919.37,12.20,14.77,2.60,2.83,2.89,2.96,3.04,3.08,3.15,3.21,1.84,0.92,,2.18,1.93
2018-09-25,2915.56,12.42,14.92,2.59,2.83,2.91,2.99,3.06,3.10,3.17,3.23,1.83,0.92,,2.17,1.93
2018-09-26,2905.97,12.89,15.15,2.58,2.83,2.89,2.96,3.02,3.06,3.14,3.19,1.84,0.93,,2.16,1.93
2018-09-27,2914.00,12.41,14.89,2.58,2.83,2.89,2.96,3.02,3.06,3.13,3.19,1.83,0.92,,2.14,2.18
2018-09-28,2913.98,12.12,14.77,2.59,2.81,2.88,2.94,3.01,3.05,3.13,3.19,1.84,0.94,,2.15,2.18
2018-10-01,2924.59,12.00,14.74,2.60,2.82,2.90,2.96,3.04,3.09,3.18,3.24,1.83,0.93,,2.19,2.18
2018-10-02,2923.43,12.05,14.84,2.61,2.82,2.88,2.94,3.01,3.05,3.14,3.20,1.84,0.93,,2.19,2.18
2018-10-03,2925.51,11.61,14.68,2.62,2.85,2.94,3.02,3.10,3.15,3.24,3.30,1.83,0.91,,2.19,2.18
2018-10-04,2901.61,14.22,15.84,2.63,2.87,2.97,3.05,3.14,3.19,3.29,3.35,1.84,0.92,,2.18,2.18
2018-10-05,2885.57,14.82,16.25,2.64,2.88,2.99,3.07,3.18,3.23,3.34,3.40,1.85,0.94,,2.18,2.18
2018-10-08,2884.43,15.69,16.51,,,,,,,,,,,,,2.18
2018-10-09,2880.34,15.95,16.63,2.65,2.88,2.98,3.05,3.15,3.21,3.30,3.37,1.84,0.93,,2.21,2.18
2018-10-10,2785.68,22.96,20.70,2.67,2.88,2.97,3.05,3.15,3.22,3.33,3.39,1.86,0.94,,2.23,2.18
2018-10-11,2728.37,24.98,21.56,2.66,2.85,2.94,3.00,3.09,3.14,3.25,3.32,1.88,0.95,,2.22,2.18
2018-10-12,2767.13,21.31,19.84,2.66,2.85,2.93,3.00,3.09,3.15,3.25,3.32,1.88,0.97,,2.23,2.18
2018-10-15,2750.79,21.30,20.29,2.67,2.85,2.94,3.01,3.10,3.16,3.27,3.34,1.89,0.98,,2.27,2.18
2018-10-16,2809.92,17.62,17.96,2.66,2.87,2.95,3.02,3.10,3.16,3.26,3.32,1.88,0.93,,2.26,2.18
2018-10-17,2809.21,17.40,18.10,2.66,2.89,2.97,3.04,3.13,3.19,3.29,3.35,1.88,0.94,,2.27,2.19
2018-10-18,2768.78,20.06,19.86,2.67,2.87,2.95,3.03,3.11,3.17,3.28,3.36,1.92,0.99,,2.27,2.19
2018-10-19,2767.78,19.89,19.84,2.67,2.92,2.99,3.05,3.14,3.20,3.31,3.38,1.92,0.98,,2.26,2.19
2018-10-22,2755.88,19.64,19.82,2.68,2.92,2.99,3.05,3.13,3.20,3.31,3.38,1.92,0.99,,2.30,2.19
2018-10-23,2740.69,20.71,20.28,2.67,2.89,2.95,3.01,3.10,3.17,3.29,3.37,1.96,1.02,,2.29,2.20
2018-10-24,2656.10,25.23,22.62,2.64,2.84,2.89,2.94,3.02,3.10,3.24,3.33,1.99,1.06,,2.29,2.20
2018-10-25,2705.57,24.22,22.44,2.66,2.86,2.92,2.98,3.07,3.14,3.27,3.35,1.98,1.06,,2.29,2.20
2018-10-26,2658.69,24.16,22.48,2.63,2.81,2.85,2.91,3.00,3.08,3.23,3.32,2.02,1.10,,2.28,2.20
2018-10-29,2641.25,24.70,23.06,2.64,2.81,2.86,2.91,3.00,3.08,3.23,3.33,2.02,1.10,,2.30,2.20
2018-10-30,2682.63,23.35,22.23,2.66,2.84,2.90,2.94,3.03,3.12,3.26,3.36,2.03,1.11,,2.29,2.20
2018-10-31,2711.74,21.23,21.15,2.69,2.87,2.93,2.98,3.07,3.15,3.30,3.39,2.03,1.12,,2.29,2.20
2018-11-01,2740.37,19.34,20.07,2.67,2.84,2.91,2.96,3.06,3.14,3.29,3.38,2.04,1.14,,2.27,2.20
2018-11-02,2723.06,19.51,20.30,2.70,2.91,2.98,3.04,3.13,3.22,3.37,3.46,2.02,1.05,,2.28,2.19
2018-11-05,2738.31,19.96,20.20,2.71,2.91,2.99,3.03,3.12,3.20,3.34,3.43,2.02,1.05,,2.32,2.20
2018-11-06,2755.45,19.91,19.58,2.72,2.93,3.01,3.05,3.14,3.22,3.35,3.43,1.98,1.02,,2.31,2.20
2018-11-07,2813.89,16.36,17.62,2.74,2.96,3.03,3.07,3.15,3.22,3.35,3.43,1.96,1.01,,2.32,2.20
2018-11-08,2806.83,16.72,17.68,2.74,2.98,3.05,3.09,3.17,3.24,3.36,3.43,1.96,0.96,,2.30,2.20
2018-11-09,2781.01,17.36,18.46,2.73,2.94,3.01,3.05,3.13,3.19,3.32,3.40,1.98,0.97,,2.31,2.19
2018-11-12,2726.22,20.45,20.23,,,,,,,,,,,,,2.19
2018-11-13,2722.18,20.02,20.27,2.72,2.89,2.95,2.99,3.07,3.14,3.28,3.36,2.04,1.07,,2.34,2.20
2018-11-14,2701.58,21.25,21.22,2.71,2.86,2.92,2.95,3.04,3.12,3.26,3.35,2.09,1.09,,2.33,2.20
2018-11-15,2730.20,19.98,20.31,2.70,2.86,2.91,2.94,3.02,3.11,3.27,3.36,2.13,1.14,,2.32,2.20
2018-11-16,2736.27,18.14,19.35,2.68,2.81,2.85,2.90,2.99,3.08,3.23,3.33,2.13,1.13,,2.31,2.20
2018-11-19,2690.73,20.10,20.64,2.66,2.79,2.82,2.87,2.97,3.06,3.22,3.32,2.16,1.15,,2.34,2.20
2018-11-20,2641.89,22.48,22.27,2.67,2.79,2.83,2.88,2.97,3.06,3.22,3.31,2.17,1.16,,2.34,2.20
2018-11-21,2649.93,20.80,21.32,2.67,2.81,2.84,2.89,2.98,3.06,3.22,3.31,2.17,1.13,,2.36,2.20
2018-11-23,2632.56,21.52,21.75,2.67,2.81,2.83,2.88,2.97,3.05,3.21,3.31,2.18,1.13,,2.36,2.20
2018-11-26,2673.45,18.90,20.11,2.70,2.84,2.86,2.90,2.98,3.07,3.22,3.32,2.16,1.11,,2.37,2.20
2018-11-27,2682.17,19.02,19.94,2.70,2.83,2.86,2.89,2.98,3.06,3.22,3.32,2.20,1.12,,2.36,2.20
2018-11-28,2743.79,18.49,19.28,2.69,2.81,2.84,2.87,2.97,3.06,3.23,3.34,2.22,1.17,,2.35,2.20
2018-11-29,2737.76,18.79,19.59,2.69,2.81,2.83,2.85,2.94,3.03,3.21,3.33,2.26,1.18,,2.32,2.20
2018-11-30,2760.17,18.07,18.89,2.70,2.80,2.83,2.84,2.92,3.01,3.19,3.30,2.27,1.21,,2.32,2.20
2018-12-03,2790.37,16.44,17.95,2.72,2.83,2.84,2.83,2.90,2.98,3.15,3.27,2.26,1.19,,2.34,2.19
2018-12-04,2700.06,20.74,20.75,2.71,2.80,2.81,2.79,2.84,2.91,3.05,3.16,2.25,1.18,,2.38,2.20
2018-12-06,2695.95,21.19,21.06,2.70,2.75,2.76,2.75,2.80,2.87,3.01,3.14,2.29,1.21,,2.36,2.20
2018-12-07,2633.08,23.23,22.44,2.68,2.72,2.72,2.70,2.77,2.85,3.01,3.14,2.31,1.21,,2.35,2.19
2018-12-10,2637.72,22.64,22.01,2.69,2.72,2.73,2.71,2.77,2.85,3.00,3.13,2.31,1.23,,2.37,2.20
2018-12-11,2636.78,21.76,21.72,2.70,2.78,2.78,2.75,2.81,2.89,3.02,3.13,2.26,1.14,,2.37,2.19
2018-12-12,2651.07,21.46,21.59,2.70,2.77,2.78,2.77,2.84,2.91,3.04,3.15,2.24,1.10,,2.39,2.19
2018-12-13,2650.54,20.65,21.35,2.69,2.75,2.76,2.75,2.83,2.91,3.05,3.16,2.25,1.10,,2.38,2.19
2018-12-14,2599.95,21.63,21.96,2.68,2.73,2.72,2.73,2.81,2.89,3.03,3.14,2.25,1.13,,2.37,2.19
2018-12-17,2545.94,24.52,23.41,2.66,2.70,2.68,2.69,2.77,2.86,3.00,3.11,2.25,1.13,,2.36,2.20
2018-12-18,2546.16,25.58,23.90,2.64,2.65,2.64,2.65,2.74,2.82,2.96,3.07,2.26,1.13,,2.34,2.20
2018-12-19,2506.96,25.58,24.02,2.62,2.63,2.61,2.62,2.69,2.77,2.89,3.00,2.27,1.12,,2.35,2.20
2018-12-20,2467.42,28.38,25.24,2.64,2.67,2.65,2.65,2.72,2.79,2.92,3.02,2.28,1.16,,2.34,2.40
2018-12-21,2416.62,30.11,26.23,2.62,2.63,2.61,2.64,2.72,2.79,2.92,3.03,2.31,1.18,,2.34,2.40
2018-12-24,2351.10,36.07,28.84,2.61,2.55,2.56,2.58,2.66,2.74,2.88,3.00,2.35,1.22,,2.41,2.40
2018-12-26,2467.70,30.41,25.69,2.61,2.61,2.60,2.67,2.74,2.81,2.94,3.06,2.33,1.20,,2.39,2.40
2018-12-27,2488.83,29.96,25.89,2.58,2.56,2.55,2.60,2.68,2.77,2.92,3.05,2.36,1.24,,2.36,2.40
2018-12-28,2485.74,28.34,25.32,2.57,2.52,2.50,2.56,2.63,2.72,2.89,3.04,2.44,1.30,,2.35,2.40
2018-12-31,2506.85,25.42,23.73,2.63,2.48,2.46,2.51,2.59,2.69,2.87,3.02,2.45,1.30,,2.40,2.40
2019-01-02,2510.03,23.22,22.75,2.60,2.50,2.47,2.49,2.56,2.66,2.83,2.97,2.45,1.29,,2.37,2.40
2019-01-03,2447.89,25.45,24.11,2.50,2.39,2.35,2.37,2.44,2.56,2.75,2.92,2.48,1.35,,2.36,2.40
2019-01-04,2531.94,21.38,21.86,2.57,2.50,2.47,2.49,2.56,2.67,2.83,2.98,2.45,1.31,,2.37,2.40
2019-01-07,2549.69,21.40,21.62,2.58,2.53,2.51,2.53,2.60,2.70,2.86,2.99,2.42,1.26,,2.41,2.40
2019-01-08,2574.41,20.47,21.14,2.60,2.58,2.57,2.58,2.63,2.73,2.88,3.00,2.39,1.24,,2.41,2.40
2019-01-09,2584.96,19.98,20.69,2.59,2.56,2.54,2.57,2.64,2.74,2.90,3.03,2.39,1.22,,2.40,2.40
2019-01-10,2596.64,19.50,20.52,2.59,2.56,2.54,2.56,2.63,2.74,2.92,3.06,2.42,1.24,,2.38,2.40
2019-01-11,2596.26,18.19,19.74,2.58,2.55,2.51,2.52,2.60,2.71,2.90,3.04,2.42,1.25,,2.38,2.40
2019-01-14,2582.61,19.07,19.93,2.57,2.53,2.51,2.53,2.60,2.71,2.91,3.06,2.46,1.29,,2.40,2.40
2019-01-15,2610.30,18.60,19.24,2.57,2.53,2.51,2.53,2.61,2.72,2.92,3.08,2.46,1.27,,2.40,2.40
2019-01-16,2616.10,19.04,19.53,2.57,2.55,2.53,2.54,2.62,2.73,2.92,3.07,2.45,1.27,,2.38,2.40
2019-01-17,2635.96,18.06,19.17,2.57,2.56,2.55,2.58,2.66,2.75,2.93,3.07,2.43,1.25,,2.37,2.40
2019-01-18,2670.71,17.80,18.84,2.60,2.62,2.60,2.62,2.70,2.79,2.95,3.09,2.38,1.17,,2.36,2.40
2019-01-22,2632.90,20.80,20.69,2.59,2.58,2.55,2.57,2.65,2.74,2.91,3.06,2.38,1.18,,2.38,2.40
2019-01-23,2638.70,19.52,20.08,2.59,2.58,2.57,2.59,2.66,2.76,2.93,3.07,2.37,1.13,,2.36,2.40
2019-01-24,2642.33,18.89,19.67,2.58,2.56,2.54,2.55,2.62,2.72,2.89,3.04,2.37,1.14,,2.32,2.40
2019-01-25,2664.76,17.42,18.82,2.60,2.60,2.58,2.59,2.66,2.76,2.92,3.06,2.34,1.10,,2.34,2.40
2019-01-28,2643.85,18.87,19.58,2.60,2.60,2.58,2.58,2.65,2.75,2.92,3.06,2.36,1.12,,2.37,2.40
2019-01-29,2640.00,19.13,19.60,2.60,2.56,2.54,2.55,2.61,2.72,2.90,3.04,2.36,1.13,,2.37,2.40
2019-01-30,2681.05,17.66,18.68,2.57,2.52,2.49,2.49,2.58,2.70,2.90,3.06,2.37,1.15,,2.37,2.40
2019-01-31,2704.10,16.57,17.88,2.55,2.45,2.43,2.43,2.51,2.63,2.83,2.99,2.38,1.16,,2.36,2.40
2019-02-01,2706.53,16.14,17.59,2.56,2.52,2.50,2.51,2.59,2.70,2.88,3.03,2.31,1.11,,2.35,2.40
2019-02-04,2724.87,15.73,17.19,2.57,2.53,2.52,2.53,2.62,2.73,2.92,3.06,2.30,1.10,,2.37,2.40
2019-02-05,2737.70,15.57,17.07,2.56,2.53,2.50,2.51,2.60,2.71,2.89,3.03,2.27,1.08,,2.37,2.40
2019-02-06,2731.61,15.38,16.90,2.56,2.52,2.50,2.50,2.59,2.70,2.88,3.03,2.28,1.08,,2.37,2.40
2019-02-07,2706.05,16.37,17.52,2.55,2.48,2.46,2.46,2.54,2.65,2.85,3.00,2.31,1.10,,2.37,2.40
2019-02-08,2707.88,15.72,17.26,2.54,2.45,2.43,2.44,2.53,2.63,2.82,2.97,2.30,1.14,,2.38,2.40
2019-02-11,2709.80,15.97,17.22,2.55,2.48,2.47,2.47,2.56,2.65,2.85,3.00,2.30,1.11,,2.40,2.40
2019-02-12,2744.73,15.43,16.82,2.55,2.50,2.48,2.49,2.58,2.68,2.87,3.02,2.30,1.12,,2.38,2.40
2019-02-13,2753.03,15.65,16.96,2.55,2.53,2.52,2.53,2.61,2.71,2.89,3.04,2.27,1.07,,2.39,2.40
2019-02-14,2745.73,16.22,17.32,2.53,2.50,2.48,2.48,2.56,2.66,2.85,3.01,2.30,1.11,,2.38,2.40
2019-02-15,2775.60,14.91,16.48,2.55,2.52,2.50,2.49,2.57,2.66,2.84,3.00,2.28,1.10,,2.38,2.40
2019-02-19,2779.76,14.88,16.45,2.54,2.50,2.47,2.47,2.55,2.65,2.84,2.99,2.28,1.09,,2.41,2.40
2019-02-20,2784.70,14.02,15.82,2.54,2.50,2.47,2.47,2.55,2.65,2.84,3.00,2.23,1.11,,2.40,2.40
2019-02-21,2774.88,14.46,16.16,2.55,2.53,2.49,2.51,2.59,2.69,2.89,3.05,2.23,1.12,,2.40,2.40
2019-02-22,2792.67,13.51,15.46,2.55,2.48,2.46,2.47,2.55,2.65,2.86,3.02,2.25,1.16,,2.41,2.40
2019-02-25,2796.11,14.85,16.00,2.56,2.51,2.48,2.48,2.57,2.67,2.87,3.03,2.23,1.13,,2.42,2.40
2019-02-26,2793.90,15.17,16.30,2.55,2.48,2.44,2.45,2.54,2.64,2.84,3.01,2.24,1.14,,2.40,2.40
2019-02-27,2792.38,14.70,15.99,2.54,2.50,2.48,2.49,2.59,2.69,2.91,3.07,2.25,1.16,,2.40,2.40
2019-02-28,2784.49,14.78,16.10,2.54,2.52,2.50,2.52,2.63,2.73,2.94,3.09,2.22,1.13,,2.40,2.40
2019-03-01,2803.69,13.57,15.38,2.55,2.55,2.54,2.56,2.67,2.76,2.97,3.13,2.22,1.14,,2.39,2.40
2019-03-04,2792.81,14.63,16.03,2.54,2.55,2.52,2.53,2.63,2.72,2.93,3.09,2.22,1.15,,2.41,2.40
2019-03-05,2789.65,14.74,16.15,2.54,2.55,2.52,2.53,2.63,2.72,2.93,3.08,2.22,1.15,,2.41,2.40
2019-03-06,2771.45,15.74,16.74,2.54,2.52,2.49,2.49,2.59,2.69,2.90,3.06,2.25,1.17,,2.41,2.40
2019-03-07,2748.93,16.59,17.30,2.52,2.47,2.44,2.44,2.54,2.64,2.86,3.03,2.25,1.18,,2.40,2.40
2019-03-08,2743.07,16.05,17.11,2.53,2.45,2.43,2.42,2.51,2.62,2.83,3.00,2.27,1.20,,2.41,2.40
2019-03-11,2783.30,14.33,16.01,2.53,2.47,2.45,2.44,2.53,2.64,2.86,3.03,2.27,1.21,,2.41,2.40
2019-03-12,2791.52,13.77,15.65,2.52,2.45,2.41,2.41,2.50,2.61,2.82,3.00,2.25,1.19,,2.41,2.40
2019-03-13,2810.92,13.41,15.33,2.53,2.45,2.41,2.42,2.51,2.61,2.82,3.02,2.26,1.19,,2.40,2.40
2019-03-14,2808.48,13.50,15.30,2.52,2.46,2.42,2.43,2.53,2.63,2.86,3.04,2.27,1.21,,2.40,2.40
2019-03-15,2822.48,12.88,14.98,2.52,2.43,2.39,2.40,2.49,2.59,2.83,3.02,2.28,1.23,,2.40,2.40
2019-03-18,2832.94,13.10,15.24,2.52,2.45,2.41,2.42,2.51,2.60,2.83,3.01,2.27,1.22,,2.39,2.40
2019-03-19,2832.57,13.56,15.56,2.50,2.46,2.42,2.42,2.51,2.61,2.84,3.02,2.27,1.21,,2.41,2.40
2019-03-20,2824.23,13.91,15.79,2.47,2.40,2.34,2.34,2.44,2.54,2.79,2.98,2.29,1.24,,2.42,2.41
2019-03-21,2854.88,13.63,15.51,2.48,2.41,2.34,2.34,2.44,2.54,2.78,2.96,2.28,1.21,,2.43,2.41
2019-03-22,2800.71,16.48,17.37,2.45,2.31,2.24,2.24,2.34,2.44,2.69,2.88,2.30,1.23,,2.41,2.41
2019-03-25,2798.36,16.33,17.45,2.41,2.26,2.19,2.21,2.32,2.43,2.68,2.87,2.28,1.24,,2.41,2.40
2019-03-26,2818.46,14.68,16.45,2.44,2.24,2.18,2.18,2.29,2.41,2.67,2.86,2.30,1.23,,2.41,2.40
2019-03-27,2805.37,15.15,16.78,2.40,2.22,2.16,2.18,2.28,2.39,2.63,2.83,2.28,1.23,,2.39,2.41
2019-03-28,2815.44,14.43,16.30,2.40,2.23,2.18,2.20,2.29,2.39,2.62,2.81,2.27,1.22,,2.38,2.41
2019-03-29,2834.40,13.71,15.80,2.40,2.27,2.21,2.23,2.31,2.41,2.63,2.81,2.26,1.21,,2.35,2.43
2019-04-01,2867.19,13.40,15.46,2.41,2.33,2.29,2.31,2.40,2.49,2.71,2.89,2.24,1.19,,2.38,2.41
2019-04-02,2867.24,13.36,15.54,2.41,2.30,2.26,2.28,2.38,2.48,2.70,2.88,2.24,1.18,,2.37,2.41
2019-04-03,2873.40,13.74,15.63,2.41,2.33,2.29,2.32,2.42,2.52,2.75,2.93,2.23,1.17,,2.39,2.41
2019-04-04,2879.39,13.58,15.48,2.41,2.33,2.29,2.32,2.41,2.51,2.74,2.92,2.22,1.19,,2.39,2.41
2019-04-05,2892.74,12.82,15.06,2.43,2.35,2.30,2.31,2.40,2.50,2.72,2.91,2.22,1.17,,2.39,2.41
2019-04-08,2895.77,13.18,15.28,2.43,2.36,2.31,2.33,2.42,2.52,2.74,2.93,2.21,1.17,,2.38,2.41
2019-04-09,2878.20,14.28,15.99,2.42,2.35,2.31,2.31,2.40,2.51,2.73,2.92,2.19,1.16,,2.37,2.41
2019-04-10,2888.21,13.30,15.38,2.41,2.31,2.27,2.28,2.37,2.48,2.71,2.90,2.21,1.17,,2.38,2.41
2019-04-11,2888.32,13.02,15.25,2.44,2.35,2.30,2.31,2.40,2.51,2.74,2.94,2.20,1.17,,2.38,2.41
2019-04-12,2907.41,12.01,14.46,2.44,2.40,2.36,2.38,2.47,2.56,2.78,2.97,2.15,1.15,,2.39,2.41
2019-04-15,2905.58,12.32,14.53,2.43,2.40,2.36,2.37,2.46,2.55,2.77,2.96,2.15,1.13,,2.38,2.41
2019-04-16,2907.06,12.18,14.47,2.45,2.41,2.38,2.41,2.50,2.60,2.81,2.99,2.12,1.13,,2.38,2.41
2019-04-17,2900.45,12.60,14.82,2.44,2.40,2.37,2.40,2.49,2.59,2.81,2.99,2.13,1.13,,2.39,2.42
2019-04-18,2905.03,12.09,14.57,2.44,2.38,2.36,2.38,2.46,2.57,2.78,2.96,2.12,1.12,,2.37,2.43
2019-04-22,2907.97,12.42,14.72,2.46,2.38,2.36,2.39,2.49,2.59,2.82,2.99,2.14,1.16,,2.39,2.44
2019-04-23,2933.68,12.28,14.54,2.43,2.36,2.34,2.36,2.46,2.57,2.81,2.98,2.14,1.16,,2.40,2.44
2019-04-24,2927.25,13.14,15.04,2.42,2.32,2.28,2.32,2.41,2.53,2.76,2.94,2.14,1.16,,2.39,2.44
2019-04-25,2926.17,13.25,15.21,2.42,2.33,2.29,2.33,2.42,2.54,2.76,2.94,2.14,1.15,,2.38,2.44
2019-04-26,2939.88,12.73,14.89,2.41,2.28,2.25,2.29,2.39,2.51,2.74,2.92,2.13,1.18,,2.37,2.44
2019-04-29,2943.03,13.11,15.23,2.42,2.30,2.27,2.32,2.42,2.54,2.78,2.96,2.13,1.17,,2.39,2.45
2019-04-30,2945.83,13.12,15.23,2.39,2.27,2.24,2.28,2.39,2.51,2.75,2.93,2.14,1.20,,2.38,2.45
2019-05-01,2923.73,14.80,16.19,2.39,2.31,2.28,2.31,2.41,2.52,2.74,2.92,2.11,1.16,,2.38,2.45
2019-05-02,2917.52,14.42,16.03,2.41,2.35,2.32,2.34,2.44,2.55,2.77,2.94,2.12,1.21,,2.41,2.41
2019-05-03,2945.64,12.87,15.07,2.41,2.33,2.30,2.33,2.43,2.54,2.75,2.93,2.11,1.19,,2.38,2.40
2019-05-06,2932.47,15.44,16.40,2.39,2.31,2.27,2.30,2.40,2.51,2.73,2.91,2.14,1.21,,2.39,2.40
2019-05-07,2884.05,19.32,18.78,2.37,2.28,2.24,2.25,2.35,2.45,2.68,2.86,2.17,1.25,,2.38,2.40
2019-05-08,2879.42,19.40,18.75,2.37,2.30,2.26,2.28,2.38,2.49,2.71,2.89,2.17,1.21,,2.38,2.39
2019-05-09,2870.72,19.10,18.44,2.36,2.26,2.22,2.25,2.34,2.45,2.69,2.87,2.21,1.28,,2.38,2.38
2019-05-10,2881.40,16.04,16.90,2.36,2.26,2.23,2.26,2.37,2.47,2.70,2.89,2.20,1.25,,2.38,2.38
2019-05-13,2811.87,20.55,19.79,2.32,2.18,2.15,2.18,2.28,2.40,2.65,2.83,2.25,1.31,,2.36,2.38
2019-05-14,2834.41,18.06,18.29,2.32,2.20,2.17,2.20,2.30,2.42,2.67,2.86,2.24,1.29,,2.36,2.38
2019-05-15,2850.96,16.44,17.49,2.30,2.16,2.12,2.15,2.25,2.37,2.63,2.82,2.26,1.32,,2.37,2.40
2019-05-16,2876.32,15.29,16.74,2.33,2.20,2.15,2.18,2.28,2.40,2.65,2.84,2.24,1.28,,2.35,2.39
2019-05-17,2859.53,15.96,17.06,2.33,2.20,2.15,2.17,2.27,2.39,2.63,2.82,2.24,1.29,,2.34,2.39
2019-05-20,2840.23,16.31,17.29,2.34,2.21,2.17,2.21,2.30,2.41,2.65,2.83,2.24,1.29,,2.34,2.39
2019-05-21,2864.36,14.95,16.42,2.36,2.26,2.20,2.23,2.33,2.43,2.67,2.84,2.23,1.27,,2.34,2.39
2019-05-22,2856.27,14.75,16.42,2.37,2.23,2.17,2.19,2.28,2.39,2.64,2.82,2.26,1.29,,2.33,2.38
2019-05-23,2822.24,16.92,17.69,2.32,2.12,2.08,2.11,2.20,2.31,2.56,2.75,2.28,1.33,,2.32,2.38
2019-05-24,2826.06,15.85,17.09,2.33,2.16,2.10,2.12,2.22,2.32,2.57,2.75,2.31,1.32,,2.30,2.38
2019-05-28,2802.39,17.50,17.90,2.31,2.12,2.06,2.06,2.16,2.26,2.52,2.70,2.32,1.35,,2.32,2.39
2019-05-29,2783.02,17.90,18.24,2.30,2.09,2.04,2.05,2.16,2.25,2.50,2.69,2.33,1.34,,2.32,2.39
2019-05-30,2788.86,17.30,17.96,2.29,2.06,2.00,2.03,2.12,2.22,2.46,2.65,2.33,1.33,,2.33,2.39
2019-05-31,2752.06,18.71,18.83,2.21,1.95,1.90,1.93,2.03,2.14,2.39,2.58,2.37,1.37,,2.30,2.40
2019-06-03,2744.45,18.86,18.77,2.11,1.82,1.79,1.83,1.95,2.07,2.34,2.53,2.42,1.43,,2.30,2.38
2019-06-04,2803.27,16.97,17.59,2.11,1.88,1.84,1.89,2.01,2.12,2.41,2.60,2.42,1.40,,2.30,2.38
2019-06-05,2826.15,16.09,17.13,2.04,1.83,1.81,1.86,2.00,2.12,2.42,2.63,2.45,1.42,,2.30,2.38
2019-06-06,2843.49,15.93,16.92,2.02,1.88,1.85,1.88,2.01,2.12,2.42,2.62,2.44,1.41,,2.28,2.37
2019-06-07,2873.34,16.30,17.15,1.97,1.85,1.82,1.85,1.97,2.09,2.36,2.57,2.42,1.39,,2.23,2.37
2019-06-10,2886.73,15.94,16.88,2.03,1.90,1.87,1.91,2.03,2.15,2.42,2.62,2.39,1.34,,2.24,2.37
2019-06-11,2885.72,15.99,16.99,2.05,1.93,1.87,1.92,2.03,2.15,2.42,2.62,2.38,1.34,,2.22,2.37
2019-06-12,2879.84,15.91,17.05,2.02,1.88,1.83,1.88,2.00,2.13,2.41,2.62,2.41,1.38,,2.19,2.37
2019-06-13,2891.64,15.82,16.86,2.00,1.83,1.78,1.84,1.96,2.10,2.39,2.61,2.42,1.38,,2.14,2.37
2019-06-14,2886.98,15.28,16.60,2.00,1.84,1.79,1.85,1.96,2.09,2.38,2.59,2.42,1.40,,2.15,2.36
2019-06-17,2889.67,15.35,16.61,2.03,1.86,1.80,1.85,1.96,2.09,2.37,2.58,2.41,1.36,,2.18,2.38
2019-06-18,2917.75,15.15,16.50,2.04,1.86,1.80,1.83,1.93,2.06,2.34,2.55,2.40,1.34,,2.17,2.37
2019-06-19,2926.46,14.33,16.10,1.96,1.74,1.70,1.77,1.89,2.03,2.32,2.54,2.41,1.36,,2.13,2.37
2019-06-20,2954.18,14.75,16.14,1.91,1.72,1.69,1.74,1.87,2.01,2.31,2.53,2.38,1.32,,2.09,2.37
2019-06-21,2950.46,15.40,16.67,1.95,1.77,1.74,1.80,1.93,2.07,2.37,2.59,2.35,1.29,,2.07,2.38
2019-06-24,2945.35,15.26,16.47,1.92,1.72,1.69,1.75,1.88,2.02,2.33,2.55,2.33,1.28,,2.08,2.38
2019-06-25,2917.38,16.28,17.12,1.93,1.71,1.67,1.73,1.86,2.00,2.31,2.53,2.34,1.32,,2.07,2.38
2019-06-26,2913.78,16.21,17.05,1.96,1.77,1.74,1.80,1.92,2.05,2.35,2.57,2.32,1.27,,2.10,2.38
2019-06-27,2924.92,15.82,16.76,1.93,1.74,1.71,1.76,1.88,2.01,2.31,2.52,2.31,1.26,,2.09,2.38
2019-06-28,2941.76,15.08,16.06,1.92,1.75,1.71,1.76,1.87,2.00,2.31,2.52,2.31,1.25,,2.08,2.40
2019-07-01,2964.33,14.06,15.43,1.94,1.78,1.74,1.79,1.90,2.03,2.34,2.55,2.29,1.24,,2.16,2.39
2019-07-02,2973.01,12.93,14.72,1.91,1.77,1.71,1.75,1.85,1.98,2.29,2.51,2.29,1.25,,2.15,2.40
2019-07-03,2995.82,12.57,14.53,1.91,1.77,1.71,1.74,1.83,1.96,2.25,2.47,2.26,1.22,,2.16,2.41
2019-07-05,2990.41,13.28,14.98,1.98,1.87,1.82,1.84,1.93,2.04,2.34,2.54,2.26,1.22,,2.18,2.42
2019-07-08,2975.95,13.96,15.48,1.99,1.88,1.84,1.86,1.94,2.05,2.32,2.53,2.23,1.19,,2.21,2.41
2019-07-09,2979.63,14.09,15.57,2.00,1.92,1.88,1.88,1.96,2.07,2.34,2.54,2.22,1.19,,2.21,2.41
2019-07-10,2993.07,13.03,15.19,1.93,1.82,1.79,1.82,1.93,2.07,2.36,2.57,2.25,1.23,,2.15,2.41
2019-07-11,2999.91,12.93,14.98,1.97,1.85,1.84,1.88,1.99,2.13,2.42,2.65,2.25,1.24,,2.12,2.40
2019-07-12,3013.77,12.39,14.80,1.96,1.84,1.81,1.86,1.98,2.12,2.42,2.64,2.25,1.22,,2.10,2.38
2019-07-15,3014.30,12.68,15.04,1.95,1.83,1.80,1.84,1.96,2.09,2.39,2.61,2.25,1.26,,2.11,2.40
2019-07-16,3004.04,12.86,15.22,2.00,1.87,1.84,1.88,2.00,2.13,2.42,2.63,2.23,1.24,,2.10,2.41
2019-07-17,2984.42,13.97,15.82,1.95,1.83,1.80,1.83,1.94,2.06,2.35,2.57,2.24,1.24,,2.09,2.41
2019-07-18,2995.11,13.53,15.54,1.90,1.77,1.74,1.78,1.89,2.04,2.34,2.56,2.27,1.27,,2.01,2.41
2019-07-19,2976.61,14.45,15.93,1.94,1.80,1.77,1.80,1.91,2.05,2.35,2.57,2.26,1.26,,2.02,2.41
2019-07-22,2985.03,13.53,15.47,1.95,1.80,1.77,1.80,1.92,2.05,2.36,2.58,2.24,1.25,,2.04,2.40
2019-07-23,3005.47,12.61,14.93,1.97,1.83,1.79,1.83,1.94,2.08,2.38,2.61,2.23,1.23,,2.02,2.40
2019-07-24,3019.56,12.07,14.56,1.98,1.83,1.79,1.82,1.93,2.05,2.36,2.58,2.15,1.24,,2.05,2.40
2019-07-25,3003.67,12.74,15.05,1.99,1.86,1.83,1.85,1.95,2.08,2.38,2.60,2.14,1.23,,2.06,2.40
2019-07-26,3025.86,12.16,14.69,2.00,1.86,1.83,1.85,1.95,2.08,2.38,2.59,2.13,1.23,,2.08,2.40
2019-07-29,3020.97,12.83,15.00,1.98,1.85,1.81,1.84,1.93,2.06,2.37,2.59,2.13,1.23,,2.07,2.40
2019-07-30,3013.18,13.94,15.70,1.97,1.85,1.82,1.84,1.93,2.06,2.36,2.58,2.14,1.23,,2.04,2.39
2019-07-31,2980.38,16.12,16.91,2.00,1.89,1.84,1.84,1.92,2.02,2.31,2.53,2.13,1.24,,2.04,2.40
2019-08-01,2953.56,17.87,17.99,1.88,1.73,1.67,1.68,1.77,1.90,2.21,2.44,2.17,1.29,,2.03,2.14
2019-08-02,2932.05,17.61,17.89,1.85,1.72,1.67,1.66,1.75,1.86,2.16,2.39,2.18,1.31,,2.02,2.14
2019-08-05,2844.74,24.59,21.90,1.78,1.59,1.55,1.55,1.63,1.75,2.07,2.30,2.24,1.40,,2.00,2.13
2019-08-06,2881.77,20.17,19.69,1.80,1.60,1.54,1.53,1.62,1.73,2.03,2.25,2.25,1.42,,2.01,2.13
2019-08-07,2883.98,19.49,19.50,1.75,1.59,1.51,1.52,1.60,1.71,2.01,2.22,2.23,1.38,,1.98,2.12
2019-08-08,2938.09,16.91,17.86,1.79,1.62,1.54,1.54,1.62,1.72,2.02,2.25,2.25,1.37,,1.98,2.12
2019-08-09,2918.65,17.97,18.56,1.78,1.63,1.58,1.57,1.65,1.74,2.03,2.26,2.23,1.35,,1.96,2.12
2019-08-12,2883.75,21.09,20.50,1.75,1.58,1.51,1.49,1.56,1.65,1.92,2.14,2.23,1.36,,1.96,2.12
2019-08-13,2926.32,17.52,18.53,1.86,1.66,1.60,1.57,1.62,1.68,1.94,2.15,2.22,1.33,,1.96,2.12
2019-08-14,2840.60,22.10,21.30,1.79,1.58,1.53,1.51,1.55,1.59,1.84,2.03,2.23,1.36,,1.92,2.12
2019-08-15,2847.60,21.18,21.07,1.72,1.48,1.44,1.42,1.47,1.52,1.80,1.98,2.27,1.38,,1.87,2.13
2019-08-16,2888.68,18.47,19.70,1.71,1.48,1.44,1.42,1.49,1.55,1.82,2.01,2.26,1.36,,1.83,2.13
2019-08-19,2923.65,16.88,18.36,1.75,1.53,1.49,1.47,1.54,1.60,1.88,2.08,2.29,1.35,,1.90,2.13
2019-08-20,2900.51,17.50,18.87,1.72,1.50,1.44,1.42,1.49,1.55,1.84,2.04,2.30,1.34,,1.90,2.13
2019-08-21,2924.43,15.80,17.72,1.77,1.56,1.50,1.47,1.54,1.59,1.87,2.07,2.25,1.30,,1.93,2.12
2019-08-22,2922.95,16.68,18.23,1.79,1.61,1.53,1.50,1.56,1.62,1.90,2.11,2.25,1.31,,1.96,2.12
2019-08-23,2847.11,19.87,20.36,1.73,1.51,1.43,1.40,1.46,1.52,1.82,2.02,2.27,1.36,,1.93,2.12
2019-08-26,2878.38,19.32,19.82,1.75,1.54,1.47,1.43,1.49,1.54,1.84,2.04,2.27,1.36,,1.96,2.12
2019-08-27,2869.16,20.31,20.64,1.77,1.53,1.43,1.40,1.44,1.49,1.77,1.97,2.26,1.34,,1.94,2.12
2019-08-28,2887.94,19.35,20.05,1.74,1.50,1.42,1.37,1.42,1.47,1.76,1.94,2.26,1.34,,1.95,2.12
2019-08-29,2924.58,17.88,19.03,1.75,1.53,1.44,1.40,1.46,1.50,1.78,1.97,2.27,1.36,,1.95,2.12
2019-08-30,2926.46,18.98,19.54,1.76,1.50,1.42,1.39,1.45,1.50,1.78,1.96,2.26,1.35,,1.95,2.13
2019-09-03,2906.27,19.66,20.12,1.72,1.47,1.38,1.35,1.42,1.47,1.77,1.95,2.28,1.39,,1.94,2.13
2019-09-04,2937.78,17.33,18.81,1.69,1.43,1.36,1.32,1.40,1.47,1.77,1.97,2.29,1.39,,1.93,2.13
2019-09-05,2976.00,16.27,18.08,1.73,1.55,1.47,1.43,1.51,1.57,1.86,2.06,2.28,1.37,,1.93,2.13
2019-09-06,2978.71,15.00,17.46,1.73,1.53,1.46,1.42,1.50,1.55,1.83,2.02,2.26,1.36,,1.92,2.12
2019-09-09,2978.43,15.27,17.55,1.74,1.58,1.52,1.49,1.57,1.63,1.91,2.11,2.23,1.36,,1.92,2.13
2019-09-10,2979.39,15.20,17.41,1.81,1.67,1.61,1.58,1.66,1.72,2.00,2.19,2.22,1.35,,1.91,2.13
2019-09-11,3000.93,14.61,17.10,1.79,1.68,1.62,1.60,1.68,1.75,2.02,2.22,2.22,1.34,,1.92,2.13
2019-09-12,3009.57,14.22,16.81,1.82,1.72,1.67,1.65,1.72,1.79,2.06,2.22,2.22,1.35,,1.91,2.13
2019-09-13,3007.39,13.74,16.67,1.88,1.79,1.76,1.75,1.83,1.90,2.17,2.37,2.21,1.35,,1.92,2.14
2019-09-16,2997.96,14.67,17.20,1.86,1.74,1.71,1.69,1.77,1.84,2.11,2.31,2.20,1.34,,1.95,2.25
2019-09-17,3005.70,14.44,17.23,1.87,1.72,1.68,1.66,1.75,1.81,2.08,2.27,2.21,1.33,,1.95,2.30
2019-09-18,3006.73,13.95,16.86,1.87,1.77,1.72,1.68,1.76,1.80,2.06,2.25,2.18,1.30,,1.91,2.25
2019-09-19,3006.79,14.05,16.79,1.88,1.74,1.68,1.66,1.73,1.79,2.04,2.22,2.17,1.28,,1.89,1.90
2019-09-20,2992.07,15.32,17.71,1.84,1.69,1.63,1.61,1.68,1.74,1.99,2.17,2.19,1.29,,1.87,1.90
2019-09-23,2991.78,14.91,17.87,1.81,1.68,1.61,1.59,1.65,1.72,1.98,2.16,2.17,1.30,,1.90,1.90
2019-09-24,2966.60,17.05,18.55,1.78,1.60,1.53,1.52,1.58,1.64,1.91,2.09,2.20,1.30,,1.88,1.90
2019-09-25,2984.87,15.96,18.00,1.82,1.68,1.61,1.60,1.66,1.73,1.99,2.18,2.20,1.32,,1.85,1.90
2019-09-26,2977.62,16.07,18.12,1.79,1.66,1.61,1.59,1.65,1.70,1.96,2.15,2.18,1.29,,1.79,1.85
2019-09-27,2961.79,17.22,18.75,1.74,1.63,1.58,1.56,1.62,1.69,1.95,2.13,2.19,1.31,,1.76,1.83
2019-09-30,2976.74,16.24,17.96,1.75,1.63,1.56,1.55,1.62,1.68,1.94,2.12,2.20,1.33,,1.84,1.90
2019-10-01,2940.25,18.56,19.35,1.73,1.56,1.51,1.51,1.59,1.65,1.93,2.11,2.22,1.32,,1.78,1.88
2019-10-02,2887.61,20.56,20.74,1.67,1.48,1.43,1.43,1.53,1.60,1.90,2.09,2.26,1.39,,1.75,1.85
2019-10-03,2910.63,19.12,19.78,1.58,1.39,1.34,1.34,1.45,1.54,1.85,2.04,2.29,1.40,,1.67,1.83
2019-10-04,2952.01,17.04,18.59,1.58,1.40,1.35,1.34,1.43,1.52,1.81,2.01,2.29,1.36,,1.68,1.82
2019-10-07,2938.79,17.86,18.91,1.64,1.46,1.41,1.38,1.47,1.56,1.85,2.05,2.28,1.36,,1.71,1.82
2019-10-08,2893.06,20.28,20.39,1.62,1.42,1.38,1.36,1.45,1.54,1.84,2.04,2.30,1.41,,1.68,1.82
2019-10-09,2919.40,18.64,19.51,1.59,1.47,1.43,1.40,1.50,1.59,1.88,2.08,2.29,1.36,,1.66,1.82
2019-10-10,2938.13,17.57,18.79,1.63,1.53,1.49,1.48,1.57,1.67,1.96,2.16,2.27,1.35,,1.65,1.82
2019-10-11,2970.27,15.58,17.55,1.67,1.63,1.60,1.59,1.68,1.76,2.04,2.22,2.22,1.30,,1.65,1.82
2019-10-14,2966.15,14.57,17.12,,,,,,,,,,,,,1.82
2019-10-15,2995.68,13.54,16.48,1.65,1.61,1.60,1.59,1.68,1.77,2.06,2.23,2.21,1.29,,1.64,1.90
2019-10-16,2989.69,13.68,16.48,1.59,1.58,1.57,1.57,1.65,1.75,2.05,2.23,2.22,1.30,,1.63,1.90
2019-10-17,2997.95,13.79,16.44,1.59,1.60,1.57,1.57,1.66,1.76,2.05,2.24,2.21,1.28,,1.63,1.85
2019-10-18,2986.20,14.25,16.65,1.58,1.58,1.56,1.56,1.66,1.76,2.06,2.25,2.21,1.27,,1.63,1.85
2019-10-21,3006.72,14.00,16.28,1.59,1.62,1.59,1.61,1.70,1.80,2.10,2.28,2.19,1.24,,1.64,1.85
2019-10-22,2995.99,14.46,16.55,1.59,1.60,1.59,1.60,1.68,1.78,2.07,2.26,2.17,1.24,,1.62,1.85
2019-10-23,3004.52,14.01,16.29,1.58,1.58,1.58,1.58,1.67,1.77,2.06,2.25,2.18,1.24,,1.62,1.85
2019-10-24,3010.29,13.71,16.25,1.59,1.58,1.58,1.58,1.67,1.77,2.08,2.26,2.17,1.23,,1.64,1.85
2019-10-25,3022.55,12.65,15.71,1.60,1.63,1.62,1.62,1.71,1.80,2.10,2.29,2.16,1.24,,1.63,1.83
2019-10-28,3039.42,13.11,15.99,1.60,1.64,1.65,1.66,1.75,1.85,2.16,2.34,2.16,1.23,,1.62,1.83
2019-10-29,3036.89,13.20,16.09,1.59,1.64,1.65,1.66,1.74,1.84,2.15,2.33,2.15,1.23,,1.60,1.82
2019-10-30,3046.77,12.33,15.69,1.59,1.61,1.60,1.61,1.69,1.78,2.08,2.26,2.17,1.29,,1.59,1.82
2019-10-31,3037.56,13.22,16.05,1.53,1.52,1.52,1.51,1.60,1.69,2.00,2.17,2.18,1.30,,1.51,1.58
2019-11-01,3066.91,12.30,15.42,1.53,1.56,1.55,1.55,1.63,1.73,2.03,2.21,2.16,1.29,,1.49,1.57
2019-11-04,3078.27,12.83,15.62,1.56,1.60,1.59,1.60,1.69,1.79,2.10,2.27,2.16,1.28,,1.50,1.56
2019-11-05,3074.62,13.10,15.91,1.62,1.63,1.63,1.66,1.77,1.86,2.17,2.34,2.15,1.25,,1.53,1.56
2019-11-06,3076.78,12.62,15.83,1.58,1.61,1.60,1.63,1.73,1.81,2.13,2.30,2.14,1.25,,1.53,1.55
2019-11-07,3085.18,12.73,15.80,1.58,1.68,1.70,1.74,1.84,1.92,2.24,2.40,2.13,1.23,,1.53,1.55
2019-11-08,3093.08,12.07,15.53,1.58,1.68,1.70,1.74,1.86,1.94,2.27,2.43,2.11,1.23,,1.52,1.55
2019-11-11,3087.01,12.69,15.60,,,,,,,,,,,,,1.55
2019-11-12,3091.84,12.68,15.49,1.58,1.66,1.69,1.73,1.84,1.92,2.24,2.39,2.10,1.22,,1.56,1.55
2019-11-13,3094.04,13.00,15.62,1.57,1.63,1.65,1.69,1.79,1.88,2.20,2.36,2.11,1.26,,1.54,1.55
2019-11-14,3096.63,13.05,15.60,1.55,1.58,1.59,1.63,1.73,1.82,2.15,2.31,2.13,1.26,,1.54,1.55
2019-11-15,3120.46,12.05,14.99,1.54,1.61,1.61,1.65,1.75,1.84,2.16,2.31,2.13,1.26,,1.54,1.55
2019-11-18,3122.03,12.46,15.17,1.54,1.60,1.59,1.63,1.73,1.81,2.14,2.30,2.14,1.27,,1.54,1.55
2019-11-19,3120.18,12.86,15.50,1.54,1.60,1.59,1.63,1.71,1.79,2.11,2.26,2.13,1.25,,1.54,1.55
2019-11-20,3108.46,12.78,15.64,1.54,1.56,1.55,1.58,1.66,1.73,2.05,2.20,2.16,1.30,,1.54,1.55
2019-11-21,3103.54,13.13,15.82,1.55,1.60,1.59,1.62,1.71,1.77,2.09,2.24,2.15,1.27,,1.55,1.55
2019-11-22,3110.29,12.34,15.40,1.56,1.61,1.60,1.62,1.71,1.77,2.08,2.22,2.14,1.26,,1.55,1.55
2019-11-25,3133.64,11.87,14.99,1.58,1.61,1.60,1.62,1.71,1.76,2.07,2.21,2.13,1.23,,1.58,1.55
2019-11-26,3140.52,11.54,14.85,1.59,1.58,1.58,1.58,1.68,1.74,2.04,2.18,2.11,1.21,,1.57,1.55
2019-11-27,3153.63,11.75,14.96,1.60,1.63,1.61,1.63,1.71,1.77,2.06,2.19,2.09,1.17,,1.59,1.55
2019-11-29,3140.98,12.62,15.51,1.60,1.61,1.61,1.62,1.73,1.78,2.07,2.21,2.08,1.17,,1.56,1.56
2019-12-02,3113.87,14.91,16.84,1.60,1.61,1.63,1.65,1.77,1.83,2.15,2.28,2.11,1.20,,1.57,1.56
2019-12-03,3093.20,15.96,17.63,1.57,1.53,1.54,1.54,1.65,1.72,2.03,2.17,2.11,1.24,,1.54,1.55
2019-12-04,3112.76,14.80,16.98,1.56,1.58,1.58,1.60,1.71,1.77,2.08,2.22,2.11,1.25,,1.52,1.55
2019-12-05,3117.43,14.52,16.78,1.56,1.58,1.60,1.62,1.73,1.80,2.11,2.24,2.09,1.21,,1.51,1.55
2019-12-06,3145.91,13.62,16.21,1.57,1.61,1.64,1.67,1.78,1.84,2.14,2.29,2.07,1.19,,1.50,1.55
2019-12-09,3135.96,15.86,17.30,1.56,1.63,1.63,1.67,1.77,1.83,2.13,2.27,2.05,1.17,,1.51,1.55
2019-12-10,3132.52,15.68,17.13,1.56,1.65,1.67,1.68,1.78,1.85,2.12,2.26,2.01,1.15,,1.53,1.55
2019-12-11,3141.63,14.99,16.91,1.55,1.61,1.62,1.64,1.74,1.79,2.08,2.23,2.04,1.18,,1.54,1.55
2019-12-12,3168.57,13.94,16.09,1.55,1.66,1.69,1.73,1.84,1.90,2.18,2.32,2.02,1.15,,1.53,1.55
2019-12-13,3168.80,12.63,15.28,1.54,1.61,1.62,1.66,1.76,1.82,2.11,2.26,2.02,1.15,,1.54,1.55
2019-12-16,3191.45,12.14,14.98,1.54,1.65,1.67,1.72,1.82,1.89,2.17,2.30,2.00,1.13,,1.54,1.56
2019-12-17,3192.52,12.29,15.15,1.53,1.63,1.66,1.71,1.82,1.89,2.18,2.31,1.99,1.10,,1.53,1.55
2019-12-18,3191.14,12.58,15.20,1.54,1.63,1.67,1.74,1.86,1.92,2.22,2.35,1.98,1.11,,1.53,1.55
2019-12-19,3205.37,12.50,15.14,1.52,1.62,1.65,1.73,1.84,1.92,2.21,2.35,1.96,1.09,,1.54,1.55
2019-12-20,3221.22,12.51,15.32,1.52,1.63,1.67,1.73,1.84,1.92,2.21,2.34,1.96,1.09,,1.55,1.55
2019-12-23,3224.01,12.61,15.50,1.53,1.64,1.67,1.75,1.86,1.93,2.22,2.35,1.96,1.09,,1.56,1.55
2019-12-24,3223.38,12.67,15.52,1.53,1.62,1.64,1.72,1.83,1.90,2.20,2.33,1.97,1.09,,1.55,1.55
2019-12-26,3239.91,12.65,15.52,1.53,1.64,1.65,1.72,1.85,1.90,2.19,2.33,1.97,1.10,,1.55,1.55
2019-12-27,3240.02,13.43,15.95,1.51,1.59,1.60,1.68,1.80,1.88,2.18,2.32,1.96,1.10,,1.54,1.55
2019-12-30,3221.29,14.82,16.68,1.57,1.58,1.59,1.68,1.81,1.90,2.21,2.34,1.97,1.12,,1.54,1.55
2019-12-31,3230.78,13.78,15.87,1.59,1.58,1.62,1.69,1.83,1.92,2.25,2.39,1.98,1.12,,1.52,1.55
2020-01-02,3257.85,12.47,15.19,1.56,1.58,1.59,1.67,1.79,1.88,2.19,2.33,1.98,1.12,,1.51,1.55
2020-01-03,3234.85,14.02,16.01,1.55,1.53,1.54,1.59,1.71,1.80,2.11,2.26,1.99,1.14,,1.49,1.55
2020-01-06,3246.28,13.85,15.92,1.54,1.54,1.56,1.61,1.72,1.81,2.13,2.28,2.02,1.20,,1.53,1.55
2020-01-07,3237.18,13.79,15.86,1.53,1.54,1.55,1.62,1.74,1.83,2.16,2.31,2.03,1.19,,1.51,1.55
2020-01-08,3253.05,13.45,15.40,1.55,1.58,1.61,1.67,1.78,1.87,2.21,2.35,2.05,1.23,,1.51,1.55
2020-01-09,3274.70,12.54,14.95,1.54,1.58,1.59,1.65,1.77,1.85,2.17,2.38,2.03,1.19,,1.51,1.55
2020-01-10,3265.35,12.56,14.95,1.53,1.56,1.59,1.63,1.74,1.83,2.14,2.28,1.99,1.16,,1.51,1.54
2020-01-13,3288.13,12.32,14.64,1.53,1.58,1.60,1.65,1.76,1.85,2.16,2.30,1.99,1.15,,1.54,1.54
2020-01-14,3283.15,12.39,14.64,1.53,1.58,1.59,1.63,1.74,1.82,2.12,2.27,1.99,1.18,,1.54,1.54
2020-01-15,3289.29,12.42,14.63,1.54,1.56,1.56,1.60,1.71,1.79,2.09,2.23,2.01,1.18,,1.54,1.54
2020-01-16,3316.81,12.32,14.45,1.54,1.58,1.58,1.63,1.73,1.81,2.11,2.26,2.00,1.18,,1.52,1.54
2020-01-17,3329.62,12.10,14.41,1.56,1.58,1.56,1.63,1.74,1.84,2.16,2.29,1.98,1.17,,1.53,1.55
2020-01-21,3320.79,12.85,14.87,1.54,1.53,1.53,1.57,1.69,1.78,2.10,2.23,1.97,1.17,,1.53,1.55
2020-01-22,3321.75,12.91,14.98,1.55,1.53,1.52,1.57,1.68,1.77,2.07,2.22,1.97,1.16,,1.52,1.55
2020-01-23,3325.54,12.98,14.99,1.55,1.51,1.51,1.55,1.65,1.74,2.03,2.18,1.98,1.14,,1.52,1.55
2020-01-24,3295.47,14.56,16.07,1.55,1.49,1.48,1.51,1.61,1.70,2.00,2.14,1.98,1.12,,1.51,1.55
2020-01-27,3243.63,18.23,18.16,1.53,1.44,1.41,1.44,1.52,1.61,1.91,2.05,2.04,1.18,,1.52,1.55
2020-01-28,3276.24,16.28,17.03,1.53,1.45,1.45,1.47,1.56,1.65,1.95,2.10,2.04,1.22,,1.54,1.55
2020-01-29,3273.40,16.39,17.03,1.51,1.42,1.39,1.41,1.51,1.60,1.89,2.05,2.05,1.21,,1.53,1.55
2020-01-30,3283.66,15.49,16.59,1.48,1.41,1.37,1.39,1.49,1.57,1.88,2.04,2.08,1.25,,1.54,1.60
2020-01-31,3225.52,18.84,18.63,1.45,1.33,1.30,1.32,1.42,1.51,1.83,1.99,2.13,1.31,,1.52,1.59
2020-02-03,3248.92,17.97,18.04,1.46,1.36,1.34,1.35,1.45,1.54,1.84,2.01,2.10,1.26,,1.54,1.59
2020-02-04,3297.59,16.05,16.70,1.48,1.41,1.40,1.42,1.52,1.61,1.91,2.08,2.09,1.25,,1.54,1.59
2020-02-05,3334.69,15.15,16.11,1.49,1.44,1.43,1.46,1.57,1.66,1.97,2.14,2.07,1.24,,1.54,1.59
2020-02-06,3345.78,14.96,15.89,1.51,1.44,1.43,1.45,1.56,1.65,1.94,2.11,2.05,1.21,,1.54,1.59
2020-02-07,3327.71,15.47,16.29,1.49,1.41,1.39,1.41,1.51,1.59,1.89,2.05,2.05,1.18,,1.53,1.58
2020-02-10,3352.09,15.04,16.13,1.45,1.37,1.36,1.38,1.47,1.56,1.87,2.03,2.06,1.21,,1.55,1.58
2020-02-11,3357.75,15.18,16.14,1.48,1.41,1.39,1.40,1.50,1.59,1.89,2.05,2.05,1.21,,1.54,1.58
2020-02-12,3379.45,13.74,15.36,1.49,1.44,1.42,1.45,1.55,1.62,1.93,2.09,2.06,1.22,,1.55,1.58
2020-02-13,3373.94,14.15,15.68,1.48,1.44,1.42,1.43,1.53,1.61,1.91,2.07,2.05,1.22,,1.56,1.58
2020-02-14,3380.16,13.68,15.50,1.49,1.42,1.40,1.42,1.51,1.59,1.89,2.04,2.04,1.20,,1.55,1.58
2020-02-18,3370.29,14.83,16.10,1.47,1.41,1.37,1.39,1.48,1.55,1.85,2.00,2.05,1.21,,1.55,1.59
2020-02-19,3386.15,14.38,15.82,1.47,1.42,1.39,1.41,1.50,1.56,1.86,2.01,2.05,1.23,,1.55,1.59
2020-02-20,3373.23,15.56,16.60,1.46,1.39,1.35,1.37,1.45,1.52,1.81,1.97,2.05,1.25,,1.55,1.59
2020-02-21,3337.75,17.08,17.61,1.43,1.34,1.30,1.30,1.39,1.46,1.75,1.90,2.09,1.28,,1.53,1.58
2020-02-24,3225.89,25.03,21.92,1.35,1.26,1.21,1.21,1.30,1.38,1.68,1.84,2.13,1.34,,1.50,1.58
2020-02-25,3128.21,27.85,23.86,1.30,1.20,1.16,1.16,1.25,1.33,1.63,1.80,2.19,1.38,,1.50,1.58
2020-02-26,3116.39,27.56,23.70,1.26,1.16,1.14,1.14,1.25,1.33,1.64,1.81,2.20,1.36,,1.50,1.58
2020-02-27,2978.76,39.16,29.92,1.18,1.11,1.08,1.11,1.22,1.30,1.61,1.79,2.27,1.40,,1.42,1.58
2020-02-28,2954.22,40.11,29.85,0.97,0.86,0.85,0.89,1.03,1.13,1.46,1.65,2.38,1.57,,1.25,1.58
2020-03-02,3090.23,33.42,27.70,0.89,0.84,0.85,0.88,1.01,1.10,1.46,1.66,2.44,1.51,,1.10,1.59
2020-03-03,3003.37,36.82,30.17,0.73,0.71,0.72,0.77,0.91,1.02,1.44,1.64,2.48,1.58,,0.93,1.59
2020-03-04,3130.12,31.99,27.51,0.59,0.67,0.68,0.75,0.90,1.02,1.45,1.67,2.47,1.53,,0.71,1.09
2020-03-05,3023.94,39.62,32.57,0.48,0.59,0.61,0.67,0.81,0.92,1.34,1.56,2.52,1.60,,0.61,1.09
2020-03-06,2972.37,41.94,35.46,0.39,0.49,0.53,0.58,0.69,0.74,1.09,1.25,2.55,1.62,,0.45,1.09
2020-03-09,2746.56,54.46,43.05,0.31,0.38,0.40,0.46,0.56,0.54,0.87,0.99,2.93,1.92,,0.32,1.09
2020-03-10,2882.23,47.30,39.44,0.43,0.50,0.58,0.63,0.73,0.76,1.16,1.28,2.93,1.91,,0.43,1.09
2020-03-11,2741.38,53.90,44.37,0.40,0.50,0.58,0.66,0.78,0.82,1.13,1.30,2.99,1.85,,0.41,1.09
2020-03-12,2480.64,75.47,57.24,0.39,0.50,0.58,0.66,0.82,0.88,1.27,1.49,3.20,2.06,,0.33,1.10
2020-03-13,2711.02,57.83,48.31,0.38,0.49,0.58,0.70,0.89,0.94,1.31,1.56,3.30,2.09,,0.27,1.10
2020-03-16,2386.13,82.69,67.70,0.29,0.36,0.43,0.49,0.67,0.73,1.10,1.34,3.38,2.15,,0.24,0.25
2020-03-17,2529.19,75.91,65.27,0.30,0.47,0.54,0.66,0.91,1.02,1.45,1.63,3.49,2.38,,0.19,0.25
2020-03-18,2398.10,76.45,72.98,0.21,0.54,0.66,0.79,1.08,1.18,1.60,1.77,3.81,2.74,,0.02,0.25
2020-03-19,2409.39,72.00,69.47,0.20,0.44,0.53,0.66,1.00,1.12,1.56,1.78,4.01,2.74,,0.04,0.20
2020-03-20,2304.92,66.04,65.59,0.15,0.37,0.41,0.52,0.82,0.92,1.35,1.55,4.23,3.20,,0.05,0.15
2020-03-23,2237.40,61.59,56.64,0.17,0.28,0.31,0.38,0.63,0.76,1.12,1.33,4.31,2.81,,0.02,0.15
2020-03-24,2447.33,61.67,52.11,0.25,0.38,0.44,0.52,0.75,0.84,1.19,1.39,4.19,2.60,,0.01,0.12
2020-03-25,2475.56,63.95,53.85,0.19,0.34,0.41,0.56,0.77,0.88,1.23,1.45,4.13,2.46,,-0.04,0.10
2020-03-26,2630.07,61.00,49.79,0.13,0.30,0.36,0.51,0.72,0.83,1.20,1.42,4.04,2.24,,-0.05,0.10
2020-03-27,2541.47,65.54,55.75,0.11,0.25,0.30,0.41,0.60,0.72,1.09,1.29,3.98,2.23,,0.03,0.10
2020-03-30,2626.65,57.08,51.26,0.14,0.23,0.29,0.39,0.57,0.70,1.10,1.31,3.89,2.01,,0.12,0.09
2020-03-31,2584.59,53.54,48.32,0.17,0.23,0.29,0.37,0.55,0.70,1.15,1.35,3.93,2.03,,0.11,0.08
2020-04-01,2470.50,57.06,51.17,0.16,0.23,0.28,0.37,0.51,0.62,1.04,1.27,3.97,2.14,,0.09,0.06
2020-04-02,2526.90,50.91,47.30,0.14,0.23,0.29,0.39,0.53,0.63,1.04,1.26,3.92,2.01,,0.09,0.05
2020-04-03,2488.65,46.80,44.84,0.15,0.23,0.30,0.39,0.52,0.62,1.05,1.24,3.92,2.01,,0.10,0.05
2020-04-06,2663.68,45.24,43.09,0.20,0.27,0.35,0.44,0.58,0.67,1.08,1.27,3.91,1.96,,0.15,0.05
2020-04-07,2659.41,46.70,43.42,0.20,0.28,0.36,0.48,0.64,0.75,1.13,1.32,3.79,1.80,,0.14,0.05
2020-04-08,2749.98,43.35,41.59,0.23,0.27,0.34,0.47,0.65,0.77,1.18,1.37,3.75,1.79,,0.22,0.05
2020-04-09,2789.82,41.67,40.61,0.25,0.23,0.29,0.41,0.60,0.73,1.15,1.35,3.61,1.73,,0.25,0.05
2020-04-13,2761.63,41.17,39.97,0.27,0.25,0.31,0.44,0.63,0.76,1.19,1.39,3.41,1.59,,0.26,0.05
2020-04-14,2846.06,37.76,36.46,0.25,0.23,0.29,0.42,0.61,0.76,1.19,1.41,3.36,1.47,,0.20,0.05
2020-04-15,2783.36,40.84,39.28,0.19,0.20,0.24,0.34,0.49,0.63,1.06,1.27,3.33,1.74,,0.14,0.05
2020-04-16,2799.55,40.11,39.21,0.17,0.20,0.25,0.35,0.50,0.61,1.01,1.21,3.28,1.70,,0.14,0.05
2020-04-17,2874.56,38.15,37.28,0.16,0.20,0.26,0.36,0.53,0.65,1.08,1.27,3.27,1.76,,0.12,0.05
2020-04-20,2823.16,43.83,40.97,0.15,0.20,0.26,0.35,0.51,0.63,1.04,1.23,3.28,1.73,,0.12,0.05
2020-04-21,2736.56,45.41,43.28,0.17,0.20,0.24,0.34,0.48,0.58,0.98,1.17,3.29,1.75,,0.11,0.05
2020-04-22,2799.31,41.98,40.92,0.16,0.22,0.26,0.37,0.52,0.63,1.03,1.22,3.30,1.73,,0.12,0.05
2020-04-23,2797.80,41.38,40.86,0.17,0.22,0.26,0.37,0.51,0.61,0.99,1.18,3.26,1.64,,0.11,0.04
2020-04-24,2836.74,35.93,37.81,0.18,0.22,0.26,0.36,0.51,0.60,0.98,1.17,3.25,1.70,,0.12,0.05
2020-04-27,2878.48,33.29,35.33,0.17,0.24,0.29,0.41,0.56,0.67,1.06,1.25,3.24,1.72,,0.12,0.04
2020-04-28,2863.39,33.57,35.37,0.16,0.20,0.26,0.37,0.52,0.62,1.00,1.20,3.25,1.73,,0.11,0.04
2020-04-29,2939.51,31.23,33.33,0.18,0.20,0.24,0.36,0.52,0.63,1.02,1.24,3.24,1.75,,0.10,0.04
2020-04-30,2912.43,34.15,35.05,0.16,0.20,0.24,0.36,0.53,0.64,1.05,1.28,3.23,1.74,,0.09,0.05
2020-05-01,2830.71,37.19,37.97,0.17,0.20,0.25,0.36,0.53,0.64,1.04,1.27,3.25,1.78,,0.12,0.05
2020-05-04,2842.74,35.97,37.00,0.16,0.19,0.24,0.36,0.52,0.64,1.05,1.29,3.28,1.75,,0.13,0.05
2020-05-05,2868.44,33.61,35.52,0.16,0.19,0.24,0.36,0.53,0.66,1.07,1.32,3.28,1.75,,0.13,0.05
2020-05-06,2848.42,34.12,35.68,0.16,0.17,0.24,0.37,0.57,0.72,1.16,1.41,3.31,1.89,,0.12,0.05
2020-05-07,2881.19,31.44,34.01,0.15,0.13,0.19,0.29,0.49,0.63,1.05,1.31,3.34,1.89,,0.11,0.05
2020-05-08,2929.80,27.98,31.64,0.15,0.16,0.21,0.33,0.53,0.69,1.12,1.39,3.37,1.85,,0.12,0.05
2020-05-11,2930.32,27.57,30.39,0.16,0.17,0.24,0.36,0.56,0.73,1.16,1.43,3.41,1.96,,0.12,0.05
2020-05-12,2870.12,33.04,34.26,0.16,0.17,0.22,0.34,0.53,0.69,1.11,1.38,3.40,1.97,,0.13,0.05
2020-05-13,2820.00,35.28,36.51,0.15,0.16,0.20,0.31,0.50,0.64,1.07,1.35,3.43,1.90,,0.13,0.05
2020-05-14,2852.50,32.61,34.90,0.15,0.16,0.20,0.31,0.48,0.63,1.03,1.30,3.41,1.88,,0.12,0.05
2020-05-15,2863.70,31.89,34.51,0.15,0.16,0.19,0.31,0.49,0.64,1.05,1.32,3.41,1.87,,0.12,0.05
2020-05-18,2953.91,29.30,31.77,0.17,0.18,0.24,0.38,0.57,0.73,1.17,1.44,3.38,1.83,,0.13,0.05
2020-05-19,2922.94,30.53,32.81,0.16,0.17,0.22,0.35,0.54,0.70,1.15,1.43,3.30,1.80,,0.13,0.05
2020-05-20,2971.61,27.99,31.11,0.16,0.16,0.21,0.34,0.53,0.68,1.19,1.40,3.24,1.80,,0.12,0.05
2020-05-21,2948.51,29.53,32.38,0.16,0.17,0.21,0.35,0.53,0.68,1.16,1.40,3.18,1.77,,0.12,0.05
2020-05-22,2955.45,28.16,31.54,0.17,0.17,0.21,0.34,0.51,0.66,1.12,1.37,3.18,1.75,,0.12,0.05
2020-05-26,2991.77,28.01,30.85,0.17,0.18,0.22,0.35,0.53,0.69,1.19,1.43,3.14,1.80,,0.14,0.05
2020-05-27,3036.13,27.62,30.19,0.18,0.19,0.22,0.34,0.52,0.68,1.19,1.44,3.11,1.79,,0.15,0.05
2020-05-28,3029.73,28.59,31.21,0.17,0.17,0.22,0.34,0.54,0.70,1.23,1.47,3.10,1.76,,0.15,0.05
2020-05-29,3044.31,27.51,30.27,0.17,0.16,0.19,0.30,0.50,0.65,1.18,1.41,3.08,1.78,,0.14,0.05
2020-06-01,3055.73,28.23,30.92,0.17,0.14,0.20,0.31,0.50,0.66,1.22,1.46,3.10,1.79,,0.14,0.05
2020-06-02,3080.82,26.84,29.93,0.17,0.17,0.20,0.32,0.52,0.68,1.24,1.48,3.08,1.77,,0.15,0.06
2020-06-03,3122.87,25.66,28.91,0.17,0.19,0.26,0.38,0.59,0.77,1.32,1.56,3.02,1.76,,0.16,0.06
2020-06-04,3112.35,25.81,28.85,0.17,0.19,0.26,0.40,0.63,0.82,1.38,1.61,2.99,1.77,,0.15,0.06
2020-06-05,3193.93,24.52,27.42,0.18,0.22,0.29,0.47,0.71,0.91,1.46,1.68,2.86,1.63,,0.15,0.07
2020-06-08,3232.39,25.81,28.08,0.19,0.22,0.29,0.45,0.69,0.88,1.43,1.65,2.81,1.60,,0.17,0.07
2020-06-09,3207.18,27.57,29.67,0.19,0.20,0.25,0.40,0.65,0.84,1.37,1.59,2.80,1.63,,0.19,0.07
2020-06-10,3190.14,27.57,29.57,0.18,0.17,0.22,0.33,0.56,0.75,1.31,1.53,2.86,1.72,,0.17,0.08
2020-06-11,3002.10,40.79,40.43,0.19,0.19,0.22,0.32,0.51,0.66,1.19,1.41,2.91,1.74,,0.17,0.08
2020-06-12,3041.31,36.09,38.05,0.18,0.19,0.22,0.33,0.54,0.71,1.24,1.45,2.91,1.71,,0.16,0.08
2020-06-15,3066.59,34.40,36.43,0.17,0.19,0.22,0.33,0.54,0.71,1.24,1.45,2.93,1.80,,0.18,0.09
2020-06-16,3124.74,33.67,35.80,0.18,0.21,0.23,0.34,0.56,0.75,1.31,1.54,2.89,1.62,,0.17,0.09
2020-06-17,3113.49,33.47,35.72,0.19,0.19,0.23,0.34,0.55,0.74,1.30,1.52,2.87,1.69,,0.17,0.09
2020-06-18,3115.34,32.94,35.14,0.19,0.19,0.22,0.34,0.54,0.71,1.24,1.47,2.86,1.66,,0.16,0.09
2020-06-19,3097.74,35.12,36.68,0.18,0.19,0.22,0.33,0.53,0.70,1.23,1.47,2.87,1.73,,0.15,0.09
2020-06-22,3117.86,31.77,33.75,0.17,0.19,0.22,0.34,0.54,0.71,1.23,1.46,2.86,1.69,,0.16,0.08
2020-06-23,3131.29,31.37,33.06,0.18,0.18,0.22,0.33,0.54,0.72,1.25,1.49,2.87,1.71,,0.16,0.08
2020-06-24,3050.33,33.84,35.39,0.17,0.19,0.21,0.33,0.52,0.69,1.21,1.44,2.89,1.71,,0.15,0.08
2020-06-25,3083.76,32.22,34.09,0.17,0.17,0.21,0.32,0.53,0.68,1.20,1.43,2.92,1.72,,0.16,0.08
2020-06-26,3009.05,34.73,35.80,0.17,0.17,0.19,0.30,0.49,0.64,1.15,1.37,2.92,1.71,,0.14,0.08
2020-06-29,3053.24,31.78,33.91,0.16,0.16,0.18,0.28,0.47,0.64,1.16,1.39,2.94,1.74,,0.14,0.08
2020-06-30,3100.29,30.43,32.52,0.16,0.16,0.18,0.29,0.49,0.66,1.18,1.41,2.93,1.68,,0.16,0.08
2020-07-01,3115.86,28.62,31.68,0.16,0.17,0.19,0.31,0.52,0.69,1.20,1.43,2.89,1.71,,0.14,0.08
2020-07-02,3130.01,27.68,30.87,0.16,0.16,0.19,0.29,0.50,0.68,1.20,1.43,2.87,1.69,,0.14,0.09
2020-07-06,3179.72,27.94,30.98,0.16,0.16,0.19,0.31,0.51,0.69,1.21,1.45,2.83,1.64,,0.15,0.09
2020-07-07,3145.32,29.43,32.07,0.15,0.16,0.19,0.29,0.48,0.65,1.15,1.38,2.81,1.62,,0.15,0.09
2020-07-08,3169.94,28.08,31.19,0.15,0.16,0.19,0.30,0.49,0.67,1.16,1.39,2.77,1.57,,0.15,0.09
2020-07-09,3152.05,29.26,32.06,0.15,0.16,0.18,0.28,0.46,0.62,1.09,1.32,2.73,1.54,,0.13,0.09
2020-07-10,3185.04,27.29,31.02,0.15,0.16,0.19,0.30,0.49,0.65,1.12,1.33,2.74,1.54,,0.13,0.09
2020-07-13,3155.22,32.19,34.54,0.16,0.16,0.19,0.30,0.48,0.64,1.11,1.33,2.74,1.54,,0.14,0.09
2020-07-14,3197.52,29.52,32.56,0.17,0.14,0.19,0.28,0.47,0.63,1.09,1.30,2.71,1.50,,0.15,0.09
2020-07-15,3226.56,27.76,31.56,0.15,0.16,0.18,0.28,0.47,0.64,1.11,1.33,2.71,1.51,,0.16,0.10
2020-07-16,3215.57,28.00,31.55,0.14,0.16,0.17,0.28,0.46,0.62,1.09,1.31,2.69,1.52,,0.11,0.10
2020-07-17,3224.73,25.68,30.37,0.14,0.14,0.18,0.29,0.47,0.64,1.11,1.33,2.68,1.49,,0.11,0.09
2020-07-20,3251.84,24.46,29.10,0.14,0.16,0.18,0.29,0.47,0.62,1.10,1.32,2.66,1.48,,0.13,0.10
2020-07-21,3257.30,24.84,29.47,0.15,0.14,0.17,0.27,0.45,0.61,1.09,1.31,2.63,1.47,,0.13,0.10
2020-07-22,3276.02,24.32,29.05,0.14,0.14,0.17,0.27,0.45,0.60,1.08,1.29,2.61,1.48,,0.13,0.09
2020-07-23,3235.66,26.08,30.25,0.14,0.16,0.16,0.27,0.44,0.59,1.03,1.24,2.58,1.46,,0.12,0.09
2020-07-24,3215.63,25.84,30.56,0.16,0.14,0.17,0.27,0.44,0.59,1.03,1.23,2.58,1.42,,0.11,0.09
2020-07-27,3239.41,24.74,30.00,0.14,0.15,0.18,0.30,0.46,0.62,1.05,1.25,2.56,1.41,,0.11,0.10
2020-07-28,3218.44,25.44,30.10,0.14,0.14,0.16,0.26,0.44,0.59,1.01,1.22,2.57,1.43,,0.11,0.10
2020-07-29,3258.44,24.10,29.29,0.13,0.12,0.15,0.25,0.43,0.58,1.03,1.24,2.61,1.48,,0.11,0.10
2020-07-30,3246.22,24.76,29.76,0.11,0.11,0.14,0.23,0.40,0.55,0.98,1.20,2.60,1.48,,0.09,0.10
2020-07-31,3271.12,24.46,29.71,0.11,0.11,0.11,0.21,0.39,0.55,0.98,1.20,2.60,1.48,,0.09,0.10
2020-08-03,3294.61,24.28,29.66,0.12,0.11,0.13,0.22,0.40,0.56,1.01,1.23,2.63,1.53,,0.10,0.10
2020-08-04,3306.51,23.76,29.09,0.14,0.11,0.10,0.19,0.36,0.52,0.96,1.19,2.62,1.56,,0.09,0.10
2020-08-05,3327.77,22.99,28.60,0.12,0.11,0.13,0.22,0.39,0.55,1.00,1.22,2.59,1.48,,0.10,0.10
2020-08-06,3349.16,22.65,28.20,0.14,0.11,0.13,0.21,0.39,0.55,0.98,1.20,2.57,1.49,,0.10,0.10
2020-08-07,3351.28,22.21,28.28,0.14,0.13,0.14,0.23,0.41,0.57,1.01,1.23,2.57,1.46,,0.10,0.10
2020-08-10,3360.47,22.13,28.05,0.13,0.14,0.15,0.24,0.42,0.59,1.04,1.25,2.56,1.47,,0.11,0.10
2020-08-11,3333.69,24.03,29.17,0.15,0.16,0.18,0.27,0.46,0.64,1.10,1.32,2.59,1.51,,0.11,0.10
2020-08-12,3380.35,22.28,28.12,0.13,0.16,0.19,0.30,0.50,0.69,1.15,1.37,2.55,1.48,,0.11,0.10
2020-08-13,3373.43,22.13,28.17,0.14,0.16,0.19,0.32,0.52,0.71,1.20,1.42,2.59,1.58,,0.10,0.10
2020-08-14,3372.85,22.05,28.37,0.13,0.14,0.18,0.29,0.51,0.71,1.21,1.45,2.61,1.59,,0.10,0.10
2020-08-17,3381.99,21.35,27.45,0.13,0.14,0.18,0.29,0.49,0.69,1.19,1.43,2.64,1.63,,0.10,0.10
2020-08-18,3389.78,21.51,27.35,0.13,0.14,0.17,0.27,0.47,0.67,1.16,1.40,2.64,1.63,,0.09,0.09
2020-08-19,3374.85,22.54,28.11,0.13,0.14,0.17,0.29,0.48,0.68,1.20,1.42,2.65,1.65,,0.11,0.09
2020-08-20,3385.51,22.72,28.13,0.12,0.13,0.15,0.26,0.46,0.65,1.15,1.38,2.65,1.68,,0.11,0.09
2020-08-21,3397.16,22.54,28.17,0.13,0.16,0.16,0.27,0.46,0.64,1.13,1.35,2.64,1.66,,0.10,0.09
2020-08-24,3431.28,22.37,28.10,0.14,0.14,0.18,0.28,0.47,0.65,1.14,1.35,2.63,1.66,,0.12,0.09
2020-08-25,3443.62,22.03,27.91,0.13,0.15,0.18,0.30,0.49,0.69,1.18,1.39,2.63,1.67,,0.11,0.09
2020-08-26,3478.73,23.27,28.70,0.12,0.16,0.18,0.28,0.50,0.69,1.20,1.41,2.66,1.71,,0.11,0.09
2020-08-27,3484.55,24.47,29.93,0.13,0.16,0.19,0.31,0.53,0.74,1.28,1.50,2.71,1.72,,0.11,0.08
2020-08-28,3508.01,22.96,29.62,0.12,0.14,0.16,0.28,0.51,0.74,1.29,1.52,2.71,1.66,,0.10,0.09
2020-08-31,3500.31,26.41,31.85,0.12,0.14,0.15,0.28,0.50,0.72,1.26,1.49,2.67,1.70,,0.11,0.09
2020-09-01,3526.65,26.12,32.10,0.12,0.13,0.14,0.26,0.46,0.68,1.20,1.43,2.67,1.66,,0.12,0.09
2020-09-02,3580.84,26.57,32.67,0.13,0.14,0.16,0.26,0.45,0.66,1.16,1.38,2.64,1.60,,0.12,0.09
2020-09-03,3455.06,33.60,37.63,0.12,0.13,0.15,0.24,0.43,0.63,1.13,1.34,2.64,1.59,,0.11,0.09
2020-09-04,3426.96,30.75,34.75,0.13,0.14,0.18,0.30,0.50,0.72,1.25,1.46,2.68,1.62,,0.11,0.09
2020-09-08,3331.84,31.46,34.31,0.15,0.14,0.17,0.28,0.47,0.69,1.22,1.43,2.67,1.60,,0.13,0.09
2020-09-09,3398.96,28.81,32.12,0.14,0.14,0.17,0.28,0.48,0.71,1.25,1.45,2.69,1.68,,0.12,0.09
2020-09-10,3339.19,29.71,32.92,0.15,0.14,0.17,0.26,0.46,0.68,1.22,1.43,2.69,1.66,,0.12,0.09
2020-09-11,3340.97,26.87,31.13,0.13,0.13,0.16,0.26,0.45,0.67,1.21,1.42,2.69,1.65,,0.11,0.09
2020-09-14,3383.54,25.85,30.48,0.14,0.14,0.16,0.27,0.46,0.68,1.21,1.42,2.66,1.64,,0.11,0.09
2020-09-15,3401.20,25.59,30.27,0.13,0.14,0.16,0.27,0.46,0.68,1.21,1.43,2.68,1.65,,0.11,0.09
2020-09-16,3385.49,26.04,30.57,0.12,0.14,0.16,0.28,0.47,0.69,1.23,1.45,2.67,1.62,,0.12,0.09
2020-09-17,3357.01,26.46,30.75,0.12,0.13,0.16,0.28,0.47,0.69,1.22,1.43,2.65,1.61,,0.09,0.09
2020-09-18,3319.47,25.83,30.46,0.13,0.14,0.16,0.29,0.48,0.70,1.24,1.45,2.66,1.60,,0.10,0.09
2020-09-21,3281.06,27.78,31.64,0.12,0.14,0.16,0.27,0.46,0.68,1.22,1.43,2.66,1.60,,0.10,0.09
2020-09-22,3315.57,26.86,31.67,0.12,0.13,0.15,0.27,0.46,0.68,1.21,1.42,2.66,1.59,,0.10,0.09
2020-09-23,3236.92,28.58,33.28,0.13,0.14,0.15,0.28,0.46,0.68,1.21,1.42,2.68,1.63,,0.11,0.09
2020-09-24,3246.59,28.51,33.06,0.12,0.14,0.16,0.27,0.46,0.67,1.19,1.40,2.70,1.66,,0.10,0.09
2020-09-25,3298.46,26.38,32.03,0.12,0.12,0.15,0.26,0.45,0.66,1.19,1.40,2.74,1.65,,0.10,0.09
2020-09-28,3351.60,26.19,31.74,0.12,0.14,0.16,0.26,0.46,0.67,1.20,1.42,2.76,1.69,,0.11,0.09
2020-09-29,3335.47,26.27,31.09,0.12,0.11,0.13,0.24,0.44,0.66,1.19,1.41,2.74,1.68,,0.09,0.09
2020-09-30,3363.00,26.37,31.64,0.12,0.13,0.16,0.28,0.47,0.69,1.23,1.46,2.75,1.63,,0.10,0.09
2020-10-01,3380.80,26.70,31.72,0.12,0.14,0.16,0.27,0.46,0.68,1.23,1.45,2.75,1.65,,0.09,0.09
2020-10-02,3348.44,27.63,32.39,0.12,0.13,0.16,0.28,0.48,0.70,1.25,1.48,2.76,1.67,,0.09,0.09
2020-10-05,3408.63,27.96,31.28,0.12,0.14,0.19,0.33,0.55,0.78,1.34,1.57,2.74,1.67,,0.10,0.09
2020-10-06,3360.95,29.48,31.88,0.14,0.14,0.17,0.32,0.53,0.76,1.33,1.56,2.70,1.63,,0.10,0.09
2020-10-07,3419.45,28.06,30.70,0.13,0.16,0.21,0.35,0.56,0.81,1.37,1.60,2.69,1.57,,0.10,0.09
2020-10-08,3446.83,26.36,29.49,0.13,0.13,0.18,0.33,0.54,0.78,1.34,1.57,2.68,1.55,,0.09,0.09
2020-10-09,3477.13,25.00,28.28,0.15,0.16,0.20,0.34,0.55,0.79,1.34,1.58,2.67,1.55,,0.10,0.09
2020-10-12,3534.22,25.07,27.98,,,,,,,,,,,,,0.09
2020-10-13,3511.93,26.07,28.35,0.13,0.16,0.18,0.31,0.52,0.74,1.29,1.52,2.65,1.55,,0.11,0.09
2020-10-14,3488.67,26.40,28.24,0.13,0.14,0.18,0.30,0.51,0.73,1.28,1.50,2.64,1.54,,0.12,0.09
2020-10-15,3483.34,26.97,28.72,0.12,0.14,0.18,0.32,0.52,0.74,1.29,1.52,2.65,1.54,,0.11,0.09
2020-10-16,3483.81,27.41,29.21,0.12,0.14,0.18,0.32,0.53,0.76,1.30,1.52,2.64,1.53,,0.11,0.09
2020-10-19,3426.92,29.18,30.40,0.13,0.16,0.19,0.34,0.54,0.78,1.32,1.55,2.61,1.51,,0.11,0.09
2020-10-20,3443.12,29.35,30.11,0.13,0.14,0.19,0.34,0.57,0.81,1.37,1.60,2.64,1.55,,0.10,0.09
2020-10-21,3435.56,28.65,29.61,0.13,0.14,0.20,0.36,0.58,0.83,1.40,1.62,2.63,1.57,,0.10,0.09
2020-10-22,3453.49,28.11,29.30,0.13,0.16,0.21,0.38,0.62,0.87,1.43,1.67,2.61,1.56,,0.09,0.09
2020-10-23,3465.39,27.55,28.99,0.12,0.18,0.21,0.37,0.61,0.85,1.41,1.64,2.60,1.56,,0.10,0.09
2020-10-26,3400.97,32.46,32.07,0.12,0.16,0.18,0.35,0.58,0.81,1.37,1.59,2.60,1.55,,0.11,0.09
2020-10-27,3390.68,33.35,32.72,0.12,0.16,0.19,0.34,0.56,0.79,1.34,1.57,2.60,1.56,,0.10,0.09
2020-10-28,3271.03,40.28,37.75,0.12,0.16,0.19,0.34,0.56,0.79,1.34,1.56,2.62,1.54,,0.10,0.09
2020-10-29,3310.11,37.59,35.84,0.12,0.16,0.20,0.38,0.61,0.85,1.39,1.62,2.61,1.55,,0.09,0.09
2020-10-30,3269.96,38.02,36.27,0.13,0.14,0.19,0.38,0.64,0.88,1.43,1.65,2.61,1.51,,0.09,0.09
2020-11-02,3310.24,37.13,35.06,0.13,0.16,0.20,0.38,0.63,0.87,1.41,1.63,2.60,1.50,,0.09,0.09
2020-11-03,3369.16,35.55,33.52,0.14,0.17,0.21,0.39,0.65,0.90,1.44,1.66,2.58,1.51,,0.10,0.09
2020-11-04,3443.44,29.57,29.98,0.12,0.14,0.18,0.33,0.55,0.78,1.33,1.55,2.58,1.51,,0.10,0.09
2020-11-05,3510.45,27.58,29.05,0.12,0.14,0.18,0.33,0.56,0.79,1.32,1.54,2.52,1.45,,0.10,0.09
2020-11-06,3509.44,24.86,27.37,0.12,0.16,0.21,0.36,0.59,0.83,1.37,1.60,2.51,1.48,,0.10,0.09
2020-11-09,3550.50,25.75,26.88,0.12,0.17,0.25,0.44,0.70,0.96,1.51,1.73,2.47,1.43,,0.11,0.09
2020-11-10,3545.53,24.80,26.49,0.12,0.19,0.26,0.46,0.72,0.98,1.53,1.75,2.44,1.44,,0.10,0.09
2020-11-11,3572.66,23.45,25.62,,,,,,,,,,,,,0.09
2020-11-12,3537.01,25.35,27.22,0.13,0.17,0.23,0.40,0.64,0.88,1.42,1.64,2.45,1.48,,0.10,0.09
2020-11-13,3585.15,23.10,25.69,0.12,0.17,0.23,0.41,0.65,0.89,1.43,1.65,2.44,1.46,,0.09,0.09
2020-11-16,3626.91,22.45,25.35,0.12,0.19,0.24,0.41,0.66,0.91,1.44,1.66,2.42,1.44,,0.09,0.09
2020-11-17,3609.53,22.71,25.38,0.12,0.18,0.22,0.39,0.63,0.87,1.40,1.62,2.42,1.44,,0.09,0.09
2020-11-18,3567.79,23.84,26.39,0.11,0.16,0.22,0.40,0.64,0.88,1.42,1.62,2.39,1.38,,0.09,0.09
2020-11-19,3581.87,23.11,25.80,0.11,0.18,0.22,0.39,0.63,0.86,1.38,1.58,2.35,1.42,,0.07,0.08
2020-11-20,3557.54,23.70,26.06,0.11,0.16,0.21,0.38,0.62,0.83,1.33,1.53,2.35,1.41,,0.07,0.08
2020-11-23,3577.59,22.66,25.43,0.10,0.16,0.22,0.39,0.64,0.86,1.36,1.56,2.33,1.38,,0.08,0.08
2020-11-24,3635.41,21.64,24.84,0.11,0.16,0.22,0.39,0.65,0.88,1.40,1.60,2.31,1.38,,0.09,0.08
2020-11-25,3629.65,21.25,24.42,0.11,0.17,0.21,0.39,0.65,0.88,1.41,1.62,2.32,1.38,,0.09,0.08
2020-11-27,3638.35,20.84,24.43,0.11,0.16,0.20,0.37,0.61,0.84,1.36,1.57,2.32,1.36,,0.09,0.08
2020-11-30,3621.63,20.57,24.33,0.11,0.16,0.19,0.36,0.62,0.84,1.37,1.58,2.29,1.36,,0.08,0.09
2020-12-01,3662.45,20.77,24.49,0.12,0.17,0.22,0.42,0.68,0.92,1.46,1.66,2.28,1.31,,0.09,0.09
2020-12-02,3669.01,21.17,24.54,0.11,0.16,0.22,0.42,0.69,0.95,1.50,1.70,2.24,1.30,,0.09,0.09
2020-12-03,3666.72,21.28,24.56,0.10,0.16,0.21,0.40,0.67,0.92,1.46,1.67,2.23,1.29,,0.08,0.09
2020-12-04,3699.12,20.79,24.29,0.11,0.16,0.21,0.42,0.70,0.97,1.53,1.73,2.23,1.29,,0.09,0.09
2020-12-07,3691.96,21.30,24.52,0.10,0.14,0.20,0.40,0.67,0.94,1.49,1.69,2.22,1.32,,0.08,0.09
2020-12-08,3702.25,20.68,23.87,0.10,0.14,0.20,0.39,0.65,0.92,1.46,1.67,2.22,1.33,,0.09,0.09
2020-12-09,3672.82,22.27,24.73,0.10,0.16,0.21,0.41,0.68,0.95,1.48,1.69,2.24,1.34,,0.08,0.09
2020-12-10,3668.10,22.52,25.05,0.10,0.14,0.20,0.39,0.65,0.92,1.44,1.65,2.22,1.37,,0.08,0.09
2020-12-11,3663.46,23.31,26.05,0.10,0.11,0.18,0.37,0.63,0.90,1.42,1.63,2.23,1.37,,0.08,0.09
2020-12-14,3647.49,24.72,27.11,0.10,0.13,0.17,0.37,0.63,0.90,1.43,1.63,2.24,1.35,,0.09,0.09
2020-12-15,3694.62,22.89,25.87,0.09,0.11,0.18,0.37,0.64,0.92,1.45,1.65,2.26,1.39,,0.08,0.09
2020-12-16,3701.17,22.50,25.47,0.09,0.13,0.18,0.37,0.64,0.92,1.46,1.66,2.25,1.35,,0.09,0.09
2020-12-17,3722.48,21.93,25.15,0.09,0.13,0.19,0.38,0.66,0.94,1.47,1.68,2.23,1.34,,0.08,0.09
2020-12-18,3709.41,21.57,25.17,0.09,0.13,0.19,0.39,0.67,0.95,1.49,1.70,2.24,1.37,,0.08,0.09
2020-12-21,3694.92,25.16,27.58,0.09,0.13,0.18,0.39,0.66,0.95,1.48,1.68,2.23,1.33,,0.09,0.09
2020-12-22,3687.26,24.23,27.25,0.09,0.13,0.17,0.37,0.64,0.93,1.45,1.65,2.22,1.30,,0.09,0.09
2020-12-23,3690.01,23.31,26.26,0.09,0.13,0.18,0.38,0.67,0.96,1.49,1.70,2.24,1.32,,0.09,0.09
2020-12-24,3703.06,21.53,25.37,0.10,0.13,0.17,0.37,0.66,0.94,1.46,1.66,2.23,1.32,,0.09,0.09
2020-12-28,3735.36,21.70,25.15,0.11,0.13,0.17,0.38,0.65,0.94,1.46,1.67,2.22,1.31,,0.11,0.09
2020-12-29,3727.04,23.08,26.24,0.11,0.12,0.17,0.37,0.66,0.94,1.47,1.67,2.22,1.31,,0.10,0.09
2020-12-30,3732.04,22.77,25.44,0.12,0.12,0.17,0.37,0.66,0.93,1.46,1.66,2.20,1.29,,0.08,0.09
2020-12-31,3756.07,22.75,25.28,0.10,0.13,0.17,0.36,0.65,0.93,1.45,1.65,2.18,1.30,,0.09,0.09
2021-01-04,3700.65,26.97,28.26,0.10,0.11,0.16,0.36,0.64,0.93,1.46,1.66,2.19,1.35,,0.09,0.09
2021-01-05,3726.86,25.34,27.25,0.10,0.13,0.17,0.38,0.66,0.96,1.49,1.70,2.23,1.32,,0.09,0.09
2021-01-06,3748.14,25.07,26.79,0.11,0.14,0.20,0.43,0.74,1.04,1.60,1.81,2.27,1.32,,0.09,0.09
2021-01-07,3803.79,22.37,25.02,0.11,0.14,0.22,0.46,0.78,1.08,1.64,1.85,2.23,1.38,,0.09,0.09
2021-01-08,3824.68,21.56,24.90,0.10,0.14,0.24,0.49,0.81,1.13,1.67,1.87,2.19,1.35,,0.08,0.09
2021-01-11,3799.61,24.08,26.70,0.10,0.14,0.22,0.50,0.84,1.15,1.68,1.88,2.15,1.33,,0.08,0.09
2021-01-12,3801.19,23.33,26.20,0.11,0.14,0.23,0.50,0.83,1.15,1.68,1.88,2.16,1.35,,0.09,0.09
2021-01-13,3809.84,22.21,25.55,0.12,0.14,0.22,0.48,0.80,1.10,1.63,1.82,2.13,1.33,,0.09,0.09
2021-01-14,3795.54,23.25,26.32,0.10,0.16,0.23,0.49,0.82,1.15,1.69,1.88,2.12,1.39,,0.09,0.09
2021-01-15,3768.25,24.34,27.26,0.10,0.13,0.20,0.46,0.78,1.11,1.66,1.85,2.13,1.35,,0.09,0.09
2021-01-19,3798.91,23.24,26.69,0.10,0.14,0.21,0.45,0.78,1.10,1.65,1.84,2.11,1.34,,0.09,0.09
2021-01-20,3851.85,21.58,25.72,0.10,0.13,0.19,0.45,0.78,1.10,1.65,1.84,2.11,1.35,,0.08,0.09
2021-01-21,3853.07,21.32,25.70,0.10,0.13,0.19,0.45,0.79,1.12,1.68,1.87,2.12,1.41,,0.09,0.08
2021-01-22,3841.47,21.91,25.99,0.10,0.13,0.19,0.44,0.77,1.10,1.66,1.85,2.14,1.41,,0.08,0.08
2021-01-25,3855.36,23.19,26.88,0.10,0.13,0.17,0.42,0.73,1.05,1.61,1.80,2.15,1.44,,0.09,0.08
2021-01-26,3849.62,23.02,26.89,0.09,0.11,0.18,0.42,0.74,1.05,1.61,1.80,2.16,1.42,,0.07,0.08
2021-01-27,3750.77,37.21,35.73,0.09,0.12,0.18,0.41,0.72,1.04,1.60,1.79,2.16,1.38,,0.08,0.08
2021-01-28,3787.38,30.21,31.77,0.08,0.12,0.18,0.42,0.75,1.07,1.63,1.81,2.17,1.41,,0.07,0.07
2021-01-29,3714.24,33.09,33.88,0.10,0.11,0.19,0.45,0.79,1.11,1.68,1.87,2.17,1.40,,0.06,0.07
2021-02-01,3773.86,30.24,32.53,0.08,0.11,0.17,0.42,0.76,1.09,1.66,1.84,2.19,1.44,,0.07,0.08
2021-02-02,3826.31,25.56,29.36,0.08,0.11,0.18,0.45,0.79,1.12,1.69,1.87,2.18,1.46,,0.07,0.08
2021-02-03,3830.17,22.91,27.57,0.08,0.11,0.19,0.46,0.81,1.15,1.73,1.92,2.17,1.49,,0.04,0.08
2021-02-04,3871.74,21.77,26.79,0.07,0.11,0.18,0.46,0.81,1.15,1.75,1.93,2.19,1.46,,0.04,0.08
2021-02-05,3886.83,20.87,26.52,0.06,0.09,0.19,0.47,0.83,1.19,1.79,1.97,2.18,1.44,,0.03,0.08
2021-02-08,3915.59,21.24,26.65,0.07,0.11,0.20,0.48,0.83,1.19,1.78,1.96,2.14,1.42,,0.05,0.07
2021-02-09,3911.23,21.63,27.11,0.07,0.11,0.19,0.48,0.83,1.18,1.78,1.95,2.15,1.42,,0.04,0.08
2021-02-10,3909.88,21.99,27.49,0.07,0.11,0.19,0.46,0.80,1.15,1.75,1.92,2.16,1.43,,0.05,0.08
2021-02-11,3916.38,21.25,27.22,0.07,0.11,0.19,0.46,0.81,1.16,1.77,1.94,2.18,1.44,,0.05,0.08
2021-02-12,3934.83,19.97,26.50,0.06,0.11,0.20,0.50,0.85,1.20,1.83,2.01,2.19,1.45,,0.04,0.08
2021-02-16,3932.59,21.46,27.55,0.08,0.13,0.23,0.57,0.94,1.30,1.92,2.08,2.15,1.42,,0.04,0.08
2021-02-17,3931.33,21.50,27.52,0.07,0.11,0.21,0.57,0.94,1.29,1.92,2.06,2.13,1.37,,0.04,0.08
2021-02-18,3913.97,22.49,27.86,0.06,0.11,0.21,0.56,0.94,1.29,1.91,2.08,2.13,1.41,,0.03,0.07
2021-02-19,3906.71,22.05,27.09,0.07,0.11,0.22,0.59,0.98,1.34,1.98,2.14,2.14,1.42,,0.04,0.07
2021-02-22,3876.50,23.45,27.81,0.06,0.11,0.22,0.61,1.00,1.37,2.02,2.19,2.16,1.44,,0.03,0.07
2021-02-23,3881.37,23.11,27.12,0.08,0.11,0.22,0.59,1.00,1.37,2.03,2.21,2.20,1.51,,0.04,0.07
2021-02-24,3925.43,21.34,25.89,0.08,0.12,0.24,0.62,1.02,1.38,2.07,2.24,2.22,1.54,,0.03,0.07
2021-02-25,3829.34,28.89,30.24,0.09,0.17,0.34,0.81,1.23,1.54,2.25,2.33,2.12,1.42,,0.04,0.07
2021-02-26,3811.15,27.95,29.60,0.08,0.14,0.30,0.75,1.15,1.44,2.08,2.17,2.12,1.42,,0.04,0.07
2021-03-01,3901.82,23.35,26.78,0.08,0.13,0.27,0.71,1.12,1.45,2.11,2.23,2.13,1.40,,0.05,0.07
2021-03-02,3870.29,24.10,27.16,0.08,0.13,0.26,0.67,1.08,1.42,2.09,2.21,2.15,1.46,,0.04,0.07
2021-03-03,3819.72,26.67,28.79,0.08,0.14,0.29,0.73,1.14,1.47,2.12,2.25,2.14,1.47,,0.05,0.07
2021-03-04,3768.47,28.57,30.08,0.08,0.14,0.32,0.77,1.21,1.54,2.18,2.30,2.13,1.46,,0.04,0.07
2021-03-05,3841.94,24.66,27.89,0.08,0.14,0.32,0.79,1.23,1.56,2.18,2.28,2.13,1.41,,0.04,0.07
2021-03-08,3821.35,25.47,28.13,0.09,0.17,0.34,0.86,1.28,1.59,2.20,2.31,2.14,1.41,,0.05,0.07
2021-03-09,3875.44,24.03,27.28,0.10,0.17,0.35,0.83,1.23,1.55,2.16,2.26,2.16,1.43,,0.05,0.07
2021-03-10,3898.81,22.56,26.68,0.08,0.16,0.32,0.80,1.20,1.53,2.15,2.24,2.17,1.46,,0.04,0.07
2021-03-11,3939.34,21.91,26.09,0.08,0.14,0.31,0.78,1.20,1.54,2.18,2.29,2.18,1.48,,0.04,0.07
2021-03-12,3943.34,20.69,25.74,0.09,0.14,0.34,0.85,1.30,1.64,2.31,2.40,2.19,1.49,,0.04,0.07
2021-03-15,3968.94,20.03,24.89,0.08,0.14,0.33,0.84,1.28,1.62,2.27,2.37,2.18,1.48,,0.04,0.07
2021-03-16,3962.71,19.79,24.71,0.07,0.15,0.33,0.83,1.28,1.62,2.30,2.38,2.19,1.50,,0.02,0.07
2021-03-17,3974.12,19.23,23.88,0.07,0.13,0.29,0.80,1.27,1.63,2.32,2.42,2.23,1.54,,0.02,0.07
2021-03-18,3915.46,21.58,25.28,0.08,0.16,0.33,0.86,1.35,1.71,2.36,2.45,2.17,1.48,,0.01,0.07
2021-03-19,3913.10,20.95,24.99,0.07,0.16,0.33,0.90,1.38,1.74,2.36,2.45,2.10,1.39,,0.01,0.07
2021-03-22,3940.59,18.88,22.94,0.06,0.15,0.32,0.87,1.34,1.69,2.29,2.38,2.08,1.38,,0.03,0.07
2021-03-23,3910.52,20.30,23.80,0.08,0.15,0.31,0.83,1.29,1.63,2.24,2.34,2.11,1.40,,0.01,0.07
2021-03-24,3889.14,21.20,24.40,0.07,0.14,0.31,0.83,1.27,1.62,2.21,2.31,2.10,1.38,,0.02,0.07
2021-03-25,3909.52,19.81,23.37,0.07,0.14,0.30,0.82,1.29,1.63,2.24,2.34,2.11,1.39,,0.02,0.07
2021-03-26,3974.54,18.86,22.32,0.06,0.14,0.31,0.85,1.32,1.67,2.27,2.37,2.09,1.39,,0.02,0.07
2021-03-29,3971.09,20.74,23.20,0.06,0.14,0.32,0.89,1.37,1.73,2.32,2.43,2.08,1.35,,0.03,0.07
2021-03-30,3958.55,19.61,22.31,0.06,0.16,0.33,0.90,1.39,1.73,2.29,2.38,2.04,1.31,,0.02,0.07
2021-03-31,3972.89,19.40,22.15,0.07,0.16,0.35,0.92,1.40,1.74,2.31,2.41,2.03,1.30,,0.03,0.06
2021-04-01,4019.87,17.33,20.97,0.06,0.17,0.35,0.90,1.37,1.69,2.24,2.34,1.98,1.22,,0.02,0.07
2021-04-02,,,,0.07,0.19,0.39,0.97,1.42,1.72,2.27,2.35,,,,0.02,0.07
2021-04-05,4077.91,17.91,20.96,0.06,0.17,0.37,0.94,1.40,1.73,2.28,2.36,1.93,1.21,,0.03,0.07
2021-04-06,4073.94,18.12,21.16,0.06,0.16,0.35,0.88,1.34,1.67,2.24,2.32,1.95,1.25,,0.02,0.07
2021-04-07,4079.95,17.16,20.66,0.06,0.16,0.34,0.87,1.34,1.68,2.26,2.35,1.96,1.28,,0.02,0.07
2021-04-08,4097.17,16.95,20.59,0.05,0.14,0.33,0.85,1.30,1.64,2.22,2.32,1.98,1.29,,0.01,0.07
2021-04-09,4128.80,16.69,20.74,0.06,0.16,0.35,0.87,1.33,1.67,2.23,2.34,1.96,1.25,,0.02,0.07
2021-04-12,4127.99,16.91,20.82,0.06,0.18,0.38,0.89,1.35,1.69,2.24,2.34,1.95,1.24,,0.02,0.07
2021-04-13,4141.59,16.65,20.78,0.06,0.16,0.35,0.85,1.29,1.64,2.21,2.32,1.97,1.25,,0.03,0.07
2021-04-14,4124.66,16.99,21.06,0.06,0.16,0.35,0.87,1.31,1.64,2.22,2.32,1.98,1.26,,0.02,0.07
2021-04-15,4170.42,16.57,20.76,0.06,0.16,0.32,0.81,1.24,1.56,2.13,2.23,1.95,1.22,,0.02,0.07
2021-04-16,4185.47,16.25,20.53,0.06,0.16,0.34,0.84,1.26,1.59,2.15,2.26,1.97,1.26,,0.02,0.07
2021-04-19,4163.26,17.29,21.37,0.08,0.16,0.34,0.85,1.28,1.61,2.18,2.29,1.99,1.29,,0.02,0.07
2021-04-20,4134.94,18.68,22.35,0.07,0.15,0.31,0.81,1.25,1.58,2.16,2.27,2.00,1.29,,0.03,0.07
2021-04-21,4173.42,17.50,21.49,0.07,0.15,0.32,0.81,1.24,1.57,2.16,2.26,2.01,1.30,,0.03,0.07
2021-04-22,4134.98,18.71,22.52,0.06,0.16,0.32,0.81,1.24,1.57,2.13,2.24,1.99,1.29,,0.03,0.07
2021-04-23,4180.17,17.33,21.57,0.07,0.16,0.34,0.83,1.26,1.58,2.14,2.25,1.99,1.30,,0.03,0.07
2021-04-26,4187.62,17.64,21.54,0.06,0.18,0.35,0.85,1.27,1.58,2.13,2.24,1.98,1.29,,0.03,0.07
2021-04-27,4186.72,17.56,21.32,0.06,0.17,0.36,0.88,1.32,1.63,2.18,2.29,1.97,1.28,,0.01,0.07
2021-04-28,4183.18,17.28,21.13,0.05,0.17,0.35,0.86,1.31,1.63,2.19,2.29,1.98,1.29,,0.01,0.07
2021-04-29,4211.47,17.61,21.31,0.05,0.16,0.35,0.86,1.32,1.65,2.20,2.31,1.97,1.27,,0.01,0.06
2021-04-30,4181.17,18.61,22.07,0.05,0.16,0.35,0.86,1.32,1.65,2.19,2.30,1.96,1.29,,0.01,0.05
2021-05-03,4192.66,18.31,21.74,0.06,0.16,0.33,0.84,1.29,1.63,2.18,2.30,1.96,1.29,,0.04,0.06
2021-05-04,4164.66,19.48,22.67,0.06,0.16,0.33,0.82,1.28,1.61,2.16,2.27,1.97,1.29,,0.02,0.06
2021-05-05,4167.59,19.15,22.26,0.06,0.16,0.32,0.80,1.25,1.59,2.14,2.25,1.98,1.30,,0.02,0.06
2021-05-06,4201.62,18.39,21.88,0.05,0.16,0.32,0.81,1.25,1.58,2.14,2.24,1.96,1.29,,0.02,0.06
2021-05-07,4232.60,16.69,20.79,0.05,0.14,0.29,0.77,1.24,1.60,2.17,2.28,1.97,1.31,,0.02,0.06
2021-05-10,4188.43,19.66,22.40,0.05,0.16,0.32,0.80,1.27,1.63,2.20,2.32,1.98,1.32,,0.02,0.06
2021-05-11,4152.10,21.84,24.23,0.05,0.16,0.31,0.80,1.28,1.64,2.23,2.35,2.01,1.37,,0.01,0.06
2021-05-12,4063.04,27.59,28.18,0.05,0.16,0.35,0.87,1.34,1.69,2.29,2.40,2.02,1.39,,0.02,0.06
2021-05-13,4112.50,23.13,25.26,0.05,0.16,0.33,0.84,1.31,1.66,2.28,2.39,2.04,1.39,,0.02,0.06
2021-05-14,4173.85,18.81,22.26,0.06,0.16,0.33,0.82,1.29,1.63,2.25,2.35,2.03,1.37,,0.01,0.06
2021-05-17,4163.29,19.72,23.14,0.06,0.16,0.34,0.84,1.30,1.64,2.27,2.36,2.02,1.36,,0.02,0.06
2021-05-18,4127.83,21.34,24.22,0.06,0.16,0.34,0.83,1.29,1.64,2.27,2.37,2.03,1.37,,0.02,0.06
2021-05-19,4115.68,22.18,25.27,0.05,0.16,0.35,0.87,1.34,1.68,2.30,2.38,2.02,1.36,,0.01,0.06
2021-05-20,4159.12,20.67,23.81,0.05,0.15,0.34,0.83,1.29,1.63,2.25,2.34,2.02,1.35,,0.01,0.06
2021-05-21,4155.86,20.15,23.49,0.04,0.17,0.34,0.84,1.29,1.63,2.24,2.33,2.01,1.34,,0.01,0.06
2021-05-24,4197.05,18.40,22.23,0.04,0.15,0.32,0.82,1.28,1.61,2.22,2.31,2.00,1.33,,0.02,0.06
2021-05-25,4188.13,18.84,22.40,0.04,0.15,0.30,0.79,1.23,1.56,2.16,2.26,2.01,1.33,,0.02,0.06
2021-05-26,4195.99,17.36,21.30,0.04,0.14,0.31,0.80,1.24,1.58,2.17,2.27,1.98,1.30,,0.02,0.06
2021-05-27,4200.88,16.74,20.31,0.04,0.14,0.31,0.81,1.28,1.61,2.20,2.29,1.98,1.32,,0.02,0.06
2021-05-28,4204.11,16.76,20.48,0.05,0.14,0.30,0.79,1.24,1.58,2.18,2.26,1.99,1.32,,0.01,0.05
2021-06-01,4202.04,17.90,21.34,0.04,0.16,0.31,0.81,1.28,1.62,2.22,2.30,1.97,1.31,,0.02,0.06
2021-06-02,4208.12,17.48,21.42,0.05,0.13,0.30,0.80,1.26,1.59,2.21,2.28,1.98,1.35,,0.02,0.06
2021-06-03,4192.85,18.04,21.82,0.04,0.16,0.34,0.84,1.30,1.63,2.22,2.30,1.96,1.33,,0.02,0.06
2021-06-04,4229.89,16.42,20.62,0.05,0.14,0.32,0.78,1.23,1.56,2.16,2.24,1.98,1.32,,0.02,0.06
2021-06-07,4226.52,16.42,20.55,0.05,0.16,0.33,0.79,1.24,1.57,2.17,2.25,1.98,1.34,,0.02,0.06
2021-06-08,4227.26,17.07,20.85,0.05,0.14,0.32,0.77,1.20,1.53,2.13,2.21,1.98,1.33,,0.02,0.06
2021-06-09,4219.55,17.89,21.28,0.05,0.16,0.31,0.75,1.17,1.50,2.10,2.17,1.96,1.31,,0.03,0.06
2021-06-10,4239.18,16.10,20.08,0.05,0.14,0.30,0.73,1.14,1.45,2.07,2.15,2.00,1.36,,0.03,0.06
2021-06-11,4247.44,15.65,19.64,0.05,0.16,0.31,0.76,1.16,1.47,2.08,2.15,1.97,1.33,,0.03,0.06
2021-06-14,4255.15,16.39,20.14,0.05,0.16,0.33,0.80,1.20,1.51,2.12,2.19,1.96,1.32,,0.03,0.06
2021-06-15,4246.59,17.02,20.68,0.08,0.16,0.34,0.79,1.21,1.51,2.12,2.20,1.96,1.32,,0.03,0.06
2021-06-16,4223.70,18.15,21.26,0.08,0.21,0.41,0.89,1.29,1.57,2.13,2.20,1.91,1.23,,0.04,0.06
2021-06-17,4221.86,17.75,20.98,0.08,0.23,0.43,0.90,1.27,1.52,2.05,2.11,1.84,1.19,,0.04,0.10
2021-06-18,4166.45,20.70,22.93,0.09,0.26,0.47,0.89,1.22,1.45,1.97,2.01,1.85,1.19,,0.05,0.10
2021-06-21,4224.79,17.89,21.12,0.09,0.27,0.48,0.90,1.25,1.50,2.05,2.11,1.88,1.21,,0.05,0.10
2021-06-22,4246.44,16.66,20.07,0.09,0.25,0.44,0.87,1.23,1.48,2.03,2.10,1.90,1.24,,0.04,0.10
2021-06-23,4241.84,16.32,19.70,0.08,0.26,0.47,0.90,1.25,1.50,2.04,2.11,1.89,1.22,,0.05,0.10
2021-06-24,4266.49,15.97,19.26,0.08,0.26,0.48,0.90,1.26,1.49,2.03,2.10,1.88,1.22,,0.05,0.10
2021-06-25,4280.70,15.62,19.00,0.09,0.28,0.48,0.92,1.29,1.54,2.09,2.16,1.90,1.23,,0.06,0.10
2021-06-28,4290.61,15.76,19.02,0.08,0.25,0.47,0.90,1.25,1.49,2.04,2.10,1.88,1.18,,0.05,0.10
2021-06-29,4291.80,16.02,19.49,0.08,0.27,0.47,0.89,1.24,1.49,2.03,2.10,1.87,1.18,,0.04,0.10
2021-06-30,4297.50,15.83,19.51,0.07,0.25,0.46,0.87,1.21,1.45,2.00,2.06,1.87,1.18,,0.05,0.08
2021-07-01,4319.94,15.48,19.45,0.09,0.25,0.47,0.89,1.24,1.48,2.01,2.07,1.86,1.16,,0.05,0.10
2021-07-02,4352.34,15.07,19.30,0.08,0.24,0.45,0.86,1.19,1.44,1.98,2.05,1.87,1.18,,0.05,0.10
2021-07-06,4343.54,16.44,20.26,0.07,0.22,0.42,0.81,1.13,1.37,1.92,2.00,1.90,1.23,,0.05,0.10
2021-07-07,4358.13,16.20,20.41,0.08,0.22,0.41,0.79,1.09,1.33,1.87,1.94,1.89,1.24,,0.05,0.10
2021-07-08,4320.82,19.00,21.98,0.07,0.19,0.37,0.74,1.06,1.30,1.84,1.91,1.91,1.24,,0.06,0.10
2021-07-09,4369.55,16.18,20.44,0.08,0.23,0.41,0.79,1.12,1.37,1.91,1.99,1.91,1.25,,0.06,0.10
2021-07-12,4384.63,16.17,20.46,0.08,0.23,0.43,0.81,1.13,1.38,1.93,2.00,1.91,1.26,,0.05,0.10
2021-07-13,4369.21,17.12,21.13,0.08,0.26,0.47,0.85,1.16,1.42,1.96,2.04,1.91,1.25,,0.05,0.10
2021-07-14,4374.30,16.33,20.62,0.08,0.23,0.44,0.80,1.11,1.37,1.91,1.98,1.91,1.25,,0.06,0.10
2021-07-15,4360.03,17.01,21.09,0.07,0.23,0.43,0.78,1.07,1.31,1.85,1.92,1.92,1.24,,0.05,0.10
2021-07-16,4327.16,18.45,22.07,0.08,0.25,0.43,0.79,1.08,1.31,1.86,1.93,1.93,1.25,,0.05,0.10
2021-07-19,4258.49,22.50,24.90,0.07,0.21,0.38,0.70,0.97,1.19,1.74,1.81,1.97,1.30,,0.05,0.10
2021-07-20,4323.06,19.73,23.20,0.08,0.20,0.37,0.69,0.98,1.23,1.79,1.88,1.98,1.29,,0.05,0.10
2021-07-21,4358.69,17.91,21.87,0.07,0.22,0.39,0.74,1.05,1.30,1.87,1.94,1.96,1.27,,0.05,0.10
2021-07-22,4367.48,17.69,21.86,0.07,0.20,0.37,0.71,1.02,1.27,1.82,1.90,1.95,1.27,,0.05,0.10
2021-07-23,4411.79,17.20,21.65,0.07,0.22,0.38,0.72,1.04,1.30,1.85,1.92,1.93,1.27,,0.05,0.10
2021-07-26,4422.30,17.58,21.74,0.08,0.22,0.38,0.73,1.04,1.29,1.85,1.93,1.94,1.27,,0.05,0.10
2021-07-27,4401.46,19.36,23.00,0.07,0.20,0.37,0.71,1.01,1.25,1.81,1.89,1.95,1.28,,0.05,0.10
2021-07-28,4400.64,18.31,22.35,0.07,0.20,0.38,0.72,1.01,1.26,1.83,1.90,1.96,1.26,,0.05,0.10
2021-07-29,4419.15,17.70,21.88,0.08,0.20,0.37,0.73,1.04,1.28,1.84,1.91,1.94,1.23,,0.06,0.10
2021-07-30,4395.26,18.24,22.18,0.07,0.19,0.35,0.69,1.00,1.24,1.81,1.89,1.95,1.27,,0.06,0.07
2021-08-02,4387.16,19.46,23.05,0.07,0.17,0.33,0.66,0.96,1.20,1.77,1.86,1.95,1.28,,0.05,0.10
2021-08-03,4423.15,18.04,22.18,0.07,0.17,0.33,0.65,0.95,1.19,1.76,1.85,1.97,1.30,,0.05,0.10
2021-08-04,4402.66,17.97,22.17,0.07,0.17,0.34,0.67,0.96,1.19,1.74,1.83,1.96,1.30,,0.05,0.10
2021-08-05,4429.10,17.28,21.52,0.08,0.21,0.38,0.72,1.01,1.23,1.77,1.86,1.95,1.27,,0.05,0.10
2021-08-06,4436.52,16.15,20.87,0.09,0.21,0.42,0.77,1.07,1.31,1.85,1.94,1.94,1.27,,0.06,0.10
2021-08-09,4432.35,16.72,21.27,0.08,0.23,0.43,0.79,1.09,1.33,1.87,1.96,1.95,1.27,,0.06,0.10
2021-08-10,4436.75,16.79,21.21,0.08,0.24,0.47,0.82,1.12,1.36,1.90,1.99,1.95,1.26,,0.05,0.10
2021-08-11,4447.70,16.06,20.67,0.08,0.23,0.45,0.81,1.11,1.35,1.90,1.99,1.99,1.31,,0.05,0.10
2021-08-12,4460.83,15.59,20.25,0.09,0.23,0.46,0.83,1.13,1.36,1.92,2.03,1.99,1.30,,0.06,0.10
2021-08-13,4468.00,15.45,20.26,0.08,0.23,0.44,0.79,1.08,1.29,1.85,1.94,1.98,1.29,,0.06,0.10
2021-08-16,4479.71,16.12,20.64,0.08,0.21,0.42,0.75,1.04,1.26,1.82,1.92,1.97,1.28,,0.06,0.10
2021-08-17,4448.08,17.91,21.70,0.07,0.23,0.43,0.77,1.05,1.26,1.82,1.92,1.98,1.28,,0.07,0.10
2021-08-18,4400.27,21.57,23.80,0.07,0.23,0.43,0.79,1.06,1.27,1.84,1.91,1.97,1.26,,0.07,0.09
2021-08-19,4405.80,21.67,24.20,0.06,0.22,0.44,0.78,1.04,1.24,1.80,1.88,1.98,1.28,,0.06,0.09
2021-08-20,4441.67,18.56,22.41,0.06,0.23,0.44,0.80,1.06,1.26,1.79,1.87,1.96,1.25,,0.05,0.09
2021-08-23,4479.53,17.15,21.20,0.07,0.23,0.43,0.78,1.05,1.25,1.79,1.87,1.97,1.24,,0.05,0.09
2021-08-24,4486.23,17.22,21.22,0.06,0.24,0.44,0.80,1.08,1.29,1.83,1.91,1.95,1.24,,0.05,0.09
2021-08-25,4496.19,16.79,20.79,0.07,0.23,0.47,0.84,1.13,1.35,1.88,1.96,1.93,1.23,,0.06,0.09
2021-08-26,4470.00,18.84,21.86,0.07,0.25,0.46,0.84,1.13,1.34,1.87,1.94,1.92,1.23,,0.05,0.09
2021-08-27,4509.37,16.39,20.61,0.07,0.22,0.41,0.79,1.09,1.31,1.84,1.91,1.92,1.23,,0.05,0.08
2021-08-30,4528.79,16.19,20.40,0.08,0.20,0.40,0.77,1.07,1.29,1.82,1.90,1.92,1.22,,0.05,0.08
2021-08-31,4522.68,16.48,20.42,0.07,0.20,0.40,0.77,1.08,1.30,1.85,1.92,1.94,1.24,,0.04,0.06
2021-09-01,4524.09,16.11,20.08,0.07,0.20,0.42,0.78,1.08,1.31,1.84,1.92,1.92,1.23,,0.05,0.08
2021-09-02,4536.95,16.41,20.13,0.07,0.20,0.42,0.78,1.07,1.29,1.83,1.90,1.92,1.22,,0.05,0.08
2021-09-03,4535.43,16.41,20.32,0.08,0.21,0.42,0.78,1.09,1.33,1.87,1.94,1.91,1.21,,0.05,0.08
2021-09-07,4520.03,18.14,21.53,0.08,0.22,0.45,0.82,1.14,1.38,1.91,1.99,1.91,1.21,,0.05,0.08
2021-09-08,4514.07,17.96,21.59,0.08,0.22,0.43,0.81,1.11,1.35,1.88,1.95,1.91,1.20,,0.05,0.08
2021-09-09,4493.28,18.80,22.06,0.07,0.23,0.43,0.79,1.08,1.30,1.83,1.90,1.90,1.21,,0.04,0.08
2021-09-10,4458.58,20.95,23.31,0.08,0.23,0.45,0.82,1.12,1.35,1.86,1.94,1.88,1.16,,0.05,0.08
2021-09-13,4468.73,19.37,22.47,0.07,0.21,0.44,0.81,1.11,1.33,1.83,1.91,1.87,1.15,,0.06,0.08
2021-09-14,4443.05,19.46,22.55,0.07,0.21,0.43,0.79,1.07,1.28,1.78,1.85,1.87,1.14,,0.04,0.08
2021-09-15,4480.70,18.18,21.76,0.07,0.21,0.43,0.81,1.10,1.31,1.80,1.87,1.85,1.13,,0.04,0.08
2021-09-16,4473.75,18.69,21.81,0.07,0.23,0.46,0.84,1.13,1.34,1.83,1.88,1.84,1.11,,0.04,0.08
2021-09-17,4432.99,20.81,23.22,0.07,0.23,0.47,0.88,1.17,1.37,1.85,1.91,1.83,1.11,,0.04,0.08
2021-09-20,4357.73,25.71,26.40,0.07,0.23,0.45,0.83,1.12,1.31,1.79,1.85,1.84,1.11,,0.04,0.08
2021-09-21,4354.19,24.36,25.47,0.07,0.22,0.46,0.84,1.13,1.33,1.81,1.86,1.83,1.12,,0.03,0.08
2021-09-22,4395.64,20.87,23.05,0.08,0.25,0.48,0.86,1.13,1.32,1.78,1.84,1.83,1.13,,0.03,0.08
2021-09-23,4448.98,18.63,21.37,0.08,0.27,0.53,0.94,1.22,1.41,1.87,1.92,1.81,1.11,,0.03,0.08
2021-09-24,4455.48,17.75,20.82,0.08,0.29,0.55,0.97,1.27,1.47,1.94,1.99,1.80,1.12,,0.03,0.08
2021-09-27,4443.11,18.76,21.40,0.09,0.31,0.56,0.98,1.30,1.48,1.95,1.99,1.78,1.11,,0.04,0.08
2021-09-28,4352.63,23.25,24.03,0.09,0.31,0.55,1.02,1.34,1.54,2.02,2.07,1.80,1.14,,0.04,0.08
2021-09-29,4359.46,22.56,23.72,0.09,0.30,0.55,1.01,1.34,1.55,2.04,2.09,1.81,1.14,,0.04,0.08
2021-09-30,4307.54,23.14,23.87,0.09,0.28,0.53,0.98,1.32,1.52,2.02,2.08,1.85,1.18,,0.04,0.06
2021-10-01,4357.04,21.15,23.05,0.09,0.27,0.49,0.93,1.26,1.48,1.99,2.04,1.85,1.17,,0.04,0.08
2021-10-04,4300.46,22.96,24.11,0.09,0.27,0.52,0.95,1.27,1.49,1.99,2.05,1.85,1.16,,0.04,0.08
2021-10-05,4345.72,21.30,23.11,0.09,0.28,0.54,0.98,1.32,1.54,2.04,2.10,1.84,1.17,,0.04,0.08
2021-10-06,4363.55,21.00,22.84,0.10,0.30,0.55,0.99,1.32,1.53,2.02,2.08,1.84,1.16,,0.04,0.08
2021-10-07,4399.76,19.54,22.12,0.10,0.32,0.57,1.02,1.36,1.58,2.08,2.13,1.85,1.17,,0.05,0.08
2021-10-08,4391.34,18.77,21.88,0.09,0.32,0.59,1.05,1.39,1.61,2.11,2.16,1.84,1.16,,0.05,0.08
2021-10-11,4361.19,20.00,22.39,,,,,,,,,,,,,0.08
2021-10-12,4350.65,19.85,22.33,0.10,0.35,0.64,1.08,1.39,1.59,2.05,2.10,1.82,1.16,,0.06,0.08
2021-10-13,4363.80,18.64,21.54,0.11,0.37,0.66,1.09,1.38,1.56,2.00,2.05,1.79,1.10,,0.05,0.08
2021-10-14,4438.26,16.86,20.37,0.10,0.36,0.62,1.05,1.34,1.52,1.97,2.02,1.81,1.10,,0.05,0.08
2021-10-15,4471.37,16.30,20.30,0.12,0.41,0.70,1.13,1.42,1.59,2.02,2.05,1.76,1.07,,0.05,0.08
2021-10-18,4486.46,16.31,20.29,0.11,0.44,0.72,1.16,1.43,1.59,1.99,2.01,1.72,1.04,,0.06,0.08
2021-10-19,4519.63,15.70,19.98,0.11,0.41,0.71,1.17,1.47,1.65,2.07,2.09,1.72,1.05,,0.05,0.08
2021-10-20,4536.19,15.49,19.87,0.10,0.40,0.70,1.16,1.46,1.65,2.09,2.12,1.75,1.08,,0.05,0.08
2021-10-21,4549.78,15.01,19.48,0.12,0.45,0.78,1.23,1.52,1.68,2.10,2.13,1.74,1.08,,0.06,0.08
2021-10-22,4544.90,15.43,20.01,0.13,0.48,0.79,1.22,1.49,1.66,2.06,2.08,1.72,1.06,,0.06,0.08
2021-10-25,4566.48,15.24,19.56,0.14,0.47,0.76,1.19,1.47,1.64,2.07,2.09,1.73,1.08,,0.06,0.08
2021-10-26,4574.79,15.98,20.11,0.14,0.47,0.77,1.20,1.46,1.63,2.03,2.05,1.71,1.07,,0.06,0.08
2021-10-27,4551.68,16.98,20.89,0.12,0.50,0.77,1.16,1.41,1.54,1.93,1.95,1.69,1.05,,0.06,0.08
2021-10-28,4596.42,16.53,20.48,0.15,0.50,0.77,1.18,1.44,1.57,1.98,1.96,1.69,1.04,,0.06,0.08
2021-10-29,4605.38,16.26,20.37,0.15,0.48,0.75,1.18,1.44,1.55,1.98,1.93,1.69,1.04,,0.05,0.07
2021-11-01,4613.67,16.41,20.39,0.15,0.50,0.79,1.20,1.46,1.58,2.01,1.98,1.69,1.03,,0.05,0.08
2021-11-02,4630.65,16.03,20.10,0.15,0.46,0.73,1.15,1.42,1.56,1.97,1.96,1.71,1.07,,0.05,0.08
2021-11-03,4660.57,15.10,19.50,0.17,0.47,0.77,1.19,1.46,1.60,2.01,2.00,1.70,1.04,,0.05,0.08
2021-11-04,4680.06,15.44,19.70,0.14,0.41,0.69,1.10,1.37,1.53,1.96,1.96,1.73,1.05,,0.04,0.08
2021-11-05,4697.53,16.48,20.49,0.14,0.39,0.66,1.04,1.30,1.45,1.88,1.87,1.73,1.05,,0.05,0.08
2021-11-08,4701.70,17.22,20.98,0.16,0.45,0.75,1.13,1.38,1.51,1.91,1.89,1.67,0.99,,0.06,0.08
2021-11-09,4685.25,17.78,21.41,0.14,0.41,0.71,1.08,1.32,1.46,1.86,1.83,1.67,1.00,,0.04,0.08
2021-11-10,4646.71,18.73,22.00,0.17,0.51,0.83,1.23,1.45,1.56,1.96,1.92,1.66,1.01,,0.05,0.08
2021-11-11,4649.27,17.66,21.38,,,,,,,,,,,,,0.08
2021-11-12,4682.85,16.29,20.69,0.17,0.53,0.85,1.24,1.47,1.58,1.99,1.95,1.69,1.03,,0.05,0.08
2021-11-15,4682.80,16.49,20.87,0.18,0.53,0.87,1.26,1.51,1.63,2.05,2.01,1.70,1.03,,0.05,0.08
2021-11-16,4700.90,16.37,20.90,0.17,0.54,0.87,1.27,1.52,1.63,2.06,2.02,1.72,1.08,,0.05,0.08
2021-11-17,4688.67,17.11,21.58,0.18,0.52,0.85,1.24,1.49,1.60,2.04,2.00,1.74,1.06,,0.05,0.08
2021-11-18,4704.54,17.59,21.90,0.18,0.52,0.84,1.22,1.47,1.59,2.01,1.97,1.73,1.10,,0.05,0.08
2021-11-19,4697.96,17.91,21.92,0.18,0.52,0.86,1.22,1.45,1.54,1.95,1.91,1.73,1.09,,0.05,0.08
2021-11-22,4682.94,19.17,22.63,0.20,0.63,0.95,1.33,1.55,1.63,2.03,1.98,1.71,1.07,,0.05,0.08
2021-11-23,4690.70,19.38,22.45,0.21,0.60,0.95,1.33,1.58,1.67,2.08,2.02,1.73,1.09,,0.06,0.08
2021-11-24,4701.46,18.58,21.90,0.24,0.64,0.97,1.34,1.58,1.64,2.03,1.96,1.72,1.08,,0.06,0.08
2021-11-26,4594.62,28.62,29.17,0.20,0.50,0.81,1.16,1.40,1.48,1.89,1.83,1.82,1.13,,0.06,0.08
2021-11-29,4655.27,22.96,25.04,0.21,0.51,0.83,1.18,1.42,1.52,1.93,1.87,1.81,1.15,,0.06,0.08
2021-11-30,4567.00,27.19,28.13,0.24,0.52,0.81,1.14,1.36,1.43,1.85,1.78,1.81,1.14,,0.05,0.07
2021-12-01,4513.04,31.12,30.79,0.25,0.56,0.85,1.15,1.35,1.43,1.84,1.77,1.81,1.16,,0.06,0.08
2021-12-02,4577.10,27.95,29.15,0.27,0.63,0.90,1.21,1.38,1.44,1.87,1.76,1.80,1.15,,0.05,0.08
2021-12-03,4538.43,30.67,31.78,0.26,0.60,0.86,1.13,1.29,1.35,1.77,1.69,1.81,1.14,,0.06,0.08
2021-12-06,4591.67,27.18,28.88,0.28,0.65,0.91,1.21,1.38,1.43,1.84,1.75,1.79,1.11,,0.06,0.08
2021-12-07,4686.75,21.89,24.96,0.31,0.70,0.99,1.26,1.43,1.48,1.88,1.80,1.75,1.08,,0.06,0.08
2021-12-08,4701.21,19.90,23.63,0.29,0.68,0.99,1.27,1.44,1.52,1.93,1.87,1.79,1.11,,0.07,0.08
2021-12-09,4667.45,21.58,24.66,0.28,0.70,0.99,1.26,1.42,1.49,1.91,1.87,1.81,1.16,,0.06,0.08
2021-12-10,4712.02,18.69,23.18,0.27,0.67,0.98,1.25,1.42,1.48,1.91,1.88,1.83,1.19,,0.06,0.08
2021-12-13,4668.97,20.31,24.32,0.27,0.66,0.95,1.21,1.37,1.42,1.86,1.81,1.82,1.18,,0.05,0.08
2021-12-14,4634.09,21.89,25.35,0.26,0.67,0.98,1.23,1.39,1.44,1.87,1.82,1.82,1.16,,0.05,0.08
2021-12-15,4709.85,19.29,23.30,0.29,0.69,1.00,1.26,1.42,1.47,1.91,1.86,1.83,1.20,,0.06,0.08
2021-12-16,4668.67,20.57,24.37,0.26,0.64,0.92,1.19,1.36,1.44,1.91,1.87,1.87,1.23,,0.05,0.08
2021-12-17,4620.64,21.57,25.38,0.27,0.66,0.93,1.18,1.34,1.41,1.87,1.82,1.87,1.22,,0.05,0.08
2021-12-20,4568.02,22.87,26.31,0.27,0.65,0.91,1.17,1.34,1.43,1.90,1.85,1.89,1.23,,0.07,0.08
2021-12-21,4649.23,21.01,25.00,0.29,0.70,0.96,1.24,1.40,1.48,1.92,1.89,1.88,1.22,,0.07,0.08
2021-12-22,4696.56,18.63,23.56,0.28,0.68,0.96,1.23,1.39,1.46,1.89,1.86,1.86,1.23,,0.08,0.08
2021-12-23,4725.79,17.96,23.24,0.31,0.71,0.97,1.25,1.42,1.50,1.94,1.91,1.86,1.24,,0.08,0.08
2021-12-27,4791.19,17.68,22.74,0.33,0.76,0.98,1.26,1.41,1.48,1.92,1.88,1.86,1.25,,0.06,0.08
2021-12-28,4786.35,17.54,22.33,0.39,0.74,0.99,1.27,1.41,1.49,1.94,1.90,1.86,1.22,,0.06,0.08
2021-12-29,4793.06,16.95,21.83,0.38,0.75,0.99,1.29,1.47,1.55,2.00,1.96,1.85,1.15,,0.05,0.08
2021-12-30,4778.73,17.33,21.88,0.38,0.73,0.98,1.27,1.44,1.52,1.97,1.93,1.85,1.19,,0.05,0.08
2021-12-31,4766.18,17.22,21.88,0.39,0.73,0.97,1.26,1.44,1.52,1.94,1.90,,,,0.06,0.07
2022-01-03,4796.56,16.60,21.53,0.40,0.78,1.04,1.37,1.55,1.63,2.05,2.01,1.82,1.16,,0.09,0.08
2022-01-04,4793.54,16.91,21.62,0.38,0.77,1.02,1.37,1.57,1.66,2.10,2.07,1.84,1.16,,0.08,0.08
2022-01-05,4700.58,19.73,23.47,0.41,0.83,1.10,1.43,1.62,1.71,2.12,2.09,1.80,1.13,,0.09,0.08
2022-01-06,4696.05,19.61,23.50,0.45,0.88,1.15,1.47,1.66,1.73,2.12,2.09,1.78,1.08,,0.10,0.08
2022-01-07,4677.03,18.76,22.87,0.43,0.87,1.17,1.50,1.69,1.76,2.15,2.11,1.78,1.12,,0.10,0.08
2022-01-10,4670.29,19.40,22.68,0.46,0.92,1.21,1.53,1.71,1.78,2.15,2.11,1.76,1.14,,0.13,0.08
2022-01-11,4713.07,18.41,21.98,0.46,0.90,1.22,1.51,1.69,1.75,2.13,2.08,1.76,1.11,,0.12,0.08
2022-01-12,4726.35,17.62,21.58,0.48,0.92,1.21,1.50,1.67,1.74,2.13,2.08,1.77,1.12,,0.12,0.08
2022-01-13,4659.03,20.31,23.41,0.47,0.91,1.18,1.47,1.64,1.70,2.10,2.05,1.80,1.13,,0.12,0.08
2022-01-14,4662.85,19.19,22.82,0.51,0.99,1.26,1.55,1.72,1.78,2.18,2.12,1.79,1.14,,0.13,0.08
2022-01-18,4577.11,22.79,25.12,0.58,1.06,1.35,1.65,1.82,1.87,2.24,2.18,1.78,1.13,,0.17,0.08
2022-01-19,4532.76,23.85,25.81,0.57,1.04,1.33,1.62,1.78,1.83,2.20,2.14,1.77,1.12,,0.17,0.08
2022-01-20,4482.73,25.59,27.25,0.60,1.08,1.34,1.62,1.77,1.83,2.19,2.14,1.79,1.17,,0.18,0.08
2022-01-21,4397.94,28.85,29.95,0.58,1.01,1.28,1.54,1.70,1.75,2.13,2.07,1.84,1.20,,0.17,0.08
2022-01-24,4410.13,29.90,30.82,0.58,0.99,1.25,1.53,1.69,1.75,2.15,2.10,1.89,1.27,,0.20,0.08
2022-01-25,4356.45,31.16,31.76,0.65,1.02,1.28,1.56,1.73,1.78,2.18,2.12,1.91,1.26,,0.20,0.08
2022-01-26,4349.93,31.96,31.95,0.70,1.13,1.39,1.66,1.81,1.85,2.22,2.16,1.84,1.22,,0.19,0.08
2022-01-27,4326.51,30.49,30.87,0.75,1.18,1.43,1.66,1.78,1.81,2.17,2.09,1.86,1.20,,0.20,0.08
2022-01-28,4431.85,27.66,28.82,0.75,1.15,1.38,1.61,1.74,1.78,2.14,2.07,1.91,1.27,,0.19,0.08
2022-01-31,4515.55,24.83,26.85,0.78,1.18,1.39,1.62,1.75,1.79,2.17,2.11,1.93,1.27,,0.24,0.08
2022-02-01,4546.54,21.96,24.76,0.78,1.18,1.39,1.63,1.76,1.81,2.19,2.12,1.92,1.27,,0.20,0.08
2022-02-02,4589.38,22.09,25.14,0.76,1.16,1.38,1.60,1.74,1.78,2.17,2.11,1.91,1.27,,0.20,0.08
2022-02-03,4477.44,24.35,26.67,0.78,1.19,1.42,1.66,1.78,1.82,2.20,2.14,1.92,1.30,,0.21,0.08
2022-02-04,4500.53,23.22,26.25,0.89,1.31,1.55,1.78,1.90,1.93,2.29,2.23,1.92,1.29,,0.23,0.08
2022-02-07,4483.87,22.86,25.69,0.88,1.30,1.54,1.76,1.88,1.92,2.28,2.22,1.93,1.28,,0.28,0.08
2022-02-08,4521.54,21.44,24.54,0.91,1.35,1.59,1.81,1.93,1.96,2.31,2.25,1.91,1.25,,0.27,0.08
2022-02-09,4587.18,19.96,23.49,0.91,1.36,1.61,1.82,1.92,1.94,2.31,2.25,1.92,1.23,,0.27,0.08
2022-02-10,4504.08,23.91,26.07,1.14,1.61,1.82,1.96,2.03,2.03,2.37,2.30,1.91,1.22,,0.41,0.08
2022-02-11,4418.64,27.36,28.83,1.07,1.50,1.71,1.84,1.92,1.92,2.30,2.24,2.00,1.30,,0.37,0.08
2022-02-14,4401.67,28.33,29.44,1.13,1.58,1.80,1.90,1.98,1.98,2.35,2.29,2.00,1.28,,0.45,0.08
2022-02-15,4471.07,25.70,27.28,1.11,1.58,1.80,1.94,2.03,2.05,2.42,2.37,1.99,1.26,,0.41,0.08
2022-02-16,4475.01,24.29,26.26,1.09,1.52,1.75,1.90,2.00,2.03,2.39,2.34,2.05,1.32,,0.39,0.08
2022-02-17,4380.26,28.11,29.32,1.05,1.49,1.70,1.85,1.94,1.97,2.35,2.31,2.12,1.37,,0.37,0.08
2022-02-18,4348.87,27.75,29.22,1.03,1.47,1.68,1.82,1.90,1.92,2.30,2.24,2.13,1.37,,0.35,0.08
2022-02-22,4304.76,28.81,29.11,1.17,1.56,1.74,1.85,1.93,1.94,2.31,2.24,2.13,1.40,,0.39,0.08
2022-02-23,4225.50,31.02,30.88,1.16,1.58,1.78,1.89,1.98,1.99,2.36,2.29,2.10,1.37,,0.36,0.08
2022-02-24,4288.70,30.32,30.05,1.08,1.54,1.73,1.84,1.94,1.96,2.36,2.28,2.24,1.40,,0.33,0.08
2022-02-25,4384.65,27.59,28.04,1.13,1.55,1.76,1.86,1.96,1.97,2.37,2.29,2.20,1.40,,0.33,0.08
2022-02-28,4373.94,30.15,29.65,1.01,1.44,1.62,1.71,1.81,1.83,2.25,2.17,2.34,1.43,,0.37,0.08
2022-03-01,4306.26,33.32,32.59,0.91,1.31,1.47,1.56,1.67,1.72,2.19,2.11,2.25,1.48,,0.32,0.08
2022-03-02,4386.54,30.74,30.97,1.06,1.50,1.67,1.74,1.83,1.86,2.32,2.24,2.24,1.46,,0.33,0.08
2022-03-03,4363.49,30.48,30.80,1.08,1.53,1.69,1.74,1.82,1.86,2.32,2.24,2.24,1.45,,0.37,0.08
2022-03-04,4328.87,31.98,32.34,1.05,1.50,1.62,1.65,1.70,1.74,2.23,2.16,2.31,1.50,,0.33,0.08
2022-03-07,4201.09,36.45,35.74,1.07,1.55,1.68,1.71,1.77,1.78,2.29,2.19,2.32,1.53,,0.38,0.08
2022-03-08,4170.70,35.13,35.00,1.12,1.63,1.78,1.80,1.85,1.86,2.34,2.24,2.35,1.55,,0.36,0.08
2022-03-09,4277.88,32.45,33.06,1.15,1.68,1.83,1.87,1.92,1.94,2.38,2.29,2.32,1.47,,0.38,0.08
2022-03-10,4259.52,30.23,31.52,1.19,1.72,1.88,1.92,1.98,1.98,2.45,2.38,2.38,1.52,,0.38,0.08
2022-03-11,4204.31,30.75,32.34,1.22,1.75,1.91,1.96,2.01,2.00,2.45,2.36,2.35,1.47,,0.39,0.08
2022-03-14,4173.11,31.77,33.32,1.28,1.87,2.04,2.10,2.16,2.14,2.56,2.47,2.33,1.43,,0.45,0.08
2022-03-15,4262.45,29.83,31.96,1.28,1.85,2.04,2.10,2.16,2.15,2.57,2.49,2.36,1.48,,0.46,0.08
2022-03-16,4357.86,26.67,28.96,1.35,1.95,2.14,2.18,2.22,2.19,2.56,2.46,2.23,1.37,,0.43,0.08
2022-03-17,4411.67,25.67,28.22,1.30,1.94,2.14,2.17,2.22,2.20,2.60,2.50,2.17,1.27,,0.40,0.33
2022-03-18,4463.12,23.87,26.55,1.29,1.97,2.15,2.14,2.17,2.14,2.53,2.42,2.14,1.14,,0.41,0.33
2022-03-21,4461.18,23.53,26.38,1.40,2.14,2.34,2.33,2.36,2.32,2.67,2.55,2.07,1.14,,0.55,0.33
2022-03-22,4511.61,22.94,25.85,1.59,2.18,2.38,2.39,2.42,2.38,2.71,2.60,2.05,1.13,,0.51,0.33
2022-03-23,4456.24,23.57,26.41,1.52,2.13,2.32,2.34,2.37,2.32,2.65,2.52,2.03,1.19,,0.50,0.33
2022-03-24,4520.16,21.67,25.30,1.55,2.13,2.35,2.37,2.39,2.34,2.63,2.51,2.01,1.15,,0.50,0.33
2022-03-25,4543.06,20.81,24.72,1.67,2.30,2.51,2.55,2.56,2.48,2.74,2.60,1.96,1.06,,0.53,0.33
2022-03-28,4575.52,19.63,24.18,1.69,2.35,2.55,2.54,2.55,2.46,2.72,2.57,1.94,1.05,,0.60,0.33
2022-03-29,4631.60,18.90,23.19,1.67,2.35,2.54,2.49,2.50,2.41,2.68,2.53,1.91,1.06,,0.56,0.33
2022-03-30,4602.45,19.33,23.57,1.64,2.31,2.49,2.44,2.43,2.35,2.63,2.48,1.93,1.05,,0.55,0.33
2022-03-31,4530.41,20.56,24.46,1.63,2.28,2.45,2.42,2.40,2.32,2.59,2.44,1.93,1.06,,0.51,0.33
2022-04-01,4545.86,19.63,24.21,1.72,2.44,2.61,2.55,2.50,2.39,2.60,2.44,1.81,0.93,,0.52,0.33
2022-04-04,4582.64,18.57,23.03,1.72,2.43,2.61,2.56,2.52,2.42,2.64,2.48,1.81,0.91,,0.67,0.33
2022-04-05,4525.12,21.03,24.90,1.77,2.51,2.69,2.69,2.65,2.54,2.74,2.57,1.77,0.90,,0.65,0.33
2022-04-06,4481.15,22.10,25.80,1.79,2.50,2.67,2.70,2.69,2.61,2.81,2.63,1.77,0.90,,0.67,0.33
2022-04-07,4500.21,21.55,25.23,1.78,2.47,2.66,2.70,2.73,2.66,2.87,2.69,1.78,0.89,,0.68,0.33
2022-04-08,4488.28,21.16,25.17,1.81,2.53,2.73,2.76,2.79,2.72,2.94,2.76,1.78,0.88,,0.69,0.33
2022-04-11,4412.53,24.37,27.00,1.85,2.50,2.73,2.79,2.84,2.79,3.02,2.84,1.82,0.94,,0.78,0.33
2022-04-12,4397.45,24.26,27.17,1.77,2.39,2.58,2.66,2.73,2.72,2.99,2.82,1.92,1.03,,0.74,0.33
2022-04-13,4446.59,21.82,25.54,1.78,2.37,2.57,2.66,2.71,2.70,2.97,2.81,1.94,1.07,,0.75,0.33
2022-04-14,4392.59,22.70,26.03,1.84,2.47,2.67,2.79,2.84,2.83,3.09,2.92,1.93,1.05,,0.78,0.33
2022-04-18,4391.69,22.17,25.75,1.84,2.46,2.68,2.79,2.85,2.85,3.12,2.95,1.94,1.04,,0.82,0.33
2022-04-19,4462.21,21.37,25.06,1.94,2.61,2.81,2.91,2.95,2.93,3.19,3.01,1.91,1.02,,0.82,0.33
2022-04-20,4459.45,20.32,24.15,1.93,2.60,2.79,2.87,2.88,2.85,3.08,2.90,1.91,1.02,,0.82,0.33
2022-04-21,4393.66,22.68,26.11,2.01,2.68,2.87,2.96,2.96,2.90,3.12,2.94,1.93,1.02,,0.82,0.33
2022-04-22,4271.78,28.21,29.87,2.06,2.72,2.88,2.94,2.95,2.90,3.14,2.95,1.96,1.06,,0.82,0.33
2022-04-25,4296.12,27.02,29.07,2.03,2.63,2.79,2.84,2.85,2.81,3.06,2.88,2.03,1.11,,0.93,0.33
2022-04-26,4175.20,33.52,33.14,1.99,2.54,2.72,2.79,2.80,2.77,3.03,2.86,2.06,1.15,,0.84,0.33
2022-04-27,4183.96,31.60,32.20,1.97,2.58,2.75,2.81,2.84,2.82,3.08,2.91,2.05,1.15,,0.82,0.33
2022-04-28,4287.50,29.99,31.15,2.04,2.63,2.80,2.86,2.88,2.85,3.10,2.92,2.06,1.14,,0.81,0.33
2022-04-29,4131.93,33.40,33.18,2.10,2.70,2.87,2.92,2.94,2.89,3.14,2.96,2.05,1.12,,0.83,0.33
2022-05-02,4155.38,32.34,33.01,2.10,2.73,2.93,3.01,3.04,2.99,3.26,3.07,2.08,1.19,,0.90,0.33
2022-05-03,4175.48,29.25,30.81,2.16,2.78,2.95,3.01,3.03,2.97,3.21,3.03,2.05,1.14,,0.90,0.33
2022-05-04,4300.17,25.42,28.09,2.07,2.66,2.85,2.93,2.97,2.93,3.21,3.01,2.08,1.15,,0.88,0.33
2022-05-05,4146.87,31.20,32.68,2.08,2.71,2.91,3.01,3.07,3.05,3.35,3.15,2.10,1.23,,0.84,0.83
2022-05-06,4123.34,30.19,32.31,2.08,2.72,2.94,3.06,3.13,3.12,3.43,3.23,2.09,1.16,,0.84,0.83
2022-05-09,3991.24,34.75,35.05,1.99,2.61,2.81,2.95,3.04,3.05,3.38,3.19,2.17,1.23,,0.92,0.83
2022-05-10,4001.05,32.99,33.97,2.01,2.62,2.81,2.91,2.99,2.99,3.31,3.12,2.16,1.21,,0.89,0.83
2022-05-11,3935.18,32.56,33.63,1.99,2.66,2.81,2.89,2.94,2.91,3.25,3.05,2.17,1.21,,0.90,0.83
2022-05-12,3930.08,31.77,33.08,1.96,2.56,2.73,2.81,2.86,2.84,3.22,3.00,2.20,1.21,,0.95,0.83
2022-05-13,4023.89,28.87,30.70,2.04,2.61,2.79,2.89,2.95,2.93,3.32,3.10,2.24,1.26,,1.01,0.83
2022-05-16,4008.01,27.47,29.51,2.07,2.58,2.75,2.83,2.89,2.88,3.30,3.09,2.29,1.30,,1.07,0.83
2022-05-17,4088.85,26.10,28.37,2.16,2.71,2.89,2.96,3.00,2.98,3.36,3.17,2.27,1.28,,1.06,0.83
2022-05-18,3923.68,30.96,32.80,2.16,2.68,2.84,2.89,2.91,2.89,3.24,3.07,2.31,1.29,,1.02,0.83
2022-05-19,3900.79,29.35,30.79,2.11,2.63,2.78,2.84,2.87,2.84,3.24,3.05,2.37,1.34,,1.04,0.83
2022-05-20,3901.36,29.43,31.14,2.07,2.60,2.73,2.80,2.82,2.78,3.17,2.99,2.36,1.33,,1.01,0.83
2022-05-23,3973.75,28.48,30.29,2.09,2.65,2.80,2.88,2.90,2.86,3.26,3.08,2.33,1.29,,1.07,0.83
2022-05-24,3941.48,29.45,30.74,2.02,2.50,2.66,2.76,2.80,2.76,3.16,2.98,2.34,1.30,,1.05,0.83
2022-05-25,3978.73,28.37,29.73,2.01,2.48,2.63,2.71,2.76,2.75,3.14,2.97,2.29,1.26,,1.05,0.83
2022-05-26,4057.84,27.50,29.28,1.99,2.46,2.63,2.70,2.75,2.75,3.18,2.99,2.25,1.23,,1.06,0.83
2022-05-27,4158.24,25.72,28.02,2.01,2.47,2.64,2.71,2.76,2.74,3.16,2.97,2.26,1.21,,1.06,0.83
2022-05-30,,26.54,,,,,,,,,,,,,,0.83
2022-05-31,4132.15,26.19,27.99,2.08,2.53,2.71,2.81,2.87,2.85,3.28,3.07,2.18,1.15,,1.13,0.83
2022-06-01,4101.23,25.69,27.72,2.16,2.66,2.84,2.94,2.98,2.94,3.31,3.09,2.08,1.08,,1.12,0.83
2022-06-02,4176.82,24.72,27.06,2.15,2.65,2.83,2.92,2.95,2.92,3.30,3.09,2.10,1.10,,1.13,0.83
2022-06-03,4108.54,24.79,27.33,2.18,2.66,2.87,2.95,2.99,2.96,3.33,3.11,2.09,1.10,,1.17,0.83
2022-06-06,4121.43,25.07,27.22,2.23,2.73,2.94,3.03,3.07,3.04,3.41,3.19,2.08,1.10,,1.23,0.83
2022-06-07,4160.68,24.02,26.52,2.26,2.75,2.91,2.99,3.02,2.98,3.35,3.13,2.07,1.08,,1.24,0.83
2022-06-08,4115.77,23.96,26.54,2.29,2.78,2.94,3.03,3.06,3.03,3.40,3.18,2.07,1.10,,1.25,0.83
2022-06-09,4017.82,26.09,28.01,2.35,2.83,2.99,3.07,3.08,3.04,3.40,3.18,2.07,1.10,,1.26,0.83
2022-06-10,3900.86,27.75,29.72,2.58,3.06,3.21,3.25,3.24,3.15,3.45,3.20,2.04,1.05,,1.34,0.83
2022-06-13,3749.63,34.02,34.24,2.89,3.40,3.56,3.56,3.53,3.43,3.68,3.42,1.98,1.01,,1.69,0.83
2022-06-14,3735.48,32.69,33.28,3.15,3.45,3.60,3.61,3.60,3.49,3.72,3.45,1.99,1.01,,1.78,0.83
2022-06-15,3789.99,29.62,30.78,2.93,3.20,3.35,3.38,3.39,3.33,3.64,3.39,2.10,1.06,,1.69,0.83
2022-06-16,3666.77,32.95,33.49,2.88,3.14,3.33,3.35,3.36,3.28,3.59,3.35,2.13,1.13,,1.54,1.58
2022-06-17,3674.84,31.13,32.36,2.86,3.17,3.35,3.34,3.34,3.25,3.55,3.30,2.13,1.07,,1.58,1.58
2022-06-20,,31.03,,,,,,,,,,,,,,1.58
2022-06-21,3764.79,30.19,31.25,2.92,3.21,3.35,3.38,3.39,3.31,3.63,3.39,2.13,1.09,,1.66,1.58
2022-06-22,3759.89,28.95,30.24,2.79,3.06,3.20,3.22,3.24,3.16,3.49,3.25,2.17,1.11,,1.57,1.58
2022-06-23,3795.73,29.05,30.19,2.78,3.01,3.12,3.14,3.16,3.09,3.45,3.21,2.20,1.12,,1.59,1.58
2022-06-24,3911.74,27.23,28.95,2.83,3.04,3.13,3.18,3.19,3.13,3.51,3.26,2.22,1.12,,1.66,1.58
2022-06-27,3900.11,26.95,28.18,2.89,3.08,3.21,3.24,3.27,3.20,3.56,3.31,2.19,1.09,,1.75,1.58
2022-06-28,3821.55,28.36,29.15,2.88,3.10,3.21,3.25,3.27,3.20,3.55,3.30,2.22,1.10,,1.75,1.58
2022-06-29,3818.83,28.16,29.00,2.88,3.06,3.13,3.15,3.17,3.10,3.46,3.22,2.24,1.11,,1.73,1.58
2022-06-30,3785.38,28.71,29.71,2.80,2.92,2.99,3.01,3.04,2.98,3.38,3.14,2.31,1.21,,1.66,1.58
2022-07-01,3825.33,26.70,28.52,2.79,2.84,2.85,2.88,2.92,2.88,3.35,3.11,2.42,1.38,,1.66,1.58
2022-07-04,,27.53,,,,,,,,,,,,,,1.58
2022-07-05,3831.39,27.54,28.90,2.77,2.82,2.82,2.82,2.87,2.82,3.31,3.05,2.41,1.30,,1.86,1.58
2022-07-06,3845.08,26.73,28.39,2.82,2.97,2.99,2.96,2.99,2.93,3.42,3.14,2.39,1.24,,1.85,1.58
2022-07-07,3902.62,26.08,28.03,2.87,3.03,3.05,3.05,3.07,3.01,3.45,3.20,2.33,1.19,,1.89,1.58
2022-07-08,3899.38,24.64,27.30,2.96,3.12,3.14,3.13,3.16,3.09,3.53,3.27,2.31,1.14,,1.91,1.58
2022-07-11,3854.43,26.17,28.25,2.97,3.07,3.09,3.05,3.06,2.99,3.43,3.18,2.32,1.12,,2.13,1.58
2022-07-12,3818.80,27.29,28.82,3.07,3.03,3.07,3.01,3.01,2.96,3.37,3.13,2.31,1.17,,2.16,1.58
2022-07-13,3801.78,26.82,28.56,3.21,3.13,3.14,3.02,3.00,2.91,3.35,3.08,2.32,1.15,,2.33,1.58
2022-07-14,3790.38,26.40,28.61,3.16,3.15,3.16,3.06,3.05,2.96,3.36,3.11,2.31,1.13,,2.33,1.58
2022-07-15,3863.16,24.23,27.08,3.12,3.13,3.14,3.05,3.03,2.93,3.34,3.10,2.30,1.14,,2.29,1.58
2022-07-18,3830.85,25.30,27.82,3.13,3.15,3.15,3.06,3.05,2.96,3.39,3.14,2.28,1.11,,2.44,1.58
2022-07-19,3936.69,24.50,27.31,3.18,3.23,3.22,3.14,3.11,3.01,3.42,3.17,2.26,1.10,,2.46,1.58
2022-07-20,3959.90,23.88,26.70,3.18,3.25,3.25,3.18,3.15,3.04,3.43,3.17,2.20,1.04,,2.44,1.58
2022-07-21,3998.95,23.11,26.22,3.11,3.10,3.07,3.00,2.99,2.91,3.33,3.08,2.23,1.06,,2.40,1.58
2022-07-22,3961.63,23.03,25.97,3.01,2.98,2.93,2.87,2.85,2.77,3.23,3.00,2.28,1.14,,2.41,1.58
2022-07-25,3966.84,23.36,25.80,3.07,3.00,2.98,2.89,2.89,2.81,3.28,3.04,2.31,1.16,,2.55,1.58
2022-07-26,3921.05,24.69,26.42,3.06,3.02,3.01,2.89,2.88,2.81,3.27,3.03,2.29,1.15,,2.48,1.58
2022-07-27,4023.61,23.24,25.31,3.00,2.96,2.93,2.82,2.83,2.78,3.26,3.03,2.30,1.12,,2.37,1.58
2022-07-28,4072.43,22.33,24.33,2.93,2.85,2.81,2.69,2.69,2.68,3.23,3.02,2.42,1.22,,2.35,2.33
2022-07-29,4130.29,21.33,23.79,2.98,2.89,2.83,2.70,2.70,2.67,3.20,3.00,2.36,1.18,,2.34,2.32
2022-08-01,4118.63,22.84,24.86,2.98,2.90,2.82,2.66,2.64,2.60,3.12,2.92,2.38,1.20,,2.48,2.33
2022-08-02,4091.19,23.93,25.66,3.09,3.06,3.02,2.85,2.82,2.75,3.22,3.00,2.29,1.15,,2.48,2.33
2022-08-03,4155.17,21.95,24.37,3.14,3.10,3.04,2.86,2.81,2.73,3.17,2.96,2.29,1.18,,2.44,2.33
2022-08-04,4151.94,21.44,24.32,3.11,3.03,2.95,2.76,2.73,2.68,3.15,2.97,2.32,1.21,,2.41,2.33
2022-08-05,4145.19,21.15,24.18,3.29,3.24,3.18,2.97,2.91,2.83,3.27,3.06,2.29,1.20,,2.48,2.33
2022-08-08,4140.06,21.29,24.48,3.30,3.21,3.14,2.91,2.85,2.77,3.22,3.00,2.26,1.20,,2.57,2.33
2022-08-09,4122.47,21.77,24.69,3.33,3.28,3.20,2.97,2.89,2.80,3.24,3.01,2.26,1.15,,2.58,2.33
2022-08-10,4210.24,19.74,23.46,3.26,3.23,3.13,2.93,2.86,2.78,3.27,3.04,2.29,1.19,,2.56,2.33
2022-08-11,4207.27,20.20,23.71,3.25,3.23,3.16,2.98,2.94,2.87,3.38,3.15,2.29,1.20,,2.52,2.33
2022-08-12,4280.15,19.53,23.31,3.26,3.25,3.18,2.97,2.92,2.84,3.34,3.12,2.27,1.21,,2.53,2.33
2022-08-15,4297.14,19.95,23.32,3.23,3.20,3.14,2.91,2.86,2.79,3.31,3.10,2.27,1.17,,2.63,2.33
2022-08-16,4305.20,19.69,23.32,3.26,3.25,3.19,2.95,2.90,2.82,3.31,3.11,2.27,1.20,,2.61,2.33
2022-08-17,4274.04,19.90,23.60,3.27,3.28,3.27,3.04,2.99,2.89,3.37,3.15,2.24,1.19,,2.59,2.33
2022-08-18,4283.74,19.56,23.39,3.24,3.22,3.23,3.02,2.97,2.88,3.35,3.14,2.24,1.20,,2.61,2.33
2022-08-19,4228.48,20.60,24.32,3.26,3.25,3.28,3.11,3.06,2.98,3.44,3.22,2.25,1.20,,2.64,2.33
2022-08-22,4137.99,23.80,26.00,3.32,3.32,3.36,3.17,3.12,3.03,3.48,3.24,2.24,1.16,,2.74,2.33
2022-08-23,4128.73,24.11,25.92,3.29,3.29,3.35,3.18,3.14,3.05,3.49,3.26,2.24,1.18,,2.71,2.33
2022-08-24,4140.77,22.82,24.89,3.35,3.36,3.40,3.20,3.20,3.11,3.55,3.32,2.23,1.16,,2.73,2.33
2022-08-25,4199.12,21.78,24.13,3.33,3.35,3.37,3.15,3.11,3.03,3.47,3.25,2.21,1.14,,2.78,2.33
2022-08-26,4057.66,25.56,26.56,3.36,3.37,3.40,3.20,3.14,3.04,3.44,3.21,2.19,1.12,,2.78,2.33
2022-08-29,4030.61,26.21,26.82,3.43,3.42,3.45,3.27,3.21,3.12,3.50,3.25,2.19,1.11,,2.89,2.33
2022-08-30,3986.16,26.21,26.91,3.48,3.46,3.47,3.27,3.22,3.11,3.49,3.23,2.17,1.11,,2.88,2.33
2022-08-31,3955.00,25.87,26.65,3.50,3.45,3.46,3.30,3.25,3.15,3.53,3.27,2.18,1.12,,2.87,2.33
2022-09-01,3966.85,25.56,26.43,3.51,3.51,3.54,3.39,3.36,3.26,3.64,3.37,2.22,1.15,,2.88,2.33
2022-09-02,3924.26,25.47,26.48,3.47,3.40,3.44,3.30,3.29,3.20,3.61,3.35,2.24,1.18,,2.85,2.33
2022-09-05,,25.99,,,,,,,,,,,,,,2.33
2022-09-06,3908.19,26.91,27.59,3.61,3.50,3.55,3.43,3.41,3.33,3.74,3.49,2.27,1.22,,2.96,2.33
2022-09-07,3979.87,24.64,26.10,3.60,3.45,3.50,3.37,3.35,3.27,3.67,3.42,2.24,1.16,,2.98,2.33
2022-09-08,4006.18,23.61,25.52,3.60,3.48,3.54,3.39,3.37,3.29,3.69,3.45,2.25,1.19,,2.97,2.33
2022-09-09,4067.36,22.79,25.14,3.67,3.56,3.61,3.45,3.42,3.33,3.71,3.47,2.20,1.14,,2.98,2.33
2022-09-12,4110.41,23.87,25.37,3.70,3.58,3.60,3.47,3.45,3.37,3.76,3.53,2.20,1.09,,3.09,2.33
2022-09-13,3932.69,27.27,27.95,3.92,3.75,3.75,3.58,3.53,3.42,3.75,3.51,2.18,1.08,,3.19,2.33
2022-09-14,3946.01,26.16,27.46,3.95,3.78,3.79,3.60,3.52,3.41,3.73,3.47,2.15,1.04,,3.14,2.33
2022-09-15,3901.35,26.27,27.60,4.00,3.87,3.85,3.66,3.59,3.45,3.75,3.48,2.12,1.03,,3.12,2.33
2022-09-16,3873.33,26.30,27.63,3.96,3.85,3.81,3.62,3.56,3.45,3.79,3.52,2.18,1.08,,3.10,2.33
2022-09-19,3899.89,25.76,27.01,4.05,3.95,3.90,3.69,3.62,3.49,3.77,3.52,2.15,1.03,,3.29,2.33
2022-09-20,3855.93,27.16,27.88,4.03,3.96,3.94,3.75,3.69,3.57,3.83,3.59,2.13,1.02,,3.26,2.33
2022-09-21,3789.93,27.99,28.76,4.08,4.02,3.98,3.74,3.65,3.51,3.73,3.50,2.12,1.00,,3.21,2.33
2022-09-22,3757.99,27.35,28.22,4.08,4.11,4.12,3.91,3.84,3.70,3.90,3.65,2.08,0.95,,3.19,3.08
2022-09-23,3693.23,29.92,30.32,4.15,4.20,4.21,3.96,3.85,3.69,3.87,3.61,2.09,0.97,,3.12,3.08
2022-09-26,3655.04,32.26,31.77,4.17,4.27,4.37,4.15,4.06,3.88,4.01,3.72,2.01,0.86,,3.30,3.08
2022-09-27,3647.29,32.60,32.12,4.16,4.30,4.39,4.21,4.14,3.97,4.15,3.87,2.08,0.95,,3.26,3.08
2022-09-28,3719.04,30.18,30.58,3.99,4.07,4.12,3.92,3.83,3.72,3.98,3.70,2.25,1.09,,3.29,3.08
2022-09-29,3640.47,31.84,31.74,3.98,4.16,4.19,3.98,3.89,3.76,4.00,3.71,2.27,1.13,,3.26,3.08
2022-09-30,3585.62,31.62,31.86,4.05,4.22,4.25,4.06,3.97,3.83,4.08,3.79,2.24,1.08,,3.22,3.08
2022-10-03,3678.43,30.10,30.69,4.01,4.12,4.12,3.90,3.79,3.67,4.00,3.73,2.29,1.17,,3.34,3.08
2022-10-04,3790.93,29.07,29.67,4.15,4.10,4.08,3.84,3.73,3.62,3.95,3.70,2.27,1.15,,3.32,3.08
2022-10-05,3783.28,28.55,29.43,4.14,4.15,4.17,3.96,3.87,3.76,4.05,3.78,2.22,1.10,,3.33,3.08
2022-10-06,3744.52,30.52,30.79,4.19,4.23,4.24,4.05,3.95,3.83,4.08,3.81,2.16,1.04,,3.32,3.08
2022-10-07,3639.66,31.36,32.10,4.24,4.30,4.33,4.14,4.03,3.89,4.13,3.86,2.17,1.01,,3.31,3.08
2022-10-10,3612.39,32.45,32.73,,,,,,,,,,,,,3.08
2022-10-11,3588.84,33.63,33.36,4.28,4.30,4.31,4.14,4.06,3.93,4.19,3.92,2.23,1.11,,3.53,3.08
2022-10-12,3577.03,33.57,33.13,4.28,4.28,4.29,4.12,4.03,3.91,4.18,3.90,2.27,1.20,,3.56,3.08
2022-10-13,3669.91,31.94,31.80,4.46,4.47,4.44,4.21,4.11,3.97,4.25,3.97,2.28,1.11,,3.64,3.08
2022-10-14,3583.07,32.02,32.45,4.50,4.48,4.47,4.25,4.15,4.00,4.26,3.99,2.28,1.09,,3.65,3.08
2022-10-17,3677.95,31.37,31.74,4.50,4.45,4.45,4.24,4.15,4.02,4.29,4.04,2.28,1.08,,3.82,3.08
2022-10-18,3719.98,30.50,30.98,4.50,4.43,4.43,4.21,4.12,4.01,4.27,4.04,2.28,1.10,,3.89,3.08
2022-10-19,3695.16,30.76,31.35,4.60,4.55,4.56,4.35,4.26,4.14,4.38,4.15,2.25,1.10,,3.91,3.08
2022-10-20,3665.78,29.98,30.81,4.66,4.62,4.66,4.45,4.36,4.24,4.47,4.24,2.24,1.07,,3.91,3.08
2022-10-21,3752.75,29.69,30.47,4.58,4.49,4.52,4.34,4.28,4.21,4.54,4.33,2.36,1.17,,3.90,3.08
2022-10-24,3797.34,29.85,30.33,4.61,4.50,4.52,4.36,4.31,4.25,4.59,4.40,2.34,1.16,,4.00,3.08
2022-10-25,3859.11,28.46,29.29,4.60,4.42,4.45,4.25,4.17,4.10,4.45,4.26,2.37,1.20,,3.97,3.08
2022-10-26,3830.60,27.28,28.46,4.54,4.39,4.41,4.20,4.12,4.04,4.38,4.19,2.33,1.17,,3.94,3.08
2022-10-27,3807.30,27.39,28.28,4.50,4.30,4.29,4.09,4.01,3.96,4.32,4.12,2.34,1.17,,3.95,3.08
2022-10-28,3901.06,25.75,26.90,4.55,4.41,4.38,4.19,4.10,4.02,4.38,4.15,2.30,1.11,,3.99,3.08
2022-10-31,3871.98,25.88,26.92,4.66,4.51,4.45,4.27,4.18,4.10,4.44,4.22,2.28,1.08,,4.06,3.08
2022-11-01,3856.10,25.81,26.69,4.75,4.54,4.48,4.27,4.18,4.07,4.37,4.14,2.22,1.02,,4.06,3.08
2022-11-02,3759.69,25.86,27.22,4.76,4.61,4.54,4.30,4.20,4.10,4.41,4.15,2.18,0.98,,4.04,3.08
2022-11-03,3719.89,25.30,26.70,4.78,4.71,4.63,4.36,4.26,4.14,4.42,4.18,2.19,1.03,,4.06,3.83
2022-11-04,3770.55,24.55,26.39,4.76,4.66,4.58,4.33,4.26,4.17,4.49,4.27,2.22,1.06,,4.02,3.83
2022-11-07,3806.80,24.35,26.26,4.80,4.72,4.63,4.39,4.31,4.22,4.55,4.34,2.22,1.07,,4.12,3.83
2022-11-08,3828.11,25.54,27.10,4.77,4.67,4.55,4.31,4.22,4.14,4.47,4.28,2.23,1.08,,4.10,3.83
2022-11-09,3748.57,26.09,27.91,4.75,4.61,4.49,4.27,4.20,4.12,4.50,4.31,2.33,1.17,,4.11,3.83
2022-11-10,3956.37,23.53,26.18,4.59,4.34,4.17,3.95,3.89,3.82,4.24,4.03,2.36,1.20,,4.09,3.83
2022-11-11,3992.93,22.52,25.74,,,,,,,,,,,,,3.83
2022-11-14,3957.25,23.73,26.13,4.63,4.40,4.24,4.00,3.95,3.88,4.28,4.07,2.27,1.10,,4.16,3.83
2022-11-15,3991.73,24.54,26.59,4.60,4.37,4.17,3.93,3.88,3.80,4.20,3.98,2.23,1.06,,4.14,3.83
2022-11-16,3958.79,24.11,26.03,4.62,4.35,4.13,3.83,3.77,3.67,4.03,3.85,2.24,1.08,,4.14,3.83
2022-11-17,3946.56,23.93,25.83,4.68,4.43,4.22,3.93,3.87,3.77,4.10,3.89,2.18,1.00,,4.13,3.83
2022-11-18,3965.34,23.12,25.33,4.74,4.51,4.28,3.99,3.92,3.82,4.13,3.92,2.13,0.96,,4.15,3.83
2022-11-21,3949.94,22.36,24.72,4.75,4.48,4.32,3.97,3.94,3.83,4.14,3.91,2.08,0.92,,4.23,3.83
2022-11-22,4003.58,21.29,23.83,4.79,4.47,4.27,3.93,3.86,3.76,4.05,3.83,2.07,0.93,,4.21,3.83
2022-11-23,4027.26,20.35,23.38,4.75,4.46,4.23,3.88,3.81,3.71,3.97,3.74,2.02,0.85,,4.21,3.83
2022-11-24,,20.42,,,,,,,,,,,,,,3.83
2022-11-25,4026.12,20.50,23.59,4.76,4.42,4.20,3.85,3.78,3.68,3.97,3.74,2.06,0.87,,4.22,3.83
2022-11-28,3963.94,22.21,24.90,4.76,4.46,4.22,3.88,3.80,3.69,3.97,3.74,2.05,0.88,,4.30,3.83
2022-11-29,3957.63,21.89,24.65,4.78,4.48,4.24,3.92,3.85,3.75,4.02,3.81,2.06,0.88,,4.27,3.83
2022-11-30,4080.11,20.58,23.53,4.74,4.38,4.13,3.82,3.76,3.68,4.00,3.80,2.15,0.98,,4.27,3.83
2022-12-01,4076.57,19.84,23.31,4.66,4.25,3.98,3.68,3.62,3.53,3.85,3.64,2.09,0.90,,4.22,3.83
2022-12-02,4071.70,19.06,22.96,4.69,4.28,3.99,3.67,3.61,3.51,3.79,3.56,2.03,0.85,,4.22,3.83
2022-12-05,3998.84,20.75,23.89,4.77,4.41,4.13,3.80,3.72,3.60,3.84,3.62,1.99,0.81,,4.27,3.83
2022-12-06,3941.26,22.17,24.72,4.73,4.34,4.07,3.73,3.64,3.51,3.77,3.52,1.97,0.80,,4.27,3.83
2022-12-07,3933.92,22.68,25.18,4.67,4.26,3.97,3.62,3.54,3.42,3.66,3.42,1.95,0.79,,4.20,3.83
2022-12-08,3963.51,22.29,24.73,4.71,4.31,4.04,3.71,3.63,3.48,3.71,3.44,1.91,0.72,,4.17,3.83
2022-12-09,3934.38,22.83,25.21,4.72,4.33,4.07,3.75,3.69,3.57,3.82,3.56,1.90,0.74,,4.19,3.83
2022-12-12,3990.56,25.00,25.67,4.75,4.39,4.10,3.80,3.73,3.61,3.84,3.57,1.88,0.71,,4.29,3.83
2022-12-13,4019.65,22.55,24.29,4.64,4.22,3.96,3.66,3.60,3.51,3.74,3.53,1.91,0.75,,4.26,3.83
2022-12-14,3995.32,21.14,23.46,4.64,4.23,3.94,3.64,3.59,3.49,3.74,3.52,1.95,0.79,,4.23,3.83
2022-12-15,3895.75,22.83,25.08,4.65,4.23,3.96,3.62,3.56,3.44,3.69,3.48,1.97,0.80,,4.22,4.33
2022-12-16,3852.36,22.62,25.15,4.61,4.17,3.91,3.61,3.58,3.48,3.73,3.53,1.98,0.84,,4.20,4.33
2022-12-19,3817.66,22.42,25.08,4.64,4.25,3.99,3.70,3.67,3.57,3.82,3.62,1.98,0.81,,4.28,4.33
2022-12-20,3821.62,21.48,24.40,4.64,4.25,4.03,3.79,3.78,3.69,3.94,3.74,1.99,0.84,,4.25,4.33
2022-12-21,3878.44,20.07,23.35,4.60,4.21,4.00,3.78,3.77,3.68,3.93,3.74,2.01,0.86,,4.22,4.33
2022-12-22,3822.39,21.97,24.78,4.64,4.24,4.02,3.79,3.77,3.67,3.91,3.73,1.99,0.84,,4.24,4.33
2022-12-23,3844.82,20.87,24.13,4.66,4.31,4.09,3.86,3.83,3.75,3.99,3.82,2.00,0.85,,4.23,4.33
2022-12-27,3829.25,21.65,24.43,4.75,4.32,4.17,3.94,3.93,3.84,4.10,3.93,2.02,0.85,,4.35,4.33
2022-12-28,3783.22,22.14,24.58,4.71,4.31,4.18,3.97,3.97,3.88,4.13,3.98,2.01,0.84,,4.35,4.33
2022-12-29,3849.28,21.44,23.95,4.71,4.34,4.16,3.94,3.91,3.83,4.09,3.92,2.01,0.85,,4.34,4.33
2022-12-30,3839.50,21.67,24.29,4.73,4.41,4.22,3.99,3.96,3.88,4.14,3.97,1.99,0.82,,4.30,4.33
2023-01-03,3824.14,22.90,24.58,4.72,4.40,4.18,3.94,3.89,3.79,4.06,3.88,2.03,0.90,,4.40,4.33
2023-01-04,3852.97,22.01,23.81,4.71,4.36,4.11,3.85,3.79,3.69,3.97,3.81,2.07,0.90,,4.41,4.33
2023-01-05,3808.10,22.46,24.07,4.78,4.45,4.18,3.90,3.82,3.71,3.96,3.78,2.03,0.85,,4.51,4.33
2023-01-06,3895.08,21.13,23.18,4.71,4.24,3.96,3.69,3.63,3.55,3.84,3.67,2.07,0.91,,4.51,4.33
2023-01-09,3892.09,21.97,23.74,4.69,4.19,3.93,3.66,3.60,3.53,3.83,3.66,2.02,0.89,,4.55,4.33
2023-01-10,3919.25,20.58,22.74,4.74,4.24,3.94,3.72,3.67,3.61,3.91,3.74,2.02,0.90,,4.57,4.33
2023-01-11,3969.61,21.09,22.74,4.73,4.20,3.90,3.66,3.61,3.54,3.84,3.67,1.99,0.86,,4.57,4.33
2023-01-12,3983.17,18.83,21.58,4.66,4.12,3.79,3.53,3.48,3.43,3.73,3.56,1.97,0.86,,4.50,4.33
2023-01-13,3999.09,18.35,21.14,4.69,4.22,3.88,3.60,3.55,3.49,3.79,3.61,1.95,0.85,,4.51,4.33
2023-01-16,,19.49,,,,,,,,,,,,,,4.33
2023-01-17,3990.97,19.36,21.45,4.67,4.18,3.86,3.60,3.57,3.53,3.81,3.64,1.91,0.80,,4.56,4.33
2023-01-18,3928.86,20.34,22.27,4.63,4.06,3.72,3.43,3.40,3.37,3.65,3.54,1.96,0.86,,4.54,4.33
2023-01-19,3898.85,20.52,22.45,4.65,4.09,3.76,3.48,3.43,3.39,3.69,3.57,1.99,0.88,,4.55,4.33
2023-01-20,3972.61,19.85,21.72,4.68,4.14,3.83,3.56,3.51,3.48,3.77,3.66,1.98,0.88,,4.57,4.33
2023-01-23,4019.81,19.81,21.60,4.70,4.21,3.88,3.61,3.56,3.52,3.80,3.69,1.96,0.87,,4.58,4.33
2023-01-24,4016.95,19.20,20.91,4.70,4.12,3.86,3.58,3.52,3.46,3.73,3.62,1.94,0.87,,4.57,4.33
2023-01-25,4016.22,19.08,20.94,4.67,4.11,3.84,3.54,3.51,3.46,3.74,3.62,1.96,0.89,,4.56,4.33
2023-01-26,4060.43,18.73,20.70,4.68,4.17,3.88,3.58,3.54,3.49,3.75,3.62,1.91,0.85,,4.55,4.33
2023-01-27,4070.56,18.51,20.47,4.68,4.19,3.90,3.62,3.58,3.52,3.77,3.64,1.88,0.82,,4.57,4.33
2023-01-30,4017.77,19.94,21.37,4.71,4.25,3.96,3.68,3.62,3.55,3.79,3.66,1.87,0.83,,4.59,4.33
2023-01-31,4076.60,19.40,20.81,4.68,4.21,3.90,3.63,3.59,3.52,3.78,3.65,1.90,0.89,,4.58,4.33
2023-02-01,4119.21,17.87,19.97,4.66,4.09,3.75,3.48,3.43,3.39,3.67,3.55,1.91,0.90,,4.54,4.33
2023-02-02,4179.76,18.73,20.84,4.64,4.09,3.75,3.49,3.44,3.40,3.67,3.55,1.88,0.88,,4.53,4.58
2023-02-03,4136.48,18.33,20.78,4.79,4.30,3.96,3.67,3.61,3.53,3.77,3.63,1.83,0.82,,4.57,4.58
2023-02-06,4111.08,19.43,21.43,4.85,4.44,4.10,3.81,3.73,3.63,3.82,3.67,1.77,0.78,,4.59,4.58
2023-02-07,4164.00,18.66,20.78,4.88,4.47,4.11,3.85,3.78,3.67,3.87,3.72,1.78,0.79,,4.59,4.58
2023-02-08,4117.86,19.63,21.82,4.87,4.45,4.08,3.82,3.75,3.63,3.86,3.70,1.83,0.83,,4.59,4.58
2023-02-09,4081.50,20.71,22.50,4.88,4.48,4.15,3.87,3.79,3.67,3.90,3.75,1.84,0.83,,4.64,4.57
2023-02-10,4090.46,20.53,22.55,4.89,4.50,4.19,3.93,3.86,3.74,3.96,3.83,1.85,0.86,,4.66,4.58
2023-02-13,4137.29,20.34,21.97,4.91,4.52,4.22,3.93,3.84,3.72,3.92,3.79,1.84,0.83,,4.68,4.58
2023-02-14,4136.13,18.91,21.14,4.99,4.60,4.32,4.00,3.90,3.77,3.94,3.81,1.81,0.78,,4.67,4.58
2023-02-15,4147.60,18.23,20.68,4.96,4.62,4.35,4.04,3.94,3.81,3.97,3.85,1.82,0.78,,4.66,4.58
2023-02-16,4090.41,20.17,21.88,4.99,4.62,4.35,4.06,3.98,3.86,4.05,3.92,1.84,0.78,,4.70,4.58
2023-02-17,4079.09,20.02,21.77,5.00,4.60,4.33,4.03,3.95,3.82,4.01,3.88,1.89,0.83,,4.70,4.58
2023-02-20,,21.23,,,,,,,,,,,,,,4.58
2023-02-21,3997.34,22.87,23.38,5.07,4.67,4.44,4.16,4.08,3.95,4.12,3.98,1.87,0.81,,4.72,4.58
2023-02-22,3991.05,22.29,22.68,5.07,4.66,4.43,4.13,4.07,3.93,4.09,3.94,1.85,0.78,,4.71,4.58
2023-02-23,4012.32,21.14,21.74,5.03,4.66,4.40,4.09,4.02,3.88,4.04,3.88,1.86,0.80,,4.71,4.58
2023-02-24,3970.04,21.67,22.43,5.05,4.78,4.52,4.19,4.10,3.95,4.11,3.93,1.86,0.80,,4.72,4.58
2023-02-27,3982.24,20.95,21.59,5.03,4.78,4.49,4.17,4.08,3.92,4.11,3.93,1.87,0.81,,4.74,4.57
2023-02-28,3970.15,20.70,21.32,5.02,4.81,4.51,4.18,4.07,3.92,4.10,3.93,1.90,0.84,,4.72,4.57
2023-03-01,3951.39,20.58,21.36,5.06,4.89,4.61,4.27,4.17,4.01,4.17,3.97,1.84,0.77,,4.73,4.58
2023-03-02,3981.35,19.59,20.63,5.04,4.89,4.63,4.32,4.24,4.08,4.24,4.03,1.82,0.75,,4.74,4.57
2023-03-03,4045.64,18.49,19.98,5.03,4.86,4.60,4.26,4.15,3.97,4.12,3.90,1.79,0.71,,4.74,4.57
2023-03-06,4048.42,18.61,19.99,5.05,4.89,4.61,4.27,4.16,3.98,4.14,3.92,1.79,0.72,,4.76,4.57
2023-03-07,3986.37,19.59,20.59,5.22,5.00,4.66,4.31,4.17,3.97,4.11,3.88,1.79,0.73,,4.87,4.57
2023-03-08,3992.01,19.11,20.19,5.25,5.05,4.71,4.34,4.19,3.98,4.11,3.88,1.79,0.74,,4.89,4.57
2023-03-09,3918.32,22.61,22.87,5.18,4.90,4.56,4.22,4.10,3.93,4.09,3.88,1.85,0.80,,4.87,4.57
2023-03-10,3861.59,24.80,25.39,4.90,4.60,4.31,3.96,3.86,3.70,3.90,3.70,1.96,0.88,,4.83,4.57
2023-03-13,3855.76,26.52,26.64,4.30,4.03,3.88,3.68,3.65,3.55,3.85,3.70,2.14,1.06,,4.70,4.58
2023-03-14,3919.29,23.73,24.87,4.45,4.20,4.05,3.78,3.74,3.64,3.91,3.77,2.11,1.04,,4.71,4.58
2023-03-15,3891.93,26.14,27.20,4.19,3.93,3.83,3.59,3.57,3.51,3.82,3.70,2.22,1.09,,4.59,4.58
2023-03-16,3960.28,22.99,24.56,4.49,4.14,3.99,3.72,3.67,3.56,3.87,3.71,2.16,1.03,,4.57,4.58
2023-03-17,3916.64,25.51,27.42,4.26,3.81,3.68,3.44,3.45,3.39,3.76,3.60,2.21,1.08,,4.36,4.58
2023-03-20,3951.57,24.15,25.85,4.34,3.92,3.77,3.56,3.55,3.47,3.83,3.65,2.19,1.05,,4.65,4.58
2023-03-21,4002.87,21.38,23.57,4.68,4.17,3.98,3.73,3.68,3.59,3.90,3.73,2.11,1.00,,4.62,4.58
2023-03-22,3936.97,22.26,24.38,4.56,3.96,3.76,3.54,3.53,3.48,3.83,3.68,2.16,1.05,,4.63,4.58
2023-03-23,3948.72,22.61,24.53,4.38,3.76,3.57,3.39,3.39,3.38,3.78,3.66,2.26,1.15,,4.57,4.83
2023-03-24,3970.99,21.74,23.96,4.32,3.76,3.58,3.41,3.40,3.38,3.77,3.64,2.24,1.06,,4.57,4.83
2023-03-27,3977.53,20.60,22.87,4.51,3.94,3.79,3.59,3.57,3.53,3.90,3.77,2.19,1.01,,4.75,4.83
2023-03-28,3971.27,19.97,22.38,4.55,4.02,3.84,3.63,3.60,3.55,3.90,3.77,2.19,0.96,,4.64,4.83
2023-03-29,4027.81,19.12,21.49,4.59,4.08,3.87,3.67,3.62,3.57,3.91,3.78,2.15,0.95,,4.64,4.83
2023-03-30,4050.83,19.02,21.45,4.63,4.10,3.87,3.66,3.61,3.55,3.88,3.74,2.11,0.93,,4.80,4.83
2023-03-31,4109.31,18.70,21.23,4.64,4.06,3.81,3.60,3.55,3.48,3.81,3.67,2.11,0.90,,4.68,4.83
2023-04-03,4124.51,18.55,20.83,4.60,3.97,3.73,3.52,3.48,3.43,3.78,3.64,2.11,0.92,,4.77,4.83
2023-04-04,4100.60,19.00,21.34,4.50,3.84,3.60,3.39,3.38,3.35,3.72,3.60,2.10,1.06,,4.74,4.83
2023-04-05,4090.38,19.08,21.48,4.43,3.79,3.55,3.36,3.34,3.30,3.67,3.56,2.14,1.08,,4.72,4.83
2023-04-06,4105.02,18.40,21.00,4.51,3.82,3.59,3.37,3.34,3.30,3.66,3.54,2.11,1.06,,4.77,4.83
2023-04-07,,,,4.61,3.97,3.72,3.49,3.45,3.39,3.73,3.61,,,,4.81,4.83
2023-04-10,4109.11,18.97,21.07,4.65,4.00,3.75,3.52,3.47,3.41,3.74,3.62,2.09,1.04,,4.94,4.83
2023-04-11,4108.94,19.10,21.01,4.67,4.03,3.76,3.54,3.48,3.43,3.75,3.62,2.05,1.00,,4.89,4.83
2023-04-12,4091.95,19.09,21.05,4.64,3.95,3.68,3.46,3.43,3.41,3.75,3.64,2.08,1.04,,4.87,4.83
2023-04-13,4146.22,17.80,20.26,4.66,3.96,3.70,3.51,3.48,3.45,3.80,3.69,2.07,1.03,,4.95,4.83
2023-04-14,4137.64,17.07,20.03,4.77,4.08,3.83,3.60,3.56,3.52,3.85,3.74,2.05,1.00,,4.98,4.83
2023-04-17,4151.32,16.95,19.65,4.80,4.18,3.92,3.69,3.64,3.60,3.92,3.81,2.02,0.96,,5.06,4.83
2023-04-18,4154.87,16.83,19.82,4.81,4.19,3.92,3.69,3.63,3.58,3.91,3.79,2.01,0.94,,5.04,4.83
2023-04-19,4154.52,16.46,20.02,4.84,4.24,3.97,3.71,3.66,3.60,3.90,3.79,2.01,0.93,,5.01,4.83
2023-04-20,4129.79,17.17,20.55,4.77,4.14,3.87,3.63,3.59,3.54,3.87,3.75,2.05,0.98,,4.97,4.83
2023-04-21,4133.52,16.77,20.39,4.78,4.17,3.89,3.66,3.62,3.57,3.90,3.78,2.04,0.97,,4.98,4.83
2023-04-24,4137.04,16.89,20.40,4.76,4.12,3.84,3.60,3.56,3.52,3.85,3.73,2.04,0.96,,5.04,4.83
2023-04-25,4071.63,18.76,21.65,4.60,3.86,3.62,3.43,3.42,3.40,3.77,3.65,2.09,1.02,,4.97,4.83
2023-04-26,4055.99,18.84,21.54,4.64,3.90,3.65,3.46,3.45,3.43,3.81,3.70,2.11,1.03,,5.00,4.83
2023-04-27,4135.35,17.03,20.37,4.78,4.07,3.82,3.60,3.57,3.53,3.88,3.76,2.07,1.00,,5.03,4.83
2023-04-28,4169.48,15.78,19.54,4.80,4.04,3.75,3.51,3.49,3.44,3.80,3.67,2.08,1.01,,4.95,4.83
2023-05-01,4167.87,16.08,19.67,4.86,4.14,3.85,3.64,3.62,3.59,3.95,3.84,2.06,1.02,,5.10,4.83
2023-05-02,4119.58,17.78,20.75,4.74,3.97,3.67,3.46,3.44,3.44,3.82,3.72,2.16,1.09,,5.08,4.83
2023-05-03,4090.75,18.34,21.29,4.70,3.89,3.58,3.37,3.37,3.38,3.79,3.70,2.20,1.14,,5.09,4.83
2023-05-04,4061.22,20.09,22.77,4.59,3.75,3.47,3.29,3.32,3.37,3.80,3.73,2.24,1.18,,5.10,5.08
2023-05-05,4136.25,17.19,20.78,4.73,3.92,3.63,3.41,3.41,3.44,3.85,3.76,2.20,1.12,,5.10,5.08
2023-05-08,4138.12,16.98,20.71,4.79,4.00,3.70,3.49,3.50,3.52,3.92,3.84,2.20,1.12,,5.15,5.08
2023-05-09,4119.17,17.71,21.17,4.81,4.01,3.67,3.51,3.51,3.53,3.94,3.85,2.21,1.13,,5.13,5.08
2023-05-10,4137.64,16.94,20.69,4.70,3.90,3.55,3.37,3.40,3.43,3.88,3.80,2.26,1.17,,5.08,5.08
2023-05-11,4130.62,16.93,20.62,4.70,3.89,3.56,3.36,3.37,3.39,3.82,3.73,2.25,1.15,,5.04,5.08
2023-05-12,4124.08,17.03,20.66,4.75,3.98,3.65,3.45,3.45,3.46,3.87,3.78,2.21,1.09,,5.08,5.08
2023-05-15,4136.28,17.12,20.31,4.73,3.99,3.67,3.46,3.48,3.50,3.92,3.84,2.27,1.16,,5.06,5.08
2023-05-16,4109.90,17.99,20.90,4.88,4.06,3.74,3.52,3.53,3.54,3.96,3.87,2.28,1.19,,5.07,5.08
2023-05-17,4158.77,16.87,20.05,4.92,4.12,3.80,3.58,3.58,3.57,3.96,3.88,2.26,1.16,,5.10,5.08
2023-05-18,4198.05,16.05,19.33,5.02,4.24,3.94,3.69,3.67,3.65,4.02,3.91,2.20,1.08,,5.14,5.08
2023-05-19,4191.98,16.81,20.04,5.02,4.28,3.98,3.76,3.74,3.70,4.07,3.95,2.18,1.06,,5.12,5.08
2023-05-22,4192.63,17.21,20.36,5.07,4.29,3.98,3.77,3.74,3.72,4.09,3.97,2.19,1.06,,5.24,5.08
2023-05-23,4145.58,18.53,21.06,5.06,4.26,3.99,3.76,3.73,3.70,4.08,3.96,2.19,1.07,,5.18,5.08
2023-05-24,4115.24,20.03,22.02,5.12,4.31,4.04,3.75,3.76,3.73,4.10,3.97,2.18,1.07,,5.21,5.08
2023-05-25,4151.28,19.14,21.38,5.24,4.50,4.21,3.90,3.86,3.83,4.16,4.01,2.10,0.98,,5.21,5.08
2023-05-26,4205.45,17.95,20.44,5.25,4.54,4.23,3.92,3.86,3.80,4.13,3.96,2.10,0.97,,5.16,5.08
2023-05-29,,17.46,,,,,,,,,,,,,,5.08
2023-05-30,4205.52,17.46,20.13,5.22,4.46,4.10,3.81,3.75,3.69,4.06,3.90,2.14,1.02,,5.28,5.08
2023-05-31,4179.83,17.94,20.21,5.18,4.40,4.04,3.74,3.69,3.64,4.01,3.85,2.16,1.03,,5.26,5.08
2023-06-01,4221.02,15.65,18.75,5.11,4.33,3.98,3.70,3.66,3.61,3.98,3.84,2.15,1.03,,5.24,5.08
2023-06-02,4282.37,14.60,17.92,5.22,4.50,4.13,3.84,3.78,3.69,4.03,3.88,2.11,0.99,,5.23,5.08
2023-06-05,4273.79,14.73,17.90,5.17,4.46,4.10,3.82,3.77,3.69,4.03,3.89,2.10,1.00,,5.20,5.08
2023-06-06,4283.85,13.96,17.04,5.20,4.51,4.15,3.85,3.78,3.70,4.02,3.87,2.08,0.97,,5.18,5.08
2023-06-07,4267.52,13.94,17.14,5.16,4.56,4.21,3.93,3.88,3.79,4.12,3.95,2.06,0.95,,5.16,5.08
2023-06-08,4293.93,13.65,16.86,5.12,4.52,4.17,3.87,3.80,3.73,4.05,3.89,2.07,0.96,,5.12,5.08
2023-06-09,4298.86,13.83,16.96,5.17,4.59,4.23,3.92,3.84,3.75,4.05,3.89,2.05,0.95,,5.11,5.08
2023-06-12,4338.93,15.01,17.28,5.18,4.55,4.16,3.89,3.82,3.73,4.04,3.87,2.10,0.99,,5.14,5.08
2023-06-13,4369.01,14.61,17.23,5.26,4.67,4.30,4.01,3.94,3.84,4.12,3.94,2.00,0.90,,5.11,5.08
2023-06-14,4372.59,13.88,16.86,5.27,4.74,4.37,4.06,3.95,3.83,4.09,3.90,1.94,0.85,,5.10,5.08
2023-06-15,4425.84,14.50,17.18,5.21,4.62,4.23,3.91,3.82,3.72,4.02,3.85,2.02,0.91,,5.07,5.07
2023-06-16,4409.59,13.54,16.75,5.24,4.70,4.32,3.99,3.88,3.77,4.05,3.86,1.96,0.85,,5.09,5.08
2023-06-19,,14.19,,,,,,,,,,,,,,5.08
2023-06-20,4388.71,13.88,17.30,5.24,4.68,4.29,3.96,3.85,3.74,4.01,3.83,1.95,0.85,,5.14,5.07
2023-06-21,4365.69,13.20,16.89,5.25,4.68,4.29,3.95,3.84,3.72,3.99,3.81,1.96,0.85,,5.15,5.07
2023-06-22,4381.89,12.91,16.56,5.29,4.77,4.37,4.03,3.92,3.80,4.06,3.88,1.94,0.84,,5.15,5.07
2023-06-23,4348.33,13.44,16.87,5.25,4.71,4.32,3.99,3.88,3.74,4.01,3.82,1.96,0.86,,5.15,5.07
2023-06-26,4328.82,14.25,17.05,5.27,4.65,4.30,3.96,3.85,3.72,4.01,3.83,1.98,0.88,,5.24,5.07
2023-06-27,4378.41,13.74,16.44,5.33,4.74,4.38,4.02,3.90,3.77,4.03,3.84,1.94,0.85,,5.19,5.07
2023-06-28,4376.86,13.43,15.90,5.32,4.71,4.32,3.97,3.83,3.71,4.00,3.81,1.96,0.86,,5.18,5.07
2023-06-29,4396.44,13.54,16.10,5.41,4.87,4.49,4.14,3.99,3.85,4.11,3.92,1.92,0.82,,5.20,5.07
2023-06-30,4450.38,13.59,16.02,5.40,4.87,4.49,4.13,3.97,3.81,4.06,3.85,1.88,0.79,,5.17,5.08
2023-07-03,4455.59,13.57,16.07,5.43,4.94,4.56,4.19,4.03,3.86,4.08,3.87,1.85,0.77,,5.21,5.08
2023-07-04,,13.70,,,,,,,,,,,,,,5.08
2023-07-05,4446.82,14.18,16.51,5.40,4.94,4.59,4.25,4.11,3.95,4.17,3.95,1.83,0.74,,5.21,5.08
2023-07-06,4411.59,15.44,17.52,5.44,4.99,4.68,4.37,4.22,4.05,4.23,4.01,1.80,0.70,,5.23,5.08
2023-07-07,4398.95,14.83,17.24,5.41,4.94,4.64,4.35,4.23,4.06,4.27,4.05,1.81,0.71,,5.22,5.08
2023-07-10,4409.53,15.07,17.25,5.38,4.85,4.54,4.25,4.14,4.01,4.24,4.05,1.86,0.79,,5.25,5.07
2023-07-11,4439.26,14.84,16.97,5.44,4.88,4.52,4.24,4.13,3.99,4.22,4.03,1.84,0.78,,5.25,5.08
2023-07-12,4472.16,13.54,16.11,5.35,4.72,4.36,4.07,3.97,3.86,4.14,3.96,1.88,0.82,,5.24,5.08
2023-07-13,4510.04,13.61,16.12,5.27,4.59,4.21,3.93,3.85,3.76,4.07,3.90,1.91,0.84,,5.24,5.08
2023-07-14,4505.42,13.34,16.04,5.34,4.74,4.35,4.04,3.94,3.83,4.11,3.93,1.87,0.80,,5.25,5.08
2023-07-17,4522.79,13.48,16.27,5.33,4.74,4.34,4.02,3.91,3.81,4.10,3.94,1.90,0.81,,5.26,5.08
2023-07-18,4554.98,13.30,16.13,5.32,4.74,4.35,4.00,3.90,3.80,4.08,3.91,1.89,0.81,,5.25,5.08
2023-07-19,4565.72,13.76,16.56,5.32,4.74,4.34,3.98,3.87,3.75,4.01,3.84,1.87,0.78,,5.26,5.08
2023-07-20,4534.87,13.99,16.66,5.35,4.80,4.43,4.08,3.98,3.85,4.10,3.91,1.85,0.77,,5.26,5.08
2023-07-21,4536.34,13.60,16.40,5.35,4.82,4.44,4.09,3.97,3.84,4.10,3.91,1.85,0.78,,5.27,5.08
2023-07-24,4554.64,13.91,16.26,5.38,4.81,4.48,4.13,4.00,3.86,4.11,3.92,1.84,0.76,,5.28,5.08
2023-07-25,4567.46,13.86,16.22,5.38,4.85,4.53,4.15,4.05,3.91,4.14,3.95,1.81,0.73,,5.28,5.08
2023-07-26,4566.75,13.19,15.79,5.37,4.82,4.47,4.09,3.99,3.86,4.12,3.94,1.83,0.76,,5.28,5.08
2023-07-27,4537.41,14.41,16.63,5.40,4.91,4.58,4.24,4.13,4.01,4.26,4.06,1.78,0.73,,5.28,5.33
2023-07-28,4582.23,13.33,15.92,5.37,4.87,4.52,4.18,4.08,3.96,4.22,4.03,1.80,0.72,,5.28,5.33
2023-07-31,4588.96,13.63,16.01,5.37,4.88,4.51,4.18,4.08,3.97,4.22,4.02,1.77,0.69,,5.28,5.33
2023-08-01,4576.73,13.93,16.34,5.38,4.92,4.57,4.24,4.15,4.05,4.30,4.11,1.77,0.71,,5.27,5.33
2023-08-02,4513.39,16.09,17.96,5.36,4.88,4.54,4.24,4.17,4.08,4.35,4.17,1.82,0.75,,5.27,5.33
2023-08-03,4501.89,15.92,17.72,5.37,4.90,4.58,4.30,4.26,4.20,4.49,4.32,1.84,0.80,,5.27,5.33
2023-08-04,4478.03,17.10,18.61,5.33,4.78,4.45,4.15,4.10,4.05,4.36,4.21,1.90,0.83,,5.28,5.33
2023-08-07,4518.44,15.77,17.72,5.30,4.76,4.44,4.16,4.13,4.09,4.42,4.27,1.90,0.85,,5.29,5.33
2023-08-08,4499.38,15.99,18.13,5.35,4.74,4.36,4.10,4.06,4.02,4.35,4.20,1.93,0.87,,5.30,5.33
2023-08-09,4467.71,15.96,18.05,5.35,4.79,4.41,4.12,4.07,4.00,4.33,4.18,1.92,0.85,,5.28,5.33
2023-08-10,4468.83,15.85,18.16,5.33,4.82,4.47,4.21,4.17,4.09,4.41,4.24,1.89,0.83,,5.28,5.33
2023-08-11,4464.05,14.84,17.56,5.36,4.89,4.56,4.31,4.26,4.16,4.45,4.27,1.87,0.81,,5.28,5.33
2023-08-14,4489.72,14.82,17.41,5.37,4.96,4.64,4.36,4.29,4.19,4.46,4.29,1.84,0.76,,5.29,5.33
2023-08-15,4437.86,16.46,18.59,5.36,4.92,4.64,4.36,4.31,4.21,4.49,4.32,1.86,0.79,,5.29,5.33
2023-08-16,4404.33,16.78,18.97,5.37,4.97,4.68,4.42,4.37,4.28,4.55,4.38,1.84,0.77,,5.29,5.33
2023-08-17,4370.36,17.89,19.83,5.36,4.94,4.67,4.42,4.38,4.30,4.58,4.41,1.87,0.81,,5.29,5.33
2023-08-18,4369.71,17.30,19.24,5.35,4.92,4.63,4.38,4.34,4.26,4.55,4.38,1.89,0.83,,5.28,5.33
2023-08-21,4399.77,17.13,18.77,5.37,4.97,4.70,4.46,4.42,4.34,4.64,4.45,1.88,0.82,,5.30,5.33
2023-08-22,4387.55,16.97,18.72,5.39,5.02,4.75,4.49,4.44,4.34,4.61,4.42,1.82,0.76,,5.30,5.33
2023-08-23,4436.01,15.98,17.94,5.35,4.95,4.64,4.36,4.30,4.19,4.46,4.27,1.83,0.78,,5.30,5.33
2023-08-24,4376.31,17.20,18.75,5.39,4.98,4.69,4.39,4.34,4.23,4.49,4.30,1.80,0.73,,5.31,5.33
2023-08-25,4405.71,15.68,17.72,5.44,5.03,4.72,4.44,4.37,4.25,4.50,4.30,1.76,0.70,,5.34,5.33
2023-08-28,4433.31,15.08,17.12,5.44,4.98,4.69,4.38,4.32,4.20,4.48,4.29,1.82,0.73,,5.34,5.33
2023-08-29,4497.63,14.45,16.56,5.37,4.87,4.56,4.26,4.21,4.12,4.42,4.23,1.84,0.76,,5.33,5.33
2023-08-30,4514.87,13.88,16.18,5.39,4.90,4.57,4.27,4.22,4.12,4.42,4.23,1.82,0.75,,5.32,5.33
2023-08-31,4507.66,13.57,15.92,5.37,4.85,4.54,4.23,4.19,4.09,4.39,4.20,1.83,0.76,,5.32,5.33
2023-09-01,4515.77,13.09,15.74,5.36,4.87,4.57,4.29,4.27,4.18,4.48,4.29,1.82,0.76,,5.30,5.33
2023-09-04,,13.82,,,,,,,,,,,,,,5.33
2023-09-05,4496.83,14.01,16.24,5.42,4.94,4.65,4.37,4.35,4.27,4.56,4.38,1.84,0.76,,5.32,5.33
2023-09-06,4465.48,14.45,16.61,5.44,5.01,4.73,4.44,4.39,4.30,4.56,4.37,1.79,0.73,,5.31,5.33
2023-09-07,4451.14,14.40,16.58,5.40,4.94,4.66,4.38,4.35,4.27,4.55,4.36,1.81,0.75,,5.30,5.33
2023-09-08,4457.49,13.84,16.14,5.42,4.98,4.68,4.39,4.35,4.26,4.52,4.33,1.79,0.74,,5.31,5.33
2023-09-11,4487.46,13.80,16.02,5.40,4.97,4.64,4.40,4.37,4.29,4.56,4.37,1.80,0.75,,5.32,5.33
2023-09-12,4461.90,14.23,16.25,5.42,4.98,4.66,4.41,4.36,4.27,4.54,4.35,1.79,0.74,,5.32,5.33
2023-09-13,4467.44,13.48,15.92,5.42,4.96,4.64,4.39,4.34,4.25,4.52,4.34,1.81,0.75,,5.31,5.33
2023-09-14,4505.10,12.82,15.34,5.42,5.00,4.68,4.42,4.38,4.29,4.57,4.39,1.80,0.76,,5.31,5.33
2023-09-15,4450.32,13.79,16.02,5.43,5.02,4.72,4.45,4.41,4.33,4.59,4.42,1.78,0.74,,5.32,5.33
2023-09-18,4453.53,14.00,16.13,5.44,5.05,4.74,4.46,4.41,4.32,4.57,4.40,1.77,0.76,,5.31,5.33
2023-09-19,4443.95,14.11,16.13,5.45,5.08,4.79,4.51,4.47,4.37,4.60,4.43,1.75,0.73,,5.31,5.33
2023-09-20,4402.20,15.14,16.81,5.47,5.12,4.82,4.52,4.46,4.35,4.57,4.40,1.73,0.72,,5.33,5.33
2023-09-21,4330.00,17.54,18.24,5.46,5.12,4.85,4.61,4.57,4.49,4.74,4.56,1.66,0.72,,5.33,5.33
2023-09-22,4320.06,17.20,18.09,5.46,5.10,4.80,4.57,4.53,4.44,4.70,4.53,1.73,0.71,,5.32,5.33
2023-09-25,4337.44,16.90,18.02,5.45,5.09,4.83,4.62,4.61,4.55,4.84,4.67,1.75,0.74,,5.35,5.33
2023-09-26,4273.53,18.94,19.72,5.45,5.04,4.84,4.62,4.62,4.56,4.86,4.70,1.77,0.76,1.48,5.34,5.33
2023-09-27,4274.51,18.22,19.11,5.49,5.10,4.89,4.67,4.69,4.61,4.91,4.73,1.77,0.77,1.49,5.34,5.33
2023-09-28,4299.70,17.34,18.38,5.46,5.04,4.83,4.62,4.63,4.59,4.90,4.71,1.80,0.79,1.51,5.32,5.33
2023-09-29,4288.05,17.52,18.51,5.46,5.03,4.80,4.60,4.61,4.59,4.92,4.73,1.78,0.77,1.51,5.32,5.33
2023-10-02,4288.39,17.61,18.62,5.49,5.12,4.88,4.72,4.73,4.69,5.00,4.81,1.78,0.77,1.54,5.35,5.33
2023-10-03,4229.45,19.78,20.41,5.49,5.15,4.95,4.80,4.84,4.81,5.13,4.95,1.82,0.79,1.57,5.35,5.33
2023-10-04,4263.75,18.58,19.52,5.42,5.05,4.85,4.72,4.75,4.73,5.05,4.87,1.83,0.82,1.58,5.34,5.33
2023-10-05,4258.19,18.49,19.50,5.39,5.03,4.82,4.68,4.73,4.72,5.06,4.89,1.85,0.84,1.59,5.34,5.33
2023-10-06,4308.50,17.45,18.73,5.43,5.08,4.87,4.75,4.79,4.78,5.13,4.95,1.84,0.82,1.58,5.36,5.33
2023-10-09,4335.66,17.70,18.81,,,,,,,,,,,1.58,,5.33
2023-10-10,4358.24,17.03,18.27,5.37,4.96,4.74,4.62,4.66,4.66,5.03,4.85,1.83,0.81,1.58,5.34,5.33
2023-10-11,4376.95,16.09,17.63,5.38,4.99,4.73,4.59,4.61,4.58,4.92,4.73,1.82,0.80,1.57,5.34,5.33
2023-10-12,4349.61,16.69,18.09,5.43,5.06,4.82,4.69,4.73,4.70,5.05,4.86,1.83,0.82,1.56,5.35,5.33
2023-10-13,4327.78,19.32,20.57,5.41,5.04,4.80,4.65,4.66,4.63,4.97,4.78,1.82,0.80,1.57,5.35,5.33
2023-10-16,4373.63,17.21,18.79,5.42,5.09,4.87,4.72,4.74,4.71,5.06,4.87,1.83,0.81,1.56,5.34,5.33
2023-10-17,4373.20,17.88,19.26,5.48,5.19,5.01,4.86,4.88,4.83,5.14,4.94,1.80,0.76,1.56,5.35,5.33
2023-10-18,4314.60,19.22,20.47,5.47,5.19,5.03,4.92,4.95,4.91,5.20,5.00,1.78,0.74,1.58,5.34,5.33
2023-10-19,4278.00,21.40,22.19,5.44,5.14,5.01,4.95,5.00,4.98,5.30,5.11,1.82,0.81,1.60,5.33,5.33
2023-10-20,4224.16,21.71,22.44,5.41,5.07,4.93,4.86,4.93,4.93,5.27,5.09,1.88,0.87,1.63,5.31,5.33
2023-10-23,4217.04,20.37,21.33,5.42,5.05,4.89,4.81,4.87,4.86,5.19,5.01,1.85,0.84,1.63,5.32,5.33
2023-10-24,4247.68,18.97,20.21,5.41,5.02,4.91,4.82,4.86,4.83,5.15,4.96,1.84,0.84,1.60,5.31,5.33
2023-10-25,4186.77,20.19,21.33,5.43,5.08,4.98,4.89,4.98,4.95,5.27,5.09,1.83,0.82,1.59,5.32,5.33
2023-10-26,4137.23,20.68,21.57,5.39,5.02,4.89,4.79,4.86,4.86,5.19,5.01,1.82,0.82,1.60,5.32,5.33
2023-10-27,4117.37,21.27,22.27,5.39,4.99,4.84,4.76,4.83,4.84,5.19,5.03,1.88,0.87,1.61,5.32,5.33
2023-10-30,4166.82,19.75,20.80,5.41,5.03,4.87,4.80,4.88,4.88,5.21,5.04,1.86,0.85,1.62,5.33,5.33
2023-10-31,4193.80,18.14,19.49,5.44,5.07,4.90,4.82,4.89,4.88,5.21,5.04,1.85,0.84,1.62,5.33,5.33
2023-11-01,4237.86,16.87,18.55,5.37,4.95,4.76,4.67,4.75,4.77,5.13,4.96,1.91,0.90,1.63,5.31,5.33
2023-11-02,4317.78,15.66,17.80,5.38,4.98,4.78,4.65,4.68,4.67,4.99,4.82,1.84,0.83,1.59,5.28,5.33
2023-11-03,4358.34,14.91,17.22,5.29,4.83,4.62,4.49,4.55,4.57,4.93,4.77,1.86,0.86,1.58,5.27,5.33
2023-11-06,4365.98,14.89,17.03,5.33,4.93,4.72,4.60,4.66,4.67,5.00,4.84,1.84,0.84,1.58,5.29,5.33
2023-11-07,4378.38,14.81,16.92,5.33,4.91,4.64,4.53,4.58,4.58,4.91,4.75,1.83,0.83,1.58,5.28,5.33
2023-11-08,4382.78,14.45,16.64,5.34,4.93,4.65,4.51,4.54,4.49,4.82,4.64,1.84,0.83,1.58,5.28,5.33
2023-11-09,4347.35,15.29,17.30,5.39,5.03,4.77,4.65,4.68,4.62,4.97,4.77,1.83,0.82,1.56,5.27,5.33
2023-11-10,4415.24,14.17,16.52,5.38,5.04,4.80,4.65,4.68,4.61,4.93,4.73,1.80,0.79,1.56,5.26,5.33
2023-11-13,4411.55,14.76,16.61,5.37,5.02,4.80,4.66,4.69,4.63,4.95,4.75,1.79,0.78,1.55,5.28,5.33
2023-11-14,4495.70,14.16,16.29,5.24,4.80,4.56,4.42,4.45,4.44,4.80,4.61,1.83,0.80,1.52,5.26,5.33
2023-11-15,4502.88,14.18,16.28,5.27,4.90,4.68,4.52,4.56,4.53,4.87,4.68,1.80,0.78,1.51,5.26,5.33
2023-11-16,4508.24,14.32,16.14,5.23,4.83,4.59,4.43,4.47,4.45,4.82,4.63,1.81,0.80,1.50,5.25,5.33
2023-11-17,4514.02,13.80,15.85,5.24,4.88,4.64,4.45,4.47,4.44,4.80,4.59,1.78,0.77,1.48,5.25,5.33
2023-11-20,4547.38,13.41,15.69,5.25,4.89,4.62,4.44,4.46,4.42,4.74,4.57,1.76,0.75,1.46,5.27,5.33
2023-11-21,4538.19,13.35,15.50,5.24,4.86,4.60,4.41,4.44,4.41,4.75,4.57,1.77,0.76,1.46,5.26,5.33
2023-11-22,4556.62,12.85,15.48,5.26,4.89,4.62,4.44,4.46,4.42,4.73,4.55,1.71,0.72,1.43,5.27,5.33
2023-11-23,,12.80,,,,,,,,,,,,1.43,,5.33
2023-11-24,4559.34,12.46,15.12,5.27,4.92,4.67,4.49,4.51,4.47,4.79,4.60,1.72,0.73,1.42,5.28,5.33
2023-11-27,4550.43,12.69,15.34,5.24,4.84,4.60,4.38,4.43,4.39,4.72,4.53,1.71,0.69,1.41,5.28,5.33
2023-11-28,4554.89,12.69,15.24,5.21,4.73,4.49,4.29,4.36,4.34,4.70,4.52,1.75,0.72,1.41,5.27,5.33
2023-11-29,4550.58,12.98,15.51,5.12,4.64,4.40,4.22,4.28,4.27,4.62,4.44,1.72,0.72,1.38,5.25,5.33
2023-11-30,4567.80,12.92,15.44,5.16,4.73,4.48,4.31,4.38,4.37,4.72,4.54,1.67,0.64,1.39,5.25,5.33
2023-12-01,4594.63,12.63,15.36,5.05,4.56,4.31,4.14,4.22,4.22,4.58,4.40,1.71,0.71,1.39,5.23,5.33
2023-12-04,4569.78,13.08,15.68,5.10,4.64,4.40,4.23,4.30,4.28,4.61,4.43,1.67,0.68,1.38,5.26,5.33
2023-12-05,4567.18,12.85,15.57,5.06,4.57,4.33,4.14,4.20,4.18,4.48,4.30,1.65,0.68,1.39,5.25,5.33
2023-12-06,4549.34,12.97,15.74,5.07,4.60,4.33,4.12,4.16,4.12,4.40,4.22,1.63,0.65,1.40,5.25,5.33
2023-12-07,4585.59,13.06,15.65,5.05,4.58,4.31,4.11,4.16,4.14,4.42,4.25,1.63,0.69,1.39,5.24,5.33
2023-12-08,4604.37,12.35,15.16,5.13,4.71,4.45,4.24,4.28,4.23,4.49,4.31,1.61,0.68,1.38,5.24,5.33
2023-12-11,4622.44,12.63,15.19,5.14,4.71,4.42,4.25,4.27,4.23,4.51,4.32,1.61,0.68,1.38,5.26,5.33
2023-12-12,4643.70,12.07,14.83,5.14,4.73,4.42,4.23,4.24,4.20,4.48,4.30,1.60,0.68,1.36,5.26,5.33
2023-12-13,4707.09,12.19,14.66,4.94,4.46,4.18,4.00,4.04,4.04,4.36,4.19,1.61,0.71,1.35,5.24,5.33
2023-12-14,4719.55,12.48,14.79,4.90,4.37,4.09,3.90,3.93,3.92,4.21,4.03,1.57,0.68,1.31,5.23,5.33
2023-12-15,4719.19,12.28,15.13,4.95,4.44,4.13,3.91,3.94,3.91,4.19,4.00,1.57,0.70,1.31,5.24,5.33
2023-12-18,4740.56,12.56,15.47,4.95,4.43,4.15,3.94,3.97,3.95,4.23,4.05,1.58,0.70,1.31,5.26,5.33
2023-12-19,4768.37,12.53,15.64,4.93,4.41,4.15,3.94,3.96,3.93,4.23,4.03,1.57,0.71,1.32,5.23,5.33
2023-12-20,4698.35,13.67,16.58,4.88,4.34,4.06,3.86,3.88,3.86,4.17,3.98,1.63,0.75,1.33,5.24,5.33
2023-12-21,4746.75,13.65,16.30,4.84,4.33,4.06,3.87,3.91,3.89,4.19,4.03,1.64,0.77,1.33,5.22,5.33
2023-12-22,4754.63,13.03,15.99,4.82,4.31,4.04,3.87,3.92,3.90,4.21,4.05,1.65,0.80,1.33,5.24,5.33
2023-12-26,4774.75,12.99,15.88,4.83,4.26,4.05,3.89,3.91,3.89,4.20,4.04,1.64,0.79,1.32,5.25,5.33
2023-12-27,4781.58,12.43,15.27,4.79,4.20,3.97,3.78,3.81,3.79,4.10,3.95,1.64,0.78,1.31,5.24,5.33
2023-12-28,4783.35,12.47,15.23,4.82,4.26,4.02,3.83,3.84,3.84,4.14,3.98,1.62,0.77,1.29,5.25,5.33
2023-12-29,4769.83,12.45,15.26,4.79,4.23,4.01,3.84,3.88,3.88,4.20,4.03,1.61,0.77,1.29,5.20,5.33
2024-01-02,4742.83,13.20,15.48,4.80,4.33,4.09,3.93,3.95,3.95,4.25,4.08,1.62,0.80,1.31,5.22,5.33
2024-01-03,4704.81,14.04,16.04,4.81,4.33,4.07,3.90,3.92,3.91,4.21,4.05,1.66,0.84,1.34,5.24,5.33
2024-01-04,4688.68,14.13,16.04,4.85,4.38,4.14,3.97,3.99,3.99,4.30,4.13,1.65,0.86,1.34,5.24,5.33
2024-01-05,4697.24,13.35,15.51,4.84,4.40,4.17,4.02,4.04,4.05,4.37,4.21,1.65,0.84,1.33,5.24,5.33
2024-01-08,4763.54,13.08,15.14,4.82,4.36,4.11,3.97,3.99,4.01,4.33,4.17,1.65,0.82,1.32,5.25,5.33
2024-01-09,4756.50,12.76,14.90,4.82,4.36,4.09,3.97,4.00,4.02,4.33,4.18,1.63,0.77,1.30,5.24,5.33
2024-01-10,4783.45,12.69,14.73,4.82,4.37,4.10,3.99,4.01,4.04,4.35,4.20,1.59,0.75,1.28,5.23,5.33
2024-01-11,4780.24,12.44,14.56,4.75,4.26,4.02,3.90,3.95,3.98,4.32,4.18,1.63,0.79,1.27,5.23,5.33
2024-01-12,4783.83,12.70,14.94,4.65,4.14,3.92,3.84,3.91,3.96,4.32,4.20,1.64,0.82,1.26,5.22,5.33
2024-01-15,,13.25,,,,,,,,,,,,1.26,,5.33
2024-01-16,4765.98,13.84,15.74,4.70,4.22,4.02,3.95,4.01,4.07,4.43,4.30,1.65,0.81,1.26,5.22,5.33
2024-01-17,4739.21,14.79,16.38,4.80,4.34,4.12,4.02,4.07,4.10,4.42,4.31,1.63,0.78,1.26,5.24,5.33
2024-01-18,4780.94,14.13,15.84,4.80,4.34,4.13,4.04,4.10,4.14,4.48,4.37,1.62,0.79,1.24,5.22,5.33
2024-01-19,4839.81,13.30,15.26,4.84,4.39,4.18,4.08,4.12,4.15,4.47,4.36,1.59,0.79,1.24,5.22,5.33
2024-01-22,4850.43,13.19,14.97,4.83,4.37,4.14,4.03,4.07,4.11,4.44,4.32,1.59,0.78,1.24,5.22,5.33
2024-01-23,4864.60,12.55,14.52,4.81,4.31,4.16,4.06,4.11,4.14,4.48,4.38,1.62,0.81,1.24,5.21,5.33
2024-01-24,4868.55,13.14,14.97,4.83,4.34,4.19,4.06,4.14,4.18,4.52,4.41,1.61,0.80,1.23,5.21,5.33
2024-01-25,4894.16,13.45,15.10,4.76,4.28,4.12,4.01,4.07,4.14,4.49,4.38,1.60,0.81,1.22,5.21,5.33
2024-01-26,4890.97,13.26,15.03,4.78,4.34,4.15,4.04,4.10,4.15,4.49,4.38,1.58,0.80,1.21,5.21,5.33
2024-01-29,4927.93,13.60,15.22,4.76,4.29,4.10,3.97,4.02,4.08,4.42,4.31,1.60,0.85,1.22,5.22,5.33
2024-01-30,4924.97,13.31,15.14,4.80,4.36,4.14,4.00,4.03,4.06,4.40,4.28,1.58,0.83,1.23,5.21,5.33
2024-01-31,4845.65,14.35,15.96,4.73,4.27,4.05,3.91,3.95,3.99,4.34,4.22,1.61,0.87,1.26,5.22,5.33
2024-02-01,4906.19,13.88,15.50,4.68,4.20,3.96,3.80,3.83,3.87,4.21,4.10,1.63,0.88,1.28,5.22,5.33
2024-02-02,4958.61,13.85,15.61,4.81,4.36,4.14,3.99,4.02,4.03,4.33,4.22,1.59,0.84,1.25,5.23,5.33
2024-02-05,4942.81,13.67,15.33,4.87,4.46,4.27,4.13,4.16,4.17,4.46,4.35,1.56,0.82,1.24,5.22,5.33
2024-02-06,4954.23,13.06,14.99,4.82,4.39,4.14,4.03,4.07,4.09,4.39,4.29,1.58,0.82,1.24,5.23,5.33
2024-02-07,4995.06,12.83,14.85,4.83,4.41,4.16,4.06,4.09,4.09,4.41,4.31,1.60,0.84,1.24,5.23,5.33
2024-02-08,4997.91,12.79,14.93,4.83,4.46,4.22,4.12,4.15,4.15,4.47,4.36,1.60,0.85,1.23,5.23,5.33
2024-02-09,5026.61,12.93,15.08,4.86,4.48,4.25,4.14,4.17,4.17,4.48,4.37,1.59,0.85,1.24,5.24,5.33
2024-02-12,5021.84,13.93,15.67,4.87,4.46,4.25,4.13,4.16,4.17,4.48,4.37,1.58,0.85,1.24,5.23,5.33
2024-02-13,4953.17,15.85,16.82,4.99,4.64,4.44,4.31,4.33,4.31,4.59,4.46,1.54,0.82,1.22,5.25,5.33
2024-02-14,5000.62,14.38,15.93,4.94,4.56,4.38,4.25,4.27,4.27,4.57,4.45,1.56,0.85,1.22,5.23,5.33
2024-02-15,5029.73,14.01,15.76,4.93,4.56,4.36,4.22,4.25,4.24,4.54,4.42,1.57,0.85,1.20,5.23,5.33
2024-02-16,5005.57,14.24,15.86,4.98,4.64,4.43,4.29,4.31,4.30,4.58,4.45,1.53,0.81,1.19,5.24,5.33
2024-02-19,,14.71,,,,,,,,,,,,1.20,,5.33
2024-02-20,4975.51,15.42,16.41,4.97,4.59,4.38,4.25,4.28,4.27,4.56,4.44,1.56,0.82,1.19,5.24,5.33
2024-02-21,4981.80,15.34,16.23,4.98,4.64,4.43,4.30,4.33,4.32,4.59,4.49,1.54,0.78,1.18,5.24,5.33
2024-02-22,5087.03,14.54,15.77,5.02,4.69,4.49,4.33,4.35,4.33,4.58,4.47,1.49,0.74,1.16,5.25,5.33
2024-02-23,5088.80,13.75,15.25,5.00,4.67,4.45,4.28,4.28,4.26,4.51,4.37,1.49,0.75,1.18,5.26,5.33
2024-02-26,5069.53,13.74,15.22,5.03,4.69,4.48,4.29,4.32,4.28,4.53,4.40,1.53,0.79,1.20,5.26,5.33
2024-02-27,5078.18,13.43,14.89,5.03,4.70,4.50,4.32,4.34,4.31,4.57,4.44,1.53,0.79,1.20,5.25,5.33
2024-02-28,5069.76,13.84,15.22,5.00,4.64,4.44,4.26,4.28,4.27,4.53,4.40,1.55,0.81,1.22,5.24,5.33
2024-02-29,5096.27,13.40,14.93,5.01,4.64,4.43,4.26,4.28,4.25,4.51,4.38,1.55,0.80,1.24,5.25,5.33
2024-03-01,5137.08,13.11,14.93,4.94,4.54,4.32,4.17,4.20,4.19,4.46,4.33,1.57,0.82,1.25,5.23,5.33
2024-03-04,5130.95,13.49,15.23,4.98,4.61,4.39,4.21,4.23,4.22,4.48,4.36,1.57,0.81,1.24,5.24,5.33
2024-03-05,5078.65,14.46,15.91,4.94,4.54,4.32,4.13,4.15,4.13,4.39,4.27,1.59,0.88,1.25,5.23,5.33
2024-03-06,5104.76,14.50,15.97,4.95,4.55,4.32,4.12,4.12,4.11,4.36,4.24,1.57,0.82,1.25,5.24,5.33
2024-03-07,5157.36,14.44,15.91,4.93,4.50,4.28,4.07,4.09,4.09,4.35,4.25,1.59,0.84,1.24,5.24,5.33
2024-03-08,5123.69,14.74,16.30,4.92,4.48,4.25,4.06,4.08,4.09,4.36,4.26,1.59,0.84,1.23,5.24,5.33
2024-03-11,5117.94,15.22,16.46,4.95,4.51,4.26,4.08,4.09,4.10,4.36,4.26,1.59,0.84,1.23,5.24,5.33
2024-03-12,5175.27,13.84,15.66,5.00,4.58,4.33,4.15,4.16,4.16,4.42,4.31,1.55,0.80,1.21,5.25,5.33
2024-03-13,5165.31,13.75,15.60,5.01,4.61,4.37,4.19,4.20,4.19,4.45,4.35,1.55,0.80,1.19,5.25,5.33
2024-03-14,5150.48,14.40,16.12,5.04,4.68,4.46,4.29,4.30,4.29,4.54,4.44,1.53,0.78,1.17,5.25,5.33
2024-03-15,5117.09,14.41,16.41,5.05,4.72,4.51,4.33,4.33,4.31,4.55,4.43,1.49,0.74,1.17,5.25,5.33
2024-03-18,5149.42,14.33,16.22,5.06,4.73,4.52,4.36,4.35,4.34,4.57,4.46,1.49,0.71,1.15,5.25,5.33
2024-03-19,5178.51,13.82,15.77,5.06,4.68,4.47,4.31,4.31,4.30,4.54,4.44,1.50,0.74,1.15,5.24,5.33
2024-03-20,5224.62,13.04,15.28,5.01,4.59,4.41,4.25,4.28,4.27,4.53,4.45,1.56,0.82,1.16,5.24,5.33
2024-03-21,5241.53,12.92,15.18,5.01,4.62,4.42,4.26,4.28,4.27,4.53,4.44,1.53,0.79,1.14,5.25,5.33
2024-03-22,5234.18,13.06,15.30,4.98,4.59,4.36,4.20,4.22,4.22,4.47,4.39,1.53,0.79,1.15,5.24,5.33
2024-03-25,5218.19,13.19,15.38,5.00,4.54,4.39,4.23,4.25,4.25,4.51,4.42,1.53,0.80,1.15,5.23,5.33
2024-03-26,5203.58,13.24,15.29,5.00,4.56,4.38,4.22,4.23,4.24,4.49,4.40,1.53,0.79,1.16,5.22,5.33
2024-03-27,5248.49,12.78,15.01,4.99,4.54,4.36,4.18,4.18,4.20,4.45,4.36,1.54,0.80,1.16,5.22,5.33
2024-03-28,5254.35,13.01,15.19,5.03,4.59,4.40,4.21,4.20,4.20,4.45,4.34,1.50,0.77,1.15,5.23,5.33
2024-04-01,5243.77,13.65,15.52,5.06,4.72,4.51,4.34,4.33,4.33,4.58,4.47,1.49,0.76,1.16,5.23,5.33
2024-04-02,5205.81,14.61,16.09,5.05,4.70,4.51,4.35,4.37,4.36,4.61,4.51,1.51,0.77,1.16,5.22,5.33
2024-04-03,5211.49,14.33,15.91,5.03,4.68,4.48,4.34,4.36,4.36,4.61,4.51,1.49,0.76,1.14,5.22,5.33
2024-04-04,5147.21,16.35,17.16,5.00,4.65,4.46,4.30,4.31,4.31,4.57,4.47,1.51,0.77,1.15,5.21,5.33
2024-04-05,5204.34,16.03,17.18,5.05,4.73,4.54,4.38,4.39,4.39,4.65,4.54,1.49,0.77,1.14,5.23,5.33
2024-04-08,5202.39,15.19,16.56,5.07,4.78,4.60,4.43,4.43,4.42,4.65,4.55,1.46,0.74,1.13,5.23,5.33
2024-04-09,5209.91,14.98,16.42,5.03,4.74,4.52,4.37,4.38,4.36,4.60,4.50,1.44,0.74,1.13,5.23,5.33
2024-04-10,5160.64,15.80,17.04,5.19,4.97,4.77,4.61,4.59,4.55,4.76,4.64,1.40,0.69,1.11,5.25,5.33
2024-04-11,5199.06,14.91,16.49,5.17,4.93,4.77,4.61,4.60,4.56,4.77,4.65,1.41,0.71,1.11,5.25,5.33
2024-04-12,5123.41,17.31,18.20,5.13,4.88,4.70,4.54,4.53,4.50,4.73,4.61,1.45,0.72,1.13,5.25,5.33
2024-04-15,5061.82,19.23,19.55,5.16,4.93,4.78,4.65,4.65,4.63,4.85,4.74,1.46,0.74,1.15,5.25,5.33
2024-04-16,5051.41,18.40,18.84,5.18,4.97,4.83,4.69,4.69,4.67,4.88,4.77,1.46,0.73,1.17,5.25,5.33
2024-04-17,5022.21,18.21,18.77,5.16,4.93,4.77,4.62,4.61,4.59,4.81,4.71,1.48,0.75,1.17,5.25,5.33
2024-04-18,5011.12,18.00,18.66,5.18,4.98,4.83,4.68,4.67,4.64,4.85,4.74,1.47,0.76,1.17,5.25,5.33
2024-04-19,4967.23,18.71,19.25,5.17,4.97,4.81,4.66,4.65,4.62,4.83,4.72,1.46,0.73,1.17,5.25,5.33
2024-04-22,5010.60,16.94,17.63,5.16,4.97,4.81,4.66,4.65,4.62,4.84,4.72,1.46,0.73,1.16,5.22,5.33
2024-04-23,5070.55,15.69,16.68,5.14,4.86,4.76,4.63,4.62,4.61,4.84,4.73,1.46,0.73,1.14,5.25,5.33
2024-04-24,5071.63,15.97,16.84,5.17,4.89,4.78,4.64,4.66,4.65,4.88,4.78,1.48,0.76,1.14,5.26,5.33
2024-04-25,5048.42,15.37,16.37,5.21,4.96,4.85,4.70,4.71,4.70,4.93,4.82,1.47,0.75,1.14,5.26,5.33
2024-04-26,5099.96,15.03,16.27,5.21,4.96,4.84,4.68,4.68,4.67,4.89,4.78,1.45,0.72,1.13,5.25,5.33
2024-04-29,5116.17,14.67,16.00,5.20,4.97,4.80,4.65,4.64,4.63,4.86,4.75,1.45,0.72,1.12,5.25,5.33
2024-04-30,5035.69,15.65,16.59,5.25,5.04,4.87,4.72,4.71,4.69,4.90,4.79,1.44,0.72,1.14,5.25,5.33
2024-05-01,5018.39,15.39,16.57,5.21,4.96,4.79,4.64,4.64,4.63,4.85,4.74,1.43,0.70,1.14,5.26,5.33
2024-05-02,5064.20,14.68,16.05,5.16,4.87,4.71,4.57,4.57,4.58,4.82,4.72,1.47,0.75,1.13,5.25,5.33
2024-05-03,5127.79,13.49,15.27,5.12,4.81,4.63,4.48,4.49,4.50,4.75,4.66,1.49,0.77,1.11,5.25,5.33
2024-05-06,5180.74,13.49,15.02,5.12,4.82,4.64,4.48,4.48,4.49,4.73,4.64,1.47,0.76,1.10,5.25,5.33
2024-05-07,5187.70,13.23,14.95,5.13,4.82,4.60,4.48,4.47,4.47,4.70,4.61,1.45,0.74,1.10,5.25,5.33
2024-05-08,5187.67,13.00,14.90,5.13,4.84,4.63,4.50,4.49,4.48,4.73,4.64,1.47,0.76,1.11,5.25,5.33
2024-05-09,5214.08,12.69,14.71,5.12,4.80,4.60,4.47,4.46,4.45,4.70,4.60,1.48,0.78,1.11,5.25,5.33
2024-05-10,5222.68,12.55,14.66,5.17,4.87,4.65,4.52,4.51,4.50,4.74,4.64,1.48,0.77,1.12,5.26,5.33
2024-05-13,5221.42,13.60,14.89,5.16,4.85,4.66,4.50,4.49,4.48,4.72,4.63,1.48,0.78,1.12,5.25,5.33
2024-05-14,5246.68,13.42,14.70,5.16,4.81,4.62,4.46,4.45,4.45,4.69,4.59,1.48,0.77,1.12,5.24,5.33
2024-05-15,5308.15,12.45,14.08,5.10,4.73,4.51,4.35,4.35,4.36,4.61,4.52,1.49,0.79,1.12,5.25,5.33
2024-05-16,5297.10,12.42,14.22,5.13,4.78,4.58,4.40,4.39,4.38,4.62,4.52,1.47,0.78,1.11,5.25,5.33
2024-05-17,5303.27,11.99,13.99,5.14,4.83,4.60,4.44,4.43,4.42,4.66,4.56,1.48,0.77,1.11,5.25,5.33
2024-05-20,5308.13,12.15,14.11,5.15,4.82,4.62,4.46,4.44,4.44,4.68,4.58,1.47,0.76,1.10,5.25,5.33
2024-05-21,5321.41,11.86,13.95,5.14,4.82,4.61,4.43,4.42,4.41,4.65,4.55,1.48,0.78,1.10,5.25,5.33
2024-05-22,5307.01,12.29,14.31,5.16,4.86,4.64,4.47,4.44,4.43,4.63,4.55,1.46,0.78,1.11,5.25,5.33
2024-05-23,5267.84,12.77,14.67,5.20,4.91,4.71,4.52,4.50,4.47,4.67,4.58,1.45,0.77,1.10,5.26,5.33
2024-05-24,5304.72,11.93,14.17,5.21,4.93,4.71,4.53,4.49,4.46,4.65,4.57,1.46,0.78,1.10,5.26,5.33
2024-05-27,,12.36,,,,,,,,,,,,1.10,,5.33
2024-05-28,5306.04,12.92,14.72,5.21,4.94,4.75,4.56,4.56,4.54,4.74,4.66,1.45,0.78,1.09,5.26,5.33
2024-05-29,5266.95,14.28,15.45,5.22,4.96,4.79,4.63,4.63,4.61,4.82,4.74,1.47,0.79,1.09,5.26,5.33
2024-05-30,5235.48,14.47,15.59,5.19,4.92,4.74,4.57,4.57,4.55,4.76,4.69,1.46,0.79,1.09,5.26,5.33
2024-05-31,5277.51,12.92,14.66,5.18,4.89,4.69,4.52,4.52,4.51,4.73,4.65,1.46,0.79,1.10,5.25,5.33
2024-06-03,5283.40,13.11,14.80,5.14,4.82,4.62,4.42,4.41,4.41,4.63,4.55,1.47,0.78,1.10,5.26,5.33
2024-06-04,5291.34,13.16,14.88,5.11,4.77,4.55,4.35,4.33,4.33,4.56,4.48,1.49,0.81,1.11,5.25,5.33
2024-06-05,5354.03,12.63,14.54,5.08,4.72,4.50,4.31,4.29,4.29,4.52,4.44,1.53,0.83,1.13,5.25,5.33
2024-06-06,5352.96,12.58,14.54,5.08,4.72,4.49,4.29,4.28,4.28,4.51,4.43,1.50,0.83,1.13,5.25,5.33
2024-06-07,5346.99,12.22,14.41,5.17,4.87,4.65,4.46,4.45,4.43,4.64,4.55,1.46,0.77,1.12,5.26,5.33
2024-06-10,5360.79,12.74,14.60,5.16,4.87,4.62,4.48,4.47,4.47,4.68,4.59,1.46,0.78,1.12,5.25,5.33
2024-06-11,5375.32,12.85,14.49,5.17,4.81,4.57,4.41,4.40,4.39,4.62,4.53,1.48,0.81,1.12,5.25,5.33
2024-06-12,5421.03,12.04,14.12,5.13,4.75,4.48,4.32,4.31,4.31,4.56,4.47,1.48,0.78,1.12,5.25,5.33
2024-06-13,5433.74,11.94,14.17,5.07,4.68,4.42,4.24,4.23,4.24,4.50,4.40,1.51,0.81,1.14,5.25,5.33
2024-06-14,5431.60,12.66,14.84,5.07,4.67,4.41,4.22,4.20,4.20,4.46,4.34,1.53,0.84,1.17,5.25,5.33
2024-06-17,5473.23,12.75,14.79,5.11,4.75,4.50,4.30,4.28,4.28,4.52,4.40,1.52,0.83,1.17,5.25,5.33
2024-06-18,5487.03,12.30,14.69,5.09,4.69,4.43,4.24,4.22,4.22,4.47,4.36,1.52,0.84,1.17,5.24,5.33
2024-06-19,,12.48,,,,,,,,,,,,1.18,,5.33
2024-06-20,5473.17,13.28,15.41,5.10,4.70,4.45,4.26,4.25,4.25,4.49,4.39,1.54,0.86,1.18,5.24,5.33
2024-06-21,5464.62,13.20,15.17,5.10,4.70,4.45,4.26,4.25,4.25,4.49,4.39,1.55,0.87,1.18,5.23,5.33
2024-06-24,5447.87,13.33,15.23,5.10,4.71,4.46,4.27,4.25,4.25,4.48,4.38,1.53,0.82,1.18,5.24,5.33
2024-06-25,5469.30,12.84,14.86,5.10,4.65,4.45,4.25,4.23,4.23,4.46,4.36,1.55,0.84,1.18,5.23,5.33
2024-06-26,5477.90,12.55,14.71,5.13,4.71,4.53,4.32,4.32,4.32,4.55,4.45,1.55,0.85,1.18,5.24,5.33
2024-06-27,5482.87,12.24,14.42,5.10,4.70,4.49,4.29,4.27,4.29,4.53,4.43,1.55,0.85,1.18,5.23,5.33
2024-06-28,5460.48,12.44,14.52,5.09,4.71,4.52,4.33,4.33,4.36,4.61,4.51,1.55,0.83,1.17,5.22,5.33
2024-07-01,5475.09,12.22,14.19,5.10,4.77,4.58,4.44,4.45,4.48,4.76,4.64,1.55,0.84,1.16,5.24,5.33
2024-07-02,5509.01,12.03,14.01,5.07,4.74,4.54,4.39,4.40,4.43,4.71,4.60,1.56,0.84,1.15,5.24,5.33
2024-07-03,5537.02,12.09,14.02,5.04,4.71,4.48,4.33,4.33,4.36,4.64,4.53,1.53,0.81,1.15,5.24,5.33
2024-07-04,,12.26,,,,,,,,,,,,1.15,,5.33
2024-07-05,5567.19,12.48,14.35,4.98,4.60,4.39,4.22,4.23,4.28,4.57,4.47,1.56,0.84,1.15,5.23,5.33
2024-07-08,5572.85,12.37,14.29,4.99,4.62,4.40,4.23,4.23,4.28,4.57,4.46,1.54,0.83,1.14,5.23,5.33
2024-07-09,5576.98,12.51,14.39,5.02,4.62,4.37,4.24,4.25,4.30,4.59,4.49,1.56,0.84,1.14,5.23,5.33
2024-07-10,5633.91,12.85,14.50,5.01,4.62,4.38,4.24,4.24,4.28,4.58,4.47,1.56,0.84,1.14,5.23,5.33
2024-07-11,5584.54,12.92,14.67,4.91,4.50,4.26,4.13,4.15,4.20,4.51,4.41,1.58,0.85,1.15,5.21,5.33
2024-07-12,5615.35,12.46,14.37,4.87,4.45,4.22,4.10,4.13,4.18,4.50,4.39,1.58,0.86,1.14,5.21,5.33
2024-07-15,5631.22,13.12,14.87,4.85,4.44,4.23,4.13,4.16,4.23,4.56,4.46,1.58,0.86,1.14,5.20,5.33
2024-07-16,5667.20,13.19,14.91,4.85,4.43,4.21,4.09,4.11,4.17,4.48,4.38,1.56,0.85,1.14,5.20,5.33
2024-07-17,5588.27,14.48,15.79,4.85,4.42,4.19,4.07,4.09,4.16,4.46,4.37,1.56,0.85,1.15,5.20,5.33
2024-07-18,5544.59,15.93,16.56,4.86,4.46,4.24,4.11,4.14,4.20,4.51,4.41,1.57,0.84,1.15,5.21,5.33
2024-07-19,5505.00,16.52,17.16,4.87,4.49,4.28,4.16,4.18,4.25,4.55,4.45,1.57,0.84,1.15,5.20,5.33
2024-07-22,5564.41,14.91,16.09,4.88,4.50,4.29,4.17,4.20,4.26,4.57,4.48,1.58,0.87,1.15,5.19,5.33
2024-07-23,5555.74,14.72,16.01,4.85,4.40,4.26,4.15,4.18,4.25,4.56,4.48,1.59,0.88,1.15,5.18,5.33
2024-07-24,5427.13,18.04,18.43,4.82,4.37,4.24,4.12,4.20,4.28,4.62,4.54,1.65,0.94,1.18,5.18,5.33
2024-07-25,5399.22,18.46,18.69,4.83,4.41,4.26,4.13,4.18,4.27,4.59,4.50,1.62,0.91,1.17,5.17,5.33
2024-07-26,5459.10,16.39,17.24,4.79,4.36,4.20,4.06,4.10,4.20,4.53,4.45,1.65,0.93,1.17,5.16,5.33
2024-07-29,5463.54,16.60,17.16,4.79,4.36,4.19,4.05,4.08,4.17,4.51,4.42,1.66,0.94,1.17,5.15,5.33
2024-07-30,5436.44,17.69,18.01,4.78,4.35,4.16,4.03,4.06,4.15,4.50,4.40,1.65,0.93,1.18,5.14,5.33
2024-07-31,5522.30,16.36,16.97,4.73,4.29,4.10,3.97,4.00,4.09,4.44,4.35,1.68,0.95,1.20,5.15,5.33
2024-08-01,5446.68,18.59,19.14,4.62,4.16,3.96,3.84,3.89,3.99,4.35,4.27,1.71,0.99,1.23,5.12,5.33
2024-08-02,5346.56,23.39,23.34,4.33,3.88,3.70,3.62,3.68,3.80,4.19,4.11,1.80,1.08,1.30,5.05,5.33
2024-08-05,5186.33,38.57,33.71,4.34,3.89,3.71,3.62,3.66,3.78,4.16,4.06,1.85,1.10,1.37,5.09,5.33
2024-08-06,5240.03,27.71,26.76,4.46,3.99,3.76,3.73,3.79,3.90,4.28,4.18,1.78,1.06,1.32,5.09,5.33
2024-08-07,5199.50,27.85,27.01,4.45,4.00,3.81,3.79,3.85,3.96,4.35,4.26,1.80,1.07,1.31,5.09,5.33
2024-08-08,5319.31,23.79,24.13,4.48,4.04,3.86,3.83,3.89,3.99,4.38,4.28,1.78,1.05,1.29,5.09,5.33
2024-08-09,5344.16,20.37,21.18,4.50,4.05,3.86,3.80,3.85,3.94,4.33,4.23,1.77,1.04,1.28,5.09,5.33
2024-08-12,5344.39,20.71,21.63,4.47,4.01,3.82,3.75,3.80,3.90,4.30,4.19,1.78,1.07,1.29,5.07,5.33
2024-08-13,5434.43,18.12,19.86,4.40,3.93,3.75,3.68,3.74,3.85,4.25,4.16,1.80,1.07,1.28,5.06,5.33
2024-08-14,5455.21,16.19,18.45,4.42,3.94,3.76,3.67,3.72,3.83,4.22,4.12,1.74,1.00,1.26,5.07,5.33
2024-08-15,5543.22,15.23,17.88,4.52,4.08,3.90,3.79,3.83,3.92,4.28,4.18,1.68,0.94,1.22,5.09,5.33
2024-08-16,5554.25,14.80,17.81,4.49,4.06,3.87,3.77,3.81,3.89,4.26,4.15,1.69,0.94,1.21,5.08,5.33
2024-08-19,5608.25,14.65,17.59,4.48,4.06,3.86,3.75,3.78,3.86,4.23,4.11,1.68,0.94,1.21,5.06,5.33
2024-08-20,5597.12,15.88,18.28,4.43,3.99,3.80,3.70,3.73,3.82,4.19,4.07,1.69,0.94,1.22,5.04,5.33
2024-08-21,5620.85,16.27,18.58,4.36,3.92,3.74,3.64,3.69,3.79,4.15,4.06,1.69,0.94,1.22,5.02,5.33
2024-08-22,5570.64,17.55,19.36,4.43,3.99,3.82,3.72,3.77,3.86,4.21,4.13,1.70,0.95,1.21,5.04,5.33
2024-08-23,5634.61,15.86,18.19,4.36,3.90,3.73,3.65,3.71,3.81,4.18,4.10,1.70,0.95,1.20,5.01,5.33
2024-08-26,5616.84,16.15,18.25,4.38,3.91,3.74,3.66,3.72,3.82,4.19,4.11,1.70,0.95,1.19,4.98,5.33
2024-08-27,5625.80,15.43,17.73,4.34,3.83,3.72,3.66,3.73,3.83,4.21,4.13,1.71,0.96,1.19,4.98,5.33
2024-08-28,5592.18,17.11,18.90,4.36,3.83,3.72,3.63,3.74,3.84,4.22,4.13,1.71,0.96,1.19,4.96,5.33
2024-08-29,5591.96,15.65,18.00,4.38,3.87,3.76,3.66,3.76,3.87,4.24,4.15,1.69,0.95,1.19,4.98,5.33
2024-08-30,5648.40,15.00,17.43,4.38,3.91,3.79,3.71,3.80,3.91,4.28,4.20,1.69,0.96,1.18,4.98,5.33
2024-09-02,,15.55,,,,,,,,,,,,1.19,,5.33
2024-09-03,5528.93,20.72,21.70,4.35,3.88,3.73,3.65,3.73,3.84,4.21,4.13,1.73,0.97,1.22,4.97,5.33
2024-09-04,5520.07,21.32,22.07,4.23,3.76,3.63,3.56,3.65,3.77,4.14,4.06,1.73,0.98,1.23,4.96,5.33
2024-09-05,5503.41,19.90,20.93,4.21,3.75,3.61,3.54,3.63,3.73,4.11,4.02,1.73,0.99,1.23,4.94,5.33
2024-09-06,5408.42,22.38,22.74,4.10,3.66,3.54,3.50,3.60,3.72,4.10,4.03,1.73,1.00,1.24,4.93,5.33
2024-09-09,5471.05,19.45,20.88,4.12,3.68,3.54,3.49,3.58,3.70,4.08,4.00,1.73,1.00,1.23,4.89,5.33
2024-09-10,5495.52,19.08,20.55,4.07,3.59,3.42,3.43,3.53,3.65,4.04,3.97,1.74,1.00,1.25,4.85,5.33
2024-09-11,5554.13,17.69,19.59,4.12,3.62,3.45,3.45,3.54,3.65,4.03,3.96,1.75,1.01,1.25,4.89,5.33
2024-09-12,5595.76,17.07,19.48,4.09,3.64,3.47,3.47,3.57,3.68,4.07,4.00,1.74,1.00,1.24,4.85,5.33
2024-09-13,5626.02,16.56,19.28,4.00,3.57,3.42,3.43,3.53,3.66,4.05,3.98,1.72,0.99,1.23,4.78,5.33
2024-09-16,5633.09,17.14,19.81,3.96,3.56,3.42,3.41,3.51,3.63,4.01,3.94,1.70,0.96,1.22,4.75,5.33
2024-09-17,5634.58,17.61,20.13,3.99,3.59,3.45,3.44,3.53,3.65,4.02,3.96,1.68,0.95,1.20,4.75,5.33
2024-09-18,5618.26,18.23,20.35,3.95,3.61,3.49,3.47,3.58,3.70,4.08,4.03,1.67,0.95,1.19,4.65,5.33
2024-09-19,5713.64,16.33,19.07,3.93,3.59,3.47,3.49,3.60,3.73,4.11,4.06,1.67,0.93,1.16,4.61,4.83
2024-09-20,5702.55,16.15,18.94,3.92,3.55,3.46,3.48,3.59,3.73,4.10,4.07,1.67,0.93,1.17,4.56,4.83
2024-09-23,5718.57,15.89,18.70,3.91,3.57,3.47,3.51,3.62,3.75,4.12,4.09,1.65,0.91,1.16,4.53,4.83
2024-09-24,5732.93,15.39,18.47,3.88,3.49,3.44,3.47,3.60,3.74,4.13,4.09,1.66,0.92,1.15,4.50,4.83
2024-09-25,5722.26,15.41,18.57,3.89,3.53,3.49,3.52,3.65,3.79,4.18,4.14,1.65,0.93,1.15,4.51,4.83
2024-09-26,5745.37,15.37,18.45,3.96,3.60,3.54,3.55,3.65,3.79,4.17,4.12,1.65,0.92,1.15,4.50,4.83
2024-09-27,5738.17,16.96,19.54,3.90,3.55,3.49,3.50,3.60,3.75,4.15,4.10,1.66,0.94,1.15,4.50,4.83
2024-09-30,5762.48,16.73,19.22,3.98,3.66,3.58,3.58,3.67,3.81,4.19,4.14,1.63,0.91,1.16,4.52,4.83
2024-10-01,5708.75,19.26,20.89,3.96,3.61,3.52,3.51,3.60,3.74,4.14,4.08,1.65,0.94,1.16,4.50,4.83
2024-10-02,5709.54,18.90,20.59,3.97,3.63,3.54,3.55,3.65,3.79,4.19,4.14,1.64,0.92,1.15,4.48,4.83
2024-10-03,5699.94,20.49,21.63,4.02,3.70,3.62,3.62,3.71,3.85,4.24,4.18,1.62,0.91,1.13,4.48,4.83
2024-10-04,5751.07,19.21,20.65,4.20,3.93,3.84,3.81,3.88,3.98,4.33,4.26,1.57,0.85,1.10,4.53,4.83
2024-10-07,5695.94,22.64,22.59,4.24,3.99,3.89,3.86,3.92,4.03,4.37,4.30,1.54,0.84,1.09,4.55,4.83
2024-10-08,5751.13,21.42,21.52,4.21,3.98,3.86,3.86,3.94,4.04,4.38,4.32,1.55,0.85,1.09,4.53,4.83
2024-10-09,5792.04,20.86,20.91,4.24,3.99,3.89,3.91,3.97,4.06,4.41,4.34,1.54,0.85,1.08,4.54,4.83
2024-10-10,5780.05,20.93,21.02,4.22,3.98,3.88,3.91,3.99,4.09,4.44,4.38,1.54,0.85,1.07,4.54,4.83
2024-10-11,5815.03,20.46,20.77,4.18,3.95,3.85,3.88,3.97,4.08,4.44,4.39,1.54,0.85,1.06,4.53,4.83
2024-10-14,5859.85,19.70,20.12,,,,,,,,,,,1.06,,4.83
2024-10-15,5815.26,20.64,20.80,4.18,3.95,3.86,3.86,3.93,4.03,4.37,4.32,1.53,0.83,1.05,4.52,4.83
2024-10-16,5842.47,19.58,20.32,4.17,3.93,3.84,3.84,3.92,4.02,4.36,4.30,1.51,0.82,1.05,4.51,4.83
2024-10-17,5841.47,19.11,19.81,4.21,3.96,3.89,3.90,3.99,4.09,4.44,4.39,1.53,0.85,1.04,4.54,4.83
2024-10-18,5864.67,18.03,19.19,4.19,3.95,3.86,3.88,3.97,4.08,4.44,4.38,1.53,0.86,1.05,4.53,4.83
2024-10-21,5853.98,18.37,19.24,4.24,4.02,3.95,3.98,4.07,4.19,4.54,4.49,1.54,0.88,1.07,4.51,4.83
2024-10-22,5851.20,18.20,19.17,4.24,4.03,3.98,4.00,4.10,4.20,4.55,4.49,1.55,0.89,1.07,4.51,4.83
2024-10-23,5797.42,19.24,20.04,4.27,4.07,4.03,4.05,4.14,4.24,4.58,4.51,1.54,0.87,1.08,4.52,4.83
2024-10-24,5809.86,19.08,19.85,4.25,4.07,4.02,4.03,4.12,4.21,4.54,4.47,1.52,0.85,1.08,4.50,4.83
2024-10-25,5808.12,20.33,20.94,4.29,4.11,4.05,4.07,4.15,4.25,4.58,4.51,1.51,0.84,1.07,4.52,4.83
2024-10-28,5823.52,19.80,20.17,4.28,4.12,4.09,4.11,4.19,4.28,4.61,4.53,1.51,0.84,1.06,4.49,4.83
2024-10-29,5832.92,19.34,19.96,4.29,4.11,4.08,4.11,4.18,4.28,4.61,4.52,1.49,0.82,1.06,4.49,4.83
2024-10-30,5813.67,20.35,20.76,4.28,4.15,4.14,4.14,4.20,4.29,4.60,4.49,1.44,0.78,1.06,4.47,4.83
2024-10-31,5705.45,23.16,22.64,4.27,4.16,4.12,4.15,4.21,4.28,4.58,4.47,1.46,0.81,1.08,4.44,4.83
2024-11-01,5728.80,21.88,21.91,4.28,4.21,4.18,4.22,4.30,4.37,4.68,4.57,1.46,0.80,1.07,4.41,4.83
2024-11-04,5712.69,21.98,21.57,4.25,4.17,4.10,4.17,4.24,4.31,4.60,4.50,1.46,0.80,1.07,4.44,4.83
2024-11-05,5782.76,20.49,20.19,4.27,4.19,4.11,4.16,4.22,4.26,4.55,4.44,1.45,0.79,1.06,4.43,4.83
2024-11-06,5929.04,16.27,17.67,4.31,4.27,4.20,4.27,4.37,4.42,4.71,4.60,1.40,0.73,1.01,4.44,4.83
2024-11-07,5973.10,15.20,16.95,4.28,4.21,4.13,4.17,4.25,4.31,4.62,4.52,1.44,0.78,0.99,4.43,4.83
2024-11-08,5995.54,14.94,16.83,4.32,4.26,4.18,4.20,4.25,4.30,4.58,4.47,1.38,0.73,0.98,4.43,4.58
2024-11-11,6001.35,14.97,16.80,,,,,,,,,,,0.98,,4.58
2024-11-12,5983.99,14.71,16.71,4.38,4.34,4.29,4.32,4.38,4.43,4.70,4.58,1.36,0.71,0.97,4.43,4.58
2024-11-13,5985.38,14.02,16.51,4.31,4.27,4.25,4.30,4.38,4.44,4.73,4.63,1.41,0.78,0.99,4.40,4.58
2024-11-14,5949.17,14.31,16.68,4.36,4.34,4.30,4.32,4.38,4.43,4.69,4.58,1.39,0.74,1.00,4.41,4.58
2024-11-15,5870.62,16.14,17.81,4.34,4.31,4.27,4.30,4.36,4.43,4.70,4.60,1.41,0.78,1.01,4.41,4.58
2024-11-18,5893.62,15.58,17.19,4.33,4.29,4.25,4.28,4.35,4.42,4.70,4.61,1.42,0.77,1.00,4.42,4.58
2024-11-19,5916.98,16.35,17.69,4.34,4.27,4.24,4.25,4.32,4.39,4.66,4.57,1.42,0.77,1.00,4.41,4.58
2024-11-20,5917.11,17.16,18.26,4.37,4.31,4.26,4.28,4.34,4.41,4.66,4.59,1.43,0.79,1.01,4.42,4.58
2024-11-21,5948.71,16.87,18.18,4.39,4.34,4.30,4.30,4.36,4.43,4.68,4.61,1.43,0.79,1.01,4.43,4.58
2024-11-22,5969.34,15.24,17.30,4.42,4.37,4.32,4.30,4.35,4.41,4.67,4.60,1.43,0.81,1.00,4.43,4.58
2024-11-25,5987.37,14.60,16.87,4.37,4.21,4.21,4.17,4.21,4.27,4.53,4.45,1.42,0.81,1.00,4.42,4.58
2024-11-26,6021.63,14.10,16.53,4.37,4.21,4.21,4.17,4.24,4.30,4.56,4.48,1.43,0.81,1.01,4.40,4.58
2024-11-27,5998.74,14.10,16.60,4.34,4.19,4.17,4.11,4.17,4.25,4.52,4.44,1.43,0.82,1.02,4.40,4.58
2024-11-28,,13.90,,,,,,,,,,,,1.02,,4.58
2024-11-29,6032.38,13.51,16.26,4.30,4.13,4.10,4.05,4.10,4.18,4.45,4.36,1.44,0.83,1.02,4.39,4.58
2024-12-02,6047.15,13.34,16.34,4.30,4.17,4.11,4.08,4.13,4.19,4.46,4.36,1.41,0.79,1.01,4.38,4.58
2024-12-03,6049.88,13.30,16.24,4.27,4.17,4.13,4.11,4.17,4.23,4.50,4.40,1.40,0.79,1.00,4.36,4.58
2024-12-04,6086.49,13.45,16.39,4.23,4.13,4.09,4.07,4.13,4.19,4.45,4.35,1.39,0.78,1.01,4.35,4.58
2024-12-05,6075.11,13.54,16.58,4.23,4.15,4.10,4.07,4.12,4.17,4.43,4.33,1.40,0.80,1.01,4.34,4.58
2024-12-06,6090.27,12.77,16.32,4.19,4.10,4.05,4.03,4.09,4.15,4.42,4.34,1.42,0.81,1.02,4.31,4.58
2024-12-09,6052.85,14.19,17.09,4.20,4.13,4.09,4.07,4.13,4.20,4.47,4.39,1.42,0.82,1.01,4.30,4.58
2024-12-10,6034.91,14.18,16.98,4.22,4.15,4.08,4.09,4.15,4.22,4.49,4.41,1.41,0.81,1.00,4.29,4.58
2024-12-11,6084.19,13.58,16.88,4.21,4.15,4.09,4.13,4.20,4.26,4.55,4.48,1.42,0.84,0.98,4.26,4.58
2024-12-12,6051.25,13.92,17.35,4.22,4.18,4.14,4.18,4.25,4.32,4.62,4.55,1.44,0.84,0.99,4.23,4.58
2024-12-13,6051.09,13.81,17.15,4.24,4.25,4.21,4.25,4.33,4.40,4.69,4.61,1.42,0.83,0.98,4.23,4.58
2024-12-16,6074.08,14.69,17.57,4.24,4.25,4.22,4.25,4.32,4.39,4.68,4.60,1.42,0.82,0.98,4.25,4.58
2024-12-17,6050.61,15.87,18.13,4.25,4.25,4.22,4.26,4.33,4.40,4.68,4.59,1.39,0.79,0.99,4.26,4.58
2024-12-18,5872.16,27.62,24.24,4.30,4.35,4.35,4.40,4.45,4.50,4.74,4.65,1.37,0.76,0.98,4.25,4.58
2024-12-19,5867.08,24.09,24.14,4.28,4.32,4.35,4.43,4.51,4.57,4.82,4.74,1.40,0.80,1.02,4.23,4.33
2024-12-20,5930.85,18.36,20.10,4.27,4.30,4.32,4.37,4.45,4.52,4.79,4.72,1.43,0.83,1.02,4.23,4.33
2024-12-23,5974.07,16.78,18.65,4.26,4.30,4.36,4.44,4.52,4.59,4.85,4.78,1.42,0.83,1.02,4.24,4.33
2024-12-24,6040.04,14.27,17.20,4.24,4.29,4.36,4.43,4.52,4.59,4.84,4.76,1.39,0.80,1.01,4.28,4.33
2024-12-26,6037.59,14.73,17.36,4.23,4.30,4.35,4.42,4.49,4.58,4.83,4.76,1.40,0.77,1.00,4.24,4.33
2024-12-27,5970.84,15.95,18.07,4.20,4.31,4.36,4.45,4.53,4.62,4.89,4.82,1.40,0.77,1.00,4.19,4.33
2024-12-30,5906.94,17.40,18.94,4.17,4.24,4.29,4.37,4.46,4.55,4.84,4.77,1.43,0.80,1.01,4.23,4.33
2024-12-31,5881.63,17.35,18.98,4.16,4.25,4.27,4.38,4.48,4.58,4.86,4.78,1.42,0.82,1.02,4.23,4.33
2025-01-02,5868.55,17.93,19.33,4.17,4.25,4.29,4.38,4.47,4.57,4.86,4.79,1.45,0.84,1.02,4.22,4.33
2025-01-03,5942.47,16.13,18.14,4.18,4.28,4.32,4.41,4.51,4.60,4.88,4.82,1.44,0.84,1.02,4.20,4.33
2025-01-06,5975.38,16.04,18.03,4.17,4.28,4.30,4.42,4.52,4.62,4.91,4.85,1.44,0.84,1.03,4.21,4.33
2025-01-07,5909.03,17.82,19.19,4.19,4.30,4.33,4.46,4.57,4.67,4.97,4.91,1.47,0.87,1.04,4.21,4.33
2025-01-08,5918.25,17.70,19.34,4.19,4.28,4.31,4.45,4.56,4.67,4.97,4.91,1.48,0.87,1.03,4.21,4.33
2025-01-09,,18.07,,4.16,4.27,4.31,4.46,4.57,4.68,4.98,4.92,1.46,0.85,1.03,4.21,4.33
2025-01-10,5827.04,19.54,20.97,4.25,4.40,4.46,4.59,4.70,4.77,5.04,4.96,1.42,0.81,1.03,4.22,4.33
2025-01-13,5836.22,19.19,20.43,4.24,4.40,4.49,4.61,4.71,4.79,5.05,4.97,1.44,0.82,1.04,4.23,4.33
2025-01-14,5842.91,18.71,19.99,4.22,4.37,4.46,4.59,4.70,4.78,5.06,4.98,1.44,0.83,1.04,4.22,4.33
2025-01-15,5949.91,16.12,18.23,4.19,4.27,4.34,4.45,4.55,4.66,4.95,4.88,1.44,0.82,1.03,4.21,4.33
2025-01-16,5937.34,16.60,18.35,4.18,4.23,4.29,4.39,4.50,4.61,4.91,4.84,1.46,0.85,1.03,4.21,4.33
2025-01-17,5996.66,15.97,18.19,4.21,4.27,4.33,4.42,4.52,4.61,4.91,4.84,1.46,0.84,1.02,4.20,4.33
2025-01-20,,15.81,,,,,,,,,,,,1.02,,4.33
2025-01-21,6049.24,15.06,17.50,4.21,4.29,4.33,4.40,4.49,4.57,4.87,4.80,1.46,0.83,1.02,4.22,4.33
2025-01-22,6086.37,15.10,17.81,4.20,4.29,4.34,4.43,4.51,4.60,4.89,4.82,1.43,0.81,1.01,4.22,4.33
2025-01-23,6118.71,15.02,17.52,4.18,4.29,4.35,4.45,4.55,4.65,4.92,4.87,1.43,0.81,1.00,4.22,4.33
2025-01-24,6101.24,14.85,17.55,4.17,4.27,4.33,4.43,4.53,4.63,4.91,4.85,1.43,0.81,1.00,4.21,4.33
2025-01-27,6012.28,17.90,18.97,4.13,4.17,4.24,4.32,4.43,4.53,4.82,4.76,1.45,0.83,1.01,4.20,4.33
2025-01-28,6067.70,16.41,18.13,4.14,4.19,4.25,4.33,4.43,4.55,4.84,4.78,1.45,0.83,1.00,4.20,4.33
2025-01-29,6039.31,16.56,18.15,4.17,4.21,4.27,4.35,4.44,4.55,4.85,4.79,1.45,0.83,1.01,4.20,4.33
2025-01-30,6071.17,15.84,17.91,4.16,4.18,4.24,4.31,4.41,4.52,4.81,4.76,1.45,0.83,1.01,4.19,4.33
2025-01-31,6040.53,16.43,18.43,4.17,4.22,4.27,4.36,4.47,4.58,4.88,4.83,1.45,0.85,1.02,4.20,4.33
2025-02-03,5994.57,18.62,19.55,4.20,4.26,4.28,4.35,4.45,4.54,4.82,4.77,1.46,0.86,1.03,4.22,4.33
2025-02-04,6037.88,17.21,18.64,4.18,4.21,4.25,4.31,4.42,4.52,4.81,4.75,1.46,0.85,1.03,4.22,4.33
2025-02-05,6061.48,15.77,17.96,4.17,4.17,4.19,4.24,4.33,4.43,4.69,4.64,1.45,0.84,1.03,4.22,4.33
2025-02-06,6083.57,15.50,17.94,4.19,4.21,4.23,4.28,4.36,4.45,4.70,4.65,1.44,0.83,1.04,4.22,4.33
2025-02-07,6025.99,16.54,18.63,4.25,4.29,4.31,4.34,4.42,4.49,4.75,4.69,1.45,0.84,1.04,4.24,4.33
2025-02-10,6066.44,15.81,18.23,4.24,4.28,4.30,4.34,4.42,4.51,4.76,4.71,1.45,0.84,1.04,4.23,4.33
2025-02-11,6068.50,16.02,18.28,4.25,4.29,4.28,4.37,4.45,4.54,4.80,4.75,1.46,0.86,1.03,4.23,4.33
2025-02-12,6051.97,15.89,18.31,4.30,4.36,4.37,4.48,4.56,4.62,4.90,4.83,1.45,0.85,1.01,4.23,4.33
2025-02-13,6115.07,15.10,17.84,4.27,4.31,4.31,4.39,4.46,4.52,4.79,4.72,1.44,0.84,1.00,4.22,4.33
2025-02-14,6114.63,14.77,17.81,4.23,4.26,4.26,4.33,4.41,4.47,4.75,4.69,1.46,0.85,1.00,4.22,4.33
2025-02-17,,15.37,,,,,,,,,,,,1.00,,4.33
2025-02-18,6129.58,15.35,17.82,4.24,4.29,4.33,4.40,4.48,4.55,4.83,4.77,1.44,0.83,0.98,4.23,4.33
2025-02-19,6144.15,15.27,17.93,4.22,4.28,4.30,4.37,4.46,4.53,4.79,4.76,1.46,0.85,0.99,4.22,4.33
2025-02-20,6117.52,15.66,18.01,4.20,4.28,4.27,4.34,4.43,4.50,4.77,4.74,1.47,0.87,0.99,4.21,4.33
2025-02-21,6013.13,18.21,19.48,4.15,4.19,4.19,4.26,4.35,4.42,4.69,4.67,1.49,0.89,1.01,4.21,4.33
2025-02-24,5983.25,18.98,19.86,4.15,4.13,4.17,4.23,4.32,4.40,4.69,4.66,1.48,0.89,1.01,4.19,4.33
2025-02-25,5955.25,19.43,20.03,4.12,4.07,4.08,4.12,4.21,4.30,4.59,4.55,1.50,0.91,1.03,4.19,4.33
2025-02-26,5956.06,19.10,19.75,4.12,4.05,4.04,4.06,4.16,4.25,4.55,4.51,1.51,0.92,1.04,4.20,4.33
2025-02-27,5861.57,21.13,21.22,4.13,4.07,4.05,4.09,4.19,4.29,4.59,4.56,1.52,0.92,1.05,4.20,4.33
2025-02-28,5954.50,19.63,20.18,4.08,3.99,3.99,4.03,4.14,4.24,4.55,4.51,1.57,0.97,1.09,4.20,4.33
2025-03-03,5849.72,22.78,22.18,4.06,3.96,3.93,3.97,4.06,4.16,4.49,4.45,1.61,1.00,1.10,4.21,4.33
2025-03-04,5778.15,23.51,22.78,4.04,3.96,3.94,4.01,4.11,4.22,4.56,4.53,1.61,1.00,1.11,4.20,4.33
2025-03-05,5842.63,21.93,21.72,4.06,3.99,4.01,4.08,4.18,4.28,4.61,4.57,1.57,0.95,1.08,4.21,4.33
2025-03-06,5738.52,24.87,23.70,4.02,3.96,3.98,4.06,4.18,4.29,4.63,4.58,1.59,0.97,1.09,4.20,4.33
2025-03-07,5770.20,23.37,22.59,4.05,3.99,4.01,4.09,4.21,4.32,4.66,4.62,1.61,0.98,1.10,4.20,4.33
2025-03-10,5614.56,27.86,25.72,3.98,3.89,3.91,3.98,4.10,4.22,4.58,4.54,1.64,1.01,1.13,4.19,4.33
2025-03-11,5572.07,26.92,25.34,4.03,3.94,3.92,4.03,4.16,4.28,4.63,4.59,1.68,1.04,1.16,4.20,4.33
2025-03-12,5599.30,24.23,23.67,4.07,4.01,3.98,4.09,4.20,4.32,4.67,4.63,1.65,1.03,1.17,4.21,4.33
2025-03-13,5521.52,24.66,24.06,4.03,3.94,3.93,4.02,4.15,4.27,4.63,4.59,1.70,1.05,1.20,4.20,4.33
2025-03-14,5638.94,21.77,22.17,4.09,4.02,4.00,4.09,4.20,4.31,4.65,4.62,1.65,0.99,1.16,4.20,4.33
2025-03-17,5675.12,20.51,21.30,4.11,4.06,4.03,4.11,4.21,4.31,4.64,4.60,1.63,0.98,1.15,4.20,4.33
2025-03-18,5614.66,21.70,21.97,4.13,4.04,4.01,4.07,4.18,4.29,4.61,4.58,1.63,0.98,1.15,4.20,4.33
2025-03-19,5675.29,19.90,20.83,4.10,3.99,3.95,4.03,4.14,4.25,4.58,4.56,1.64,1.00,1.13,4.20,4.33
2025-03-20,5662.89,19.80,20.71,4.06,3.95,3.93,4.01,4.12,4.24,4.57,4.55,1.64,1.00,1.13,4.19,4.33
2025-03-21,5667.56,19.28,20.35,4.04,3.94,3.92,4.00,4.12,4.25,4.60,4.59,1.68,1.03,1.14,4.19,4.33
2025-03-24,5767.57,17.48,19.04,4.11,4.04,4.01,4.09,4.22,4.34,4.68,4.66,1.64,0.98,1.12,4.19,4.33
2025-03-25,5776.65,17.15,19.05,4.09,3.96,3.98,4.07,4.19,4.31,4.67,4.65,1.66,1.01,1.12,4.19,4.33
2025-03-26,5712.20,18.33,19.84,4.10,3.98,4.01,4.08,4.22,4.35,4.71,4.69,1.66,1.01,1.13,4.20,4.33
2025-03-27,5693.31,18.69,19.89,4.10,3.97,4.00,4.09,4.23,4.38,4.75,4.73,1.68,1.02,1.14,4.20,4.33
2025-03-28,5580.94,21.65,22.01,4.04,3.89,3.91,3.98,4.11,4.27,4.65,4.64,1.73,1.05,1.17,4.20,4.33
2025-03-31,5611.85,22.28,21.97,4.03,3.89,3.89,3.96,4.09,4.23,4.62,4.59,1.76,1.08,1.20,4.21,4.33
2025-04-01,5633.07,21.77,21.82,4.01,3.87,3.85,3.91,4.03,4.17,4.56,4.52,1.73,1.06,1.21,4.20,4.33
2025-04-02,5670.97,21.51,21.45,4.04,3.91,3.89,3.95,4.07,4.20,4.58,4.54,1.73,1.05,1.19,4.21,4.33
2025-04-03,5396.52,30.02,27.38,3.92,3.71,3.68,3.75,3.88,4.06,4.51,4.49,1.89,1.22,1.30,4.20,4.33
2025-04-04,5074.08,45.31,36.71,3.86,3.68,3.66,3.72,3.84,4.01,4.44,4.41,1.94,1.24,1.41,4.17,4.33
2025-04-07,5062.25,46.98,36.88,3.86,3.73,3.72,3.82,3.97,4.15,4.61,4.58,2.02,1.30,1.48,4.17,4.33
2025-04-08,4982.77,52.33,41.50,3.83,3.71,3.71,3.88,4.05,4.26,4.76,4.71,2.00,1.29,1.46,4.19,4.33
2025-04-09,5456.90,33.62,29.92,4.03,3.91,3.91,4.06,4.20,4.34,4.78,4.72,2.02,1.26,1.49,4.24,4.33
2025-04-10,5268.05,40.72,35.71,3.97,3.84,3.85,4.04,4.21,4.40,4.90,4.86,1.97,1.26,1.46,4.22,4.33
2025-04-11,5363.36,37.56,33.91,4.04,3.96,3.98,4.15,4.32,4.48,4.91,4.85,1.90,1.19,1.46,4.23,4.33
2025-04-14,5405.97,30.89,29.63,3.99,3.84,3.87,4.02,4.20,4.38,4.84,4.80,1.90,1.15,1.43,4.22,4.33
2025-04-15,5396.63,30.12,29.00,3.99,3.84,3.85,3.98,4.15,4.35,4.82,4.79,1.90,1.16,1.42,4.22,4.33
2025-04-16,5275.70,32.64,30.94,3.96,3.77,3.77,3.91,4.08,4.29,4.77,4.74,1.92,1.19,1.41,4.21,4.33
2025-04-17,5282.70,29.65,29.35,3.99,3.81,3.82,3.95,4.13,4.34,4.82,4.80,1.92,1.17,1.39,4.23,4.33
2025-04-21,5158.20,33.82,31.83,3.95,3.75,3.77,3.97,4.19,4.42,4.94,4.91,1.96,1.19,1.40,4.22,4.33
2025-04-22,5287.76,30.57,29.45,3.98,3.76,3.82,3.98,4.19,4.41,4.90,4.88,1.93,1.16,1.39,4.22,4.33
2025-04-23,5375.86,28.45,28.02,4.01,3.81,3.87,4.00,4.20,4.40,4.86,4.83,1.86,1.11,1.35,4.22,4.33
2025-04-24,5484.77,26.47,26.44,3.97,3.77,3.80,3.91,4.11,4.32,4.79,4.77,1.86,1.10,1.33,4.21,4.33
2025-04-25,5525.21,24.84,25.37,3.95,3.74,3.76,3.88,4.06,4.29,4.75,4.74,1.84,1.09,1.31,4.21,4.33
2025-04-28,5528.75,25.15,25.73,3.92,3.67,3.67,3.81,4.01,4.23,4.71,4.69,1.87,1.11,1.31,4.20,4.33
2025-04-29,5560.83,24.17,25.22,3.89,3.65,3.65,3.77,3.96,4.19,4.66,4.64,1.88,1.14,1.33,4.20,4.33
2025-04-30,5569.06,24.70,25.54,3.85,3.60,3.58,3.72,3.93,4.17,4.68,4.66,1.96,1.21,1.37,4.20,4.33
2025-05-01,5604.14,24.60,25.49,3.92,3.70,3.69,3.81,4.02,4.25,4.75,4.74,1.95,1.20,1.38,4.20,4.33
2025-05-02,5686.67,22.68,24.00,4.00,3.83,3.82,3.92,4.11,4.33,4.81,4.79,1.90,1.16,1.34,4.22,4.33
2025-05-05,5650.38,23.64,24.55,4.02,3.83,3.78,3.95,4.14,4.36,4.84,4.83,1.91,1.16,1.33,4.22,4.33
2025-05-06,5606.91,24.76,25.41,3.98,3.78,3.73,3.90,4.10,4.30,4.82,4.81,1.95,1.21,1.33,4.22,4.33
2025-05-07,5631.28,23.55,24.70,4.00,3.78,3.72,3.87,4.06,4.26,4.78,4.77,1.95,1.21,1.32,4.22,4.33
2025-05-08,5663.94,22.48,23.76,4.05,3.90,3.85,4.00,4.18,4.37,4.86,4.83,1.89,1.15,1.29,4.23,4.33
2025-05-09,5659.91,21.90,23.38,4.05,3.88,3.85,4.00,4.18,4.37,4.86,4.83,1.89,1.13,1.29,4.22,4.33
2025-05-12,5844.19,18.39,20.22,4.11,3.98,3.97,4.09,4.27,4.45,4.92,4.89,1.82,1.07,1.22,4.31,4.33
2025-05-13,5886.55,18.22,20.09,4.11,4.02,4.00,4.12,4.30,4.49,4.97,4.94,1.82,1.08,1.19,4.29,4.33
2025-05-14,5892.58,18.62,20.58,4.14,4.05,4.05,4.17,4.35,4.53,5.00,4.97,1.80,1.07,1.18,4.29,4.33
2025-05-15,5916.93,17.83,20.25,4.10,3.96,3.95,4.07,4.25,4.45,4.93,4.91,1.83,1.09,1.19,4.27,4.33
2025-05-16,5958.38,17.24,20.08,4.13,3.98,3.95,4.06,4.24,4.43,4.92,4.89,1.82,1.09,1.17,4.25,4.33
2025-05-19,5963.60,18.14,20.69,4.12,3.97,3.95,4.07,4.26,4.46,4.95,4.92,1.84,1.09,1.16,4.28,4.33
2025-05-20,5940.46,18.09,20.72,4.12,3.97,3.95,4.07,4.27,4.48,4.99,4.96,1.82,1.09,1.15,4.26,4.33
2025-05-21,5844.61,20.87,22.66,4.13,4.00,4.00,4.15,4.37,4.58,5.08,5.08,1.85,1.13,1.15,4.24,4.33
2025-05-22,5842.01,20.28,22.32,4.13,4.00,3.99,4.11,4.32,4.54,5.05,5.05,1.87,1.13,1.16,4.25,4.33
2025-05-23,5802.82,22.29,23.80,4.15,4.00,3.96,4.08,4.29,4.51,5.03,5.04,1.88,1.13,1.18,4.24,4.33
2025-05-26,,20.57,,,,,,,,,,,,1.18,,4.33
2025-05-27,5921.54,18.96,21.29,4.14,3.92,3.93,4.04,4.22,4.43,4.95,4.94,1.84,1.07,1.15,4.24,4.33
2025-05-28,5888.55,19.31,21.67,4.16,3.96,3.95,4.05,4.27,4.47,4.99,4.97,1.83,1.09,1.14,4.24,4.33
2025-05-29,5912.17,19.18,21.62,4.13,3.92,3.91,4.00,4.20,4.43,4.94,4.92,1.81,1.06,1.14,4.25,4.33
2025-05-30,5911.69,18.57,21.38,4.11,3.89,3.87,3.96,4.18,4.41,4.93,4.92,1.84,1.10,1.15,4.25,4.33
2025-06-02,5935.94,18.36,21.09,4.12,3.94,3.91,4.01,4.22,4.46,5.00,4.99,1.84,1.10,1.15,4.25,4.33
2025-06-03,5970.37,17.69,20.72,4.12,3.96,3.93,4.04,4.23,4.46,5.00,4.98,1.81,1.07,1.12,4.24,4.33
2025-06-04,5970.81,17.61,20.66,4.06,3.87,3.84,3.93,4.14,4.37,4.90,4.89,1.80,1.08,1.12,4.25,4.33
2025-06-05,5939.30,18.48,21.11,4.08,3.92,3.90,3.99,4.18,4.40,4.90,4.88,1.77,1.06,1.12,4.25,4.33
2025-06-06,6000.36,16.77,20.02,4.14,4.04,4.02,4.13,4.31,4.51,4.99,4.97,1.73,1.03,1.10,4.25,4.33
2025-06-09,6005.88,17.16,20.09,4.13,4.01,3.99,4.09,4.28,4.49,4.98,4.95,1.72,1.02,1.09,4.25,4.33
2025-06-10,6038.81,16.95,19.94,4.12,4.01,3.95,4.08,4.27,4.47,4.96,4.93,1.71,1.03,1.09,4.26,4.33
2025-06-11,6022.24,17.26,20.30,4.08,3.94,3.89,4.02,4.21,4.41,4.93,4.91,1.74,1.04,1.09,4.26,4.33
2025-06-12,6045.26,18.02,20.65,4.06,3.90,3.85,3.97,4.15,4.36,4.86,4.84,1.73,1.05,1.10,4.27,4.33
2025-06-13,5976.97,20.82,22.62,4.09,3.96,3.90,4.02,4.20,4.41,4.93,4.90,1.75,1.06,1.10,4.26,4.33
2025-06-16,6033.11,19.11,21.23,4.10,3.97,3.93,4.04,4.23,4.46,4.97,4.96,1.74,1.04,1.08,4.24,4.33
2025-06-17,5982.72,21.60,22.91,4.10,3.94,3.90,3.99,4.17,4.39,4.89,4.88,1.74,1.06,1.10,4.23,4.33
2025-06-18,5980.87,20.14,21.97,4.10,3.94,3.89,3.98,4.17,4.38,4.89,4.88,1.77,1.08,1.10,4.23,4.33
2025-06-19,,22.17,,,,,,,,,,,,1.10,,4.33
2025-06-20,5967.84,20.62,22.48,4.07,3.90,3.86,3.96,4.16,4.38,4.90,4.89,1.76,1.08,1.10,4.21,4.33
2025-06-23,6025.17,19.83,21.82,4.00,3.84,3.80,3.91,4.10,4.34,4.87,4.87,1.77,1.09,1.12,4.19,4.33
2025-06-24,6092.18,17.48,20.05,3.99,3.75,3.75,3.86,4.06,4.30,4.83,4.83,1.78,1.10,1.10,4.19,4.33
2025-06-25,6092.16,16.76,19.67,3.99,3.74,3.74,3.83,4.05,4.29,4.83,4.83,1.79,1.14,1.11,4.19,4.33
2025-06-26,6141.02,16.59,19.45,3.96,3.70,3.68,3.79,4.00,4.26,4.81,4.81,1.80,1.16,1.11,4.21,4.33
2025-06-27,6173.07,16.32,19.45,3.97,3.73,3.72,3.83,4.03,4.29,4.85,4.85,1.79,1.15,1.10,4.20,4.33
2025-06-30,6204.95,16.73,19.44,3.96,3.72,3.68,3.79,3.98,4.24,4.79,4.78,1.75,1.10,1.08,4.24,4.33
2025-07-01,6198.01,16.83,19.51,3.98,3.78,3.75,3.84,4.03,4.26,4.79,4.78,1.72,1.06,1.06,4.24,4.33
2025-07-02,6227.42,16.64,19.35,3.99,3.78,3.77,3.87,4.06,4.30,4.84,4.82,1.70,1.05,1.03,4.24,4.33
2025-07-03,6279.35,16.38,19.21,4.07,3.88,3.84,3.94,4.12,4.35,4.87,4.86,1.67,1.02,1.01,4.26,4.33
2025-07-04,,17.48,,,,,,,,,,,,1.01,,4.33
2025-07-07,6229.98,17.79,20.21,4.08,3.90,3.85,3.96,4.16,4.40,4.93,4.92,1.71,1.06,1.02,4.26,4.33
2025-07-08,6225.52,16.81,19.58,4.11,3.90,3.86,3.99,4.18,4.42,4.95,4.94,1.71,1.05,1.02,4.26,4.33
2025-07-09,6263.26,15.94,19.02,4.07,3.86,3.80,3.92,4.11,4.34,4.87,4.87,1.73,1.08,1.04,4.26,4.33
2025-07-10,6280.46,15.78,18.92,4.07,3.86,3.82,3.93,4.12,4.35,4.87,4.86,1.70,1.05,1.03,4.25,4.33
2025-07-11,6259.75,16.40,19.37,4.09,3.90,3.86,3.99,4.19,4.43,4.96,4.96,1.72,1.07,1.03,4.25,4.33
2025-07-14,6268.56,17.20,19.84,4.08,3.90,3.86,3.98,4.19,4.43,4.97,4.97,1.73,1.07,1.03,4.26,4.33
2025-07-15,6243.76,17.38,20.06,4.12,3.95,3.93,4.05,4.26,4.50,5.02,5.01,1.70,1.04,1.01,4.25,4.33
2025-07-16,6263.70,17.16,20.09,4.08,3.88,3.86,3.99,4.21,4.46,5.01,5.01,1.73,1.09,1.02,4.24,4.33
2025-07-17,6297.36,16.52,19.69,4.10,3.91,3.89,4.01,4.22,4.47,5.01,5.01,1.71,1.06,1.01,4.24,4.33
2025-07-18,6296.79,16.41,19.58,4.08,3.88,3.84,3.96,4.18,4.44,4.99,5.00,1.73,1.08,1.01,4.24,4.33
2025-07-21,6305.60,16.65,19.51,4.06,3.85,3.81,3.91,4.13,4.38,4.93,4.94,1.73,1.08,1.01,4.24,4.33
2025-07-22,6309.62,16.50,19.53,4.05,3.83,3.77,3.88,4.09,4.35,4.90,4.90,1.73,1.08,1.02,4.24,4.33
2025-07-23,6358.91,15.37,18.56,4.08,3.88,3.84,3.94,4.15,4.40,4.93,4.95,1.71,1.07,1.00,4.25,4.33
2025-07-24,6363.35,15.39,18.56,4.10,3.91,3.87,3.98,4.18,4.43,4.95,4.96,1.68,1.04,0.99,4.25,4.33
2025-07-25,6388.64,14.93,18.32,4.09,3.91,3.86,3.95,4.15,4.40,4.92,4.92,1.69,1.04,0.99,4.25,4.33
2025-07-28,6389.77,15.03,18.16,4.09,3.91,3.87,3.96,4.18,4.42,4.95,4.96,1.69,1.06,0.98,4.24,4.33
2025-07-29,6370.86,15.98,18.77,4.07,3.86,3.82,3.90,4.10,4.34,4.86,4.86,1.70,1.06,1.00,4.24,4.33
2025-07-30,6362.90,15.48,18.35,4.12,3.94,3.89,3.96,4.15,4.38,4.90,4.89,1.69,1.05,0.99,4.25,4.33
2025-07-31,6339.39,16.72,19.14,4.10,3.94,3.89,3.96,4.14,4.37,4.89,4.89,1.67,1.04,0.99,4.24,4.33
2025-08-01,6238.01,20.38,21.24,3.87,3.69,3.67,3.77,3.97,4.23,4.79,4.81,1.75,1.10,1.04,4.19,4.33
2025-08-04,6329.94,17.52,19.61,3.82,3.69,3.66,3.75,3.95,4.22,4.78,4.80,1.74,1.09,1.04,4.16,4.33
2025-08-05,6299.19,17.85,20.03,3.92,3.72,3.63,3.77,3.97,4.22,4.77,4.78,1.72,1.08,1.03,4.16,4.33
2025-08-06,6345.06,16.77,19.47,3.90,3.69,3.63,3.77,3.97,4.22,4.80,4.81,1.75,1.11,1.02,4.14,4.33
2025-08-07,6340.00,16.57,19.35,3.92,3.72,3.66,3.79,3.99,4.23,4.81,4.81,1.74,1.09,1.01,4.14,4.33
2025-08-08,6389.45,15.15,18.70,3.93,3.76,3.70,3.84,4.03,4.27,4.84,4.85,1.74,1.09,1.01,4.14,4.33
2025-08-11,6373.45,16.25,19.25,3.93,3.76,3.71,3.83,4.03,4.27,4.83,4.84,1.72,1.07,1.01,4.15,4.33
2025-08-12,6445.76,14.73,18.34,3.90,3.72,3.69,3.83,4.03,4.29,4.87,4.88,1.73,1.07,1.00,4.14,4.33
2025-08-13,6466.58,14.49,18.33,3.86,3.67,3.64,3.77,3.98,4.24,4.81,4.83,1.71,1.05,0.98,4.11,4.33
2025-08-14,6468.54,14.83,18.49,3.91,3.74,3.70,3.82,4.03,4.29,4.86,4.88,1.71,1.06,0.97,4.12,4.33
2025-08-15,6449.80,15.09,18.64,3.93,3.75,3.73,3.85,4.07,4.33,4.91,4.92,1.69,1.04,0.96,4.12,4.33
2025-08-18,6449.15,14.99,18.45,3.93,3.77,3.73,3.86,4.07,4.34,4.92,4.94,1.70,1.05,0.96,4.14,4.33
2025-08-19,6411.37,15.57,18.90,3.91,3.75,3.70,3.82,4.04,4.30,4.89,4.90,1.71,1.06,0.97,4.12,4.33
2025-08-20,6395.78,15.69,19.10,3.90,3.74,3.69,3.81,4.02,4.29,4.86,4.89,1.73,1.08,0.98,4.12,4.33
2025-08-21,6370.17,16.60,19.41,3.95,3.79,3.75,3.86,4.07,4.33,4.89,4.92,1.72,1.07,0.98,4.14,4.33
2025-08-22,6466.91,14.22,17.76,3.87,3.68,3.64,3.76,3.98,4.26,4.84,4.88,1.73,1.08,0.97,4.10,4.33
2025-08-25,6439.32,14.79,18.02,3.88,3.73,3.68,3.80,4.01,4.28,4.86,4.89,1.70,1.07,0.96,4.10,4.33
2025-08-26,6465.94,14.62,17.90,3.85,3.61,3.63,3.75,3.98,4.26,4.86,4.90,1.75,1.11,0.98,4.10,4.33
2025-08-27,6481.40,14.85,17.94,3.83,3.59,3.59,3.69,3.95,4.24,4.87,4.91,1.77,1.14,0.99,4.08,4.33
2025-08-28,6501.86,14.43,17.72,3.85,3.62,3.60,3.69,3.92,4.22,4.83,4.88,1.75,1.13,0.99,4.08,4.33
2025-08-29,6460.26,15.36,18.35,3.83,3.59,3.58,3.68,3.92,4.23,4.86,4.92,1.80,1.19,1.01,4.05,4.33
2025-09-01,,16.12,,,,,,,,,,,,1.02,,4.33
2025-09-02,6415.54,17.17,19.38,3.82,3.66,3.63,3.74,3.98,4.28,4.92,4.97,1.81,1.19,1.03,4.05,4.33
2025-09-03,6448.26,16.35,18.93,3.77,3.61,3.58,3.69,3.92,4.22,4.85,4.90,1.78,1.16,1.02,4.03,4.33
2025-09-04,6502.08,15.30,18.39,3.76,3.59,3.55,3.65,3.87,4.17,4.81,4.86,1.80,1.17,1.00,4.01,4.33
2025-09-05,6481.50,15.18,18.42,3.65,3.51,3.48,3.59,3.80,4.10,4.72,4.78,1.78,1.14,1.00,3.92,4.33
2025-09-08,6495.15,15.11,18.29,3.64,3.49,3.47,3.57,3.77,4.05,4.65,4.69,1.76,1.11,1.01,3.95,4.33
2025-09-09,6512.61,15.04,18.27,3.68,3.54,3.48,3.61,3.81,4.08,4.68,4.72,1.75,1.11,1.01,3.95,4.33
2025-09-10,6532.04,15.35,18.44,3.66,3.54,3.47,3.59,3.78,4.04,4.65,4.69,1.75,1.09,1.00,3.94,4.33
2025-09-11,6587.47,14.71,18.03,3.63,3.52,3.47,3.59,3.76,4.01,4.61,4.65,1.74,1.10,0.98,3.94,4.33
2025-09-12,6584.29,14.76,18.06,3.66,3.56,3.52,3.63,3.81,4.06,4.65,4.68,1.70,1.07,0.97,3.94,4.33
2025-09-15,6615.28,15.69,18.53,3.64,3.54,3.50,3.61,3.79,4.05,4.63,4.66,1.68,1.05,0.95,3.91,4.33
2025-09-16,6606.76,16.36,18.91,3.62,3.51,3.47,3.59,3.78,4.04,4.61,4.65,1.69,1.06,0.96,3.90,4.33
2025-09-17,6600.35,15.72,18.44,3.60,3.52,3.51,3.62,3.81,4.06,4.62,4.66,1.70,1.09,0.96,3.88,4.33
2025-09-18,6631.96,15.70,18.52,3.61,3.57,3.55,3.67,3.86,4.11,4.68,4.72,1.68,1.07,0.94,3.89,4.08
2025-09-19,6664.36,15.45,18.48,3.60,3.57,3.56,3.68,3.88,4.14,4.71,4.75,1.68,1.07,0.93,3.89,4.08
2025-09-22,6693.75,16.10,18.95,3.61,3.61,3.59,3.71,3.90,4.15,4.73,4.77,1.67,1.07,0.93,3.86,4.09
2025-09-23,6656.92,16.64,19.44,3.61,3.53,3.57,3.68,3.87,4.12,4.70,4.73,1.69,1.08,0.94,3.86,4.09
2025-09-24,6637.97,16.18,19.14,3.63,3.57,3.60,3.70,3.91,4.16,4.73,4.76,1.68,1.07,0.95,3.87,4.09
2025-09-25,6604.72,16.74,19.46,3.68,3.64,3.66,3.75,3.94,4.18,4.73,4.75,1.67,1.06,0.96,3.89,4.09
2025-09-26,6643.70,15.29,18.41,3.67,3.63,3.66,3.76,3.96,4.20,4.74,4.77,1.65,1.05,0.95,3.87,4.09
2025-09-29,6661.21,16.12,18.76,3.65,3.63,3.63,3.74,3.92,4.15,4.69,4.71,1.64,1.04,0.94,3.86,4.09
2025-09-30,6688.46,16.28,18.77,3.68,3.60,3.61,3.74,3.93,4.16,4.71,4.73,1.67,1.06,0.97,3.86,4.09
2025-10-01,6711.20,16.29,18.76,3.62,3.55,3.56,3.68,3.88,4.12,4.69,4.72,1.69,1.07,0.97,3.85,4.09
2025-10-02,6715.35,16.63,18.89,3.62,3.55,3.56,3.67,3.86,4.10,4.66,4.69,1.68,1.06,0.96,3.86,4.09
2025-10-03,6715.79,16.65,19.08,3.64,3.58,3.59,3.72,3.90,4.13,4.69,4.71,1.66,1.05,0.95,3.87,4.09
2025-10-06,6740.28,16.37,19.12,3.66,3.60,3.63,3.75,3.95,4.18,4.73,4.76,1.65,1.04,0.94,3.86,4.09
2025-10-07,6714.59,17.24,19.71,3.65,3.57,3.56,3.71,3.90,4.14,4.70,4.73,1.67,1.04,0.95,3.85,4.09
2025-10-08,6753.72,16.30,19.26,3.66,3.58,3.58,3.72,3.91,4.13,4.69,4.72,1.68,1.04,0.95,3.85,4.10
2025-10-09,6735.11,16.43,19.38,3.66,3.60,3.59,3.74,3.92,4.14,4.70,4.72,1.69,1.07,0.98,3.87,4.10
2025-10-10,6552.51,21.66,22.81,3.60,3.52,3.52,3.65,3.83,4.05,4.60,4.63,1.72,1.09,1.02,3.86,4.10
2025-10-13,6654.72,19.03,20.93,,,,,,,,,,,1.02,,4.10
2025-10-14,6644.31,20.81,22.03,3.58,3.48,3.47,3.60,3.79,4.03,4.59,4.62,1.71,1.10,1.02,3.85,4.10
2025-10-15,6671.06,20.64,21.94,3.61,3.50,3.51,3.63,3.82,4.05,4.61,4.64,1.68,1.08,0.99,3.87,4.10
2025-10-16,6629.07,25.31,24.87,3.54,3.41,3.42,3.55,3.74,3.99,4.56,4.58,1.71,1.11,1.01,3.86,4.11
2025-10-17,6664.01,20.78,22.09,3.56,3.46,3.47,3.59,3.78,4.02,4.58,4.60,1.70,1.09,1.01,3.84,4.11
2025-10-20,6735.13,18.23,20.31,3.55,3.46,3.47,3.58,3.77,4.00,4.56,4.58,1.68,1.08,1.00,3.81,4.11
2025-10-21,6735.35,17.87,19.99,3.56,3.45,3.46,3.56,3.74,3.98,4.53,4.55,1.67,1.08,1.01,3.80,4.11
2025-10-22,6699.40,18.60,20.31,3.55,3.45,3.44,3.56,3.74,3.97,4.52,4.54,1.69,1.09,1.02,3.80,4.11
2025-10-23,6738.44,17.30,19.65,3.59,3.48,3.49,3.61,3.79,4.01,4.55,4.58,1.66,1.05,1.00,3.80,4.11
2025-10-24,6791.69,16.37,19.20,3.58,3.48,3.49,3.61,3.79,4.02,4.56,4.59,1.65,1.04,0.98,3.77,4.11
2025-10-27,6875.16,15.79,18.99,3.59,3.48,3.50,3.61,3.79,4.01,4.55,4.57,1.63,1.03,0.97,3.73,4.12
2025-10-28,6890.89,16.42,19.55,3.59,3.47,3.50,3.60,3.77,3.99,4.53,4.55,1.65,1.05,0.97,3.73,4.12
2025-10-29,6890.59,16.92,19.83,3.70,3.59,3.60,3.70,3.87,4.08,4.59,4.61,1.61,1.01,0.96,3.77,4.12
2025-10-30,6822.34,16.91,19.98,3.70,3.61,3.61,3.72,3.90,4.11,4.64,4.65,1.64,1.05,0.98,3.76,3.87
2025-10-31,6840.20,17.44,20.49,3.70,3.60,3.60,3.71,3.89,4.11,4.65,4.67,1.69,1.11,1.02,3.73,3.86
2025-11-03,6851.97,17.17,20.38,3.70,3.60,3.61,3.72,3.90,4.13,4.67,4.69,1.71,1.16,1.04,3.82,3.87
2025-11-04,6771.55,19.00,21.29,3.67,3.58,3.59,3.69,3.88,4.10,4.65,4.67,1.72,1.17,1.04,3.80,3.87
2025-11-05,6796.29,18.01,20.60,3.71,3.63,3.65,3.76,3.95,4.17,4.72,4.74,1.70,1.12,1.02,3.80,3.87
2025-11-06,6720.32,19.50,21.35,3.65,3.57,3.58,3.69,3.87,4.11,4.67,4.69,1.72,1.15,1.04,3.77,3.87
2025-11-07,6728.80,19.08,21.19,3.63,3.55,3.57,3.67,3.87,4.11,4.68,4.70,1.75,1.16,1.06,3.77,3.87
2025-11-10,6832.43,17.60,20.24,3.66,3.58,3.56,3.72,3.90,4.13,4.69,4.71,1.73,1.12,1.05,3.79,3.87
2025-11-11,6846.61,17.28,20.19,,,,,,,,,,,1.05,,3.87
2025-11-12,6850.92,17.51,20.34,3.65,3.56,3.55,3.68,3.86,4.08,4.65,4.67,1.75,1.15,1.05,3.79,3.87
2025-11-13,6737.49,20.00,21.85,3.68,3.58,3.57,3.71,3.89,4.11,4.69,4.70,1.77,1.15,1.06,3.80,3.88
2025-11-14,6734.11,19.83,21.58,3.70,3.62,3.61,3.74,3.92,4.14,4.73,4.74,1.77,1.16,1.06,3.80,3.88
2025-11-17,6672.41,22.38,23.18,3.69,3.60,3.60,3.72,3.90,4.13,4.71,4.73,1.77,1.17,1.06,3.80,3.88
2025-11-18,6617.32,24.69,24.54,3.67,3.58,3.58,3.70,3.89,4.12,4.72,4.74,1.79,1.19,1.07,3.78,3.88
2025-11-19,6642.16,23.66,23.99,3.68,3.58,3.59,3.71,3.90,4.13,4.71,4.75,1.79,1.18,1.07,3.79,3.88
2025-11-20,6538.76,26.42,25.76,3.65,3.55,3.56,3.68,3.87,4.10,4.68,4.73,1.80,1.19,1.08,3.78,3.88
2025-11-21,6602.99,23.43,23.96,3.62,3.51,3.50,3.62,3.82,4.06,4.67,4.71,1.82,1.23,1.09,3.75,3.88
2025-11-24,6705.12,20.52,21.85,3.61,3.46,3.49,3.61,3.80,4.04,4.64,4.68,1.80,1.19,1.08,3.75,3.88
2025-11-25,6765.88,18.56,20.73,3.60,3.43,3.46,3.55,3.77,4.01,4.62,4.67,1.79,1.19,1.07,3.74,3.88
2025-11-26,6812.61,17.19,20.02,3.61,3.45,3.47,3.56,3.75,4.00,4.60,4.64,1.78,1.17,1.05,3.76,3.88
2025-11-27,,17.21,,,,,,,,,,,,1.05,,3.88
2025-11-28,6849.09,16.35,19.64,3.61,3.47,3.49,3.59,3.78,4.02,4.62,4.67,1.78,1.16,1.04,3.73,3.89
2025-12-01,6812.63,17.24,20.22,3.62,3.54,3.55,3.67,3.86,4.09,4.71,4.74,1.78,1.17,1.04,3.71,3.89
2025-12-02,6829.37,16.59,19.84,3.59,3.51,3.54,3.66,3.85,4.09,4.70,4.74,1.76,1.15,1.03,3.68,3.89
2025-12-03,6849.72,16.08,19.71,3.57,3.49,3.50,3.62,3.82,4.06,4.68,4.73,1.77,1.17,1.03,3.64,3.89
2025-12-04,6857.12,15.78,19.49,3.60,3.52,3.55,3.68,3.87,4.11,4.72,4.76,1.76,1.15,1.02,3.63,3.89
2025-12-05,6870.40,15.41,19.27,3.61,3.56,3.59,3.72,3.90,4.14,4.75,4.79,1.74,1.14,1.01,3.62,3.89
2025-12-08,6846.51,16.66,19.91,3.61,3.57,3.59,3.75,3.94,4.17,4.78,4.81,1.73,1.14,1.00,3.64,3.89
2025-12-09,6840.51,16.93,20.08,3.63,3.61,3.62,3.78,3.96,4.18,4.77,4.80,1.73,1.14,1.00,3.64,3.89
2025-12-10,6886.68,15.77,19.35,3.58,3.54,3.56,3.72,3.92,4.13,4.74,4.78,1.76,1.16,1.00,3.60,3.89
2025-12-11,6901.00,14.85,19.05,3.56,3.52,3.55,3.72,3.91,4.14,4.75,4.79,1.73,1.14,1.00,3.58,3.64
2025-12-12,6827.41,15.74,19.25,3.54,3.52,3.58,3.75,3.95,4.19,4.82,4.85,1.76,1.18,1.01,3.54,3.64
2025-12-15,6816.51,16.50,19.68,3.52,3.51,3.56,3.73,3.94,4.18,4.80,4.84,1.77,1.18,1.02,3.56,3.64
2025-12-16,6800.26,16.48,19.67,3.51,3.48,3.52,3.69,3.90,4.15,4.77,4.82,1.78,1.19,1.03,3.56,3.64
2025-12-17,6721.43,17.62,20.08,3.51,3.49,3.53,3.70,3.91,4.16,4.78,4.83,1.78,1.19,1.03,3.55,3.64
2025-12-18,6774.76,16.87,19.59,3.49,3.46,3.50,3.66,3.87,4.12,4.74,4.80,1.78,1.20,1.03,3.53,3.64
2025-12-19,6834.50,14.91,18.25,3.51,3.48,3.53,3.70,3.91,4.16,4.77,4.82,1.76,1.18,1.02,3.54,3.64
2025-12-22,6878.49,14.08,17.79,3.53,3.44,3.56,3.71,3.93,4.17,4.78,4.84,1.76,1.17,1.02,3.56,3.64
2025-12-23,6909.79,14.00,17.84,3.52,3.48,3.58,3.72,3.94,4.18,4.78,4.83,1.74,1.15,1.01,3.56,3.64
2025-12-24,6932.05,13.47,17.77,3.50,3.47,3.56,3.70,3.91,4.15,4.75,4.79,1.73,1.15,1.00,3.60,3.64
2025-12-26,6929.94,13.60,17.77,3.49,3.46,3.54,3.68,3.89,4.14,4.76,4.81,1.75,1.18,1.00,3.56,3.64
2025-12-29,6905.74,14.20,17.82,3.48,3.45,3.51,3.67,3.88,4.12,4.75,4.80,1.76,1.19,1.00,3.57,3.64
2025-12-30,6896.24,14.33,17.77,3.47,3.45,3.50,3.68,3.89,4.14,4.76,4.81,1.75,1.19,1.01,3.55,3.64
2025-12-31,6845.50,14.95,18.18,3.48,3.47,3.55,3.73,3.94,4.18,4.79,4.84,1.72,1.17,1.01,3.57,3.64
2026-01-02,6858.47,14.51,18.02,3.47,3.47,3.55,3.74,3.95,4.19,4.81,4.86,1.74,1.19,1.01,3.54,3.64
2026-01-05,6902.05,14.90,18.32,3.47,3.46,3.53,3.71,3.92,4.17,4.79,4.85,1.75,1.19,1.01,3.54,3.64
2026-01-06,6944.82,14.75,18.15,3.48,3.47,3.54,3.72,3.93,4.18,4.80,4.86,1.74,1.19,1.00,3.53,3.64
2026-01-07,6920.93,15.38,18.59,3.48,3.47,3.53,3.70,3.91,4.15,4.76,4.82,1.73,1.17,1.01,3.52,3.64
2026-01-08,6921.46,15.45,18.39,3.48,3.49,3.56,3.74,3.95,4.19,4.79,4.85,1.73,1.17,1.01,3.52,3.64
2026-01-09,6966.28,14.49,17.88,3.52,3.54,3.59,3.75,3.95,4.18,4.76,4.82,1.70,1.14,0.99,3.52,3.64
2026-01-12,6977.27,15.12,18.23,3.53,3.54,3.59,3.77,3.97,4.19,4.78,4.83,1.70,1.15,0.99,3.56,3.64
2026-01-13,6963.74,15.98,18.85,3.51,3.53,3.57,3.75,3.95,4.18,4.77,4.83,1.69,1.14,0.98,3.57,3.64
2026-01-14,6926.60,16.75,19.37,3.50,3.51,3.56,3.72,3.92,4.15,4.73,4.79,1.68,1.14,0.98,3.57,3.64
2026-01-15,6944.47,15.84,18.90,3.54,3.56,3.62,3.77,3.96,4.17,4.74,4.79,1.65,1.11,0.97,3.57,3.64
2026-01-16,6940.01,15.86,18.99,3.55,3.59,3.67,3.82,4.02,4.24,4.79,4.83,1.63,1.09,0.96,3.57,3.64
2026-01-19,,18.84,,,,,,,,,,,,0.96,,3.64
2026-01-20,6796.86,20.09,21.28,3.53,3.60,3.68,3.86,4.08,4.30,4.87,4.91,1.65,1.12,0.96,3.59,3.64
2026-01-21,6875.62,16.90,19.36,3.53,3.60,3.66,3.83,4.04,4.26,4.82,4.87,1.62,1.10,0.95,3.59,3.64
2026-01-22,6913.35,15.64,18.75,3.53,3.61,3.68,3.85,4.05,4.26,4.79,4.84,1.59,1.06,0.93,3.60,3.64
2026-01-23,6915.61,16.09,19.15,3.53,3.60,3.67,3.84,4.03,4.24,4.78,4.82,1.61,1.08,0.94,3.59,3.64
2026-01-26,6950.23,16.15,19.07,3.52,3.56,3.66,3.82,4.02,4.22,4.75,4.80,1.61,1.09,0.94,3.59,3.64
2026-01-27,6978.60,16.35,19.22,3.50,3.53,3.65,3.81,4.03,4.24,4.79,4.83,1.61,1.10,0.94,3.58,3.64
2026-01-28,6978.03,16.35,19.30,3.52,3.56,3.66,3.83,4.05,4.26,4.81,4.85,1.62,1.10,0.93,3.59,3.64
2026-01-29,6969.01,16.88,19.67,3.50,3.53,3.63,3.80,4.01,4.24,4.80,4.85,1.63,1.13,0.94,3.59,3.64
2026-01-30,6939.03,17.44,20.07,3.48,3.52,3.60,3.79,4.01,4.26,4.82,4.87,1.62,1.12,0.94,3.58,3.64
2026-02-02,6976.44,16.34,19.37,3.49,3.57,3.64,3.83,4.05,4.29,4.85,4.90,1.61,1.11,0.93,3.60,3.64
2026-02-03,6917.81,18.00,20.35,3.49,3.57,3.64,3.83,4.04,4.28,4.85,4.90,1.63,1.13,0.94,3.60,3.64
2026-02-04,6882.72,18.64,20.62,3.49,3.57,3.64,3.83,4.05,4.29,4.86,4.91,1.64,1.14,0.95,3.60,3.64
2026-02-05,6798.40,21.77,22.45,3.44,3.47,3.55,3.74,3.97,4.21,4.79,4.85,1.67,1.16,0.96,3.59,3.64
2026-02-06,6932.30,17.76,20.37,3.45,3.50,3.57,3.76,3.98,4.22,4.80,4.85,1.65,1.15,0.96,3.60,3.64
2026-02-09,6964.82,17.36,20.09,3.43,3.48,3.56,3.75,3.97,4.22,4.79,4.85,1.64,1.14,0.96,3.60,3.64
2026-02-10,6941.81,17.79,20.43,3.40,3.45,3.50,3.70,3.92,4.16,4.73,4.78,1.66,1.16,0.98,3.60,3.64
2026-02-11,6941.47,17.65,20.37,3.47,3.52,3.55,3.75,3.96,4.18,4.76,4.82,1.67,1.16,0.98,3.61,3.64
2026-02-12,6832.76,20.82,22.17,3.45,3.47,3.49,3.67,3.87,4.09,4.68,4.72,1.68,1.18,0.99,3.61,3.64
2026-02-13,6836.17,20.60,22.17,3.42,3.40,3.43,3.61,3.81,4.04,4.64,4.69,1.72,1.21,1.00,3.60,3.64
2026-02-16,,21.20,,,,,,,,,,,,1.00,,3.64
2026-02-17,6843.22,20.29,21.60,3.48,3.43,3.47,3.63,3.82,4.05,4.63,4.68,1.70,1.20,1.01,3.61,3.64
2026-02-18,6881.31,19.62,21.39,3.49,3.47,3.50,3.66,3.86,4.09,4.65,4.71,1.67,1.16,0.99,3.61,3.64
2026-02-19,6861.89,20.23,21.88,3.50,3.47,3.50,3.65,3.85,4.08,4.64,4.70,1.68,1.18,0.99,3.61,3.64
2026-02-20,6909.51,19.09,21.09,3.51,3.48,3.50,3.65,3.85,4.08,4.66,4.72,1.69,1.18,0.99,3.60,3.64
2026-02-23,6837.75,21.01,22.14,3.50,3.43,3.45,3.59,3.79,4.03,4.63,4.70,1.73,1.21,1.01,3.60,3.64
2026-02-24,6890.07,19.55,21.34,3.52,3.43,3.47,3.61,3.81,4.04,4.63,4.70,1.73,1.21,1.02,3.60,3.64
2026-02-25,6946.13,17.93,20.36,3.53,3.45,3.49,3.61,3.82,4.05,4.63,4.70,1.73,1.20,1.01,3.60,3.64
2026-02-26,6908.86,18.63,20.81,3.52,3.42,3.46,3.57,3.78,4.02,4.60,4.67,1.75,1.23,1.03,3.60,3.64
2026-02-27,6878.88,19.86,21.56,3.48,3.38,3.39,3.51,3.72,3.97,4.57,4.64,1.80,1.27,1.07,3.59,3.64
2026-03-02,6881.62,21.44,22.44,3.54,3.47,3.49,3.62,3.82,4.05,4.64,4.70,1.78,1.24,1.06,3.61,3.64
2026-03-03,6816.63,23.57,23.54,3.55,3.51,3.50,3.63,3.83,4.06,4.65,4.70,1.78,1.23,1.06,3.60,3.64
2026-03-04,6869.50,21.15,22.29,3.58,3.54,3.55,3.67,3.87,4.09,4.67,4.72,1.74,1.19,1.03,3.60,3.64
2026-03-05,6830.71,23.75,23.86,3.59,3.57,3.59,3.72,3.92,4.13,4.71,4.74,1.76,1.23,1.04,3.59,3.64
2026-03-06,6740.02,29.49,27.56,3.55,3.56,3.59,3.72,3.93,4.15,4.74,4.77,1.75,1.22,1.06,3.58,3.64
2026-03-09,6795.99,25.50,25.34,3.56,3.56,3.58,3.71,3.90,4.12,4.70,4.72,1.78,1.25,1.07,3.61,3.64
2026-03-10,6781.48,24.93,25.51,3.56,3.57,3.58,3.73,3.93,4.15,4.74,4.78,1.77,1.23,1.06,3.60,3.64
2026-03-11,6775.80,24.23,24.97,3.60,3.64,3.64,3.79,3.98,4.21,4.82,4.86,1.84,1.30,1.09,3.61,3.64
2026-03-12,6672.62,27.29,26.95,3.66,3.76,3.75,3.88,4.06,4.27,4.86,4.88,1.84,1.29,1.12,3.61,3.64
2026-03-13,6632.19,27.19,27.28,3.66,3.73,3.74,3.87,4.07,4.28,4.89,4.90,1.83,1.32,1.15,3.61,3.64
2026-03-16,6699.38,23.51,24.92,3.64,3.68,3.69,3.80,4.00,4.23,4.83,4.86,1.85,1.31,1.16,3.61,3.64
2026-03-17,6716.09,22.37,24.33,3.63,3.68,3.68,3.79,3.98,4.20,4.81,4.85,1.85,1.30,1.14,3.61,3.64
2026-03-18,6624.70,25.09,26.56,3.68,3.76,3.76,3.87,4.05,4.26,4.84,4.88,1.81,1.24,1.13,3.62,3.64
2026-03-19,6606.49,24.06,25.54,3.73,3.79,3.79,3.88,4.06,4.25,4.82,4.83,1.81,1.27,1.13,3.62,3.64
2026-03-20,6506.48,26.78,27.43,3.80,3.88,3.90,4.01,4.20,4.39,4.97,4.96,1.79,1.22,1.11,3.63,3.64
2026-03-23,6581.00,26.15,26.10,3.76,3.83,3.85,3.95,4.15,4.34,4.93,4.91,1.79,1.20,1.11,3.63,3.64
2026-03-24,6556.37,26.95,26.56,3.81,3.90,3.93,4.03,4.21,4.39,4.95,4.94,1.75,1.18,1.09,3.63,3.64
2026-03-25,6591.90,25.33,25.63,3.77,3.84,3.88,3.96,4.15,4.33,4.90,4.89,1.76,1.18,1.09,3.63,3.64
2026-03-26,6477.16,27.44,27.16,3.83,3.96,4.00,4.08,4.25,4.42,4.96,4.93,1.73,1.18,1.11,3.63,3.64
2026-03-27,6368.85,31.05,29.27,3.77,3.88,3.94,4.06,4.25,4.44,4.99,4.98,1.78,1.22,1.14,3.62,3.64
2026-03-30,6343.72,30.61,29.13,3.71,3.82,3.85,3.97,4.16,4.35,4.92,4.91,1.79,1.21,1.16,3.62,3.64
2026-03-31,6528.52,25.25,25.55,3.68,3.79,3.81,3.92,4.11,4.30,4.88,4.88,1.79,1.23,1.13,3.61,3.64
2026-04-01,6575.32,24.54,24.86,3.68,3.81,3.84,3.97,4.15,4.33,4.91,4.91,1.75,1.15,1.10,3.61,3.64
2026-04-02,6582.69,23.87,24.72,3.68,3.79,3.82,3.94,4.12,4.31,4.88,4.88,1.74,1.13,1.09,3.61,3.64
2026-04-03,,,,3.72,3.84,3.88,3.99,4.17,4.35,4.91,4.91,,,1.09,3.62,3.64
2026-04-06,6611.83,24.17,24.77,3.72,3.84,3.88,3.98,4.16,4.34,4.89,4.89,1.70,1.08,1.07,3.64,3.64
2026-04-07,6616.85,25.78,25.57,3.68,3.81,3.82,3.95,4.13,4.33,4.90,4.90,1.75,1.15,1.08,3.62,3.64
2026-04-08,6782.81,21.04,22.68,3.69,3.79,3.78,3.92,4.10,4.29,4.87,4.89,1.73,1.11,1.05,3.61,3.64
2026-04-09,6824.66,19.49,21.81,3.68,3.78,3.77,3.91,4.10,4.29,4.88,4.90,1.73,1.10,1.05,3.60,3.64
2026-04-10,6816.89,19.23,21.86,3.70,3.81,3.80,3.94,4.12,4.31,4.89,4.91,1.72,1.11,1.04,3.60,3.64
2026-04-13,6886.24,19.12,21.34,3.70,3.78,3.79,3.92,4.10,4.30,4.88,4.90,1.72,1.09,1.04,3.62,3.64
2026-04-14,6967.38,18.36,20.82,3.71,3.76,3.76,3.87,4.06,4.26,4.84,4.87,1.70,1.09,1.02,3.62,3.64
2026-04-15,7022.95,18.17,20.78,3.70,3.76,3.79,3.90,4.08,4.29,4.87,4.89,1.69,1.08,1.01,3.62,3.64
2026-04-16,7041.28,17.94,20.77,3.69,3.78,3.80,3.91,4.10,4.32,4.90,4.93,1.71,1.10,1.01,3.62,3.64
2026-04-17,7126.06,17.48,20.51,3.64,3.71,3.72,3.84,4.04,4.26,4.85,4.88,1.72,1.10,1.01,3.61,3.64
2026-04-20,7109.14,18.87,21.24,3.65,3.72,3.73,3.86,4.04,4.26,4.85,4.88,1.72,1.10,1.01,3.62,3.64
2026-04-21,7064.01,19.50,21.51,3.69,3.78,3.80,3.91,4.09,4.30,4.87,4.89,1.70,1.10,1.00,3.60,3.64
2026-04-22,7137.90,18.92,21.24,3.69,3.79,3.81,3.91,4.10,4.30,4.87,4.90,1.69,1.08,0.99,3.60,3.64
2026-04-23,7108.40,19.31,21.48,3.70,3.83,3.84,3.96,4.13,4.34,4.90,4.92,1.68,1.08,1.00,3.60,3.64
2026-04-24,7165.08,18.71,21.30,3.67,3.78,3.80,3.92,4.10,4.31,4.88,4.91,1.70,1.10,1.00,3.60,3.64
2026-04-27,7173.91,18.02,20.77,3.69,3.78,3.83,3.94,4.14,4.35,4.92,4.94,1.70,1.11,1.01,3.60,3.64
2026-04-28,7138.80,17.83,20.49,3.71,3.84,3.86,3.97,4.16,4.36,4.92,4.94,1.70,1.11,1.02,3.60,3.64
2026-04-29,7135.95,18.81,21.19,3.75,3.92,3.94,4.05,4.23,4.42,4.97,4.98,1.69,1.11,1.01,3.60,3.64
2026-04-30,7209.01,16.89,20.08,3.72,3.88,3.91,4.02,4.20,4.40,4.97,4.98,1.70,1.12,1.02,3.59,3.64
2026-05-01,7230.12,16.99,20.37,3.73,3.88,3.91,4.02,4.20,4.39,4.96,4.97,1.69,1.10,1.01,3.59,3.64
2026-05-04,7200.75,18.29,21.05,3.78,3.95,3.98,4.08,4.26,4.45,5.01,5.02,1.69,1.11,1.01,3.61,3.64
2026-05-05,7259.22,17.38,20.82,3.77,3.93,3.97,4.08,4.25,4.43,4.98,4.98,1.65,1.07,0.99,3.61,3.64
2026-05-06,7365.12,17.39,20.57,3.73,3.87,3.89,3.99,4.17,4.36,4.92,4.94,1.66,1.09,0.99,3.61,3.64
2026-05-07,7337.11,17.08,20.35,3.76,3.92,3.94,4.04,4.22,4.41,4.96,4.97,1.65,1.09,0.99,3.61,3.63
2026-05-08,7398.93,17.19,20.50,3.75,3.90,3.92,4.02,4.19,4.38,4.93,4.95,1.65,1.09,0.99,3.60,3.63
2026-05-11,7412.84,18.38,21.24,3.79,3.95,3.96,4.07,4.24,4.42,4.97,4.98,1.65,1.09,0.98,3.61,3.63
2026-05-12,7400.96,17.99,21.04,3.80,4.00,4.01,4.12,4.29,4.46,5.02,5.03,1.66,1.10,0.97,3.61,3.63
2026-05-13,7444.25,17.87,21.18,3.79,3.98,4.00,4.12,4.28,4.46,5.03,5.03,1.66,1.10,0.96,3.61,3.63
2026-05-14,7501.24,17.26,20.85,3.79,4.00,4.04,4.13,4.29,4.47,5.01,5.02,1.62,1.05,0.95,3.60,3.63
2026-05-15,7408.50,18.43,21.36,3.82,4.09,4.14,4.26,4.43,4.59,5.14,5.12,1.62,1.06,0.94,3.60,3.63
2026-05-18,7403.05,17.82,20.92,3.81,4.07,4.14,4.27,4.43,4.61,5.14,5.14,1.59,1.04,0.94,3.60,3.63
2026-05-19,7353.61,18.06,21.12,3.83,4.13,4.20,4.32,4.50,4.67,5.19,5.18,1.57,1.05,0.95,3.59,3.62
2026-05-20,7432.97,17.44,20.76,3.79,4.04,4.11,4.22,4.39,4.57,5.10,5.11,1.59,1.07,0.95,3.57,3.62
2026-05-21,7445.72,16.76,20.00,3.83,4.08,4.13,4.25,4.41,4.57,5.09,5.10,1.59,1.07,0.94,3.59,3.62
2026-05-22,7473.47,16.70,20.03,3.86,4.13,4.18,4.27,4.41,4.56,5.06,5.07,1.57,1.05,0.93,3.59,3.62
2026-05-25,,16.59,,,,,,,,,,,,0.93,,3.62
2026-05-26,7519.12,17.01,19.89,3.82,4.01,4.10,4.19,4.33,4.50,5.03,5.03,1.56,1.05,0.93,3.60,3.62
2026-05-27,7520.36,16.29,19.45,3.80,4.00,4.09,4.17,4.32,4.48,5.01,5.01,1.57,1.05,0.93,3.59,3.62
2026-05-28,7563.63,15.74,19.11,3.80,3.99,4.07,4.15,4.29,4.45,4.98,4.98,1.57,1.05,0.93,3.60,3.62
2026-05-29,7580.06,15.32,18.66,3.79,3.98,4.06,4.13,4.27,4.45,4.98,4.99,1.57,1.05,0.92,3.60,3.62
2026-06-01,7599.96,16.05,19.43,3.83,4.05,4.09,4.18,4.32,4.47,4.99,4.99,1.54,1.02,0.92,3.63,3.62
2026-06-02,7609.78,15.77,19.49,3.82,4.05,4.09,4.17,4.31,4.46,4.97,4.97,1.54,1.02,0.92,3.63,3.62
2026-06-03,7553.68,16.06,19.76,3.84,4.08,4.14,4.21,4.34,4.49,5.00,4.99,1.54,1.02,0.93,3.63,3.62
2026-06-04,7584.31,15.40,19.23,3.82,4.05,4.10,4.18,4.32,4.47,4.98,4.97,1.54,1.02,0.93,3.63,3.62
2026-06-05,7383.74,21.51,21.82,3.88,4.17,4.22,4.29,4.41,4.55,5.03,5.01,1.51,0.98,0.93,3.63,3.62
2026-06-08,7405.73,18.92,20.79,3.85,4.15,4.21,4.29,4.42,4.56,5.05,5.03,1.52,1.00,0.93,3.65,3.62
2026-06-09,7386.65,19.87,21.31,3.90,4.13,4.16,4.26,4.39,4.53,5.02,5.01,1.53,1.02,0.93,3.64,3.62
2026-06-10,7266.99,22.22,22.89,3.90,4.13,4.17,4.27,4.40,4.55,5.04,5.03,1.53,1.03,0.94,3.64,3.62
2026-06-11,7394.30,19.44,21.42,3.85,4.05,4.09,4.18,4.31,4.45,4.96,4.95,1.55,1.06,0.94,3.63,3.62
2026-06-12,7431.46,17.68,20.51,3.86,4.09,4.12,4.21,4.34,4.48,4.98,4.97,1.53,1.04,0.93,3.63,3.62
2026-06-15,7554.29,16.20,19.36,3.84,4.07,4.10,4.18,4.32,4.47,4.97,4.97,1.53,1.05,0.92,3.64,3.63
2026-06-16,7511.35,16.41,19.53,3.84,4.05,4.08,4.16,4.28,4.43,4.92,4.93,1.55,1.07,0.93,3.64,3.63
2026-06-17,7420.10,18.44,20.62,3.98,4.20,4.23,4.27,4.37,4.49,4.95,4.93,1.50,1.03,0.92,3.68,3.63
2026-06-18,7500.58,16.40,19.57,4.00,4.19,4.19,4.23,4.34,4.46,4.91,4.90,1.51,1.04,0.93,3.67,3.63
2026-06-19,,16.78,,,,,,,,,,,,0.93,,3.63
2026-06-22,7472.79,17.28,19.76,4.04,4.24,4.25,4.29,4.39,4.51,4.97,4.95,1.51,1.05,0.93,3.70,3.63
2026-06-23,7365.46,19.49,21.06,4.01,4.16,4.22,4.27,4.38,4.50,4.96,4.94,1.51,1.04,0.93,3.70,3.63
2026-06-24,7358.22,18.63,20.37,3.99,4.11,4.15,4.17,4.28,4.41,4.87,4.86,1.52,1.07,0.94,3.70,3.63
2026-06-25,7357.49,18.89,20.33,3.96,4.09,4.13,4.15,4.26,4.40,4.87,4.86,1.54,1.09,0.95,3.69,3.63
2026-06-26,7354.02,18.41,20.13,3.94,4.07,4.09,4.12,4.23,4.38,4.87,4.87,1.56,1.12,0.96,3.67,3.63
2026-06-29,7440.43,17.65,19.53,3.97,4.10,4.10,4.14,4.24,4.38,4.86,4.86,1.55,1.11,0.95,3.74,3.63
2026-06-30,7499.36,16.45,19.00,3.98,4.14,4.15,4.19,4.30,4.44,4.93,4.91,1.53,1.11,0.95,3.74,3.63
2026-07-01,7483.23,16.59,19.16,4.00,4.17,4.19,4.24,4.35,4.48,4.97,4.97,1.54,1.12,0.94,3.71,3.63
2026-07-02,7483.24,16.15,19.04,3.96,4.14,4.16,4.23,4.35,4.49,4.99,4.98,1.54,1.11,0.94,3.68,3.63
2026-07-03,,15.81,,,,,,,,,,,,0.94,,3.63
2026-07-06,7537.43,15.57,18.78,3.95,4.13,4.14,4.21,4.33,4.48,4.99,4.99,1.56,1.12,0.94,3.74,3.63
2026-07-07,7503.85,16.13,19.01,4.06,4.19,4.18,4.27,4.40,4.55,5.05,5.05,1.55,1.12,0.94,3.73,3.63
2026-07-08,7482.71,16.90,19.46,4.06,4.21,4.21,4.31,4.43,4.56,5.07,5.06,1.56,1.13,0.94,3.73,3.62
2026-07-09,7543.64,15.84,18.99,4.02,4.16,4.18,4.27,4.40,4.54,5.06,5.05,1.56,1.14,0.94,3.69,3.62
2026-07-10,7575.39,15.03,18.57,4.06,4.21,4.22,4.30,4.42,4.56,5.08,5.06,1.58,1.16,0.96,3.71,3.62
2026-07-13,7515.34,17.16,19.64,4.12,4.26,4.30,4.37,4.48,4.62,5.11,5.10,1.56,1.14,0.96,3.76,3.62
2026-07-14,7543.59,16.50,19.30,4.02,4.18,4.23,4.31,4.44,4.58,5.09,5.08,1.60,1.18,0.97,3.71,3.63
2026-07-15,7572.40,15.67,18.91,3.97,4.13,4.18,4.26,4.39,4.55,5.07,5.08,1.60,1.17,0.97,3.70,3.63
2026-07-16,7533.77,16.73,19.50,3.99,4.16,4.20,4.28,4.41,4.57,5.09,5.09,1.59,1.16,0.96,3.70,3.63
2026-07-17,7457.69,18.77,20.54,4.01,4.18,4.21,4.28,4.40,4.55,5.07,5.06,1.59,1.17,0.97,3.71,3.63
2026-07-20,7443.28,18.65,20.40,4.03,4.21,4.25,4.33,4.45,4.60,5.12,5.11,1.61,1.18,0.97,3.73,3.63
2026-07-21,7509.20,17.05,19.59,4.08,4.26,4.31,4.37,4.50,4.63,5.14,5.13,1.60,1.17,0.97,3.74,3.63
2026-07-22,7498.96,16.64,19.54,4.11,4.31,4.34,4.41,4.53,4.67,5.17,5.15,1.58,1.16,0.96,3.75,3.63
2026-07-23,7408.30,18.70,20.60,4.15,4.37,4.40,4.46,4.58,4.71,5.20,5.17,1.58,1.15,0.98,3.81,3.63
2026-07-24,7411.98,18.58,20.51,4.14,4.33,4.36,4.43,4.55,4.69,5.18,5.16,1.59,1.18,0.99,3.81,3.63
2026-07-27,7413.18,18.67,20.20,4.14,4.31,4.35,4.40,4.52,4.65,5.15,5.12,1.61,1.19,1.00,3.82,3.63
2026-07-28,7428.78,18.21,19.86,4.09,4.26,4.31,4.35,4.47,4.61,5.11,5.09,1.62,1.22,1.00,3.77,3.63
2026-07-29,7316.15,20.66,21.50,4.04,4.22,4.29,4.37,4.51,4.67,5.21,5.20,1.60,1.20,1.00,3.70,3.63
2026-07-30,7437.63,17.09,19.50,4.04,4.23,4.30,4.38,4.52,4.68,5.22,5.21,1.64,1.23,0.99,3.69,3.63
2026-07-31,7489.72,15.99,19.02,4.08,4.28,4.34,4.45,4.59,4.75,5.28,5.27,1.63,1.21,0.99,3.69,3.63
2026-08-03,7600.50,15.86,18.93,4.07,4.25,4.32,4.40,4.54,4.70,5.23,5.23,1.61,1.18,0.97,3.75,3.63
2026-08-04,7736.52,16.50,19.34,4.04,4.20,4.25,4.33,4.47,4.63,5.18,5.18,1.64,1.20,0.97,3.74,3.63
2026-08-05,7723.55,15.81,18.95,4.03,4.18,4.24,4.33,4.47,4.63,5.18,5.17,1.62,1.18,0.96,3.74,3.63
2026-08-06,7709.96,15.15,18.69,4.06,4.25,4.31,4.40,4.53,4.69,5.22,5.22,1.61,1.17,0.97,3.74,3.63
2026-08-07,7757.64,14.90,18.72,4.01,4.19,4.25,4.35,4.49,4.65,5.20,5.19,1.64,1.20,0.97,3.72,3.63
2026-08-10,7753.11,15.46,18.98,4.04,4.25,4.31,4.41,4.56,4.72,5.25,5.25,1.62,1.18,0.97,3.74,3.63
2026-08-11,7728.20,15.28,18.91,4.03,4.22,4.27,4.39,4.54,4.70,5.25,5.24,1.64,1.19,0.98,3.74,3.63
2026-08-12,7748.50,14.55,18.53,4.00,4.20,4.25,4.38,4.52,4.68,5.24,5.24,1.66,1.21,0.98,3.72,3.63
2026-08-13,7798.99,14.63,18.61,3.97,4.15,4.20,4.32,4.47,4.63,5.20,5.21,1.67,1.22,0.98,3.71,3.63
2026-08-14,7785.76,14.25,18.46,3.98,4.17,4.24,4.36,4.51,4.68,5.25,5.25,1.69,1.24,0.98,3.71,3.63
2026-08-17,7745.06,15.19,19.04,4.00,4.19,4.25,4.38,4.54,4.72,5.30,5.31,1.69,1.24,0.99,3.72,3.63
2026-08-18,7691.76,15.84,19.27,3.99,4.19,4.26,4.37,4.53,4.71,5.28,5.28,1.68,1.24,1.00,3.71,3.63
2026-08-19,7707.98,14.89,18.57,4.00,4.19,4.25,4.35,4.48,4.65,5.17,5.19,1.64,1.20,1.00,3.71,3.63
2026-08-20,7641.16,16.01,19.06,3.99,4.19,4.26,4.39,4.53,4.69,5.20,5.23,1.64,1.19,1.00,3.71,3.63
2026-08-21,7674.37,15.13,18.50,4.03,4.24,4.31,4.43,4.57,4.74,5.25,5.27,1.63,1.18,1.00,3.72,3.63
2026-08-24,7652.86,15.85,18.56,4.04,4.24,4.31,4.41,4.55,4.70,5.21,5.23,1.63,1.19,1.00,3.72,3.63
2026-08-25,7677.28,15.45,18.21,4.01,4.17,4.25,4.35,4.48,4.64,5.16,5.17,1.62,1.19,1.00,3.71,3.63
2026-08-26,7675.70,15.21,17.99,4.02,4.19,4.29,4.37,4.51,4.66,5.17,5.18,1.61,1.18,0.99,3.70,3.63
2026-08-27,7730.99,14.51,17.56,4.04,4.20,4.30,4.38,4.52,4.67,5.18,5.19,1.60,1.17,0.98,3.69,3.63
2026-08-28,7711.76,14.43,17.48,4.15,4.34,4.41,4.48,4.59,4.73,5.21,5.22,1.54,1.13,0.97,3.74,3.63
2026-08-31,7686.14,14.92,17.53,4.16,4.34,4.40,4.49,4.62,4.75,5.24,5.25,1.59,1.15,0.98,3.78,3.63
2026-09-01,7631.47,16.34,18.33,4.18,4.39,4.46,4.55,4.66,4.79,5.27,5.27,1.58,1.15,0.99,3.78,3.63
2026-09-02,7666.60,15.20,17.73,4.16,4.39,4.45,4.54,4.66,4.79,5.27,5.27,1.58,1.15,0.99,3.78,3.63
2026-09-03,7747.71,14.32,17.42,4.11,4.34,4.41,4.52,4.63,4.77,5.25,5.25,1.57,1.15,1.00,3.75,3.63
2026-09-04,7718.60,14.53,17.61,4.13,4.37,4.45,4.54,4.65,4.78,5.25,5.24,1.56,1.14,0.99,3.77,3.63
2026-09-07,,15.30,,,,,,,,,,,,0.99,,3.63
2026-09-08,7673.52,15.72,18.39,4.15,4.39,4.44,4.57,4.68,4.80,5.26,5.25,1.57,1.13,0.99,3.80,3.63
2026-09-09,7636.36,16.46,18.87,4.17,4.43,4.49,4.61,4.71,4.83,5.28,5.28,1.55,1.12,0.99,3.81,3.63
2026-09-10,7591.70,17.84,19.73,4.28,4.56,4.63,4.75,4.84,4.95,5.39,5.37,1.51,1.08,0.98,3.86,3.63
2026-09-11,7656.98,15.84,18.60,4.35,4.63,4.69,4.78,4.87,4.96,5.38,5.35,1.50,1.07,0.97,3.92,3.63
2026-09-14,7619.98,17.10,19.28,4.37,4.65,4.73,4.80,4.88,4.97,5.37,5.34,1.47,1.04,0.98,3.97,3.63
2026-09-15,7585.73,17.20,19.36,4.39,4.67,4.76,4.83,4.91,5.00,5.40,5.36,1.48,1.04,0.98,3.97,3.63
2026-09-16,7551.81,17.71,19.73,4.45,4.74,4.82,4.86,4.94,5.01,5.39,5.35,1.43,0.99,0.96,3.99,3.63
2026-09-17,7637.76,15.44,18.55,4.40,4.67,4.75,4.78,4.86,4.94,5.32,5.29,1.44,1.00,0.95,3.97,3.88
2026-09-18,7650.50,14.81,18.24,4.44,4.76,4.83,4.86,4.93,5.01,5.38,5.34,1.40,0.97,0.94,3.99,3.88
2026-09-21,7764.70,14.87,18.08,4.45,4.76,4.82,4.83,4.89,4.96,5.33,5.29,1.42,0.99,0.95,4.02,3.88
2026-09-22,7764.64,14.21,17.61,4.43,4.71,4.81,4.83,4.89,4.96,5.33,5.29,1.42,1.00,0.95,4.01,3.88
2026-09-23,7706.03,,,4.49,4.85,4.97,4.99,5.05,5.11,5.45,5.40,1.39,0.95,0.95,4.04,3.88
2026-09-24,7704.13,,,4.51,4.87,4.99,5.03,5.10,5.18,5.53,5.47,1.39,0.95,0.97,4.08,3.88
2026-09-25,7743.41,,,,,,,,,,,,,,,